Driver,Compound,Stint,OriginLapNumber,TargetLapNumber,OriginStartSeconds,OriginEndSeconds,TargetStartSeconds,TargetEndSeconds,TyreLife,LastLapSeconds,TrailingMedianSeconds,TrailingDeltaSeconds,HistoryCount,TargetSeconds,ResidualTargetSeconds,EventKey,EventName,Year,RoundNumber,EventDate,Role,Split
VER,SOFT,1,2,3,3697.489,3793.785,3793.785,3890.538,5.0,96.296,96.296,0.0,1,96.753,0.45699999999999363,2024-01,Bahrain Grand Prix,2024,1,2024-03-02,train,train
LEC,SOFT,1,2,3,3698.476,3795.338,3795.338,3893.4,5.0,96.862,96.862,0.0,1,98.062,1.2000000000000028,2024-01,Bahrain Grand Prix,2024,1,2024-03-02,train,train
RUS,SOFT,1,2,3,3699.433,3796.068,3796.068,3892.474,5.0,96.635,96.635,0.0,1,96.406,-0.2289999999999992,2024-01,Bahrain Grand Prix,2024,1,2024-03-02,train,train
PER,SOFT,1,2,3,3700.258,3796.799,3796.799,3894.096,5.0,96.541,96.541,0.0,1,97.297,0.7560000000000002,2024-01,Bahrain Grand Prix,2024,1,2024-03-02,train,train
SAI,SOFT,1,2,3,3700.825,3798.061,3798.061,3895.141,5.0,97.236,97.236,0.0,1,97.08,-0.1560000000000059,2024-01,Bahrain Grand Prix,2024,1,2024-03-02,train,train
HAM,SOFT,1,2,3,3703.327,3801.6,3801.6,3899.903,5.0,98.273,98.273,0.0,1,98.303,0.030000000000001137,2024-01,Bahrain Grand Prix,2024,1,2024-03-02,train,train
VER,SOFT,1,3,4,3793.785,3890.538,3890.538,3987.185,6.0,96.753,96.5245,-0.22849999999999682,2,96.647,-0.10599999999999454,2024-01,Bahrain Grand Prix,2024,1,2024-03-02,train,train
RUS,SOFT,1,3,4,3796.068,3892.474,3892.474,3990.212,6.0,96.406,96.5205,0.1144999999999925,2,97.738,1.3319999999999936,2024-01,Bahrain Grand Prix,2024,1,2024-03-02,train,train
PER,SOFT,1,3,4,3796.799,3894.096,3894.096,3991.818,6.0,97.297,96.919,-0.3780000000000001,2,97.722,0.42499999999999716,2024-01,Bahrain Grand Prix,2024,1,2024-03-02,train,train
SAI,SOFT,1,3,4,3798.061,3895.141,3895.141,3992.405,6.0,97.08,97.158,0.07800000000000296,2,97.264,0.1839999999999975,2024-01,Bahrain Grand Prix,2024,1,2024-03-02,train,train
HAM,SOFT,1,3,4,3801.6,3899.903,3899.903,3998.19,6.0,98.303,98.288,-0.015000000000000568,2,98.287,-0.015999999999991132,2024-01,Bahrain Grand Prix,2024,1,2024-03-02,train,train
VER,SOFT,1,4,5,3890.538,3987.185,3987.185,4084.358,7.0,96.647,96.647,0.0,3,97.173,0.5259999999999962,2024-01,Bahrain Grand Prix,2024,1,2024-03-02,train,train
RUS,SOFT,1,4,5,3892.474,3990.212,3990.212,4088.328,7.0,97.738,96.635,-1.1029999999999944,3,98.116,0.3780000000000001,2024-01,Bahrain Grand Prix,2024,1,2024-03-02,train,train
PER,SOFT,1,4,5,3894.096,3991.818,3991.818,4089.862,7.0,97.722,97.297,-0.42499999999999716,3,98.044,0.32200000000000273,2024-01,Bahrain Grand Prix,2024,1,2024-03-02,train,train
SAI,SOFT,1,4,5,3895.141,3992.405,3992.405,4090.437,7.0,97.264,97.236,-0.027999999999991587,3,98.032,0.7680000000000007,2024-01,Bahrain Grand Prix,2024,1,2024-03-02,train,train
HAM,SOFT,1,4,5,3899.903,3998.19,3998.19,4096.54,7.0,98.287,98.287,0.0,3,98.35,0.06299999999998818,2024-01,Bahrain Grand Prix,2024,1,2024-03-02,train,train
VER,SOFT,1,5,6,3987.185,4084.358,4084.358,4181.45,8.0,97.173,96.753,-0.4200000000000017,3,97.092,-0.08100000000000307,2024-01,Bahrain Grand Prix,2024,1,2024-03-02,train,train
RUS,SOFT,1,5,6,3990.212,4088.328,4088.328,4186.112,8.0,98.116,97.738,-0.3780000000000001,3,97.784,-0.33199999999999363,2024-01,Bahrain Grand Prix,2024,1,2024-03-02,train,train
LEC,SOFT,1,5,6,3991.152,4089.283,4089.283,4187.065,8.0,98.131,98.131,0.0,1,97.782,-0.34900000000000375,2024-01,Bahrain Grand Prix,2024,1,2024-03-02,train,train
PER,SOFT,1,5,6,3991.818,4089.862,4089.862,4187.685,8.0,98.044,97.722,-0.32200000000000273,3,97.823,-0.22100000000000364,2024-01,Bahrain Grand Prix,2024,1,2024-03-02,train,train
SAI,SOFT,1,5,6,3992.405,4090.437,4090.437,4188.178,8.0,98.032,97.264,-0.7680000000000007,3,97.741,-0.2909999999999968,2024-01,Bahrain Grand Prix,2024,1,2024-03-02,train,train
HAM,SOFT,1,5,6,3998.19,4096.54,4096.54,4194.723,8.0,98.35,98.303,-0.046999999999997044,3,98.183,-0.16699999999998738,2024-01,Bahrain Grand Prix,2024,1,2024-03-02,train,train
VER,SOFT,1,6,7,4084.358,4181.45,4181.45,4278.488,9.0,97.092,97.092,0.0,3,97.038,-0.054000000000002046,2024-01,Bahrain Grand Prix,2024,1,2024-03-02,train,train
RUS,SOFT,1,6,7,4088.328,4186.112,4186.112,4284.194,9.0,97.784,97.784,0.0,3,98.082,0.2979999999999876,2024-01,Bahrain Grand Prix,2024,1,2024-03-02,train,train
LEC,SOFT,1,6,7,4089.283,4187.065,4187.065,4286.022,9.0,97.782,97.9565,0.17450000000000898,2,98.957,1.1749999999999972,2024-01,Bahrain Grand Prix,2024,1,2024-03-02,train,train
PER,SOFT,1,6,7,4089.862,4187.685,4187.685,4285.506,9.0,97.823,97.823,0.0,3,97.821,-0.001999999999995339,2024-01,Bahrain Grand Prix,2024,1,2024-03-02,train,train
SAI,SOFT,1,6,7,4090.437,4188.178,4188.178,4286.438,9.0,97.741,97.741,0.0,3,98.26,0.5190000000000055,2024-01,Bahrain Grand Prix,2024,1,2024-03-02,train,train
HAM,SOFT,1,6,7,4096.54,4194.723,4194.723,4292.562,9.0,98.183,98.287,0.1039999999999992,3,97.839,-0.3440000000000083,2024-01,Bahrain Grand Prix,2024,1,2024-03-02,train,train
VER,SOFT,1,7,8,4181.45,4278.488,4278.488,4375.512,10.0,97.038,97.092,0.054000000000002046,3,97.024,-0.013999999999995794,2024-01,Bahrain Grand Prix,2024,1,2024-03-02,train,train
RUS,SOFT,1,7,8,4186.112,4284.194,4284.194,4382.056,10.0,98.082,98.082,0.0,3,97.862,-0.21999999999999886,2024-01,Bahrain Grand Prix,2024,1,2024-03-02,train,train
PER,SOFT,1,7,8,4187.685,4285.506,4285.506,4383.344,10.0,97.821,97.823,0.001999999999995339,3,97.838,0.016999999999995907,2024-01,Bahrain Grand Prix,2024,1,2024-03-02,train,train
LEC,SOFT,1,7,8,4187.065,4286.022,4286.022,4384.158,10.0,98.957,98.131,-0.8259999999999934,3,98.136,-0.820999999999998,2024-01,Bahrain Grand Prix,2024,1,2024-03-02,train,train
SAI,SOFT,1,7,8,4188.178,4286.438,4286.438,4384.621,10.0,98.26,98.032,-0.22800000000000864,3,98.183,-0.07699999999999818,2024-01,Bahrain Grand Prix,2024,1,2024-03-02,train,train
HAM,SOFT,1,7,8,4194.723,4292.562,4292.562,4390.783,10.0,97.839,98.183,0.3440000000000083,3,98.221,0.382000000000005,2024-01,Bahrain Grand Prix,2024,1,2024-03-02,train,train
VER,SOFT,1,8,9,4278.488,4375.512,4375.512,4472.741,11.0,97.024,97.038,0.013999999999995794,3,97.229,0.2049999999999983,2024-01,Bahrain Grand Prix,2024,1,2024-03-02,train,train
RUS,SOFT,1,8,9,4284.194,4382.056,4382.056,4479.786,11.0,97.862,97.862,0.0,3,97.73,-0.1319999999999908,2024-01,Bahrain Grand Prix,2024,1,2024-03-02,train,train
PER,SOFT,1,8,9,4285.506,4383.344,4383.344,4480.94,11.0,97.838,97.823,-0.015000000000000568,3,97.596,-0.24199999999999022,2024-01,Bahrain Grand Prix,2024,1,2024-03-02,train,train
LEC,SOFT,1,8,9,4286.022,4384.158,4384.158,4482.002,11.0,98.136,98.136,0.0,3,97.844,-0.2920000000000016,2024-01,Bahrain Grand Prix,2024,1,2024-03-02,train,train
SAI,SOFT,1,8,9,4286.438,4384.621,4384.621,4482.651,11.0,98.183,98.183,0.0,3,98.03,-0.1530000000000058,2024-01,Bahrain Grand Prix,2024,1,2024-03-02,train,train
HAM,SOFT,1,8,9,4292.562,4390.783,4390.783,4489.428,11.0,98.221,98.183,-0.0379999999999967,3,98.645,0.4239999999999924,2024-01,Bahrain Grand Prix,2024,1,2024-03-02,train,train
SAI,SOFT,1,11,12,4580.259,4677.915,4677.915,4775.565,14.0,97.656,97.656,0.0,1,97.65,-0.006000000000000227,2024-01,Bahrain Grand Prix,2024,1,2024-03-02,train,train
VER,SOFT,1,12,13,4666.786,4763.831,4763.831,4860.861,15.0,97.045,97.045,0.0,1,97.03,-0.015000000000000568,2024-01,Bahrain Grand Prix,2024,1,2024-03-02,train,train
SAI,SOFT,1,12,13,4677.915,4775.565,4775.565,4872.808,15.0,97.65,97.653,0.0030000000000001137,2,97.243,-0.4070000000000107,2024-01,Bahrain Grand Prix,2024,1,2024-03-02,train,train
VER,SOFT,1,13,14,4763.831,4860.861,4860.861,4957.889,16.0,97.03,97.0375,0.007499999999993179,2,97.028,-0.001999999999995339,2024-01,Bahrain Grand Prix,2024,1,2024-03-02,train,train
RUS,HARD,2,13,14,4796.543,4893.71,4893.71,4991.281,2.0,97.167,97.167,0.0,1,97.571,0.40399999999999636,2024-01,Bahrain Grand Prix,2024,1,2024-03-02,train,train
LEC,HARD,2,13,14,4799.094,4895.526,4895.526,4992.282,2.0,96.432,96.432,0.0,1,96.756,0.32399999999999807,2024-01,Bahrain Grand Prix,2024,1,2024-03-02,train,train
VER,SOFT,1,14,15,4860.861,4957.889,4957.889,5054.9,17.0,97.028,97.03,0.001999999999995339,3,97.011,-0.017000000000010118,2024-01,Bahrain Grand Prix,2024,1,2024-03-02,train,train
PER,HARD,2,14,15,4894.307,4989.913,4989.913,5086.728,2.0,95.606,95.606,0.0,1,96.815,1.2090000000000032,2024-01,Bahrain Grand Prix,2024,1,2024-03-02,train,train
RUS,HARD,2,14,15,4893.71,4991.281,4991.281,5088.203,3.0,97.571,97.369,-0.20199999999999818,2,96.922,-0.6490000000000009,2024-01,Bahrain Grand Prix,2024,1,2024-03-02,train,train
LEC,HARD,2,14,15,4895.526,4992.282,4992.282,5089.095,3.0,96.756,96.594,-0.16200000000000614,2,96.813,0.05700000000000216,2024-01,Bahrain Grand Prix,2024,1,2024-03-02,train,train
HAM,HARD,2,14,15,4905.235,5002.413,5002.413,5099.677,2.0,97.178,97.178,0.0,1,97.264,0.08599999999999852,2024-01,Bahrain Grand Prix,2024,1,2024-03-02,train,train
VER,SOFT,1,15,16,4957.889,5054.9,5054.9,5152.068,18.0,97.011,97.028,0.017000000000010118,3,97.168,0.1570000000000107,2024-01,Bahrain Grand Prix,2024,1,2024-03-02,train,train
PER,HARD,2,15,16,4989.913,5086.728,5086.728,5182.511,3.0,96.815,96.2105,-0.6045000000000016,2,95.783,-1.0319999999999965,2024-01,Bahrain Grand Prix,2024,1,2024-03-02,train,train
RUS,HARD,2,15,16,4991.281,5088.203,5088.203,5184.886,4.0,96.922,97.167,0.24500000000000455,3,96.683,-0.2389999999999901,2024-01,Bahrain Grand Prix,2024,1,2024-03-02,train,train
LEC,HARD,2,15,16,4992.282,5089.095,5089.095,5185.768,4.0,96.813,96.756,-0.05700000000000216,3,96.673,-0.14000000000000057,2024-01,Bahrain Grand Prix,2024,1,2024-03-02,train,train
HAM,HARD,2,15,16,5002.413,5099.677,5099.677,5196.768,3.0,97.264,97.221,-0.042999999999992156,2,97.091,-0.17300000000000182,2024-01,Bahrain Grand Prix,2024,1,2024-03-02,train,train
PER,HARD,2,16,17,5086.728,5182.511,5182.511,5278.965,4.0,95.783,95.783,0.0,3,96.454,0.6709999999999923,2024-01,Bahrain Grand Prix,2024,1,2024-03-02,train,train
RUS,HARD,2,16,17,5088.203,5184.886,5184.886,5281.12,5.0,96.683,96.922,0.2389999999999901,3,96.234,-0.4490000000000123,2024-01,Bahrain Grand Prix,2024,1,2024-03-02,train,train
LEC,HARD,2,16,17,5089.095,5185.768,5185.768,5283.07,5.0,96.673,96.756,0.08299999999999841,3,97.302,0.6290000000000049,2024-01,Bahrain Grand Prix,2024,1,2024-03-02,train,train
SAI,HARD,2,16,17,5089.786,5186.162,5186.162,5281.669,2.0,96.376,96.376,0.0,1,95.507,-0.8689999999999998,2024-01,Bahrain Grand Prix,2024,1,2024-03-02,train,train
HAM,HARD,2,16,17,5099.677,5196.768,5196.768,5293.879,4.0,97.091,97.178,0.0870000000000033,3,97.111,0.020000000000010232,2024-01,Bahrain Grand Prix,2024,1,2024-03-02,train,train
PER,HARD,2,17,18,5182.511,5278.965,5278.965,5375.276,5.0,96.454,96.454,0.0,3,96.311,-0.14299999999998647,2024-01,Bahrain Grand Prix,2024,1,2024-03-02,train,train
RUS,HARD,2,17,18,5184.886,5281.12,5281.12,5378.939,6.0,96.234,96.683,0.4490000000000123,3,97.819,1.585000000000008,2024-01,Bahrain Grand Prix,2024,1,2024-03-02,train,train
SAI,HARD,2,17,18,5186.162,5281.669,5281.669,5377.757,3.0,95.507,95.9415,0.4344999999999999,2,96.088,0.5809999999999889,2024-01,Bahrain Grand Prix,2024,1,2024-03-02,train,train
LEC,HARD,2,17,18,5185.768,5283.07,5283.07,5380.508,6.0,97.302,96.813,-0.4890000000000043,3,97.438,0.13599999999999568,2024-01,Bahrain Grand Prix,2024,1,2024-03-02,train,train
HAM,HARD,2,17,18,5196.768,5293.879,5293.879,5390.729,5.0,97.111,97.111,0.0,3,96.85,-0.2610000000000099,2024-01,Bahrain Grand Prix,2024,1,2024-03-02,train,train
PER,HARD,2,18,19,5278.965,5375.276,5375.276,5471.314,6.0,96.311,96.311,0.0,3,96.038,-0.27300000000001035,2024-01,Bahrain Grand Prix,2024,1,2024-03-02,train,train
SAI,HARD,2,18,19,5281.669,5377.757,5377.757,5473.993,4.0,96.088,96.088,0.0,3,96.236,0.14800000000001035,2024-01,Bahrain Grand Prix,2024,1,2024-03-02,train,train
RUS,HARD,2,18,19,5281.12,5378.939,5378.939,5476.172,7.0,97.819,96.683,-1.1359999999999957,3,97.233,-0.5859999999999985,2024-01,Bahrain Grand Prix,2024,1,2024-03-02,train,train
LEC,HARD,2,18,19,5283.07,5380.508,5380.508,5477.329,7.0,97.438,97.302,-0.13599999999999568,3,96.821,-0.6170000000000044,2024-01,Bahrain Grand Prix,2024,1,2024-03-02,train,train
HAM,HARD,2,18,19,5293.879,5390.729,5390.729,5487.423,6.0,96.85,97.091,0.24099999999999966,3,96.694,-0.1559999999999917,2024-01,Bahrain Grand Prix,2024,1,2024-03-02,train,train
VER,HARD,2,19,20,5369.818,5465.101,5465.101,5560.261,2.0,95.283,95.283,0.0,1,95.16,-0.12300000000000466,2024-01,Bahrain Grand Prix,2024,1,2024-03-02,train,train
PER,HARD,2,19,20,5375.276,5471.314,5471.314,5567.592,7.0,96.038,96.311,0.27300000000001035,3,96.278,0.2400000000000091,2024-01,Bahrain Grand Prix,2024,1,2024-03-02,train,train
SAI,HARD,2,19,20,5377.757,5473.993,5473.993,5570.027,5.0,96.236,96.088,-0.14800000000001035,3,96.034,-0.20199999999999818,2024-01,Bahrain Grand Prix,2024,1,2024-03-02,train,train
RUS,HARD,2,19,20,5378.939,5476.172,5476.172,5572.904,8.0,97.233,97.233,0.0,3,96.732,-0.5010000000000048,2024-01,Bahrain Grand Prix,2024,1,2024-03-02,train,train
LEC,HARD,2,19,20,5380.508,5477.329,5477.329,5574.123,8.0,96.821,97.302,0.48100000000000875,3,96.794,-0.027000000000001023,2024-01,Bahrain Grand Prix,2024,1,2024-03-02,train,train
HAM,HARD,2,19,20,5390.729,5487.423,5487.423,5583.687,7.0,96.694,96.85,0.1559999999999917,3,96.264,-0.4300000000000068,2024-01,Bahrain Grand Prix,2024,1,2024-03-02,train,train
VER,HARD,2,20,21,5465.101,5560.261,5560.261,5655.577,3.0,95.16,95.22149999999999,0.061499999999995225,2,95.316,0.1560000000000059,2024-01,Bahrain Grand Prix,2024,1,2024-03-02,train,train
PER,HARD,2,20,21,5471.314,5567.592,5567.592,5663.757,8.0,96.278,96.278,0.0,3,96.165,-0.11299999999999955,2024-01,Bahrain Grand Prix,2024,1,2024-03-02,train,train
SAI,HARD,2,20,21,5473.993,5570.027,5570.027,5666.131,6.0,96.034,96.088,0.053999999999987836,3,96.104,0.06999999999999318,2024-01,Bahrain Grand Prix,2024,1,2024-03-02,train,train
RUS,HARD,2,20,21,5476.172,5572.904,5572.904,5669.673,9.0,96.732,97.233,0.5010000000000048,3,96.769,0.03700000000000614,2024-01,Bahrain Grand Prix,2024,1,2024-03-02,train,train
LEC,HARD,2,20,21,5477.329,5574.123,5574.123,5671.1,9.0,96.794,96.821,0.027000000000001023,3,96.977,0.18300000000000693,2024-01,Bahrain Grand Prix,2024,1,2024-03-02,train,train
HAM,HARD,2,20,21,5487.423,5583.687,5583.687,5680.197,8.0,96.264,96.694,0.4300000000000068,3,96.51,0.24600000000000932,2024-01,Bahrain Grand Prix,2024,1,2024-03-02,train,train
VER,HARD,2,21,22,5560.261,5655.577,5655.577,5750.781,4.0,95.316,95.283,-0.03300000000000125,3,95.204,-0.11200000000000898,2024-01,Bahrain Grand Prix,2024,1,2024-03-02,train,train
PER,HARD,2,21,22,5567.592,5663.757,5663.757,5759.794,9.0,96.165,96.165,0.0,3,96.037,-0.1280000000000001,2024-01,Bahrain Grand Prix,2024,1,2024-03-02,train,train
SAI,HARD,2,21,22,5570.027,5666.131,5666.131,5762.139,7.0,96.104,96.104,0.0,3,96.008,-0.09600000000000364,2024-01,Bahrain Grand Prix,2024,1,2024-03-02,train,train
RUS,HARD,2,21,22,5572.904,5669.673,5669.673,5766.665,10.0,96.769,96.769,0.0,3,96.992,0.22299999999999898,2024-01,Bahrain Grand Prix,2024,1,2024-03-02,train,train
LEC,HARD,2,21,22,5574.123,5671.1,5671.1,5767.896,10.0,96.977,96.821,-0.1560000000000059,3,96.796,-0.18099999999999739,2024-01,Bahrain Grand Prix,2024,1,2024-03-02,train,train
HAM,HARD,2,21,22,5583.687,5680.197,5680.197,5776.83,9.0,96.51,96.51,0.0,3,96.633,0.12299999999999045,2024-01,Bahrain Grand Prix,2024,1,2024-03-02,train,train
VER,HARD,2,22,23,5655.577,5750.781,5750.781,5845.997,5.0,95.204,95.204,0.0,3,95.216,0.012000000000000455,2024-01,Bahrain Grand Prix,2024,1,2024-03-02,train,train
PER,HARD,2,22,23,5663.757,5759.794,5759.794,5856.043,10.0,96.037,96.165,0.1280000000000001,3,96.249,0.21199999999998909,2024-01,Bahrain Grand Prix,2024,1,2024-03-02,train,train
SAI,HARD,2,22,23,5666.131,5762.139,5762.139,5858.288,8.0,96.008,96.034,0.02600000000001046,3,96.149,0.14100000000000534,2024-01,Bahrain Grand Prix,2024,1,2024-03-02,train,train
RUS,HARD,2,22,23,5669.673,5766.665,5766.665,5863.619,11.0,96.992,96.769,-0.22299999999999898,3,96.954,-0.038000000000010914,2024-01,Bahrain Grand Prix,2024,1,2024-03-02,train,train
LEC,HARD,2,22,23,5671.1,5767.896,5767.896,5864.883,11.0,96.796,96.796,0.0,3,96.987,0.1909999999999883,2024-01,Bahrain Grand Prix,2024,1,2024-03-02,train,train
HAM,HARD,2,22,23,5680.197,5776.83,5776.83,5873.547,10.0,96.633,96.51,-0.12299999999999045,3,96.717,0.08400000000000318,2024-01,Bahrain Grand Prix,2024,1,2024-03-02,train,train
VER,HARD,2,23,24,5750.781,5845.997,5845.997,5941.286,6.0,95.216,95.216,0.0,3,95.289,0.0730000000000075,2024-01,Bahrain Grand Prix,2024,1,2024-03-02,train,train
PER,HARD,2,23,24,5759.794,5856.043,5856.043,5952.254,11.0,96.249,96.165,-0.08399999999998897,3,96.211,-0.0379999999999967,2024-01,Bahrain Grand Prix,2024,1,2024-03-02,train,train
SAI,HARD,2,23,24,5762.139,5858.288,5858.288,5954.488,9.0,96.149,96.104,-0.045000000000001705,3,96.2,0.05100000000000193,2024-01,Bahrain Grand Prix,2024,1,2024-03-02,train,train
RUS,HARD,2,23,24,5766.665,5863.619,5863.619,5960.355,12.0,96.954,96.954,0.0,3,96.736,-0.2179999999999893,2024-01,Bahrain Grand Prix,2024,1,2024-03-02,train,train
LEC,HARD,2,23,24,5767.896,5864.883,5864.883,5961.807,12.0,96.987,96.977,-0.009999999999990905,3,96.924,-0.06299999999998818,2024-01,Bahrain Grand Prix,2024,1,2024-03-02,train,train
HAM,HARD,2,23,24,5776.83,5873.547,5873.547,5970.213,11.0,96.717,96.633,-0.08400000000000318,3,96.666,-0.05100000000000193,2024-01,Bahrain Grand Prix,2024,1,2024-03-02,train,train
VER,HARD,2,24,25,5845.997,5941.286,5941.286,6036.628,7.0,95.289,95.216,-0.0730000000000075,3,95.342,0.05299999999999727,2024-01,Bahrain Grand Prix,2024,1,2024-03-02,train,train
PER,HARD,2,24,25,5856.043,5952.254,5952.254,6048.598,12.0,96.211,96.211,0.0,3,96.344,0.13299999999999557,2024-01,Bahrain Grand Prix,2024,1,2024-03-02,train,train
SAI,HARD,2,24,25,5858.288,5954.488,5954.488,6050.708,10.0,96.2,96.149,-0.05100000000000193,3,96.22,0.01999999999999602,2024-01,Bahrain Grand Prix,2024,1,2024-03-02,train,train
RUS,HARD,2,24,25,5863.619,5960.355,5960.355,6057.283,13.0,96.736,96.954,0.2179999999999893,3,96.928,0.19199999999999307,2024-01,Bahrain Grand Prix,2024,1,2024-03-02,train,train
LEC,HARD,2,24,25,5864.883,5961.807,5961.807,6058.567,13.0,96.924,96.924,0.0,3,96.76,-0.16400000000000148,2024-01,Bahrain Grand Prix,2024,1,2024-03-02,train,train
HAM,HARD,2,24,25,5873.547,5970.213,5970.213,6067.132,12.0,96.666,96.666,0.0,3,96.919,0.2530000000000001,2024-01,Bahrain Grand Prix,2024,1,2024-03-02,train,train
VER,HARD,2,25,26,5941.286,6036.628,6036.628,6131.851,8.0,95.342,95.289,-0.05299999999999727,3,95.223,-0.11899999999999977,2024-01,Bahrain Grand Prix,2024,1,2024-03-02,train,train
PER,HARD,2,25,26,5952.254,6048.598,6048.598,6144.945,13.0,96.344,96.249,-0.09499999999999886,3,96.347,0.0030000000000001137,2024-01,Bahrain Grand Prix,2024,1,2024-03-02,train,train
SAI,HARD,2,25,26,5954.488,6050.708,6050.708,6146.929,11.0,96.22,96.2,-0.01999999999999602,3,96.221,0.0010000000000047748,2024-01,Bahrain Grand Prix,2024,1,2024-03-02,train,train
RUS,HARD,2,25,26,5960.355,6057.283,6057.283,6154.084,14.0,96.928,96.928,0.0,3,96.801,-0.12699999999999534,2024-01,Bahrain Grand Prix,2024,1,2024-03-02,train,train
LEC,HARD,2,25,26,5961.807,6058.567,6058.567,6155.377,14.0,96.76,96.924,0.16400000000000148,3,96.81,0.04999999999999716,2024-01,Bahrain Grand Prix,2024,1,2024-03-02,train,train
HAM,HARD,2,25,26,5970.213,6067.132,6067.132,6163.846,13.0,96.919,96.717,-0.20199999999999818,3,96.714,-0.2049999999999983,2024-01,Bahrain Grand Prix,2024,1,2024-03-02,train,train
VER,HARD,2,26,27,6036.628,6131.851,6131.851,6227.432,9.0,95.223,95.289,0.0660000000000025,3,95.581,0.3580000000000041,2024-01,Bahrain Grand Prix,2024,1,2024-03-02,train,train
PER,HARD,2,26,27,6048.598,6144.945,6144.945,6241.178,14.0,96.347,96.344,-0.0030000000000001137,3,96.233,-0.11399999999999011,2024-01,Bahrain Grand Prix,2024,1,2024-03-02,train,train
SAI,HARD,2,26,27,6050.708,6146.929,6146.929,6243.201,12.0,96.221,96.22,-0.0010000000000047748,3,96.272,0.05100000000000193,2024-01,Bahrain Grand Prix,2024,1,2024-03-02,train,train
RUS,HARD,2,26,27,6057.283,6154.084,6154.084,6250.899,15.0,96.801,96.801,0.0,3,96.815,0.013999999999995794,2024-01,Bahrain Grand Prix,2024,1,2024-03-02,train,train
LEC,HARD,2,26,27,6058.567,6155.377,6155.377,6252.208,15.0,96.81,96.81,0.0,3,96.831,0.021000000000000796,2024-01,Bahrain Grand Prix,2024,1,2024-03-02,train,train
VER,HARD,2,27,28,6131.851,6227.432,6227.432,6322.909,10.0,95.581,95.342,-0.23900000000000432,3,95.477,-0.1039999999999992,2024-01,Bahrain Grand Prix,2024,1,2024-03-02,train,train
PER,HARD,2,27,28,6144.945,6241.178,6241.178,6337.404,15.0,96.233,96.344,0.11099999999999,3,96.226,-0.007000000000005002,2024-01,Bahrain Grand Prix,2024,1,2024-03-02,train,train
SAI,HARD,2,27,28,6146.929,6243.201,6243.201,6339.735,13.0,96.272,96.221,-0.05100000000000193,3,96.534,0.26200000000000045,2024-01,Bahrain Grand Prix,2024,1,2024-03-02,train,train
RUS,HARD,2,27,28,6154.084,6250.899,6250.899,6347.81,16.0,96.815,96.815,0.0,3,96.911,0.09600000000000364,2024-01,Bahrain Grand Prix,2024,1,2024-03-02,train,train
LEC,HARD,2,27,28,6155.377,6252.208,6252.208,6349.115,16.0,96.831,96.81,-0.021000000000000796,3,96.907,0.0759999999999934,2024-01,Bahrain Grand Prix,2024,1,2024-03-02,train,train
VER,HARD,2,28,29,6227.432,6322.909,6322.909,6418.702,11.0,95.477,95.477,0.0,3,95.793,0.3160000000000025,2024-01,Bahrain Grand Prix,2024,1,2024-03-02,train,train
PER,HARD,2,28,29,6241.178,6337.404,6337.404,6433.841,16.0,96.226,96.233,0.007000000000005002,3,96.437,0.21099999999999852,2024-01,Bahrain Grand Prix,2024,1,2024-03-02,train,train
SAI,HARD,2,28,29,6243.201,6339.735,6339.735,6436.335,14.0,96.534,96.272,-0.26200000000000045,3,96.6,0.06599999999998829,2024-01,Bahrain Grand Prix,2024,1,2024-03-02,train,train
RUS,HARD,2,28,29,6250.899,6347.81,6347.81,6444.876,17.0,96.911,96.815,-0.09600000000000364,3,97.066,0.15500000000000114,2024-01,Bahrain Grand Prix,2024,1,2024-03-02,train,train
LEC,HARD,2,28,29,6252.208,6349.115,6349.115,6446.078,17.0,96.907,96.831,-0.0759999999999934,3,96.963,0.055999999999997385,2024-01,Bahrain Grand Prix,2024,1,2024-03-02,train,train
HAM,HARD,2,28,29,6261.047,6357.739,6357.739,6454.525,16.0,96.692,96.692,0.0,1,96.786,0.0940000000000083,2024-01,Bahrain Grand Prix,2024,1,2024-03-02,train,train
VER,HARD,2,29,30,6322.909,6418.702,6418.702,6514.473,12.0,95.793,95.581,-0.2120000000000033,3,95.771,-0.02200000000000557,2024-01,Bahrain Grand Prix,2024,1,2024-03-02,train,train
PER,HARD,2,29,30,6337.404,6433.841,6433.841,6530.154,17.0,96.437,96.233,-0.20399999999999352,3,96.313,-0.12399999999999523,2024-01,Bahrain Grand Prix,2024,1,2024-03-02,train,train
SAI,HARD,2,29,30,6339.735,6436.335,6436.335,6532.672,15.0,96.6,96.534,-0.06599999999998829,3,96.337,-0.262999999999991,2024-01,Bahrain Grand Prix,2024,1,2024-03-02,train,train
RUS,HARD,2,29,30,6347.81,6444.876,6444.876,6542.062,18.0,97.066,96.911,-0.15500000000000114,3,97.186,0.12000000000000455,2024-01,Bahrain Grand Prix,2024,1,2024-03-02,train,train
LEC,HARD,2,29,30,6349.115,6446.078,6446.078,6543.236,18.0,96.963,96.907,-0.055999999999997385,3,97.158,0.1950000000000074,2024-01,Bahrain Grand Prix,2024,1,2024-03-02,train,train
HAM,HARD,2,29,30,6357.739,6454.525,6454.525,6551.769,17.0,96.786,96.739,-0.046999999999997044,2,97.244,0.4579999999999984,2024-01,Bahrain Grand Prix,2024,1,2024-03-02,train,train
VER,HARD,2,30,31,6418.702,6514.473,6514.473,6610.152,13.0,95.771,95.771,0.0,3,95.679,-0.09199999999999875,2024-01,Bahrain Grand Prix,2024,1,2024-03-02,train,train
PER,HARD,2,30,31,6433.841,6530.154,6530.154,6626.493,18.0,96.313,96.313,0.0,3,96.339,0.02599999999999625,2024-01,Bahrain Grand Prix,2024,1,2024-03-02,train,train
SAI,HARD,2,30,31,6436.335,6532.672,6532.672,6629.209,16.0,96.337,96.534,0.19700000000000273,3,96.537,0.20000000000000284,2024-01,Bahrain Grand Prix,2024,1,2024-03-02,train,train
LEC,HARD,2,30,31,6446.078,6543.236,6543.236,6640.267,19.0,97.158,96.963,-0.1950000000000074,3,97.031,-0.12699999999999534,2024-01,Bahrain Grand Prix,2024,1,2024-03-02,train,train
HAM,HARD,2,30,31,6454.525,6551.769,6551.769,6648.744,18.0,97.244,96.786,-0.4579999999999984,3,96.975,-0.26900000000000546,2024-01,Bahrain Grand Prix,2024,1,2024-03-02,train,train
VER,HARD,2,31,32,6514.473,6610.152,6610.152,6706.038,14.0,95.679,95.771,0.09199999999999875,3,95.886,0.20699999999999363,2024-01,Bahrain Grand Prix,2024,1,2024-03-02,train,train
PER,HARD,2,31,32,6530.154,6626.493,6626.493,6722.769,19.0,96.339,96.339,0.0,3,96.276,-0.06300000000000239,2024-01,Bahrain Grand Prix,2024,1,2024-03-02,train,train
SAI,HARD,2,31,32,6532.672,6629.209,6629.209,6725.971,17.0,96.537,96.537,0.0,3,96.762,0.22499999999999432,2024-01,Bahrain Grand Prix,2024,1,2024-03-02,train,train
LEC,HARD,2,31,32,6543.236,6640.267,6640.267,6737.208,20.0,97.031,97.031,0.0,3,96.941,-0.09000000000000341,2024-01,Bahrain Grand Prix,2024,1,2024-03-02,train,train
HAM,HARD,2,31,32,6551.769,6648.744,6648.744,6746.069,19.0,96.975,96.975,0.0,3,97.325,0.3500000000000085,2024-01,Bahrain Grand Prix,2024,1,2024-03-02,train,train
VER,HARD,2,32,33,6610.152,6706.038,6706.038,6801.901,15.0,95.886,95.771,-0.11499999999999488,3,95.863,-0.022999999999996135,2024-01,Bahrain Grand Prix,2024,1,2024-03-02,train,train
PER,HARD,2,32,33,6626.493,6722.769,6722.769,6819.333,20.0,96.276,96.313,0.03700000000000614,3,96.564,0.2879999999999967,2024-01,Bahrain Grand Prix,2024,1,2024-03-02,train,train
SAI,HARD,2,32,33,6629.209,6725.971,6725.971,6822.527,18.0,96.762,96.537,-0.22499999999999432,3,96.556,-0.20600000000000307,2024-01,Bahrain Grand Prix,2024,1,2024-03-02,train,train
LEC,HARD,2,32,33,6640.267,6737.208,6737.208,6833.949,21.0,96.941,97.031,0.09000000000000341,3,96.741,-0.20000000000000284,2024-01,Bahrain Grand Prix,2024,1,2024-03-02,train,train
VER,HARD,2,33,34,6706.038,6801.901,6801.901,6898.034,16.0,95.863,95.863,0.0,3,96.133,0.269999999999996,2024-01,Bahrain Grand Prix,2024,1,2024-03-02,train,train
PER,HARD,2,33,34,6722.769,6819.333,6819.333,6915.711,21.0,96.564,96.339,-0.22499999999999432,3,96.378,-0.18599999999999284,2024-01,Bahrain Grand Prix,2024,1,2024-03-02,train,train
SAI,HARD,2,33,34,6725.971,6822.527,6822.527,6919.078,19.0,96.556,96.556,0.0,3,96.551,-0.0049999999999954525,2024-01,Bahrain Grand Prix,2024,1,2024-03-02,train,train
RUS,HARD,3,33,34,6758.734,6854.572,6854.572,6949.813,2.0,95.838,95.838,0.0,1,95.241,-0.5969999999999942,2024-01,Bahrain Grand Prix,2024,1,2024-03-02,train,train
VER,HARD,2,34,35,6801.901,6898.034,6898.034,6994.052,17.0,96.133,95.886,-0.2469999999999999,3,96.018,-0.11499999999999488,2024-01,Bahrain Grand Prix,2024,1,2024-03-02,train,train
PER,HARD,2,34,35,6819.333,6915.711,6915.711,7012.487,22.0,96.378,96.378,0.0,3,96.776,0.39799999999999613,2024-01,Bahrain Grand Prix,2024,1,2024-03-02,train,train
RUS,HARD,3,34,35,6854.572,6949.813,6949.813,7045.585,3.0,95.241,95.5395,0.2985000000000042,2,95.772,0.5310000000000059,2024-01,Bahrain Grand Prix,2024,1,2024-03-02,train,train
VER,HARD,2,35,36,6898.034,6994.052,6994.052,7090.257,18.0,96.018,96.018,0.0,3,96.205,0.1869999999999976,2024-01,Bahrain Grand Prix,2024,1,2024-03-02,train,train
RUS,HARD,3,35,36,6949.813,7045.585,7045.585,7141.019,4.0,95.772,95.772,0.0,3,95.434,-0.33800000000000807,2024-01,Bahrain Grand Prix,2024,1,2024-03-02,train,train
HAM,HARD,3,35,36,6960.739,7056.228,7056.228,7151.507,2.0,95.489,95.489,0.0,1,95.279,-0.21000000000000796,2024-01,Bahrain Grand Prix,2024,1,2024-03-02,train,train
RUS,HARD,3,36,37,7045.585,7141.019,7141.019,7236.5,5.0,95.434,95.434,0.0,3,95.481,0.046999999999997044,2024-01,Bahrain Grand Prix,2024,1,2024-03-02,train,train
LEC,HARD,3,36,37,7049.729,7143.819,7143.819,7238.716,2.0,94.09,94.09,0.0,1,94.897,0.8070000000000022,2024-01,Bahrain Grand Prix,2024,1,2024-03-02,train,train
HAM,HARD,3,36,37,7056.228,7151.507,7151.507,7247.104,3.0,95.279,95.384,0.10500000000000398,2,95.597,0.31799999999999784,2024-01,Bahrain Grand Prix,2024,1,2024-03-02,train,train
SAI,HARD,3,37,38,7133.972,7229.274,7229.274,7324.374,2.0,95.302,95.302,0.0,1,95.1,-0.2020000000000124,2024-01,Bahrain Grand Prix,2024,1,2024-03-02,train,train
RUS,HARD,3,37,38,7141.019,7236.5,7236.5,7331.979,6.0,95.481,95.481,0.0,3,95.479,-0.001999999999995339,2024-01,Bahrain Grand Prix,2024,1,2024-03-02,train,train
LEC,HARD,3,37,38,7143.819,7238.716,7238.716,7333.499,3.0,94.897,94.49350000000001,-0.403499999999994,2,94.783,-0.11400000000000432,2024-01,Bahrain Grand Prix,2024,1,2024-03-02,train,train
HAM,HARD,3,37,38,7151.507,7247.104,7247.104,7342.07,4.0,95.597,95.489,-0.10799999999998988,3,94.966,-0.6310000000000002,2024-01,Bahrain Grand Prix,2024,1,2024-03-02,train,train
PER,SOFT,3,38,39,7227.66,7322.464,7322.464,7417.071,2.0,94.804,94.804,0.0,1,94.607,-0.19700000000000273,2024-01,Bahrain Grand Prix,2024,1,2024-03-02,train,train
SAI,HARD,3,38,39,7229.274,7324.374,7324.374,7419.083,3.0,95.1,95.201,0.10099999999999909,2,94.709,-0.39099999999999113,2024-01,Bahrain Grand Prix,2024,1,2024-03-02,train,train
RUS,HARD,3,38,39,7236.5,7331.979,7331.979,7427.183,7.0,95.479,95.479,0.0,3,95.204,-0.2750000000000057,2024-01,Bahrain Grand Prix,2024,1,2024-03-02,train,train
LEC,HARD,3,38,39,7238.716,7333.499,7333.499,7428.586,4.0,94.783,94.783,0.0,3,95.087,0.30400000000000205,2024-01,Bahrain Grand Prix,2024,1,2024-03-02,train,train
HAM,HARD,3,38,39,7247.104,7342.07,7342.07,7436.792,5.0,94.966,95.279,0.3130000000000024,3,94.722,-0.24399999999999977,2024-01,Bahrain Grand Prix,2024,1,2024-03-02,train,train
VER,SOFT,3,39,40,7305.936,7398.544,7398.544,7495.133,2.0,92.608,92.608,0.0,1,96.589,3.9809999999999945,2024-01,Bahrain Grand Prix,2024,1,2024-03-02,train,train
PER,SOFT,3,39,40,7322.464,7417.071,7417.071,7511.435,3.0,94.607,94.7055,0.09850000000000136,2,94.364,-0.242999999999995,2024-01,Bahrain Grand Prix,2024,1,2024-03-02,train,train
SAI,HARD,3,39,40,7324.374,7419.083,7419.083,7513.822,4.0,94.709,95.1,0.39099999999999113,3,94.739,0.030000000000001137,2024-01,Bahrain Grand Prix,2024,1,2024-03-02,train,train
RUS,HARD,3,39,40,7331.979,7427.183,7427.183,7522.248,8.0,95.204,95.479,0.2750000000000057,3,95.065,-0.1389999999999958,2024-01,Bahrain Grand Prix,2024,1,2024-03-02,train,train
LEC,HARD,3,39,40,7333.499,7428.586,7428.586,7523.445,5.0,95.087,94.897,-0.18999999999999773,3,94.859,-0.22800000000000864,2024-01,Bahrain Grand Prix,2024,1,2024-03-02,train,train
HAM,HARD,3,39,40,7342.07,7436.792,7436.792,7531.833,6.0,94.722,94.966,0.24399999999999977,3,95.041,0.3190000000000026,2024-01,Bahrain Grand Prix,2024,1,2024-03-02,train,train
VER,SOFT,3,40,41,7398.544,7495.133,7495.133,7590.423,3.0,96.589,94.5985,-1.9904999999999973,2,95.29,-1.2989999999999924,2024-01,Bahrain Grand Prix,2024,1,2024-03-02,train,train
PER,SOFT,3,40,41,7417.071,7511.435,7511.435,7605.835,4.0,94.364,94.607,0.242999999999995,3,94.4,0.036000000000001364,2024-01,Bahrain Grand Prix,2024,1,2024-03-02,train,train
SAI,HARD,3,40,41,7419.083,7513.822,7513.822,7608.863,5.0,94.739,94.739,0.0,3,95.041,0.3019999999999925,2024-01,Bahrain Grand Prix,2024,1,2024-03-02,train,train
RUS,HARD,3,40,41,7427.183,7522.248,7522.248,7617.341,9.0,95.065,95.204,0.1389999999999958,3,95.093,0.028000000000005798,2024-01,Bahrain Grand Prix,2024,1,2024-03-02,train,train
LEC,HARD,3,40,41,7428.586,7523.445,7523.445,7618.473,6.0,94.859,94.859,0.0,3,95.028,0.16900000000001114,2024-01,Bahrain Grand Prix,2024,1,2024-03-02,train,train
HAM,HARD,3,40,41,7436.792,7531.833,7531.833,7626.773,7.0,95.041,94.966,-0.07500000000000284,3,94.94,-0.10099999999999909,2024-01,Bahrain Grand Prix,2024,1,2024-03-02,train,train
VER,SOFT,3,41,42,7495.133,7590.423,7590.423,7685.09,4.0,95.29,95.29,0.0,3,94.667,-0.6230000000000047,2024-01,Bahrain Grand Prix,2024,1,2024-03-02,train,train
PER,SOFT,3,41,42,7511.435,7605.835,7605.835,7700.36,5.0,94.4,94.4,0.0,3,94.525,0.125,2024-01,Bahrain Grand Prix,2024,1,2024-03-02,train,train
SAI,HARD,3,41,42,7513.822,7608.863,7608.863,7703.724,6.0,95.041,94.739,-0.3019999999999925,3,94.861,-0.1799999999999926,2024-01,Bahrain Grand Prix,2024,1,2024-03-02,train,train
RUS,HARD,3,41,42,7522.248,7617.341,7617.341,7712.477,10.0,95.093,95.093,0.0,3,95.136,0.042999999999992156,2024-01,Bahrain Grand Prix,2024,1,2024-03-02,train,train
LEC,HARD,3,41,42,7523.445,7618.473,7618.473,7713.455,7.0,95.028,95.028,0.0,3,94.982,-0.04600000000000648,2024-01,Bahrain Grand Prix,2024,1,2024-03-02,train,train
HAM,HARD,3,41,42,7531.833,7626.773,7626.773,7721.769,8.0,94.94,94.94,0.0,3,94.996,0.055999999999997385,2024-01,Bahrain Grand Prix,2024,1,2024-03-02,train,train
VER,SOFT,3,42,43,7590.423,7685.09,7685.09,7779.241,5.0,94.667,95.29,0.6230000000000047,3,94.151,-0.5160000000000053,2024-01,Bahrain Grand Prix,2024,1,2024-03-02,train,train
PER,SOFT,3,42,43,7605.835,7700.36,7700.36,7795.157,6.0,94.525,94.4,-0.125,3,94.797,0.27199999999999136,2024-01,Bahrain Grand Prix,2024,1,2024-03-02,train,train
SAI,HARD,3,42,43,7608.863,7703.724,7703.724,7798.519,7.0,94.861,94.861,0.0,3,94.795,-0.0660000000000025,2024-01,Bahrain Grand Prix,2024,1,2024-03-02,train,train
RUS,HARD,3,42,43,7617.341,7712.477,7712.477,7807.67,11.0,95.136,95.093,-0.042999999999992156,3,95.193,0.05700000000000216,2024-01,Bahrain Grand Prix,2024,1,2024-03-02,train,train
LEC,HARD,3,42,43,7618.473,7713.455,7713.455,7808.647,8.0,94.982,94.982,0.0,3,95.192,0.20999999999999375,2024-01,Bahrain Grand Prix,2024,1,2024-03-02,train,train
HAM,HARD,3,42,43,7626.773,7721.769,7721.769,7816.704,9.0,94.996,94.996,0.0,3,94.935,-0.06099999999999284,2024-01,Bahrain Grand Prix,2024,1,2024-03-02,train,train
VER,SOFT,3,43,44,7685.09,7779.241,7779.241,7873.772,6.0,94.151,94.667,0.5160000000000053,3,94.531,0.38000000000000966,2024-01,Bahrain Grand Prix,2024,1,2024-03-02,train,train
PER,SOFT,3,43,44,7700.36,7795.157,7795.157,7889.956,7.0,94.797,94.525,-0.27199999999999136,3,94.799,0.0020000000000095497,2024-01,Bahrain Grand Prix,2024,1,2024-03-02,train,train
SAI,HARD,3,43,44,7703.724,7798.519,7798.519,7893.026,8.0,94.795,94.861,0.0660000000000025,3,94.507,-0.2879999999999967,2024-01,Bahrain Grand Prix,2024,1,2024-03-02,train,train
RUS,HARD,3,43,44,7712.477,7807.67,7807.67,7902.832,12.0,95.193,95.136,-0.05700000000000216,3,95.162,-0.0309999999999917,2024-01,Bahrain Grand Prix,2024,1,2024-03-02,train,train
LEC,HARD,3,43,44,7713.455,7808.647,7808.647,7903.698,9.0,95.192,95.028,-0.16399999999998727,3,95.051,-0.14099999999999113,2024-01,Bahrain Grand Prix,2024,1,2024-03-02,train,train
HAM,HARD,3,43,44,7721.769,7816.704,7816.704,7911.873,10.0,94.935,94.94,0.0049999999999954525,3,95.169,0.23399999999999466,2024-01,Bahrain Grand Prix,2024,1,2024-03-02,train,train
VER,SOFT,3,44,45,7779.241,7873.772,7873.772,7968.021,7.0,94.531,94.531,0.0,3,94.249,-0.2820000000000107,2024-01,Bahrain Grand Prix,2024,1,2024-03-02,train,train
PER,SOFT,3,44,45,7795.157,7889.956,7889.956,7984.548,8.0,94.799,94.797,-0.0020000000000095497,3,94.592,-0.20700000000000784,2024-01,Bahrain Grand Prix,2024,1,2024-03-02,train,train
SAI,HARD,3,44,45,7798.519,7893.026,7893.026,7987.816,9.0,94.507,94.795,0.2879999999999967,3,94.79,0.28300000000000125,2024-01,Bahrain Grand Prix,2024,1,2024-03-02,train,train
RUS,HARD,3,44,45,7807.67,7902.832,7902.832,7998.108,13.0,95.162,95.162,0.0,3,95.276,0.11399999999999011,2024-01,Bahrain Grand Prix,2024,1,2024-03-02,train,train
LEC,HARD,3,44,45,7808.647,7903.698,7903.698,7998.918,10.0,95.051,95.051,0.0,3,95.22,0.16899999999999693,2024-01,Bahrain Grand Prix,2024,1,2024-03-02,train,train
HAM,HARD,3,44,45,7816.704,7911.873,7911.873,8007.057,11.0,95.169,94.996,-0.17300000000000182,3,95.184,0.015000000000000568,2024-01,Bahrain Grand Prix,2024,1,2024-03-02,train,train
PER,SOFT,3,45,46,7889.956,7984.548,7984.548,8079.392,9.0,94.592,94.797,0.2049999999999983,3,94.844,0.25199999999999534,2024-01,Bahrain Grand Prix,2024,1,2024-03-02,train,train
SAI,HARD,3,45,46,7893.026,7987.816,7987.816,8082.669,10.0,94.79,94.79,0.0,3,94.853,0.06299999999998818,2024-01,Bahrain Grand Prix,2024,1,2024-03-02,train,train
LEC,HARD,3,45,46,7903.698,7998.918,7998.918,8093.976,11.0,95.22,95.192,-0.028000000000005798,3,95.058,-0.16199999999999193,2024-01,Bahrain Grand Prix,2024,1,2024-03-02,train,train
HAM,HARD,3,45,46,7911.873,8007.057,8007.057,8102.342,12.0,95.184,95.169,-0.015000000000000568,3,95.285,0.10099999999999909,2024-01,Bahrain Grand Prix,2024,1,2024-03-02,train,train
PER,SOFT,3,46,47,7984.548,8079.392,8079.392,8174.122,10.0,94.844,94.799,-0.044999999999987494,3,94.73,-0.11399999999999011,2024-01,Bahrain Grand Prix,2024,1,2024-03-02,train,train
SAI,HARD,3,46,47,7987.816,8082.669,8082.669,8177.57,11.0,94.853,94.79,-0.06299999999998818,3,94.901,0.04800000000000182,2024-01,Bahrain Grand Prix,2024,1,2024-03-02,train,train
LEC,HARD,3,46,47,7998.918,8093.976,8093.976,8189.033,12.0,95.058,95.058,0.0,3,95.057,-0.0010000000000047748,2024-01,Bahrain Grand Prix,2024,1,2024-03-02,train,train
VER,SOFT,3,47,48,8062.214,8156.453,8156.453,8250.803,10.0,94.239,94.239,0.0,1,94.35,0.11099999999999,2024-01,Bahrain Grand Prix,2024,1,2024-03-02,train,train
PER,SOFT,3,47,48,8079.392,8174.122,8174.122,8269.007,11.0,94.73,94.73,0.0,3,94.885,0.15500000000000114,2024-01,Bahrain Grand Prix,2024,1,2024-03-02,train,train
SAI,HARD,3,47,48,8082.669,8177.57,8177.57,8272.551,12.0,94.901,94.853,-0.04800000000000182,3,94.981,0.0799999999999983,2024-01,Bahrain Grand Prix,2024,1,2024-03-02,train,train
LEC,HARD,3,47,48,8093.976,8189.033,8189.033,8284.341,13.0,95.057,95.058,0.0010000000000047748,3,95.308,0.2510000000000048,2024-01,Bahrain Grand Prix,2024,1,2024-03-02,train,train
RUS,HARD,3,47,48,8094.765,8190.57,8190.57,8286.629,16.0,95.805,95.805,0.0,1,96.059,0.2539999999999907,2024-01,Bahrain Grand Prix,2024,1,2024-03-02,train,train
VER,SOFT,3,48,49,8156.453,8250.803,8250.803,8345.206,11.0,94.35,94.2945,-0.055499999999995,2,94.403,0.05300000000001148,2024-01,Bahrain Grand Prix,2024,1,2024-03-02,train,train
PER,SOFT,3,48,49,8174.122,8269.007,8269.007,8363.973,12.0,94.885,94.844,-0.04100000000001103,3,94.966,0.08099999999998886,2024-01,Bahrain Grand Prix,2024,1,2024-03-02,train,train
SAI,HARD,3,48,49,8177.57,8272.551,8272.551,8367.991,13.0,94.981,94.901,-0.0799999999999983,3,95.44,0.4590000000000032,2024-01,Bahrain Grand Prix,2024,1,2024-03-02,train,train
LEC,HARD,3,48,49,8189.033,8284.341,8284.341,8379.643,14.0,95.308,95.058,-0.25,3,95.302,-0.006000000000000227,2024-01,Bahrain Grand Prix,2024,1,2024-03-02,train,train
RUS,HARD,3,48,49,8190.57,8286.629,8286.629,8382.583,17.0,96.059,95.932,-0.12699999999999534,2,95.954,-0.10500000000000398,2024-01,Bahrain Grand Prix,2024,1,2024-03-02,train,train
HAM,HARD,3,48,49,8197.568,8293.733,8293.733,8389.647,15.0,96.165,96.165,0.0,1,95.914,-0.2510000000000048,2024-01,Bahrain Grand Prix,2024,1,2024-03-02,train,train
VER,SOFT,3,49,50,8250.803,8345.206,8345.206,8439.989,12.0,94.403,94.35,-0.05300000000001148,3,94.783,0.37999999999999545,2024-01,Bahrain Grand Prix,2024,1,2024-03-02,train,train
PER,SOFT,3,49,50,8269.007,8363.973,8363.973,8459.055,13.0,94.966,94.885,-0.08099999999998886,3,95.082,0.11599999999999966,2024-01,Bahrain Grand Prix,2024,1,2024-03-02,train,train
SAI,HARD,3,49,50,8272.551,8367.991,8367.991,8463.133,14.0,95.44,94.981,-0.4590000000000032,3,95.142,-0.2980000000000018,2024-01,Bahrain Grand Prix,2024,1,2024-03-02,train,train
LEC,HARD,3,49,50,8284.341,8379.643,8379.643,8475.026,15.0,95.302,95.302,0.0,3,95.383,0.08099999999998886,2024-01,Bahrain Grand Prix,2024,1,2024-03-02,train,train
RUS,HARD,3,49,50,8286.629,8382.583,8382.583,8478.764,18.0,95.954,95.954,0.0,3,96.181,0.22700000000000387,2024-01,Bahrain Grand Prix,2024,1,2024-03-02,train,train
HAM,HARD,3,49,50,8293.733,8389.647,8389.647,8485.259,16.0,95.914,96.0395,0.1255000000000024,2,95.612,-0.3020000000000067,2024-01,Bahrain Grand Prix,2024,1,2024-03-02,train,train
VER,SOFT,3,50,51,8345.206,8439.989,8439.989,8534.329,13.0,94.783,94.403,-0.37999999999999545,3,94.34,-0.44299999999999784,2024-01,Bahrain Grand Prix,2024,1,2024-03-02,train,train
PER,SOFT,3,50,51,8363.973,8459.055,8459.055,8553.995,14.0,95.082,94.966,-0.11599999999999966,3,94.94,-0.1419999999999959,2024-01,Bahrain Grand Prix,2024,1,2024-03-02,train,train
SAI,HARD,3,50,51,8367.991,8463.133,8463.133,8558.415,15.0,95.142,95.142,0.0,3,95.282,0.14000000000000057,2024-01,Bahrain Grand Prix,2024,1,2024-03-02,train,train
LEC,HARD,3,50,51,8379.643,8475.026,8475.026,8570.444,16.0,95.383,95.308,-0.07499999999998863,3,95.418,0.0350000000000108,2024-01,Bahrain Grand Prix,2024,1,2024-03-02,train,train
RUS,HARD,3,50,51,8382.583,8478.764,8478.764,8574.616,19.0,96.181,96.059,-0.12199999999999989,3,95.852,-0.3289999999999935,2024-01,Bahrain Grand Prix,2024,1,2024-03-02,train,train
HAM,HARD,3,50,51,8389.647,8485.259,8485.259,8580.791,17.0,95.612,95.914,0.3020000000000067,3,95.532,-0.0799999999999983,2024-01,Bahrain Grand Prix,2024,1,2024-03-02,train,train
VER,SOFT,3,51,52,8439.989,8534.329,8534.329,8629.235,14.0,94.34,94.403,0.06300000000000239,3,94.906,0.5660000000000025,2024-01,Bahrain Grand Prix,2024,1,2024-03-02,train,train
PER,SOFT,3,51,52,8459.055,8553.995,8553.995,8649.178,15.0,94.94,94.966,0.02599999999999625,3,95.183,0.2430000000000092,2024-01,Bahrain Grand Prix,2024,1,2024-03-02,train,train
SAI,HARD,3,51,52,8463.133,8558.415,8558.415,8653.498,16.0,95.282,95.282,0.0,3,95.083,-0.19899999999999807,2024-01,Bahrain Grand Prix,2024,1,2024-03-02,train,train
LEC,HARD,3,51,52,8475.026,8570.444,8570.444,8665.838,17.0,95.418,95.383,-0.0350000000000108,3,95.394,-0.02400000000000091,2024-01,Bahrain Grand Prix,2024,1,2024-03-02,train,train
RUS,HARD,3,51,52,8478.764,8574.616,8574.616,8670.802,20.0,95.852,95.954,0.10199999999998965,3,96.186,0.3340000000000032,2024-01,Bahrain Grand Prix,2024,1,2024-03-02,train,train
HAM,HARD,3,51,52,8485.259,8580.791,8580.791,8676.27,18.0,95.532,95.612,0.0799999999999983,3,95.479,-0.05299999999999727,2024-01,Bahrain Grand Prix,2024,1,2024-03-02,train,train
VER,SOFT,3,52,53,8534.329,8629.235,8629.235,8724.835,15.0,94.906,94.783,-0.12300000000000466,3,95.6,0.6939999999999884,2024-01,Bahrain Grand Prix,2024,1,2024-03-02,train,train
PER,SOFT,3,52,53,8553.995,8649.178,8649.178,8745.02,16.0,95.183,95.082,-0.1010000000000133,3,95.842,0.6589999999999918,2024-01,Bahrain Grand Prix,2024,1,2024-03-02,train,train
SAI,HARD,3,52,53,8558.415,8653.498,8653.498,8748.709,17.0,95.083,95.142,0.0589999999999975,3,95.211,0.1280000000000001,2024-01,Bahrain Grand Prix,2024,1,2024-03-02,train,train
LEC,HARD,3,52,53,8570.444,8665.838,8665.838,8761.318,18.0,95.394,95.394,0.0,3,95.48,0.08599999999999852,2024-01,Bahrain Grand Prix,2024,1,2024-03-02,train,train
RUS,HARD,3,52,53,8574.616,8670.802,8670.802,8766.781,21.0,96.186,96.181,-0.005000000000009663,3,95.979,-0.20700000000000784,2024-01,Bahrain Grand Prix,2024,1,2024-03-02,train,train
HAM,HARD,3,52,53,8580.791,8676.27,8676.27,8771.82,19.0,95.479,95.532,0.05299999999999727,3,95.55,0.07099999999999795,2024-01,Bahrain Grand Prix,2024,1,2024-03-02,train,train
VER,SOFT,3,53,54,8629.235,8724.835,8724.835,8820.169,16.0,95.6,94.906,-0.6939999999999884,3,95.334,-0.26599999999999113,2024-01,Bahrain Grand Prix,2024,1,2024-03-02,train,train
PER,SOFT,3,53,54,8649.178,8745.02,8745.02,8840.479,17.0,95.842,95.183,-0.6589999999999918,3,95.459,-0.38299999999999557,2024-01,Bahrain Grand Prix,2024,1,2024-03-02,train,train
SAI,HARD,3,53,54,8653.498,8748.709,8748.709,8844.018,18.0,95.211,95.211,0.0,3,95.309,0.09799999999999898,2024-01,Bahrain Grand Prix,2024,1,2024-03-02,train,train
LEC,HARD,3,53,54,8665.838,8761.318,8761.318,8856.583,19.0,95.48,95.418,-0.06199999999999761,3,95.265,-0.2150000000000034,2024-01,Bahrain Grand Prix,2024,1,2024-03-02,train,train
RUS,HARD,3,53,54,8670.802,8766.781,8766.781,8862.794,22.0,95.979,95.979,0.0,3,96.013,0.034000000000006025,2024-01,Bahrain Grand Prix,2024,1,2024-03-02,train,train
HAM,HARD,3,53,54,8676.27,8771.82,8771.82,8867.794,20.0,95.55,95.532,-0.018000000000000682,3,95.974,0.4240000000000066,2024-01,Bahrain Grand Prix,2024,1,2024-03-02,train,train
VER,SOFT,3,54,55,8724.835,8820.169,8820.169,8915.353,17.0,95.334,95.334,0.0,3,95.184,-0.15000000000000568,2024-01,Bahrain Grand Prix,2024,1,2024-03-02,train,train
PER,SOFT,3,54,55,8745.02,8840.479,8840.479,8936.09,18.0,95.459,95.459,0.0,3,95.611,0.15200000000000102,2024-01,Bahrain Grand Prix,2024,1,2024-03-02,train,train
SAI,HARD,3,54,55,8748.709,8844.018,8844.018,8939.425,19.0,95.309,95.211,-0.09799999999999898,3,95.407,0.09799999999999898,2024-01,Bahrain Grand Prix,2024,1,2024-03-02,train,train
LEC,HARD,3,54,55,8761.318,8856.583,8856.583,8952.368,20.0,95.265,95.394,0.1290000000000049,3,95.785,0.519999999999996,2024-01,Bahrain Grand Prix,2024,1,2024-03-02,train,train
RUS,HARD,3,54,55,8766.781,8862.794,8862.794,8958.945,23.0,96.013,96.013,0.0,3,96.151,0.13799999999999102,2024-01,Bahrain Grand Prix,2024,1,2024-03-02,train,train
HAM,HARD,3,54,55,8771.82,8867.794,8867.794,8963.427,21.0,95.974,95.55,-0.4240000000000066,3,95.633,-0.3410000000000082,2024-01,Bahrain Grand Prix,2024,1,2024-03-02,train,train
VER,SOFT,3,55,56,8820.169,8915.353,8915.353,9010.024,18.0,95.184,95.334,0.15000000000000568,3,94.671,-0.512999999999991,2024-01,Bahrain Grand Prix,2024,1,2024-03-02,train,train
PER,SOFT,3,55,56,8840.479,8936.09,8936.09,9031.658,19.0,95.611,95.611,0.0,3,95.568,-0.043000000000006366,2024-01,Bahrain Grand Prix,2024,1,2024-03-02,train,train
SAI,HARD,3,55,56,8844.018,8939.425,8939.425,9034.73,20.0,95.407,95.309,-0.09799999999999898,3,95.305,-0.10199999999998965,2024-01,Bahrain Grand Prix,2024,1,2024-03-02,train,train
LEC,HARD,3,55,56,8856.583,8952.368,8952.368,9048.292,21.0,95.785,95.48,-0.3049999999999926,3,95.924,0.13900000000001,2024-01,Bahrain Grand Prix,2024,1,2024-03-02,train,train
RUS,HARD,3,55,56,8862.794,8958.945,8958.945,9055.295,24.0,96.151,96.013,-0.13799999999999102,3,96.35,0.19899999999999807,2024-01,Bahrain Grand Prix,2024,1,2024-03-02,train,train
HAM,HARD,3,55,56,8867.794,8963.427,8963.427,9059.133,22.0,95.633,95.633,0.0,3,95.706,0.0730000000000075,2024-01,Bahrain Grand Prix,2024,1,2024-03-02,train,train
VER,SOFT,3,56,57,8915.353,9010.024,9010.024,9104.947,19.0,94.671,95.184,0.512999999999991,3,94.923,0.25199999999999534,2024-01,Bahrain Grand Prix,2024,1,2024-03-02,train,train
PER,SOFT,3,56,57,8936.09,9031.658,9031.658,9127.404,20.0,95.568,95.568,0.0,3,95.746,0.17799999999999727,2024-01,Bahrain Grand Prix,2024,1,2024-03-02,train,train
SAI,HARD,3,56,57,8939.425,9034.73,9034.73,9130.057,21.0,95.305,95.309,0.003999999999990678,3,95.327,0.02199999999999136,2024-01,Bahrain Grand Prix,2024,1,2024-03-02,train,train
LEC,HARD,3,56,57,8952.368,9048.292,9048.292,9144.616,22.0,95.924,95.785,-0.13900000000001,3,96.324,0.3999999999999915,2024-01,Bahrain Grand Prix,2024,1,2024-03-02,train,train
RUS,HARD,3,56,57,8958.945,9055.295,9055.295,9151.735,25.0,96.35,96.151,-0.19899999999999807,3,96.44,0.09000000000000341,2024-01,Bahrain Grand Prix,2024,1,2024-03-02,train,train
HAM,HARD,3,56,57,8963.427,9059.133,9059.133,9155.271,23.0,95.706,95.706,0.0,3,96.138,0.43200000000000216,2024-01,Bahrain Grand Prix,2024,1,2024-03-02,train,train
SAI,MEDIUM,1,2,3,3597.861,3680.461,3680.461,3763.467,2.0,82.6,82.6,0.0,1,83.006,0.4060000000000059,2024-03,Australian Grand Prix,2024,3,2024-03-24,train,train
VER,MEDIUM,1,2,3,3596.944,3681.043,3681.043,3764.158,2.0,84.099,84.099,0.0,1,83.115,-0.9840000000000089,2024-03,Australian Grand Prix,2024,3,2024-03-24,train,train
LEC,MEDIUM,1,2,3,3600.006,3683.02,3683.02,3765.796,2.0,83.014,83.014,0.0,1,82.776,-0.23799999999999955,2024-03,Australian Grand Prix,2024,3,2024-03-24,train,train
RUS,MEDIUM,1,2,3,3601.396,3684.743,3684.743,3767.78,2.0,83.347,83.347,0.0,1,83.037,-0.30999999999998806,2024-03,Australian Grand Prix,2024,3,2024-03-24,train,train
PER,MEDIUM,1,2,3,3601.914,3685.295,3685.295,3768.46,2.0,83.381,83.381,0.0,1,83.165,-0.21599999999999397,2024-03,Australian Grand Prix,2024,3,2024-03-24,train,train
HAM,SOFT,1,2,3,3603.174,3687.229,3687.229,3770.299,2.0,84.055,84.055,0.0,1,83.07,-0.9850000000000136,2024-03,Australian Grand Prix,2024,3,2024-03-24,train,train
SAI,MEDIUM,1,3,4,3680.461,3763.467,3763.467,3845.9,3.0,83.006,82.803,-0.20300000000000296,2,82.433,-0.5729999999999933,2024-03,Australian Grand Prix,2024,3,2024-03-24,train,train
LEC,MEDIUM,1,3,4,3683.02,3765.796,3765.796,3848.315,3.0,82.776,82.895,0.11899999999999977,2,82.519,-0.2569999999999908,2024-03,Australian Grand Prix,2024,3,2024-03-24,train,train
RUS,MEDIUM,1,3,4,3684.743,3767.78,3767.78,3851.351,3.0,83.037,83.19200000000001,0.15500000000000114,2,83.571,0.5339999999999918,2024-03,Australian Grand Prix,2024,3,2024-03-24,train,train
PER,MEDIUM,1,3,4,3685.295,3768.46,3768.46,3851.858,3.0,83.165,83.273,0.10799999999998988,2,83.398,0.23299999999998988,2024-03,Australian Grand Prix,2024,3,2024-03-24,train,train
HAM,SOFT,1,3,4,3687.229,3770.299,3770.299,3853.735,3.0,83.07,83.5625,0.4925000000000068,2,83.436,0.36600000000001387,2024-03,Australian Grand Prix,2024,3,2024-03-24,train,train
SAI,MEDIUM,1,4,5,3763.467,3845.9,3845.9,3928.529,4.0,82.433,82.6,0.16699999999998738,3,82.629,0.19599999999999795,2024-03,Australian Grand Prix,2024,3,2024-03-24,train,train
LEC,MEDIUM,1,4,5,3765.796,3848.315,3848.315,3930.947,4.0,82.519,82.776,0.2569999999999908,3,82.632,0.11299999999999955,2024-03,Australian Grand Prix,2024,3,2024-03-24,train,train
RUS,MEDIUM,1,4,5,3767.78,3851.351,3851.351,3934.523,4.0,83.571,83.347,-0.22400000000000375,3,83.172,-0.3990000000000009,2024-03,Australian Grand Prix,2024,3,2024-03-24,train,train
PER,MEDIUM,1,4,5,3768.46,3851.858,3851.858,3935.222,4.0,83.398,83.381,-0.016999999999995907,3,83.364,-0.033999999999991815,2024-03,Australian Grand Prix,2024,3,2024-03-24,train,train
HAM,SOFT,1,4,5,3770.299,3853.735,3853.735,3937.291,4.0,83.436,83.436,0.0,3,83.556,0.11999999999999034,2024-03,Australian Grand Prix,2024,3,2024-03-24,train,train
SAI,MEDIUM,1,5,6,3845.9,3928.529,3928.529,4011.101,5.0,82.629,82.629,0.0,3,82.572,-0.05700000000000216,2024-03,Australian Grand Prix,2024,3,2024-03-24,train,train
LEC,MEDIUM,1,5,6,3848.315,3930.947,3930.947,4013.62,5.0,82.632,82.632,0.0,3,82.673,0.04099999999999682,2024-03,Australian Grand Prix,2024,3,2024-03-24,train,train
RUS,MEDIUM,1,5,6,3851.351,3934.523,3934.523,4017.642,5.0,83.172,83.172,0.0,3,83.119,-0.05299999999999727,2024-03,Australian Grand Prix,2024,3,2024-03-24,train,train
PER,MEDIUM,1,5,6,3851.858,3935.222,3935.222,4018.246,5.0,83.364,83.364,0.0,3,83.024,-0.3400000000000034,2024-03,Australian Grand Prix,2024,3,2024-03-24,train,train
HAM,SOFT,1,5,6,3853.735,3937.291,3937.291,4020.456,5.0,83.556,83.436,-0.11999999999999034,3,83.165,-0.39099999999999113,2024-03,Australian Grand Prix,2024,3,2024-03-24,train,train
SAI,MEDIUM,1,6,7,3928.529,4011.101,4011.101,4093.535,6.0,82.572,82.572,0.0,3,82.434,-0.13800000000000523,2024-03,Australian Grand Prix,2024,3,2024-03-24,train,train
LEC,MEDIUM,1,6,7,3930.947,4013.62,4013.62,4096.304,6.0,82.673,82.632,-0.04099999999999682,3,82.684,0.01099999999999568,2024-03,Australian Grand Prix,2024,3,2024-03-24,train,train
RUS,MEDIUM,1,6,7,3934.523,4017.642,4017.642,4100.406,6.0,83.119,83.172,0.05299999999999727,3,82.764,-0.355000000000004,2024-03,Australian Grand Prix,2024,3,2024-03-24,train,train
PER,MEDIUM,1,6,7,3935.222,4018.246,4018.246,4101.05,6.0,83.024,83.364,0.3400000000000034,3,82.804,-0.21999999999999886,2024-03,Australian Grand Prix,2024,3,2024-03-24,train,train
SAI,MEDIUM,1,7,8,4011.101,4093.535,4093.535,4175.838,7.0,82.434,82.572,0.13800000000000523,3,82.303,-0.13100000000000023,2024-03,Australian Grand Prix,2024,3,2024-03-24,train,train
LEC,MEDIUM,1,7,8,4013.62,4096.304,4096.304,4179.287,7.0,82.684,82.673,-0.01099999999999568,3,82.983,0.2990000000000066,2024-03,Australian Grand Prix,2024,3,2024-03-24,train,train
PER,MEDIUM,1,7,8,4018.246,4101.05,4101.05,4184.098,7.0,82.804,83.024,0.21999999999999886,3,83.048,0.24399999999999977,2024-03,Australian Grand Prix,2024,3,2024-03-24,train,train
SAI,MEDIUM,1,8,9,4093.535,4175.838,4175.838,4257.863,8.0,82.303,82.434,0.13100000000000023,3,82.025,-0.2779999999999916,2024-03,Australian Grand Prix,2024,3,2024-03-24,train,train
PER,MEDIUM,1,8,9,4101.05,4184.098,4184.098,4267.068,8.0,83.048,83.024,-0.02400000000000091,3,82.97,-0.07800000000000296,2024-03,Australian Grand Prix,2024,3,2024-03-24,train,train
SAI,MEDIUM,1,9,10,4175.838,4257.863,4257.863,4339.578,9.0,82.025,82.303,0.2779999999999916,3,81.715,-0.3100000000000023,2024-03,Australian Grand Prix,2024,3,2024-03-24,train,train
PER,MEDIUM,1,9,10,4184.098,4267.068,4267.068,4349.748,9.0,82.97,82.97,0.0,3,82.68,-0.28999999999999204,2024-03,Australian Grand Prix,2024,3,2024-03-24,train,train
SAI,MEDIUM,1,10,11,4257.863,4339.578,4339.578,4421.516,10.0,81.715,82.025,0.3100000000000023,3,81.938,0.22299999999999898,2024-03,Australian Grand Prix,2024,3,2024-03-24,train,train
PER,MEDIUM,1,10,11,4267.068,4349.748,4349.748,4432.669,10.0,82.68,82.97,0.28999999999999204,3,82.921,0.24099999999999966,2024-03,Australian Grand Prix,2024,3,2024-03-24,train,train
RUS,HARD,2,10,11,4285.657,4368.394,4368.394,4451.11,2.0,82.737,82.737,0.0,1,82.716,-0.021000000000000796,2024-03,Australian Grand Prix,2024,3,2024-03-24,train,train
SAI,MEDIUM,1,11,12,4339.578,4421.516,4421.516,4503.691,11.0,81.938,81.938,0.0,3,82.175,0.23699999999999477,2024-03,Australian Grand Prix,2024,3,2024-03-24,train,train
PER,MEDIUM,1,11,12,4349.748,4432.669,4432.669,4516.373,11.0,82.921,82.921,0.0,3,83.704,0.782999999999987,2024-03,Australian Grand Prix,2024,3,2024-03-24,train,train
LEC,HARD,2,11,12,4363.184,4445.831,4445.831,4527.672,2.0,82.647,82.647,0.0,1,81.841,-0.8060000000000116,2024-03,Australian Grand Prix,2024,3,2024-03-24,train,train
RUS,HARD,2,11,12,4368.394,4451.11,4451.11,4534.132,3.0,82.716,82.72649999999999,0.010499999999993292,2,83.022,0.3060000000000116,2024-03,Australian Grand Prix,2024,3,2024-03-24,train,train
HAM,HARD,2,11,12,4372.328,4454.772,4454.772,4537.813,4.0,82.444,82.444,0.0,1,83.041,0.5969999999999942,2024-03,Australian Grand Prix,2024,3,2024-03-24,train,train
SAI,MEDIUM,1,12,13,4421.516,4503.691,4503.691,4585.896,12.0,82.175,81.938,-0.23699999999999477,3,82.205,0.030000000000001137,2024-03,Australian Grand Prix,2024,3,2024-03-24,train,train
PER,MEDIUM,1,12,13,4432.669,4516.373,4516.373,4600.037,12.0,83.704,82.921,-0.782999999999987,3,83.664,-0.03999999999999204,2024-03,Australian Grand Prix,2024,3,2024-03-24,train,train
LEC,HARD,2,12,13,4445.831,4527.672,4527.672,4609.894,3.0,81.841,82.244,0.4030000000000058,2,82.222,0.3810000000000002,2024-03,Australian Grand Prix,2024,3,2024-03-24,train,train
RUS,HARD,2,12,13,4451.11,4534.132,4534.132,4617.57,4.0,83.022,82.737,-0.2850000000000108,3,83.438,0.4159999999999968,2024-03,Australian Grand Prix,2024,3,2024-03-24,train,train
HAM,HARD,2,12,13,4454.772,4537.813,4537.813,4621.059,5.0,83.041,82.7425,-0.29849999999999,2,83.246,0.2049999999999983,2024-03,Australian Grand Prix,2024,3,2024-03-24,train,train
SAI,MEDIUM,1,13,14,4503.691,4585.896,4585.896,4668.383,13.0,82.205,82.175,-0.030000000000001137,3,82.487,0.2819999999999965,2024-03,Australian Grand Prix,2024,3,2024-03-24,train,train
LEC,HARD,2,13,14,4527.672,4609.894,4609.894,4691.846,4.0,82.222,82.222,0.0,3,81.952,-0.269999999999996,2024-03,Australian Grand Prix,2024,3,2024-03-24,train,train
RUS,HARD,2,13,14,4534.132,4617.57,4617.57,4700.96,5.0,83.438,83.022,-0.4159999999999968,3,83.39,-0.04800000000000182,2024-03,Australian Grand Prix,2024,3,2024-03-24,train,train
HAM,HARD,2,13,14,4537.813,4621.059,4621.059,4703.771,6.0,83.246,83.041,-0.2049999999999983,3,82.712,-0.5339999999999918,2024-03,Australian Grand Prix,2024,3,2024-03-24,train,train
SAI,MEDIUM,1,14,15,4585.896,4668.383,4668.383,4751.003,14.0,82.487,82.205,-0.2819999999999965,3,82.62,0.13300000000000978,2024-03,Australian Grand Prix,2024,3,2024-03-24,train,train
LEC,HARD,2,14,15,4609.894,4691.846,4691.846,4773.581,5.0,81.952,81.952,0.0,3,81.735,-0.21699999999999875,2024-03,Australian Grand Prix,2024,3,2024-03-24,train,train
RUS,HARD,2,14,15,4617.57,4700.96,4700.96,4785.046,6.0,83.39,83.39,0.0,3,84.086,0.695999999999998,2024-03,Australian Grand Prix,2024,3,2024-03-24,train,train
HAM,HARD,2,14,15,4621.059,4703.771,4703.771,4787.912,7.0,82.712,83.041,0.3289999999999935,3,84.141,1.429000000000002,2024-03,Australian Grand Prix,2024,3,2024-03-24,train,train
LEC,HARD,2,15,16,4691.846,4773.581,4773.581,4855.828,6.0,81.735,81.952,0.21699999999999875,3,82.247,0.5120000000000005,2024-03,Australian Grand Prix,2024,3,2024-03-24,train,train
RUS,HARD,2,15,16,4700.96,4785.046,4785.046,4868.412,7.0,84.086,83.438,-0.6479999999999961,3,83.366,-0.7199999999999989,2024-03,Australian Grand Prix,2024,3,2024-03-24,train,train
SAI,HARD,2,19,20,5041.008,5122.819,5122.819,5204.421,3.0,81.811,81.811,0.0,1,81.602,-0.20900000000000318,2024-03,Australian Grand Prix,2024,3,2024-03-24,train,train
LEC,HARD,2,19,20,5042.159,5124.04,5124.04,5205.925,10.0,81.881,81.881,0.0,1,81.885,0.0040000000000048885,2024-03,Australian Grand Prix,2024,3,2024-03-24,train,train
RUS,HARD,2,19,20,5057.063,5139.463,5139.463,5221.897,11.0,82.4,82.4,0.0,1,82.434,0.033999999999991815,2024-03,Australian Grand Prix,2024,3,2024-03-24,train,train
PER,HARD,2,19,20,5058.866,5140.706,5140.706,5222.417,5.0,81.84,81.84,0.0,1,81.711,-0.1290000000000049,2024-03,Australian Grand Prix,2024,3,2024-03-24,train,train
SAI,HARD,2,20,21,5122.819,5204.421,5204.421,5286.352,4.0,81.602,81.7065,0.10450000000000159,2,81.931,0.3289999999999935,2024-03,Australian Grand Prix,2024,3,2024-03-24,train,train
LEC,HARD,2,20,21,5124.04,5205.925,5205.925,5287.983,11.0,81.885,81.88300000000001,-0.001999999999995339,2,82.058,0.17300000000000182,2024-03,Australian Grand Prix,2024,3,2024-03-24,train,train
RUS,HARD,2,20,21,5139.463,5221.897,5221.897,5305.326,12.0,82.434,82.417,-0.016999999999995907,2,83.429,0.9950000000000045,2024-03,Australian Grand Prix,2024,3,2024-03-24,train,train
PER,HARD,2,20,21,5140.706,5222.417,5222.417,5304.468,6.0,81.711,81.7755,0.06449999999999534,2,82.051,0.3400000000000034,2024-03,Australian Grand Prix,2024,3,2024-03-24,train,train
SAI,HARD,2,21,22,5204.421,5286.352,5286.352,5367.823,5.0,81.931,81.811,-0.11999999999999034,3,81.471,-0.45999999999999375,2024-03,Australian Grand Prix,2024,3,2024-03-24,train,train
LEC,HARD,2,21,22,5205.925,5287.983,5287.983,5369.705,12.0,82.058,81.885,-0.17300000000000182,3,81.722,-0.33600000000001273,2024-03,Australian Grand Prix,2024,3,2024-03-24,train,train
PER,HARD,2,21,22,5222.417,5304.468,5304.468,5386.337,7.0,82.051,81.84,-0.21099999999999852,3,81.869,-0.18200000000000216,2024-03,Australian Grand Prix,2024,3,2024-03-24,train,train
RUS,HARD,2,21,22,5221.897,5305.326,5305.326,5388.164,13.0,83.429,82.434,-0.9950000000000045,3,82.838,-0.5910000000000082,2024-03,Australian Grand Prix,2024,3,2024-03-24,train,train
SAI,HARD,2,22,23,5286.352,5367.823,5367.823,5449.354,6.0,81.471,81.602,0.13100000000000023,3,81.531,0.060000000000002274,2024-03,Australian Grand Prix,2024,3,2024-03-24,train,train
LEC,HARD,2,22,23,5287.983,5369.705,5369.705,5451.637,13.0,81.722,81.885,0.16300000000001091,3,81.932,0.21000000000000796,2024-03,Australian Grand Prix,2024,3,2024-03-24,train,train
PER,HARD,2,22,23,5304.468,5386.337,5386.337,5468.186,8.0,81.869,81.869,0.0,3,81.849,-0.01999999999999602,2024-03,Australian Grand Prix,2024,3,2024-03-24,train,train
RUS,HARD,2,22,23,5305.326,5388.164,5388.164,5471.176,14.0,82.838,82.838,0.0,3,83.012,0.1740000000000066,2024-03,Australian Grand Prix,2024,3,2024-03-24,train,train
SAI,HARD,2,23,24,5367.823,5449.354,5449.354,5530.812,7.0,81.531,81.531,0.0,3,81.458,-0.0730000000000075,2024-03,Australian Grand Prix,2024,3,2024-03-24,train,train
LEC,HARD,2,23,24,5369.705,5451.637,5451.637,5533.489,14.0,81.932,81.932,0.0,3,81.852,-0.0799999999999983,2024-03,Australian Grand Prix,2024,3,2024-03-24,train,train
PER,HARD,2,23,24,5386.337,5468.186,5468.186,5549.713,9.0,81.849,81.869,0.01999999999999602,3,81.527,-0.32200000000000273,2024-03,Australian Grand Prix,2024,3,2024-03-24,train,train
RUS,HARD,2,23,24,5388.164,5471.176,5471.176,5554.118,15.0,83.012,83.012,0.0,3,82.942,-0.07000000000000739,2024-03,Australian Grand Prix,2024,3,2024-03-24,train,train
SAI,HARD,2,24,25,5449.354,5530.812,5530.812,5612.055,8.0,81.458,81.471,0.01300000000000523,3,81.243,-0.2150000000000034,2024-03,Australian Grand Prix,2024,3,2024-03-24,train,train
LEC,HARD,2,24,25,5451.637,5533.489,5533.489,5615.44,15.0,81.852,81.852,0.0,3,81.951,0.09899999999998954,2024-03,Australian Grand Prix,2024,3,2024-03-24,train,train
PER,HARD,2,24,25,5468.186,5549.713,5549.713,5631.208,10.0,81.527,81.849,0.32200000000000273,3,81.495,-0.031999999999996476,2024-03,Australian Grand Prix,2024,3,2024-03-24,train,train
RUS,HARD,2,24,25,5471.176,5554.118,5554.118,5636.821,16.0,82.942,82.942,0.0,3,82.703,-0.2389999999999901,2024-03,Australian Grand Prix,2024,3,2024-03-24,train,train
SAI,HARD,2,25,26,5530.812,5612.055,5612.055,5693.133,9.0,81.243,81.458,0.2150000000000034,3,81.078,-0.16499999999999204,2024-03,Australian Grand Prix,2024,3,2024-03-24,train,train
LEC,HARD,2,25,26,5533.489,5615.44,5615.44,5697.482,16.0,81.951,81.932,-0.018999999999991246,3,82.042,0.09100000000000819,2024-03,Australian Grand Prix,2024,3,2024-03-24,train,train
PER,HARD,2,25,26,5549.713,5631.208,5631.208,5713.454,11.0,81.495,81.527,0.031999999999996476,3,82.246,0.7509999999999906,2024-03,Australian Grand Prix,2024,3,2024-03-24,train,train
RUS,HARD,2,25,26,5554.118,5636.821,5636.821,5719.706,17.0,82.703,82.942,0.2389999999999901,3,82.885,0.18200000000000216,2024-03,Australian Grand Prix,2024,3,2024-03-24,train,train
SAI,HARD,2,26,27,5612.055,5693.133,5693.133,5774.59,10.0,81.078,81.243,0.16499999999999204,3,81.457,0.3789999999999907,2024-03,Australian Grand Prix,2024,3,2024-03-24,train,train
LEC,HARD,2,26,27,5615.44,5697.482,5697.482,5779.304,17.0,82.042,81.951,-0.09100000000000819,3,81.822,-0.21999999999999886,2024-03,Australian Grand Prix,2024,3,2024-03-24,train,train
PER,HARD,2,26,27,5631.208,5713.454,5713.454,5795.011,12.0,82.246,81.527,-0.7189999999999941,3,81.557,-0.688999999999993,2024-03,Australian Grand Prix,2024,3,2024-03-24,train,train
RUS,HARD,2,26,27,5636.821,5719.706,5719.706,5802.844,18.0,82.885,82.885,0.0,3,83.138,0.2530000000000001,2024-03,Australian Grand Prix,2024,3,2024-03-24,train,train
SAI,HARD,2,27,28,5693.133,5774.59,5774.59,5856.03,11.0,81.457,81.243,-0.21399999999999864,3,81.44,-0.016999999999995907,2024-03,Australian Grand Prix,2024,3,2024-03-24,train,train
LEC,HARD,2,27,28,5697.482,5779.304,5779.304,5861.273,18.0,81.822,81.951,0.12899999999999068,3,81.969,0.14699999999999136,2024-03,Australian Grand Prix,2024,3,2024-03-24,train,train
PER,HARD,2,27,28,5713.454,5795.011,5795.011,5877.163,13.0,81.557,81.557,0.0,3,82.152,0.5949999999999989,2024-03,Australian Grand Prix,2024,3,2024-03-24,train,train
RUS,HARD,2,27,28,5719.706,5802.844,5802.844,5885.94,19.0,83.138,82.885,-0.2530000000000001,3,83.096,-0.04200000000000159,2024-03,Australian Grand Prix,2024,3,2024-03-24,train,train
SAI,HARD,2,28,29,5774.59,5856.03,5856.03,5937.519,12.0,81.44,81.44,0.0,3,81.489,0.049000000000006594,2024-03,Australian Grand Prix,2024,3,2024-03-24,train,train
LEC,HARD,2,28,29,5779.304,5861.273,5861.273,5943.706,19.0,81.969,81.969,0.0,3,82.433,0.46400000000001285,2024-03,Australian Grand Prix,2024,3,2024-03-24,train,train
PER,HARD,2,28,29,5795.011,5877.163,5877.163,5959.289,14.0,82.152,82.152,0.0,3,82.126,-0.02599999999999625,2024-03,Australian Grand Prix,2024,3,2024-03-24,train,train
RUS,HARD,2,28,29,5802.844,5885.94,5885.94,5968.603,20.0,83.096,83.096,0.0,3,82.663,-0.43300000000000693,2024-03,Australian Grand Prix,2024,3,2024-03-24,train,train
SAI,HARD,2,29,30,5856.03,5937.519,5937.519,6019.142,13.0,81.489,81.457,-0.03200000000001069,3,81.623,0.13400000000000034,2024-03,Australian Grand Prix,2024,3,2024-03-24,train,train
LEC,HARD,2,29,30,5861.273,5943.706,5943.706,6025.99,20.0,82.433,81.969,-0.46400000000001285,3,82.284,-0.1490000000000009,2024-03,Australian Grand Prix,2024,3,2024-03-24,train,train
PER,HARD,2,29,30,5877.163,5959.289,5959.289,6041.469,15.0,82.126,82.126,0.0,3,82.18,0.054000000000002046,2024-03,Australian Grand Prix,2024,3,2024-03-24,train,train
RUS,HARD,2,29,30,5885.94,5968.603,5968.603,6051.266,21.0,82.663,83.096,0.43300000000000693,3,82.663,0.0,2024-03,Australian Grand Prix,2024,3,2024-03-24,train,train
SAI,HARD,2,30,31,5937.519,6019.142,6019.142,6100.424,14.0,81.623,81.489,-0.13400000000000034,3,81.282,-0.3410000000000082,2024-03,Australian Grand Prix,2024,3,2024-03-24,train,train
LEC,HARD,2,30,31,5943.706,6025.99,6025.99,6107.986,21.0,82.284,82.284,0.0,3,81.996,-0.2880000000000109,2024-03,Australian Grand Prix,2024,3,2024-03-24,train,train
PER,HARD,2,30,31,5959.289,6041.469,6041.469,6123.828,16.0,82.18,82.152,-0.028000000000005798,3,82.359,0.17899999999998784,2024-03,Australian Grand Prix,2024,3,2024-03-24,train,train
RUS,HARD,2,30,31,5968.603,6051.266,6051.266,6133.781,22.0,82.663,82.663,0.0,3,82.515,-0.14799999999999613,2024-03,Australian Grand Prix,2024,3,2024-03-24,train,train
SAI,HARD,2,31,32,6019.142,6100.424,6100.424,6181.629,15.0,81.282,81.489,0.20700000000000784,3,81.205,-0.07699999999999818,2024-03,Australian Grand Prix,2024,3,2024-03-24,train,train
LEC,HARD,2,31,32,6025.99,6107.986,6107.986,6189.827,22.0,81.996,82.284,0.2880000000000109,3,81.841,-0.15500000000000114,2024-03,Australian Grand Prix,2024,3,2024-03-24,train,train
PER,HARD,2,31,32,6041.469,6123.828,6123.828,6206.269,17.0,82.359,82.18,-0.17899999999998784,3,82.441,0.08200000000000784,2024-03,Australian Grand Prix,2024,3,2024-03-24,train,train
RUS,HARD,2,31,32,6051.266,6133.781,6133.781,6216.491,23.0,82.515,82.663,0.14799999999999613,3,82.71,0.19499999999999318,2024-03,Australian Grand Prix,2024,3,2024-03-24,train,train
SAI,HARD,2,32,33,6100.424,6181.629,6181.629,6263.124,16.0,81.205,81.282,0.07699999999999818,3,81.495,0.29000000000000625,2024-03,Australian Grand Prix,2024,3,2024-03-24,train,train
LEC,HARD,2,32,33,6107.986,6189.827,6189.827,6271.849,23.0,81.841,81.996,0.15500000000000114,3,82.022,0.1810000000000116,2024-03,Australian Grand Prix,2024,3,2024-03-24,train,train
PER,HARD,2,32,33,6123.828,6206.269,6206.269,6288.835,18.0,82.441,82.359,-0.08200000000000784,3,82.566,0.125,2024-03,Australian Grand Prix,2024,3,2024-03-24,train,train
RUS,HARD,2,32,33,6133.781,6216.491,6216.491,6298.952,24.0,82.71,82.663,-0.046999999999997044,3,82.461,-0.24899999999999523,2024-03,Australian Grand Prix,2024,3,2024-03-24,train,train
SAI,HARD,2,33,34,6181.629,6263.124,6263.124,6344.841,17.0,81.495,81.282,-0.21300000000000807,3,81.717,0.2219999999999942,2024-03,Australian Grand Prix,2024,3,2024-03-24,train,train
PER,HARD,2,33,34,6206.269,6288.835,6288.835,6371.797,19.0,82.566,82.441,-0.125,3,82.962,0.3960000000000008,2024-03,Australian Grand Prix,2024,3,2024-03-24,train,train
RUS,HARD,2,33,34,6216.491,6298.952,6298.952,6381.305,25.0,82.461,82.515,0.054000000000002046,3,82.353,-0.10800000000000409,2024-03,Australian Grand Prix,2024,3,2024-03-24,train,train
SAI,HARD,2,34,35,6263.124,6344.841,6344.841,6426.562,18.0,81.717,81.495,-0.2219999999999942,3,81.721,0.0040000000000048885,2024-03,Australian Grand Prix,2024,3,2024-03-24,train,train
RUS,HARD,2,34,35,6298.952,6381.305,6381.305,6463.896,26.0,82.353,82.461,0.10800000000000409,3,82.591,0.23799999999999955,2024-03,Australian Grand Prix,2024,3,2024-03-24,train,train
SAI,HARD,2,35,36,6344.841,6426.562,6426.562,6508.58,19.0,81.721,81.717,-0.0040000000000048885,3,82.018,0.29699999999999704,2024-03,Australian Grand Prix,2024,3,2024-03-24,train,train
RUS,HARD,2,35,36,6381.305,6463.896,6463.896,6546.433,27.0,82.591,82.461,-0.12999999999999545,3,82.537,-0.053999999999987836,2024-03,Australian Grand Prix,2024,3,2024-03-24,train,train
SAI,HARD,2,36,37,6426.562,6508.58,6508.58,6590.551,20.0,82.018,81.721,-0.29699999999999704,3,81.971,-0.046999999999997044,2024-03,Australian Grand Prix,2024,3,2024-03-24,train,train
LEC,HARD,3,36,37,6455.762,6537.704,6537.704,6618.392,2.0,81.942,81.942,0.0,1,80.688,-1.2539999999999907,2024-03,Australian Grand Prix,2024,3,2024-03-24,train,train
RUS,HARD,2,36,37,6463.896,6546.433,6546.433,6628.841,28.0,82.537,82.537,0.0,3,82.408,-0.1290000000000049,2024-03,Australian Grand Prix,2024,3,2024-03-24,train,train
SAI,HARD,2,37,38,6508.58,6590.551,6590.551,6671.963,21.0,81.971,81.971,0.0,3,81.412,-0.5589999999999975,2024-03,Australian Grand Prix,2024,3,2024-03-24,train,train
LEC,HARD,3,37,38,6537.704,6618.392,6618.392,6699.341,3.0,80.688,81.315,0.6269999999999953,2,80.949,0.2609999999999957,2024-03,Australian Grand Prix,2024,3,2024-03-24,train,train
RUS,HARD,2,37,38,6546.433,6628.841,6628.841,6711.016,29.0,82.408,82.537,0.1290000000000049,3,82.175,-0.2330000000000041,2024-03,Australian Grand Prix,2024,3,2024-03-24,train,train
PER,HARD,3,37,38,6558.909,6640.127,6640.127,6721.372,2.0,81.218,81.218,0.0,1,81.245,0.027000000000001023,2024-03,Australian Grand Prix,2024,3,2024-03-24,train,train
SAI,HARD,2,38,39,6590.551,6671.963,6671.963,6753.517,22.0,81.412,81.971,0.5589999999999975,3,81.554,0.1419999999999959,2024-03,Australian Grand Prix,2024,3,2024-03-24,train,train
LEC,HARD,3,38,39,6618.392,6699.341,6699.341,6780.25,4.0,80.949,80.949,0.0,3,80.909,-0.03999999999999204,2024-03,Australian Grand Prix,2024,3,2024-03-24,train,train
RUS,HARD,2,38,39,6628.841,6711.016,6711.016,6793.183,30.0,82.175,82.408,0.2330000000000041,3,82.167,-0.007999999999995566,2024-03,Australian Grand Prix,2024,3,2024-03-24,train,train
PER,HARD,3,38,39,6640.127,6721.372,6721.372,6802.82,3.0,81.245,81.23150000000001,-0.013499999999993406,2,81.448,0.20299999999998875,2024-03,Australian Grand Prix,2024,3,2024-03-24,train,train
SAI,HARD,2,39,40,6671.963,6753.517,6753.517,6834.96,23.0,81.554,81.554,0.0,3,81.443,-0.1110000000000042,2024-03,Australian Grand Prix,2024,3,2024-03-24,train,train
LEC,HARD,3,39,40,6699.341,6780.25,6780.25,6861.203,5.0,80.909,80.909,0.0,3,80.953,0.04399999999999693,2024-03,Australian Grand Prix,2024,3,2024-03-24,train,train
RUS,HARD,2,39,40,6711.016,6793.183,6793.183,6875.656,31.0,82.167,82.175,0.007999999999995566,3,82.473,0.3059999999999974,2024-03,Australian Grand Prix,2024,3,2024-03-24,train,train
PER,HARD,3,39,40,6721.372,6802.82,6802.82,6883.865,4.0,81.448,81.245,-0.20299999999998875,3,81.045,-0.4029999999999916,2024-03,Australian Grand Prix,2024,3,2024-03-24,train,train
LEC,HARD,3,40,41,6780.25,6861.203,6861.203,6941.878,6.0,80.953,80.949,-0.0040000000000048885,3,80.675,-0.2780000000000058,2024-03,Australian Grand Prix,2024,3,2024-03-24,train,train
RUS,HARD,2,40,41,6793.183,6875.656,6875.656,6957.975,32.0,82.473,82.175,-0.2980000000000018,3,82.319,-0.15399999999999636,2024-03,Australian Grand Prix,2024,3,2024-03-24,train,train
PER,HARD,3,40,41,6802.82,6883.865,6883.865,6964.863,5.0,81.045,81.245,0.20000000000000284,3,80.998,-0.046999999999997044,2024-03,Australian Grand Prix,2024,3,2024-03-24,train,train
LEC,HARD,3,41,42,6861.203,6941.878,6941.878,7022.727,7.0,80.675,80.909,0.23400000000000887,3,80.849,0.1740000000000066,2024-03,Australian Grand Prix,2024,3,2024-03-24,train,train
RUS,HARD,2,41,42,6875.656,6957.975,6957.975,7040.232,33.0,82.319,82.319,0.0,3,82.257,-0.06199999999999761,2024-03,Australian Grand Prix,2024,3,2024-03-24,train,train
PER,HARD,3,41,42,6883.865,6964.863,6964.863,7046.213,6.0,80.998,81.045,0.046999999999997044,3,81.35,0.35199999999998965,2024-03,Australian Grand Prix,2024,3,2024-03-24,train,train
LEC,HARD,3,42,43,6941.878,7022.727,7022.727,7103.58,8.0,80.849,80.849,0.0,3,80.853,0.003999999999990678,2024-03,Australian Grand Prix,2024,3,2024-03-24,train,train
RUS,HARD,2,42,43,6957.975,7040.232,7040.232,7122.343,34.0,82.257,82.319,0.06199999999999761,3,82.111,-0.1460000000000008,2024-03,Australian Grand Prix,2024,3,2024-03-24,train,train
PER,HARD,3,42,43,6964.863,7046.213,7046.213,7127.011,7.0,81.35,81.045,-0.3049999999999926,3,80.798,-0.5519999999999925,2024-03,Australian Grand Prix,2024,3,2024-03-24,train,train
SAI,HARD,3,43,44,7017.685,7098.415,7098.415,7179.182,2.0,80.73,80.73,0.0,1,80.767,0.03699999999999193,2024-03,Australian Grand Prix,2024,3,2024-03-24,train,train
LEC,HARD,3,43,44,7022.727,7103.58,7103.58,7184.14,9.0,80.853,80.849,-0.003999999999990678,3,80.56,-0.29299999999999216,2024-03,Australian Grand Prix,2024,3,2024-03-24,train,train
RUS,HARD,2,43,44,7040.232,7122.343,7122.343,7204.44,35.0,82.111,82.257,0.1460000000000008,3,82.097,-0.014000000000010004,2024-03,Australian Grand Prix,2024,3,2024-03-24,train,train
PER,HARD,3,43,44,7046.213,7127.011,7127.011,7207.717,8.0,80.798,80.998,0.20000000000000284,3,80.706,-0.09199999999999875,2024-03,Australian Grand Prix,2024,3,2024-03-24,train,train
SAI,HARD,3,44,45,7098.415,7179.182,7179.182,7259.405,3.0,80.767,80.7485,-0.01849999999998886,2,80.223,-0.5439999999999969,2024-03,Australian Grand Prix,2024,3,2024-03-24,train,train
LEC,HARD,3,44,45,7103.58,7184.14,7184.14,7264.548,10.0,80.56,80.849,0.2890000000000015,3,80.408,-0.15200000000000102,2024-03,Australian Grand Prix,2024,3,2024-03-24,train,train
PER,HARD,3,44,45,7127.011,7207.717,7207.717,7288.486,9.0,80.706,80.798,0.09199999999999875,3,80.769,0.06300000000000239,2024-03,Australian Grand Prix,2024,3,2024-03-24,train,train
SAI,HARD,3,45,46,7179.182,7259.405,7259.405,7339.779,4.0,80.223,80.73,0.507000000000005,3,80.374,0.15099999999999625,2024-03,Australian Grand Prix,2024,3,2024-03-24,train,train
LEC,HARD,3,45,46,7184.14,7264.548,7264.548,7345.308,11.0,80.408,80.56,0.15200000000000102,3,80.76,0.35200000000000387,2024-03,Australian Grand Prix,2024,3,2024-03-24,train,train
PER,HARD,3,45,46,7207.717,7288.486,7288.486,7368.914,10.0,80.769,80.769,0.0,3,80.428,-0.3410000000000082,2024-03,Australian Grand Prix,2024,3,2024-03-24,train,train
SAI,HARD,3,46,47,7259.405,7339.779,7339.779,7419.982,5.0,80.374,80.374,0.0,3,80.203,-0.17099999999999227,2024-03,Australian Grand Prix,2024,3,2024-03-24,train,train
LEC,HARD,3,46,47,7264.548,7345.308,7345.308,7425.307,12.0,80.76,80.56,-0.20000000000000284,3,79.999,-0.7610000000000099,2024-03,Australian Grand Prix,2024,3,2024-03-24,train,train
PER,HARD,3,46,47,7288.486,7368.914,7368.914,7449.302,11.0,80.428,80.706,0.2780000000000058,3,80.388,-0.03999999999999204,2024-03,Australian Grand Prix,2024,3,2024-03-24,train,train
SAI,HARD,3,47,48,7339.779,7419.982,7419.982,7500.013,6.0,80.203,80.223,0.01999999999999602,3,80.031,-0.17199999999999704,2024-03,Australian Grand Prix,2024,3,2024-03-24,train,train
LEC,HARD,3,47,48,7345.308,7425.307,7425.307,7505.656,13.0,79.999,80.408,0.409000000000006,3,80.349,0.3500000000000085,2024-03,Australian Grand Prix,2024,3,2024-03-24,train,train
PER,HARD,3,47,48,7368.914,7449.302,7449.302,7530.138,12.0,80.388,80.428,0.03999999999999204,3,80.836,0.4479999999999933,2024-03,Australian Grand Prix,2024,3,2024-03-24,train,train
RUS,HARD,3,47,48,7387.217,7467.543,7467.543,7548.282,2.0,80.326,80.326,0.0,1,80.739,0.4130000000000109,2024-03,Australian Grand Prix,2024,3,2024-03-24,train,train
SAI,HARD,3,48,49,7419.982,7500.013,7500.013,7580.294,7.0,80.031,80.203,0.17199999999999704,3,80.281,0.25,2024-03,Australian Grand Prix,2024,3,2024-03-24,train,train
LEC,HARD,3,48,49,7425.307,7505.656,7505.656,7585.8,14.0,80.349,80.349,0.0,3,80.144,-0.2049999999999983,2024-03,Australian Grand Prix,2024,3,2024-03-24,train,train
PER,HARD,3,48,49,7449.302,7530.138,7530.138,7610.898,13.0,80.836,80.428,-0.40800000000000125,3,80.76,-0.0759999999999934,2024-03,Australian Grand Prix,2024,3,2024-03-24,train,train
RUS,HARD,3,48,49,7467.543,7548.282,7548.282,7629.09,3.0,80.739,80.5325,-0.20650000000000546,2,80.808,0.06900000000000261,2024-03,Australian Grand Prix,2024,3,2024-03-24,train,train
SAI,HARD,3,49,50,7500.013,7580.294,7580.294,7660.744,8.0,80.281,80.203,-0.07800000000000296,3,80.45,0.16899999999999693,2024-03,Australian Grand Prix,2024,3,2024-03-24,train,train
LEC,HARD,3,49,50,7505.656,7585.8,7585.8,7665.725,15.0,80.144,80.144,0.0,3,79.925,-0.2190000000000083,2024-03,Australian Grand Prix,2024,3,2024-03-24,train,train
PER,HARD,3,49,50,7530.138,7610.898,7610.898,7691.769,14.0,80.76,80.76,0.0,3,80.871,0.11099999999999,2024-03,Australian Grand Prix,2024,3,2024-03-24,train,train
RUS,HARD,3,49,50,7548.282,7629.09,7629.09,7710.072,4.0,80.808,80.739,-0.06900000000000261,3,80.982,0.17399999999999238,2024-03,Australian Grand Prix,2024,3,2024-03-24,train,train
SAI,HARD,3,50,51,7580.294,7660.744,7660.744,7740.827,9.0,80.45,80.281,-0.16899999999999693,3,80.083,-0.36700000000000443,2024-03,Australian Grand Prix,2024,3,2024-03-24,train,train
LEC,HARD,3,50,51,7585.8,7665.725,7665.725,7745.94,16.0,79.925,80.144,0.2190000000000083,3,80.215,0.29000000000000625,2024-03,Australian Grand Prix,2024,3,2024-03-24,train,train
PER,HARD,3,50,51,7610.898,7691.769,7691.769,7772.807,15.0,80.871,80.836,-0.03499999999999659,3,81.038,0.1670000000000016,2024-03,Australian Grand Prix,2024,3,2024-03-24,train,train
RUS,HARD,3,50,51,7629.09,7710.072,7710.072,7790.767,5.0,80.982,80.808,-0.17399999999999238,3,80.695,-0.28700000000000614,2024-03,Australian Grand Prix,2024,3,2024-03-24,train,train
SAI,HARD,3,51,52,7660.744,7740.827,7740.827,7821.036,10.0,80.083,80.281,0.1980000000000075,3,80.209,0.12600000000000477,2024-03,Australian Grand Prix,2024,3,2024-03-24,train,train
LEC,HARD,3,51,52,7665.725,7745.94,7745.94,7826.271,17.0,80.215,80.144,-0.07099999999999795,3,80.331,0.11599999999999966,2024-03,Australian Grand Prix,2024,3,2024-03-24,train,train
PER,HARD,3,51,52,7691.769,7772.807,7772.807,7853.957,16.0,81.038,80.871,-0.1670000000000016,3,81.15,0.11200000000000898,2024-03,Australian Grand Prix,2024,3,2024-03-24,train,train
RUS,HARD,3,51,52,7710.072,7790.767,7790.767,7871.296,6.0,80.695,80.808,0.11300000000001376,3,80.529,-0.16599999999999682,2024-03,Australian Grand Prix,2024,3,2024-03-24,train,train
SAI,HARD,3,52,53,7740.827,7821.036,7821.036,7901.651,11.0,80.209,80.209,0.0,3,80.615,0.4059999999999917,2024-03,Australian Grand Prix,2024,3,2024-03-24,train,train
LEC,HARD,3,52,53,7745.94,7826.271,7826.271,7906.734,18.0,80.331,80.215,-0.11599999999999966,3,80.463,0.1319999999999908,2024-03,Australian Grand Prix,2024,3,2024-03-24,train,train
PER,HARD,3,52,53,7772.807,7853.957,7853.957,7935.501,17.0,81.15,81.038,-0.11200000000000898,3,81.544,0.39399999999999125,2024-03,Australian Grand Prix,2024,3,2024-03-24,train,train
RUS,HARD,3,52,53,7790.767,7871.296,7871.296,7951.58,7.0,80.529,80.695,0.16599999999999682,3,80.284,-0.24499999999999034,2024-03,Australian Grand Prix,2024,3,2024-03-24,train,train
SAI,HARD,3,53,54,7821.036,7901.651,7901.651,7982.233,12.0,80.615,80.209,-0.4059999999999917,3,80.582,-0.03300000000000125,2024-03,Australian Grand Prix,2024,3,2024-03-24,train,train
LEC,HARD,3,53,54,7826.271,7906.734,7906.734,7987.054,19.0,80.463,80.331,-0.1319999999999908,3,80.32,-0.14300000000000068,2024-03,Australian Grand Prix,2024,3,2024-03-24,train,train
PER,HARD,3,53,54,7853.957,7935.501,7935.501,8017.131,18.0,81.544,81.15,-0.39399999999999125,3,81.63,0.08599999999999852,2024-03,Australian Grand Prix,2024,3,2024-03-24,train,train
RUS,HARD,3,53,54,7871.296,7951.58,7951.58,8032.774,8.0,80.284,80.529,0.24499999999999034,3,81.194,0.9099999999999966,2024-03,Australian Grand Prix,2024,3,2024-03-24,train,train
SAI,HARD,3,54,55,7901.651,7982.233,7982.233,8062.986,13.0,80.582,80.582,0.0,3,80.753,0.17100000000000648,2024-03,Australian Grand Prix,2024,3,2024-03-24,train,train
LEC,HARD,3,54,55,7906.734,7987.054,7987.054,8068.016,20.0,80.32,80.331,0.01100000000000989,3,80.962,0.6420000000000101,2024-03,Australian Grand Prix,2024,3,2024-03-24,train,train
PER,HARD,3,54,55,7935.501,8017.131,8017.131,8098.747,19.0,81.63,81.544,-0.08599999999999852,3,81.616,-0.013999999999995794,2024-03,Australian Grand Prix,2024,3,2024-03-24,train,train
RUS,HARD,3,54,55,7951.58,8032.774,8032.774,8113.565,9.0,81.194,80.529,-0.6650000000000063,3,80.791,-0.4030000000000058,2024-03,Australian Grand Prix,2024,3,2024-03-24,train,train
SAI,HARD,3,55,56,7982.233,8062.986,8062.986,8144.084,14.0,80.753,80.615,-0.13800000000000523,3,81.098,0.34499999999999886,2024-03,Australian Grand Prix,2024,3,2024-03-24,train,train
LEC,HARD,3,55,56,7987.054,8068.016,8068.016,8147.829,21.0,80.962,80.463,-0.49900000000000944,3,79.813,-1.149000000000001,2024-03,Australian Grand Prix,2024,3,2024-03-24,train,train
PER,HARD,3,55,56,8017.131,8098.747,8098.747,8180.596,20.0,81.616,81.616,0.0,3,81.849,0.2330000000000041,2024-03,Australian Grand Prix,2024,3,2024-03-24,train,train
RUS,HARD,3,55,56,8032.774,8113.565,8113.565,8194.22,10.0,80.791,80.791,0.0,3,80.655,-0.13599999999999568,2024-03,Australian Grand Prix,2024,3,2024-03-24,train,train
SAI,HARD,3,56,57,8062.986,8144.084,8144.084,8224.966,15.0,81.098,80.753,-0.34499999999999886,3,80.882,-0.21599999999999397,2024-03,Australian Grand Prix,2024,3,2024-03-24,train,train
VER,MEDIUM,2,4,5,5775.449,5871.921,5871.921,5968.358,4.0,96.472,96.472,0.0,1,96.437,-0.03499999999999659,2024-04,Japanese Grand Prix,2024,4,2024-04-07,train,train
PER,MEDIUM,2,4,5,5776.44,5873.013,5873.013,5969.581,4.0,96.573,96.573,0.0,1,96.568,-0.0049999999999954525,2024-04,Japanese Grand Prix,2024,4,2024-04-07,train,train
SAI,MEDIUM,2,4,5,5777.814,5875.039,5875.039,5972.361,3.0,97.225,97.225,0.0,1,97.322,0.09700000000000841,2024-04,Japanese Grand Prix,2024,4,2024-04-07,train,train
LEC,MEDIUM,2,4,5,5779.875,5878.143,5878.143,5975.955,3.0,98.268,98.268,0.0,1,97.812,-0.45600000000000307,2024-04,Japanese Grand Prix,2024,4,2024-04-07,train,train
HAM,HARD,2,4,5,5780.503,5878.806,5878.806,5976.945,3.0,98.303,98.303,0.0,1,98.139,-0.16400000000000148,2024-04,Japanese Grand Prix,2024,4,2024-04-07,train,train
RUS,HARD,2,4,5,5781.841,5880.817,5880.817,5978.554,3.0,98.976,98.976,0.0,1,97.737,-1.2390000000000043,2024-04,Japanese Grand Prix,2024,4,2024-04-07,train,train
VER,MEDIUM,2,5,6,5871.921,5968.358,5968.358,6065.213,5.0,96.437,96.4545,0.017499999999998295,2,96.855,0.41800000000000637,2024-04,Japanese Grand Prix,2024,4,2024-04-07,train,train
SAI,MEDIUM,2,5,6,5875.039,5972.361,5972.361,6070.082,4.0,97.322,97.2735,-0.048500000000004206,2,97.721,0.3990000000000009,2024-04,Japanese Grand Prix,2024,4,2024-04-07,train,train
LEC,MEDIUM,2,5,6,5878.143,5975.955,5975.955,6073.976,4.0,97.812,98.03999999999999,0.22799999999999443,2,98.021,0.20900000000000318,2024-04,Japanese Grand Prix,2024,4,2024-04-07,train,train
HAM,HARD,2,5,6,5878.806,5976.945,5976.945,6075.135,4.0,98.139,98.221,0.08200000000000784,2,98.19,0.05100000000000193,2024-04,Japanese Grand Prix,2024,4,2024-04-07,train,train
RUS,HARD,2,5,6,5880.817,5978.554,5978.554,6076.946,4.0,97.737,98.3565,0.6195000000000022,2,98.392,0.6550000000000011,2024-04,Japanese Grand Prix,2024,4,2024-04-07,train,train
VER,MEDIUM,2,6,7,5968.358,6065.213,6065.213,6162.183,6.0,96.855,96.472,-0.3830000000000098,3,96.97,0.11499999999999488,2024-04,Japanese Grand Prix,2024,4,2024-04-07,train,train
SAI,MEDIUM,2,6,7,5972.361,6070.082,6070.082,6167.838,5.0,97.721,97.322,-0.3990000000000009,3,97.756,0.03499999999999659,2024-04,Japanese Grand Prix,2024,4,2024-04-07,train,train
LEC,MEDIUM,2,6,7,5975.955,6073.976,6073.976,6172.163,5.0,98.021,98.021,0.0,3,98.187,0.16599999999999682,2024-04,Japanese Grand Prix,2024,4,2024-04-07,train,train
HAM,HARD,2,6,7,5976.945,6075.135,6075.135,6173.509,5.0,98.19,98.19,0.0,3,98.374,0.1839999999999975,2024-04,Japanese Grand Prix,2024,4,2024-04-07,train,train
RUS,HARD,2,6,7,5978.554,6076.946,6076.946,6175.016,5.0,98.392,98.392,0.0,3,98.07,-0.32200000000000273,2024-04,Japanese Grand Prix,2024,4,2024-04-07,train,train
VER,MEDIUM,2,7,8,6065.213,6162.183,6162.183,6259.512,7.0,96.97,96.855,-0.11499999999999488,3,97.329,0.35899999999999466,2024-04,Japanese Grand Prix,2024,4,2024-04-07,train,train
PER,MEDIUM,2,7,8,6067.274,6164.582,6164.582,6261.802,7.0,97.308,97.308,0.0,1,97.22,-0.08800000000000807,2024-04,Japanese Grand Prix,2024,4,2024-04-07,train,train
SAI,MEDIUM,2,7,8,6070.082,6167.838,6167.838,6265.574,6.0,97.756,97.721,-0.03499999999999659,3,97.736,-0.01999999999999602,2024-04,Japanese Grand Prix,2024,4,2024-04-07,train,train
LEC,MEDIUM,2,7,8,6073.976,6172.163,6172.163,6270.083,6.0,98.187,98.021,-0.16599999999999682,3,97.92,-0.2669999999999959,2024-04,Japanese Grand Prix,2024,4,2024-04-07,train,train
HAM,HARD,2,7,8,6075.135,6173.509,6173.509,6271.605,6.0,98.374,98.19,-0.1839999999999975,3,98.096,-0.2779999999999916,2024-04,Japanese Grand Prix,2024,4,2024-04-07,train,train
RUS,HARD,2,7,8,6076.946,6175.016,6175.016,6273.208,6.0,98.07,98.07,0.0,3,98.192,0.12199999999999989,2024-04,Japanese Grand Prix,2024,4,2024-04-07,train,train
VER,MEDIUM,2,8,9,6162.183,6259.512,6259.512,6356.69,8.0,97.329,96.97,-0.35899999999999466,3,97.178,-0.15099999999999625,2024-04,Japanese Grand Prix,2024,4,2024-04-07,train,train
PER,MEDIUM,2,8,9,6164.582,6261.802,6261.802,6359.64,8.0,97.22,97.26400000000001,0.04400000000001114,2,97.838,0.617999999999995,2024-04,Japanese Grand Prix,2024,4,2024-04-07,train,train
SAI,MEDIUM,2,8,9,6167.838,6265.574,6265.574,6363.554,7.0,97.736,97.736,0.0,3,97.98,0.24399999999999977,2024-04,Japanese Grand Prix,2024,4,2024-04-07,train,train
LEC,MEDIUM,2,8,9,6172.163,6270.083,6270.083,6368.296,7.0,97.92,98.021,0.10099999999999909,3,98.213,0.29299999999999216,2024-04,Japanese Grand Prix,2024,4,2024-04-07,train,train
HAM,HARD,2,8,9,6173.509,6271.605,6271.605,6370.138,7.0,98.096,98.19,0.09399999999999409,3,98.533,0.4369999999999976,2024-04,Japanese Grand Prix,2024,4,2024-04-07,train,train
RUS,HARD,2,8,9,6175.016,6273.208,6273.208,6371.461,7.0,98.192,98.192,0.0,3,98.253,0.06100000000000705,2024-04,Japanese Grand Prix,2024,4,2024-04-07,train,train
VER,MEDIUM,2,9,10,6259.512,6356.69,6356.69,6454.28,9.0,97.178,97.178,0.0,3,97.59,0.41200000000000614,2024-04,Japanese Grand Prix,2024,4,2024-04-07,train,train
PER,MEDIUM,2,9,10,6261.802,6359.64,6359.64,6457.566,9.0,97.838,97.308,-0.5299999999999869,3,97.926,0.08800000000000807,2024-04,Japanese Grand Prix,2024,4,2024-04-07,train,train
SAI,MEDIUM,2,9,10,6265.574,6363.554,6363.554,6461.858,8.0,97.98,97.756,-0.22400000000000375,3,98.304,0.32399999999999807,2024-04,Japanese Grand Prix,2024,4,2024-04-07,train,train
LEC,MEDIUM,2,9,10,6270.083,6368.296,6368.296,6467.33,8.0,98.213,98.187,-0.02599999999999625,3,99.034,0.8210000000000122,2024-04,Japanese Grand Prix,2024,4,2024-04-07,train,train
HAM,HARD,2,9,10,6271.605,6370.138,6370.138,6468.841,8.0,98.533,98.374,-0.15900000000000603,3,98.703,0.1700000000000017,2024-04,Japanese Grand Prix,2024,4,2024-04-07,train,train
RUS,HARD,2,9,10,6273.208,6371.461,6371.461,6469.829,8.0,98.253,98.192,-0.06100000000000705,3,98.368,0.11499999999999488,2024-04,Japanese Grand Prix,2024,4,2024-04-07,train,train
VER,MEDIUM,2,10,11,6356.69,6454.28,6454.28,6552.054,10.0,97.59,97.329,-0.2610000000000099,3,97.774,0.1839999999999975,2024-04,Japanese Grand Prix,2024,4,2024-04-07,train,train
PER,MEDIUM,2,10,11,6359.64,6457.566,6457.566,6555.782,10.0,97.926,97.838,-0.08800000000000807,3,98.216,0.28999999999999204,2024-04,Japanese Grand Prix,2024,4,2024-04-07,train,train
SAI,MEDIUM,2,10,11,6363.554,6461.858,6461.858,6560.131,9.0,98.304,97.98,-0.32399999999999807,3,98.273,-0.03100000000000591,2024-04,Japanese Grand Prix,2024,4,2024-04-07,train,train
LEC,MEDIUM,2,10,11,6368.296,6467.33,6467.33,6566.523,9.0,99.034,98.213,-0.8210000000000122,3,99.193,0.15899999999999181,2024-04,Japanese Grand Prix,2024,4,2024-04-07,train,train
HAM,HARD,2,10,11,6370.138,6468.841,6468.841,6568.133,9.0,98.703,98.533,-0.1700000000000017,3,99.292,0.5889999999999986,2024-04,Japanese Grand Prix,2024,4,2024-04-07,train,train
RUS,HARD,2,10,11,6371.461,6469.829,6469.829,6568.778,9.0,98.368,98.253,-0.11499999999999488,3,98.949,0.5810000000000031,2024-04,Japanese Grand Prix,2024,4,2024-04-07,train,train
VER,MEDIUM,2,11,12,6454.28,6552.054,6552.054,6649.807,11.0,97.774,97.59,-0.1839999999999975,3,97.753,-0.021000000000000796,2024-04,Japanese Grand Prix,2024,4,2024-04-07,train,train
PER,MEDIUM,2,11,12,6457.566,6555.782,6555.782,6653.938,11.0,98.216,97.926,-0.28999999999999204,3,98.156,-0.05999999999998806,2024-04,Japanese Grand Prix,2024,4,2024-04-07,train,train
SAI,MEDIUM,2,11,12,6461.858,6560.131,6560.131,6657.978,10.0,98.273,98.273,0.0,3,97.847,-0.42600000000000193,2024-04,Japanese Grand Prix,2024,4,2024-04-07,train,train
LEC,MEDIUM,2,11,12,6467.33,6566.523,6566.523,6665.406,10.0,99.193,99.034,-0.15899999999999181,3,98.883,-0.3100000000000023,2024-04,Japanese Grand Prix,2024,4,2024-04-07,train,train
HAM,HARD,2,11,12,6468.841,6568.133,6568.133,6667.335,10.0,99.292,98.703,-0.5889999999999986,3,99.202,-0.09000000000000341,2024-04,Japanese Grand Prix,2024,4,2024-04-07,train,train
RUS,HARD,2,11,12,6469.829,6568.778,6568.778,6667.99,10.0,98.949,98.368,-0.5810000000000031,3,99.212,0.26300000000000523,2024-04,Japanese Grand Prix,2024,4,2024-04-07,train,train
VER,MEDIUM,2,12,13,6552.054,6649.807,6649.807,6747.534,12.0,97.753,97.753,0.0,3,97.727,-0.02599999999999625,2024-04,Japanese Grand Prix,2024,4,2024-04-07,train,train
PER,MEDIUM,2,12,13,6555.782,6653.938,6653.938,6752.063,12.0,98.156,98.156,0.0,3,98.125,-0.03100000000000591,2024-04,Japanese Grand Prix,2024,4,2024-04-07,train,train
SAI,MEDIUM,2,12,13,6560.131,6657.978,6657.978,6756.311,11.0,97.847,98.273,0.42600000000000193,3,98.333,0.4860000000000042,2024-04,Japanese Grand Prix,2024,4,2024-04-07,train,train
LEC,MEDIUM,2,12,13,6566.523,6665.406,6665.406,6763.885,11.0,98.883,99.034,0.15100000000001046,3,98.479,-0.40399999999999636,2024-04,Japanese Grand Prix,2024,4,2024-04-07,train,train
HAM,HARD,2,12,13,6568.133,6667.335,6667.335,6767.575,11.0,99.202,99.202,0.0,3,100.24,1.0379999999999967,2024-04,Japanese Grand Prix,2024,4,2024-04-07,train,train
RUS,HARD,2,12,13,6568.778,6667.99,6667.99,6766.979,11.0,99.212,98.949,-0.26300000000000523,3,98.989,-0.22299999999999898,2024-04,Japanese Grand Prix,2024,4,2024-04-07,train,train
VER,MEDIUM,2,13,14,6649.807,6747.534,6747.534,6845.444,13.0,97.727,97.753,0.02599999999999625,3,97.91,0.18299999999999272,2024-04,Japanese Grand Prix,2024,4,2024-04-07,train,train
PER,MEDIUM,2,13,14,6653.938,6752.063,6752.063,6850.568,13.0,98.125,98.156,0.03100000000000591,3,98.505,0.37999999999999545,2024-04,Japanese Grand Prix,2024,4,2024-04-07,train,train
SAI,MEDIUM,2,13,14,6657.978,6756.311,6756.311,6854.815,12.0,98.333,98.273,-0.060000000000002274,3,98.504,0.17100000000000648,2024-04,Japanese Grand Prix,2024,4,2024-04-07,train,train
LEC,MEDIUM,2,13,14,6665.406,6763.885,6763.885,6862.48,12.0,98.479,98.883,0.40399999999999636,3,98.595,0.11599999999999966,2024-04,Japanese Grand Prix,2024,4,2024-04-07,train,train
RUS,HARD,2,13,14,6667.99,6766.979,6766.979,6865.407,12.0,98.989,98.989,0.0,3,98.428,-0.561000000000007,2024-04,Japanese Grand Prix,2024,4,2024-04-07,train,train
HAM,HARD,2,13,14,6667.335,6767.575,6767.575,6866.628,12.0,100.24,99.292,-0.9479999999999933,3,99.053,-1.1869999999999976,2024-04,Japanese Grand Prix,2024,4,2024-04-07,train,train
VER,MEDIUM,2,14,15,6747.534,6845.444,6845.444,6943.298,14.0,97.91,97.753,-0.15699999999999648,3,97.854,-0.055999999999997385,2024-04,Japanese Grand Prix,2024,4,2024-04-07,train,train
LEC,MEDIUM,2,14,15,6763.885,6862.48,6862.48,6960.652,13.0,98.595,98.595,0.0,3,98.172,-0.4230000000000018,2024-04,Japanese Grand Prix,2024,4,2024-04-07,train,train
RUS,HARD,2,14,15,6766.979,6865.407,6865.407,6963.972,13.0,98.428,98.989,0.561000000000007,3,98.565,0.13700000000000045,2024-04,Japanese Grand Prix,2024,4,2024-04-07,train,train
HAM,HARD,2,14,15,6767.575,6866.628,6866.628,6965.543,13.0,99.053,99.202,0.1490000000000009,3,98.915,-0.13799999999999102,2024-04,Japanese Grand Prix,2024,4,2024-04-07,train,train
LEC,MEDIUM,2,15,16,6862.48,6960.652,6960.652,7058.528,14.0,98.172,98.479,0.30700000000000216,3,97.876,-0.29599999999999227,2024-04,Japanese Grand Prix,2024,4,2024-04-07,train,train
RUS,HARD,2,15,16,6865.407,6963.972,6963.972,7062.63,14.0,98.565,98.565,0.0,3,98.658,0.09300000000000352,2024-04,Japanese Grand Prix,2024,4,2024-04-07,train,train
HAM,HARD,2,15,16,6866.628,6965.543,6965.543,7064.236,14.0,98.915,99.053,0.13799999999999102,3,98.693,-0.2220000000000084,2024-04,Japanese Grand Prix,2024,4,2024-04-07,train,train
LEC,MEDIUM,2,16,17,6960.652,7058.528,7058.528,7156.384,15.0,97.876,98.172,0.29599999999999227,3,97.856,-0.020000000000010232,2024-04,Japanese Grand Prix,2024,4,2024-04-07,train,train
RUS,HARD,2,16,17,6963.972,7062.63,7062.63,7162.047,15.0,98.658,98.565,-0.09300000000000352,3,99.417,0.7590000000000003,2024-04,Japanese Grand Prix,2024,4,2024-04-07,train,train
HAM,HARD,2,16,17,6965.543,7064.236,7064.236,7164.766,15.0,98.693,98.915,0.2220000000000084,3,100.53,1.8370000000000033,2024-04,Japanese Grand Prix,2024,4,2024-04-07,train,train
LEC,MEDIUM,2,17,18,7058.528,7156.384,7156.384,7254.144,16.0,97.856,97.876,0.020000000000010232,3,97.76,-0.09599999999998943,2024-04,Japanese Grand Prix,2024,4,2024-04-07,train,train
RUS,HARD,2,17,18,7062.63,7162.047,7162.047,7262.364,16.0,99.417,98.658,-0.7590000000000003,3,100.317,0.8999999999999915,2024-04,Japanese Grand Prix,2024,4,2024-04-07,train,train
PER,MEDIUM,3,17,18,7066.3,7163.728,7163.728,7261.572,2.0,97.428,97.428,0.0,1,97.844,0.4159999999999968,2024-04,Japanese Grand Prix,2024,4,2024-04-07,train,train
HAM,HARD,2,17,18,7064.236,7164.766,7164.766,7264.07,16.0,100.53,98.915,-1.6149999999999949,3,99.304,-1.225999999999999,2024-04,Japanese Grand Prix,2024,4,2024-04-07,train,train
SAI,MEDIUM,3,17,18,7071.413,7167.882,7167.882,7264.58,3.0,96.469,96.469,0.0,1,96.698,0.2289999999999992,2024-04,Japanese Grand Prix,2024,4,2024-04-07,train,train
LEC,MEDIUM,2,18,19,7156.384,7254.144,7254.144,7351.667,17.0,97.76,97.856,0.09599999999998943,3,97.523,-0.23700000000000898,2024-04,Japanese Grand Prix,2024,4,2024-04-07,train,train
VER,MEDIUM,3,18,19,7160.048,7256.87,7256.87,7353.122,2.0,96.822,96.822,0.0,1,96.252,-0.5700000000000074,2024-04,Japanese Grand Prix,2024,4,2024-04-07,train,train
PER,MEDIUM,3,18,19,7163.728,7261.572,7261.572,7358.008,3.0,97.844,97.636,-0.2079999999999984,2,96.436,-1.407999999999987,2024-04,Japanese Grand Prix,2024,4,2024-04-07,train,train
RUS,HARD,2,18,19,7162.047,7262.364,7262.364,7360.756,17.0,100.317,99.417,-0.8999999999999915,3,98.392,-1.9249999999999972,2024-04,Japanese Grand Prix,2024,4,2024-04-07,train,train
HAM,HARD,2,18,19,7164.766,7264.07,7264.07,7363.422,17.0,99.304,99.304,0.0,3,99.352,0.04800000000000182,2024-04,Japanese Grand Prix,2024,4,2024-04-07,train,train
SAI,MEDIUM,3,18,19,7167.882,7264.58,7264.58,7362.366,4.0,96.698,96.58349999999999,-0.11450000000000671,2,97.786,1.088000000000008,2024-04,Japanese Grand Prix,2024,4,2024-04-07,train,train
LEC,MEDIUM,2,19,20,7254.144,7351.667,7351.667,7449.147,18.0,97.523,97.76,0.23700000000000898,3,97.48,-0.042999999999992156,2024-04,Japanese Grand Prix,2024,4,2024-04-07,train,train
VER,MEDIUM,3,19,20,7256.87,7353.122,7353.122,7449.524,3.0,96.252,96.537,0.2850000000000108,2,96.402,0.15000000000000568,2024-04,Japanese Grand Prix,2024,4,2024-04-07,train,train
PER,MEDIUM,3,19,20,7261.572,7358.008,7358.008,7454.214,4.0,96.436,97.428,0.9919999999999902,3,96.206,-0.23000000000000398,2024-04,Japanese Grand Prix,2024,4,2024-04-07,train,train
RUS,HARD,2,19,20,7262.364,7360.756,7360.756,7459.219,18.0,98.392,99.417,1.0250000000000057,3,98.463,0.07099999999999795,2024-04,Japanese Grand Prix,2024,4,2024-04-07,train,train
SAI,MEDIUM,3,19,20,7264.58,7362.366,7362.366,7459.68,5.0,97.786,96.698,-1.088000000000008,3,97.314,-0.4720000000000084,2024-04,Japanese Grand Prix,2024,4,2024-04-07,train,train
HAM,HARD,2,19,20,7264.07,7363.422,7363.422,7462.041,18.0,99.352,99.352,0.0,3,98.619,-0.7330000000000041,2024-04,Japanese Grand Prix,2024,4,2024-04-07,train,train
LEC,MEDIUM,2,20,21,7351.667,7449.147,7449.147,7547.35,19.0,97.48,97.523,0.042999999999992156,3,98.203,0.722999999999999,2024-04,Japanese Grand Prix,2024,4,2024-04-07,train,train
VER,MEDIUM,3,20,21,7353.122,7449.524,7449.524,7545.141,4.0,96.402,96.402,0.0,3,95.617,-0.7849999999999966,2024-04,Japanese Grand Prix,2024,4,2024-04-07,train,train
PER,MEDIUM,3,20,21,7358.008,7454.214,7454.214,7550.772,5.0,96.206,96.436,0.23000000000000398,3,96.558,0.35200000000000387,2024-04,Japanese Grand Prix,2024,4,2024-04-07,train,train
RUS,HARD,2,20,21,7360.756,7459.219,7459.219,7558.711,19.0,98.463,98.463,0.0,3,99.492,1.0290000000000106,2024-04,Japanese Grand Prix,2024,4,2024-04-07,train,train
SAI,MEDIUM,3,20,21,7362.366,7459.68,7459.68,7557.675,6.0,97.314,97.314,0.0,3,97.995,0.6810000000000116,2024-04,Japanese Grand Prix,2024,4,2024-04-07,train,train
HAM,HARD,2,20,21,7363.422,7462.041,7462.041,7560.683,19.0,98.619,99.304,0.6850000000000023,3,98.642,0.022999999999996135,2024-04,Japanese Grand Prix,2024,4,2024-04-07,train,train
VER,MEDIUM,3,21,22,7449.524,7545.141,7545.141,7641.525,5.0,95.617,96.252,0.6349999999999909,3,96.384,0.7669999999999959,2024-04,Japanese Grand Prix,2024,4,2024-04-07,train,train
LEC,MEDIUM,2,21,22,7449.147,7547.35,7547.35,7645.094,20.0,98.203,97.523,-0.6800000000000068,3,97.744,-0.4590000000000032,2024-04,Japanese Grand Prix,2024,4,2024-04-07,train,train
PER,MEDIUM,3,21,22,7454.214,7550.772,7550.772,7648.036,6.0,96.558,96.436,-0.12199999999999989,3,97.264,0.7059999999999889,2024-04,Japanese Grand Prix,2024,4,2024-04-07,train,train
SAI,MEDIUM,3,21,22,7459.68,7557.675,7557.675,7654.25,7.0,97.995,97.786,-0.20900000000000318,3,96.575,-1.4200000000000017,2024-04,Japanese Grand Prix,2024,4,2024-04-07,train,train
HAM,HARD,2,21,22,7462.041,7560.683,7560.683,7660.506,20.0,98.642,98.642,0.0,3,99.823,1.1809999999999974,2024-04,Japanese Grand Prix,2024,4,2024-04-07,train,train
VER,MEDIUM,3,22,23,7545.141,7641.525,7641.525,7737.73,6.0,96.384,96.384,0.0,3,96.205,-0.17900000000000205,2024-04,Japanese Grand Prix,2024,4,2024-04-07,train,train
LEC,MEDIUM,2,22,23,7547.35,7645.094,7645.094,7742.849,21.0,97.744,97.744,0.0,3,97.755,0.01099999999999568,2024-04,Japanese Grand Prix,2024,4,2024-04-07,train,train
PER,MEDIUM,3,22,23,7550.772,7648.036,7648.036,7744.692,7.0,97.264,96.558,-0.7059999999999889,3,96.656,-0.6079999999999899,2024-04,Japanese Grand Prix,2024,4,2024-04-07,train,train
SAI,MEDIUM,3,22,23,7557.675,7654.25,7654.25,7751.029,8.0,96.575,97.314,0.7389999999999901,3,96.779,0.20399999999999352,2024-04,Japanese Grand Prix,2024,4,2024-04-07,train,train
VER,MEDIUM,3,23,24,7641.525,7737.73,7737.73,7834.262,7.0,96.205,96.205,0.0,3,96.532,0.3269999999999982,2024-04,Japanese Grand Prix,2024,4,2024-04-07,train,train
LEC,MEDIUM,2,23,24,7645.094,7742.849,7742.849,7840.92,22.0,97.755,97.755,0.0,3,98.071,0.3160000000000025,2024-04,Japanese Grand Prix,2024,4,2024-04-07,train,train
PER,MEDIUM,3,23,24,7648.036,7744.692,7744.692,7841.613,8.0,96.656,96.656,0.0,3,96.921,0.26500000000000057,2024-04,Japanese Grand Prix,2024,4,2024-04-07,train,train
SAI,MEDIUM,3,23,24,7654.25,7751.029,7751.029,7847.834,9.0,96.779,96.779,0.0,3,96.805,0.02600000000001046,2024-04,Japanese Grand Prix,2024,4,2024-04-07,train,train
VER,MEDIUM,3,24,25,7737.73,7834.262,7834.262,7930.599,8.0,96.532,96.384,-0.14799999999999613,3,96.337,-0.19499999999999318,2024-04,Japanese Grand Prix,2024,4,2024-04-07,train,train
LEC,MEDIUM,2,24,25,7742.849,7840.92,7840.92,7938.838,23.0,98.071,97.755,-0.3160000000000025,3,97.918,-0.1529999999999916,2024-04,Japanese Grand Prix,2024,4,2024-04-07,train,train
PER,MEDIUM,3,24,25,7744.692,7841.613,7841.613,7939.373,9.0,96.921,96.921,0.0,3,97.76,0.8389999999999986,2024-04,Japanese Grand Prix,2024,4,2024-04-07,train,train
SAI,MEDIUM,3,24,25,7751.029,7847.834,7847.834,7944.779,10.0,96.805,96.779,-0.02600000000001046,3,96.945,0.13999999999998636,2024-04,Japanese Grand Prix,2024,4,2024-04-07,train,train
RUS,HARD,3,24,25,7775.158,7870.307,7870.307,7965.98,2.0,95.149,95.149,0.0,1,95.673,0.5240000000000009,2024-04,Japanese Grand Prix,2024,4,2024-04-07,train,train
VER,MEDIUM,3,25,26,7834.262,7930.599,7930.599,8027.036,9.0,96.337,96.337,0.0,3,96.437,0.09999999999999432,2024-04,Japanese Grand Prix,2024,4,2024-04-07,train,train
PER,MEDIUM,3,25,26,7841.613,7939.373,7939.373,8037.062,10.0,97.76,96.921,-0.8389999999999986,3,97.689,-0.07100000000001216,2024-04,Japanese Grand Prix,2024,4,2024-04-07,train,train
SAI,MEDIUM,3,25,26,7847.834,7944.779,7944.779,8041.916,11.0,96.945,96.805,-0.13999999999998636,3,97.137,0.19200000000000728,2024-04,Japanese Grand Prix,2024,4,2024-04-07,train,train
RUS,HARD,3,25,26,7870.307,7965.98,7965.98,8061.755,3.0,95.673,95.411,-0.26200000000000045,2,95.775,0.10200000000000387,2024-04,Japanese Grand Prix,2024,4,2024-04-07,train,train
HAM,HARD,3,25,26,7877.099,7972.531,7972.531,8067.978,2.0,95.432,95.432,0.0,1,95.447,0.015000000000000568,2024-04,Japanese Grand Prix,2024,4,2024-04-07,train,train
VER,MEDIUM,3,26,27,7930.599,8027.036,8027.036,8123.69,10.0,96.437,96.437,0.0,3,96.654,0.21699999999999875,2024-04,Japanese Grand Prix,2024,4,2024-04-07,train,train
PER,MEDIUM,3,26,27,7939.373,8037.062,8037.062,8133.905,11.0,97.689,97.689,0.0,3,96.843,-0.8459999999999894,2024-04,Japanese Grand Prix,2024,4,2024-04-07,train,train
SAI,MEDIUM,3,26,27,7944.779,8041.916,8041.916,8138.984,12.0,97.137,96.945,-0.19200000000000728,3,97.068,-0.06900000000000261,2024-04,Japanese Grand Prix,2024,4,2024-04-07,train,train
RUS,HARD,3,26,27,7965.98,8061.755,8061.755,8159.035,4.0,95.775,95.673,-0.10200000000000387,3,97.28,1.5049999999999955,2024-04,Japanese Grand Prix,2024,4,2024-04-07,train,train
HAM,HARD,3,26,27,7972.531,8067.978,8067.978,8164.113,3.0,95.447,95.43950000000001,-0.007499999999993179,2,96.135,0.6880000000000024,2024-04,Japanese Grand Prix,2024,4,2024-04-07,train,train
VER,MEDIUM,3,27,28,8027.036,8123.69,8123.69,8220.186,11.0,96.654,96.437,-0.21699999999999875,3,96.496,-0.15800000000000125,2024-04,Japanese Grand Prix,2024,4,2024-04-07,train,train
PER,MEDIUM,3,27,28,8037.062,8133.905,8133.905,8230.638,12.0,96.843,97.689,0.8459999999999894,3,96.733,-0.10999999999999943,2024-04,Japanese Grand Prix,2024,4,2024-04-07,train,train
SAI,MEDIUM,3,27,28,8041.916,8138.984,8138.984,8235.829,13.0,97.068,97.068,0.0,3,96.845,-0.22299999999999898,2024-04,Japanese Grand Prix,2024,4,2024-04-07,train,train
RUS,HARD,3,27,28,8061.755,8159.035,8159.035,8256.599,5.0,97.28,95.775,-1.5049999999999955,3,97.564,0.2839999999999918,2024-04,Japanese Grand Prix,2024,4,2024-04-07,train,train
HAM,HARD,3,27,28,8067.978,8164.113,8164.113,8260.408,4.0,96.135,95.447,-0.6880000000000024,3,96.295,0.1599999999999966,2024-04,Japanese Grand Prix,2024,4,2024-04-07,train,train
VER,MEDIUM,3,28,29,8123.69,8220.186,8220.186,8316.841,12.0,96.496,96.496,0.0,3,96.655,0.15900000000000603,2024-04,Japanese Grand Prix,2024,4,2024-04-07,train,train
PER,MEDIUM,3,28,29,8133.905,8230.638,8230.638,8327.607,13.0,96.733,96.843,0.10999999999999943,3,96.969,0.23599999999999,2024-04,Japanese Grand Prix,2024,4,2024-04-07,train,train
SAI,MEDIUM,3,28,29,8138.984,8235.829,8235.829,8333.005,14.0,96.845,97.068,0.22299999999999898,3,97.176,0.33100000000000307,2024-04,Japanese Grand Prix,2024,4,2024-04-07,train,train
LEC,HARD,3,28,29,8157.636,8253.726,8253.726,8350.083,2.0,96.09,96.09,0.0,1,96.357,0.2669999999999959,2024-04,Japanese Grand Prix,2024,4,2024-04-07,train,train
RUS,HARD,3,28,29,8159.035,8256.599,8256.599,8353.298,6.0,97.564,97.28,-0.2839999999999918,3,96.699,-0.8649999999999949,2024-04,Japanese Grand Prix,2024,4,2024-04-07,train,train
HAM,HARD,3,28,29,8164.113,8260.408,8260.408,8357.154,5.0,96.295,96.135,-0.1599999999999966,3,96.746,0.4509999999999934,2024-04,Japanese Grand Prix,2024,4,2024-04-07,train,train
VER,MEDIUM,3,29,30,8220.186,8316.841,8316.841,8413.69,13.0,96.655,96.654,-0.0010000000000047748,3,96.849,0.19400000000000261,2024-04,Japanese Grand Prix,2024,4,2024-04-07,train,train
PER,MEDIUM,3,29,30,8230.638,8327.607,8327.607,8424.704,14.0,96.969,96.843,-0.12599999999999056,3,97.097,0.1280000000000001,2024-04,Japanese Grand Prix,2024,4,2024-04-07,train,train
SAI,MEDIUM,3,29,30,8235.829,8333.005,8333.005,8430.015,15.0,97.176,97.068,-0.10800000000000409,3,97.01,-0.16599999999999682,2024-04,Japanese Grand Prix,2024,4,2024-04-07,train,train
LEC,HARD,3,29,30,8253.726,8350.083,8350.083,8446.308,3.0,96.357,96.2235,-0.13349999999999795,2,96.225,-0.132000000000005,2024-04,Japanese Grand Prix,2024,4,2024-04-07,train,train
RUS,HARD,3,29,30,8256.599,8353.298,8353.298,8449.791,7.0,96.699,97.28,0.5810000000000031,3,96.493,-0.20600000000000307,2024-04,Japanese Grand Prix,2024,4,2024-04-07,train,train
HAM,HARD,3,29,30,8260.408,8357.154,8357.154,8453.553,6.0,96.746,96.295,-0.4509999999999934,3,96.399,-0.3469999999999942,2024-04,Japanese Grand Prix,2024,4,2024-04-07,train,train
VER,MEDIUM,3,30,31,8316.841,8413.69,8413.69,8510.451,14.0,96.849,96.655,-0.19400000000000261,3,96.761,-0.08800000000000807,2024-04,Japanese Grand Prix,2024,4,2024-04-07,train,train
PER,MEDIUM,3,30,31,8327.607,8424.704,8424.704,8521.822,15.0,97.097,96.969,-0.1280000000000001,3,97.118,0.021000000000000796,2024-04,Japanese Grand Prix,2024,4,2024-04-07,train,train
SAI,MEDIUM,3,30,31,8333.005,8430.015,8430.015,8526.916,16.0,97.01,97.01,0.0,3,96.901,-0.10900000000000887,2024-04,Japanese Grand Prix,2024,4,2024-04-07,train,train
LEC,HARD,3,30,31,8350.083,8446.308,8446.308,8542.509,4.0,96.225,96.225,0.0,3,96.201,-0.02400000000000091,2024-04,Japanese Grand Prix,2024,4,2024-04-07,train,train
RUS,HARD,3,30,31,8353.298,8449.791,8449.791,8546.567,8.0,96.493,96.699,0.20600000000000307,3,96.776,0.28300000000000125,2024-04,Japanese Grand Prix,2024,4,2024-04-07,train,train
HAM,HARD,3,30,31,8357.154,8453.553,8453.553,8550.139,7.0,96.399,96.399,0.0,3,96.586,0.1869999999999976,2024-04,Japanese Grand Prix,2024,4,2024-04-07,train,train
VER,MEDIUM,3,31,32,8413.69,8510.451,8510.451,8607.371,15.0,96.761,96.761,0.0,3,96.92,0.15900000000000603,2024-04,Japanese Grand Prix,2024,4,2024-04-07,train,train
PER,MEDIUM,3,31,32,8424.704,8521.822,8521.822,8618.928,16.0,97.118,97.097,-0.021000000000000796,3,97.106,-0.012000000000000455,2024-04,Japanese Grand Prix,2024,4,2024-04-07,train,train
SAI,MEDIUM,3,31,32,8430.015,8526.916,8526.916,8624.022,17.0,96.901,97.01,0.10900000000000887,3,97.106,0.2049999999999983,2024-04,Japanese Grand Prix,2024,4,2024-04-07,train,train
LEC,HARD,3,31,32,8446.308,8542.509,8542.509,8638.653,5.0,96.201,96.225,0.02400000000000091,3,96.144,-0.05699999999998795,2024-04,Japanese Grand Prix,2024,4,2024-04-07,train,train
RUS,HARD,3,31,32,8449.791,8546.567,8546.567,8643.311,9.0,96.776,96.699,-0.07699999999999818,3,96.744,-0.031999999999996476,2024-04,Japanese Grand Prix,2024,4,2024-04-07,train,train
HAM,HARD,3,31,32,8453.553,8550.139,8550.139,8646.74,8.0,96.586,96.586,0.0,3,96.601,0.015000000000000568,2024-04,Japanese Grand Prix,2024,4,2024-04-07,train,train
VER,MEDIUM,3,32,33,8510.451,8607.371,8607.371,8704.419,16.0,96.92,96.849,-0.07099999999999795,3,97.048,0.1280000000000001,2024-04,Japanese Grand Prix,2024,4,2024-04-07,train,train
SAI,MEDIUM,3,32,33,8526.916,8624.022,8624.022,8721.255,18.0,97.106,97.01,-0.09599999999998943,3,97.233,0.12700000000000955,2024-04,Japanese Grand Prix,2024,4,2024-04-07,train,train
LEC,HARD,3,32,33,8542.509,8638.653,8638.653,8734.531,6.0,96.144,96.201,0.05699999999998795,3,95.878,-0.26600000000000534,2024-04,Japanese Grand Prix,2024,4,2024-04-07,train,train
RUS,HARD,3,32,33,8546.567,8643.311,8643.311,8739.694,10.0,96.744,96.744,0.0,3,96.383,-0.3610000000000042,2024-04,Japanese Grand Prix,2024,4,2024-04-07,train,train
HAM,HARD,3,32,33,8550.139,8646.74,8646.74,8743.184,9.0,96.601,96.586,-0.015000000000000568,3,96.444,-0.15699999999999648,2024-04,Japanese Grand Prix,2024,4,2024-04-07,train,train
SAI,MEDIUM,3,33,34,8624.022,8721.255,8721.255,8818.156,19.0,97.233,97.106,-0.12700000000000955,3,96.901,-0.33200000000000784,2024-04,Japanese Grand Prix,2024,4,2024-04-07,train,train
LEC,HARD,3,33,34,8638.653,8734.531,8734.531,8830.851,7.0,95.878,96.144,0.26600000000000534,3,96.32,0.44199999999999307,2024-04,Japanese Grand Prix,2024,4,2024-04-07,train,train
RUS,HARD,3,33,34,8643.311,8739.694,8739.694,8836.398,11.0,96.383,96.744,0.3610000000000042,3,96.704,0.32099999999999795,2024-04,Japanese Grand Prix,2024,4,2024-04-07,train,train
HAM,HARD,3,33,34,8646.74,8743.184,8743.184,8839.891,10.0,96.444,96.586,0.1419999999999959,3,96.707,0.262999999999991,2024-04,Japanese Grand Prix,2024,4,2024-04-07,train,train
LEC,HARD,3,34,35,8734.531,8830.851,8830.851,8926.907,8.0,96.32,96.144,-0.17599999999998772,3,96.056,-0.2639999999999958,2024-04,Japanese Grand Prix,2024,4,2024-04-07,train,train
RUS,HARD,3,34,35,8739.694,8836.398,8836.398,8932.868,12.0,96.704,96.704,0.0,3,96.47,-0.23399999999999466,2024-04,Japanese Grand Prix,2024,4,2024-04-07,train,train
HAM,HARD,3,34,35,8743.184,8839.891,8839.891,8936.405,11.0,96.707,96.601,-0.10599999999999454,3,96.514,-0.19299999999999784,2024-04,Japanese Grand Prix,2024,4,2024-04-07,train,train
LEC,HARD,3,35,36,8830.851,8926.907,8926.907,9023.588,9.0,96.056,96.056,0.0,3,96.681,0.625,2024-04,Japanese Grand Prix,2024,4,2024-04-07,train,train
PER,HARD,4,35,36,8833.283,8927.228,8927.228,9021.707,2.0,93.945,93.945,0.0,1,94.479,0.534000000000006,2024-04,Japanese Grand Prix,2024,4,2024-04-07,train,train
RUS,HARD,3,35,36,8836.398,8932.868,8932.868,9029.336,13.0,96.47,96.47,0.0,3,96.468,-0.001999999999995339,2024-04,Japanese Grand Prix,2024,4,2024-04-07,train,train
HAM,HARD,3,35,36,8839.891,8936.405,8936.405,9032.596,12.0,96.514,96.514,0.0,3,96.191,-0.3229999999999933,2024-04,Japanese Grand Prix,2024,4,2024-04-07,train,train
VER,HARD,4,36,37,8919.148,9013.767,9013.767,9108.737,2.0,94.619,94.619,0.0,1,94.97,0.3509999999999991,2024-04,Japanese Grand Prix,2024,4,2024-04-07,train,train
PER,HARD,4,36,37,8927.228,9021.707,9021.707,9116.515,3.0,94.479,94.21199999999999,-0.2670000000000101,2,94.808,0.32900000000000773,2024-04,Japanese Grand Prix,2024,4,2024-04-07,train,train
LEC,HARD,3,36,37,8926.907,9023.588,9023.588,9119.723,10.0,96.681,96.32,-0.3610000000000042,3,96.135,-0.5459999999999923,2024-04,Japanese Grand Prix,2024,4,2024-04-07,train,train
HAM,HARD,3,36,37,8936.405,9032.596,9032.596,9129.218,13.0,96.191,96.514,0.3229999999999933,3,96.622,0.4309999999999974,2024-04,Japanese Grand Prix,2024,4,2024-04-07,train,train
VER,HARD,4,37,38,9013.767,9108.737,9108.737,9203.723,3.0,94.97,94.7945,-0.17549999999999955,2,94.986,0.016000000000005343,2024-04,Japanese Grand Prix,2024,4,2024-04-07,train,train
PER,HARD,4,37,38,9021.707,9116.515,9116.515,9211.76,4.0,94.808,94.479,-0.32900000000000773,3,95.245,0.4369999999999976,2024-04,Japanese Grand Prix,2024,4,2024-04-07,train,train
LEC,HARD,3,37,38,9023.588,9119.723,9119.723,9215.752,11.0,96.135,96.135,0.0,3,96.029,-0.10600000000000875,2024-04,Japanese Grand Prix,2024,4,2024-04-07,train,train
HAM,HARD,3,37,38,9032.596,9129.218,9129.218,9226.676,14.0,96.622,96.514,-0.10800000000000409,3,97.458,0.8359999999999985,2024-04,Japanese Grand Prix,2024,4,2024-04-07,train,train
VER,HARD,4,38,39,9108.737,9203.723,9203.723,9298.217,4.0,94.986,94.97,-0.016000000000005343,3,94.494,-0.49200000000000443,2024-04,Japanese Grand Prix,2024,4,2024-04-07,train,train
PER,HARD,4,38,39,9116.515,9211.76,9211.76,9306.75,5.0,95.245,94.808,-0.4369999999999976,3,94.99,-0.25500000000000966,2024-04,Japanese Grand Prix,2024,4,2024-04-07,train,train
LEC,HARD,3,38,39,9119.723,9215.752,9215.752,9311.445,12.0,96.029,96.135,0.10600000000000875,3,95.693,-0.3359999999999985,2024-04,Japanese Grand Prix,2024,4,2024-04-07,train,train
SAI,HARD,4,38,39,9129.477,9223.472,9223.472,9317.891,2.0,93.995,93.995,0.0,1,94.419,0.4239999999999924,2024-04,Japanese Grand Prix,2024,4,2024-04-07,train,train
VER,HARD,4,39,40,9203.723,9298.217,9298.217,9392.56,5.0,94.494,94.97,0.4759999999999991,3,94.343,-0.15099999999999625,2024-04,Japanese Grand Prix,2024,4,2024-04-07,train,train
PER,HARD,4,39,40,9211.76,9306.75,9306.75,9401.488,6.0,94.99,94.99,0.0,3,94.738,-0.25199999999999534,2024-04,Japanese Grand Prix,2024,4,2024-04-07,train,train
LEC,HARD,3,39,40,9215.752,9311.445,9311.445,9407.786,13.0,95.693,96.029,0.3359999999999985,3,96.341,0.6479999999999961,2024-04,Japanese Grand Prix,2024,4,2024-04-07,train,train
SAI,HARD,4,39,40,9223.472,9317.891,9317.891,9412.287,3.0,94.419,94.207,-0.2120000000000033,2,94.396,-0.022999999999996135,2024-04,Japanese Grand Prix,2024,4,2024-04-07,train,train
RUS,MEDIUM,4,39,40,9242.091,9336.495,9336.495,9431.032,3.0,94.404,94.404,0.0,1,94.537,0.13300000000000978,2024-04,Japanese Grand Prix,2024,4,2024-04-07,train,train
VER,HARD,4,40,41,9298.217,9392.56,9392.56,9486.833,6.0,94.343,94.494,0.15099999999999625,3,94.273,-0.07000000000000739,2024-04,Japanese Grand Prix,2024,4,2024-04-07,train,train
PER,HARD,4,40,41,9306.75,9401.488,9401.488,9496.518,7.0,94.738,94.99,0.25199999999999534,3,95.03,0.2920000000000016,2024-04,Japanese Grand Prix,2024,4,2024-04-07,train,train
LEC,HARD,3,40,41,9311.445,9407.786,9407.786,9503.237,14.0,96.341,96.029,-0.3119999999999976,3,95.451,-0.8900000000000006,2024-04,Japanese Grand Prix,2024,4,2024-04-07,train,train
SAI,HARD,4,40,41,9317.891,9412.287,9412.287,9507.15,4.0,94.396,94.396,0.0,3,94.863,0.46699999999999875,2024-04,Japanese Grand Prix,2024,4,2024-04-07,train,train
VER,HARD,4,43,44,9581.798,9676.101,9676.101,9770.556,9.0,94.303,94.303,0.0,1,94.455,0.15200000000000102,2024-04,Japanese Grand Prix,2024,4,2024-04-07,train,train
PER,HARD,4,43,44,9591.951,9687.05,9687.05,9781.751,10.0,95.099,95.099,0.0,1,94.701,-0.39800000000001035,2024-04,Japanese Grand Prix,2024,4,2024-04-07,train,train
LEC,HARD,3,43,44,9599.034,9694.747,9694.747,9790.432,17.0,95.713,95.713,0.0,1,95.685,-0.027999999999991587,2024-04,Japanese Grand Prix,2024,4,2024-04-07,train,train
SAI,HARD,4,43,44,9602.443,9697.193,9697.193,9791.529,7.0,94.75,94.75,0.0,1,94.336,-0.4140000000000015,2024-04,Japanese Grand Prix,2024,4,2024-04-07,train,train
RUS,MEDIUM,4,43,44,9620.872,9716.013,9716.013,9810.847,7.0,95.141,95.141,0.0,1,94.834,-0.30700000000000216,2024-04,Japanese Grand Prix,2024,4,2024-04-07,train,train
HAM,MEDIUM,4,43,44,9628.305,9722.387,9722.387,9816.724,5.0,94.082,94.082,0.0,1,94.337,0.25500000000000966,2024-04,Japanese Grand Prix,2024,4,2024-04-07,train,train
VER,HARD,4,44,45,9676.101,9770.556,9770.556,9865.162,10.0,94.455,94.37899999999999,-0.07600000000000762,2,94.606,0.15099999999999625,2024-04,Japanese Grand Prix,2024,4,2024-04-07,train,train
PER,HARD,4,44,45,9687.05,9781.751,9781.751,9876.747,11.0,94.701,94.9,0.19900000000001228,2,94.996,0.2950000000000017,2024-04,Japanese Grand Prix,2024,4,2024-04-07,train,train
LEC,HARD,3,44,45,9694.747,9790.432,9790.432,9886.171,18.0,95.685,95.699,0.013999999999995794,2,95.739,0.054000000000002046,2024-04,Japanese Grand Prix,2024,4,2024-04-07,train,train
SAI,HARD,4,44,45,9697.193,9791.529,9791.529,9886.535,8.0,94.336,94.543,0.20700000000000784,2,95.006,0.6700000000000017,2024-04,Japanese Grand Prix,2024,4,2024-04-07,train,train
RUS,MEDIUM,4,44,45,9716.013,9810.847,9810.847,9905.76,8.0,94.834,94.98750000000001,0.15350000000000819,2,94.913,0.07899999999999352,2024-04,Japanese Grand Prix,2024,4,2024-04-07,train,train
VER,HARD,4,45,46,9770.556,9865.162,9865.162,9959.772,11.0,94.606,94.455,-0.15099999999999625,3,94.61,0.0040000000000048885,2024-04,Japanese Grand Prix,2024,4,2024-04-07,train,train
PER,HARD,4,45,46,9781.751,9876.747,9876.747,9971.497,12.0,94.996,94.996,0.0,3,94.75,-0.2459999999999951,2024-04,Japanese Grand Prix,2024,4,2024-04-07,train,train
LEC,HARD,3,45,46,9790.432,9886.171,9886.171,9982.949,19.0,95.739,95.713,-0.02600000000001046,3,96.778,1.0390000000000015,2024-04,Japanese Grand Prix,2024,4,2024-04-07,train,train
SAI,HARD,4,45,46,9791.529,9886.535,9886.535,9980.376,9.0,95.006,94.75,-0.2560000000000002,3,93.841,-1.1650000000000063,2024-04,Japanese Grand Prix,2024,4,2024-04-07,train,train
RUS,MEDIUM,4,45,46,9810.847,9905.76,9905.76,10000.875,9.0,94.913,94.913,0.0,3,95.115,0.20199999999999818,2024-04,Japanese Grand Prix,2024,4,2024-04-07,train,train
VER,HARD,4,46,47,9865.162,9959.772,9959.772,10054.885,12.0,94.61,94.606,-0.0040000000000048885,3,95.113,0.5030000000000001,2024-04,Japanese Grand Prix,2024,4,2024-04-07,train,train
PER,HARD,4,46,47,9876.747,9971.497,9971.497,10066.553,13.0,94.75,94.75,0.0,3,95.056,0.3059999999999974,2024-04,Japanese Grand Prix,2024,4,2024-04-07,train,train
SAI,HARD,4,46,47,9886.535,9980.376,9980.376,10075.439,10.0,93.841,94.336,0.49500000000000455,3,95.063,1.2220000000000084,2024-04,Japanese Grand Prix,2024,4,2024-04-07,train,train
LEC,HARD,3,46,47,9886.171,9982.949,9982.949,10078.871,20.0,96.778,95.739,-1.0390000000000015,3,95.922,-0.8560000000000088,2024-04,Japanese Grand Prix,2024,4,2024-04-07,train,train
RUS,MEDIUM,4,46,47,9905.76,10000.875,10000.875,10096.192,10.0,95.115,94.913,-0.20199999999999818,3,95.317,0.20199999999999818,2024-04,Japanese Grand Prix,2024,4,2024-04-07,train,train
HAM,MEDIUM,4,46,47,9911.515,10006.313,10006.313,10100.992,8.0,94.798,94.798,0.0,1,94.679,-0.11899999999999977,2024-04,Japanese Grand Prix,2024,4,2024-04-07,train,train
VER,HARD,4,47,48,9959.772,10054.885,10054.885,10150.635,13.0,95.113,94.61,-0.5030000000000001,3,95.75,0.6370000000000005,2024-04,Japanese Grand Prix,2024,4,2024-04-07,train,train
PER,HARD,4,47,48,9971.497,10066.553,10066.553,10161.936,14.0,95.056,94.996,-0.060000000000002274,3,95.383,0.3269999999999982,2024-04,Japanese Grand Prix,2024,4,2024-04-07,train,train
SAI,HARD,4,47,48,9980.376,10075.439,10075.439,10170.401,11.0,95.063,95.006,-0.05700000000000216,3,94.962,-0.10099999999999909,2024-04,Japanese Grand Prix,2024,4,2024-04-07,train,train
LEC,HARD,3,47,48,9982.949,10078.871,10078.871,10174.373,21.0,95.922,95.922,0.0,3,95.502,-0.4200000000000017,2024-04,Japanese Grand Prix,2024,4,2024-04-07,train,train
RUS,MEDIUM,4,47,48,10000.875,10096.192,10096.192,10191.615,11.0,95.317,95.115,-0.20199999999999818,3,95.423,0.10600000000000875,2024-04,Japanese Grand Prix,2024,4,2024-04-07,train,train
HAM,MEDIUM,4,47,48,10006.313,10100.992,10100.992,10195.892,9.0,94.679,94.7385,0.059499999999999886,2,94.9,0.22100000000000364,2024-04,Japanese Grand Prix,2024,4,2024-04-07,train,train
VER,HARD,4,48,49,10054.885,10150.635,10150.635,10245.52,14.0,95.75,95.113,-0.6370000000000005,3,94.885,-0.8649999999999949,2024-04,Japanese Grand Prix,2024,4,2024-04-07,train,train
PER,HARD,4,48,49,10066.553,10161.936,10161.936,10256.971,15.0,95.383,95.056,-0.3269999999999982,3,95.035,-0.347999999999999,2024-04,Japanese Grand Prix,2024,4,2024-04-07,train,train
SAI,HARD,4,48,49,10075.439,10170.401,10170.401,10265.153,12.0,94.962,94.962,0.0,3,94.752,-0.21000000000000796,2024-04,Japanese Grand Prix,2024,4,2024-04-07,train,train
LEC,HARD,3,48,49,10078.871,10174.373,10174.373,10269.916,22.0,95.502,95.922,0.4200000000000017,3,95.543,0.04100000000001103,2024-04,Japanese Grand Prix,2024,4,2024-04-07,train,train
RUS,MEDIUM,4,48,49,10096.192,10191.615,10191.615,10287.639,12.0,95.423,95.317,-0.10600000000000875,3,96.024,0.6009999999999991,2024-04,Japanese Grand Prix,2024,4,2024-04-07,train,train
HAM,MEDIUM,4,48,49,10100.992,10195.892,10195.892,10290.939,10.0,94.9,94.798,-0.10200000000000387,3,95.047,0.14699999999999136,2024-04,Japanese Grand Prix,2024,4,2024-04-07,train,train
VER,HARD,4,49,50,10150.635,10245.52,10245.52,10339.226,15.0,94.885,95.113,0.22799999999999443,3,93.706,-1.179000000000002,2024-04,Japanese Grand Prix,2024,4,2024-04-07,train,train
PER,HARD,4,49,50,10161.936,10256.971,10256.971,10352.215,16.0,95.035,95.056,0.021000000000000796,3,95.244,0.20900000000000318,2024-04,Japanese Grand Prix,2024,4,2024-04-07,train,train
SAI,HARD,4,49,50,10170.401,10265.153,10265.153,10359.789,13.0,94.752,94.962,0.21000000000000796,3,94.636,-0.11599999999999966,2024-04,Japanese Grand Prix,2024,4,2024-04-07,train,train
LEC,HARD,3,49,50,10174.373,10269.916,10269.916,10365.19,23.0,95.543,95.543,0.0,3,95.274,-0.26900000000000546,2024-04,Japanese Grand Prix,2024,4,2024-04-07,train,train
RUS,MEDIUM,4,49,50,10191.615,10287.639,10287.639,10384.104,13.0,96.024,95.423,-0.6009999999999991,3,96.465,0.4410000000000025,2024-04,Japanese Grand Prix,2024,4,2024-04-07,train,train
HAM,MEDIUM,4,49,50,10195.892,10290.939,10290.939,10386.369,11.0,95.047,94.9,-0.14699999999999136,3,95.43,0.3830000000000098,2024-04,Japanese Grand Prix,2024,4,2024-04-07,train,train
VER,HARD,4,50,51,10245.52,10339.226,10339.226,10433.994,16.0,93.706,94.885,1.179000000000002,3,94.768,1.0619999999999976,2024-04,Japanese Grand Prix,2024,4,2024-04-07,train,train
PER,HARD,4,50,51,10256.971,10352.215,10352.215,10447.105,17.0,95.244,95.244,0.0,3,94.89,-0.3539999999999992,2024-04,Japanese Grand Prix,2024,4,2024-04-07,train,train
SAI,HARD,4,50,51,10265.153,10359.789,10359.789,10454.666,14.0,94.636,94.752,0.11599999999999966,3,94.877,0.24099999999999966,2024-04,Japanese Grand Prix,2024,4,2024-04-07,train,train
LEC,HARD,3,50,51,10269.916,10365.19,10365.19,10460.389,24.0,95.274,95.502,0.22799999999999443,3,95.199,-0.07500000000000284,2024-04,Japanese Grand Prix,2024,4,2024-04-07,train,train
RUS,MEDIUM,4,50,51,10287.639,10384.104,10384.104,10479.533,14.0,96.465,96.024,-0.4410000000000025,3,95.429,-1.0360000000000014,2024-04,Japanese Grand Prix,2024,4,2024-04-07,train,train
HAM,MEDIUM,4,50,51,10290.939,10386.369,10386.369,10481.845,12.0,95.43,95.047,-0.3830000000000098,3,95.476,0.04599999999999227,2024-04,Japanese Grand Prix,2024,4,2024-04-07,train,train
VER,HARD,4,51,52,10339.226,10433.994,10433.994,10528.964,17.0,94.768,94.768,0.0,3,94.97,0.20199999999999818,2024-04,Japanese Grand Prix,2024,4,2024-04-07,train,train
PER,HARD,4,51,52,10352.215,10447.105,10447.105,10542.034,18.0,94.89,95.035,0.14499999999999602,3,94.929,0.03900000000000148,2024-04,Japanese Grand Prix,2024,4,2024-04-07,train,train
SAI,HARD,4,51,52,10359.789,10454.666,10454.666,10549.869,15.0,94.877,94.752,-0.125,3,95.203,0.3260000000000076,2024-04,Japanese Grand Prix,2024,4,2024-04-07,train,train
LEC,HARD,3,51,52,10365.19,10460.389,10460.389,10555.705,25.0,95.199,95.274,0.07500000000000284,3,95.316,0.11700000000000443,2024-04,Japanese Grand Prix,2024,4,2024-04-07,train,train
RUS,MEDIUM,4,51,52,10384.104,10479.533,10479.533,10575.276,15.0,95.429,96.024,0.5949999999999989,3,95.743,0.31399999999999295,2024-04,Japanese Grand Prix,2024,4,2024-04-07,train,train
HAM,MEDIUM,4,51,52,10386.369,10481.845,10481.845,10577.08,13.0,95.476,95.43,-0.04599999999999227,3,95.235,-0.24099999999999966,2024-04,Japanese Grand Prix,2024,4,2024-04-07,train,train
VER,HARD,4,52,53,10433.994,10528.964,10528.964,10624.227,18.0,94.97,94.768,-0.20199999999999818,3,95.263,0.29300000000000637,2024-04,Japanese Grand Prix,2024,4,2024-04-07,train,train
PER,HARD,4,52,53,10447.105,10542.034,10542.034,10636.762,19.0,94.929,94.929,0.0,3,94.728,-0.20100000000000762,2024-04,Japanese Grand Prix,2024,4,2024-04-07,train,train
SAI,HARD,4,52,53,10454.666,10549.869,10549.869,10645.093,16.0,95.203,94.877,-0.3260000000000076,3,95.224,0.021000000000000796,2024-04,Japanese Grand Prix,2024,4,2024-04-07,train,train
LEC,HARD,3,52,53,10460.389,10555.705,10555.705,10650.749,26.0,95.316,95.274,-0.04200000000000159,3,95.044,-0.27200000000000557,2024-04,Japanese Grand Prix,2024,4,2024-04-07,train,train
RUS,MEDIUM,4,52,53,10479.533,10575.276,10575.276,10670.178,16.0,95.743,95.743,0.0,3,94.902,-0.840999999999994,2024-04,Japanese Grand Prix,2024,4,2024-04-07,train,train
HAM,MEDIUM,4,52,53,10481.845,10577.08,10577.08,10672.853,14.0,95.235,95.43,0.1950000000000074,3,95.773,0.5379999999999967,2024-04,Japanese Grand Prix,2024,4,2024-04-07,train,train
VER,MEDIUM,1,2,3,3419.963,3520.066,3520.066,3620.56,2.0,100.103,100.103,0.0,1,100.494,0.39100000000000534,2024-05,Chinese Grand Prix,2024,5,2024-04-21,validation,validation
PER,MEDIUM,1,2,3,3422.405,3523.286,3523.286,3624.259,2.0,100.881,100.881,0.0,1,100.973,0.09199999999999875,2024-05,Chinese Grand Prix,2024,5,2024-04-21,validation,validation
RUS,MEDIUM,1,2,3,3424.181,3525.877,3525.877,3627.648,2.0,101.696,101.696,0.0,1,101.771,0.07500000000000284,2024-05,Chinese Grand Prix,2024,5,2024-04-21,validation,validation
LEC,MEDIUM,1,2,3,3424.923,3526.735,3526.735,3628.825,2.0,101.812,101.812,0.0,1,102.09,0.2780000000000058,2024-05,Chinese Grand Prix,2024,5,2024-04-21,validation,validation
SAI,MEDIUM,1,2,3,3425.582,3527.697,3527.697,3629.676,2.0,102.115,102.115,0.0,1,101.979,-0.13599999999999568,2024-05,Chinese Grand Prix,2024,5,2024-04-21,validation,validation
HAM,SOFT,1,2,3,3429.937,3534.072,3534.072,3636.978,2.0,104.135,104.135,0.0,1,102.906,-1.2289999999999992,2024-05,Chinese Grand Prix,2024,5,2024-04-21,validation,validation
VER,MEDIUM,1,3,4,3520.066,3620.56,3620.56,3721.133,3.0,100.494,100.29849999999999,-0.19550000000000978,2,100.573,0.07899999999999352,2024-05,Chinese Grand Prix,2024,5,2024-04-21,validation,validation
PER,MEDIUM,1,3,4,3523.286,3624.259,3624.259,3725.863,3.0,100.973,100.92699999999999,-0.04600000000000648,2,101.604,0.6310000000000002,2024-05,Chinese Grand Prix,2024,5,2024-04-21,validation,validation
RUS,MEDIUM,1,3,4,3525.877,3627.648,3627.648,3730.061,3.0,101.771,101.73349999999999,-0.037500000000008527,2,102.413,0.6419999999999959,2024-05,Chinese Grand Prix,2024,5,2024-04-21,validation,validation
LEC,MEDIUM,1,3,4,3526.735,3628.825,3628.825,3731.045,3.0,102.09,101.951,-0.13900000000001,2,102.22,0.12999999999999545,2024-05,Chinese Grand Prix,2024,5,2024-04-21,validation,validation
SAI,MEDIUM,1,3,4,3527.697,3629.676,3629.676,3731.821,3.0,101.979,102.047,0.06799999999999784,2,102.145,0.16599999999999682,2024-05,Chinese Grand Prix,2024,5,2024-04-21,validation,validation
HAM,SOFT,1,3,4,3534.072,3636.978,3636.978,3739.991,3.0,102.906,103.5205,0.6144999999999925,2,103.013,0.10699999999999932,2024-05,Chinese Grand Prix,2024,5,2024-04-21,validation,validation
VER,MEDIUM,1,4,5,3620.56,3721.133,3721.133,3822.052,4.0,100.573,100.494,-0.07899999999999352,3,100.919,0.34600000000000364,2024-05,Chinese Grand Prix,2024,5,2024-04-21,validation,validation
PER,MEDIUM,1,4,5,3624.259,3725.863,3725.863,3827.488,4.0,101.604,100.973,-0.6310000000000002,3,101.625,0.021000000000000796,2024-05,Chinese Grand Prix,2024,5,2024-04-21,validation,validation
RUS,MEDIUM,1,4,5,3627.648,3730.061,3730.061,3832.246,4.0,102.413,101.771,-0.6419999999999959,3,102.185,-0.22799999999999443,2024-05,Chinese Grand Prix,2024,5,2024-04-21,validation,validation
LEC,MEDIUM,1,4,5,3628.825,3731.045,3731.045,3833.14,4.0,102.22,102.09,-0.12999999999999545,3,102.095,-0.125,2024-05,Chinese Grand Prix,2024,5,2024-04-21,validation,validation
SAI,MEDIUM,1,4,5,3629.676,3731.821,3731.821,3834.031,4.0,102.145,102.115,-0.030000000000001137,3,102.21,0.06499999999999773,2024-05,Chinese Grand Prix,2024,5,2024-04-21,validation,validation
HAM,SOFT,1,4,5,3636.978,3739.991,3739.991,3843.49,4.0,103.013,103.013,0.0,3,103.499,0.48599999999999,2024-05,Chinese Grand Prix,2024,5,2024-04-21,validation,validation
VER,MEDIUM,1,5,6,3721.133,3822.052,3822.052,3923.199,5.0,100.919,100.573,-0.34600000000000364,3,101.147,0.22800000000000864,2024-05,Chinese Grand Prix,2024,5,2024-04-21,validation,validation
PER,MEDIUM,1,5,6,3725.863,3827.488,3827.488,3929.144,5.0,101.625,101.604,-0.021000000000000796,3,101.656,0.03100000000000591,2024-05,Chinese Grand Prix,2024,5,2024-04-21,validation,validation
RUS,MEDIUM,1,5,6,3730.061,3832.246,3832.246,3934.843,5.0,102.185,102.185,0.0,3,102.597,0.41199999999999193,2024-05,Chinese Grand Prix,2024,5,2024-04-21,validation,validation
LEC,MEDIUM,1,5,6,3731.045,3833.14,3833.14,3935.462,5.0,102.095,102.095,0.0,3,102.322,0.22700000000000387,2024-05,Chinese Grand Prix,2024,5,2024-04-21,validation,validation
SAI,MEDIUM,1,5,6,3731.821,3834.031,3834.031,3936.44,5.0,102.21,102.145,-0.06499999999999773,3,102.409,0.19900000000001228,2024-05,Chinese Grand Prix,2024,5,2024-04-21,validation,validation
HAM,SOFT,1,5,6,3739.991,3843.49,3843.49,3946.957,5.0,103.499,103.013,-0.48599999999999,3,103.467,-0.031999999999996476,2024-05,Chinese Grand Prix,2024,5,2024-04-21,validation,validation
VER,MEDIUM,1,6,7,3822.052,3923.199,3923.199,4024.317,6.0,101.147,100.919,-0.22800000000000864,3,101.118,-0.029000000000010573,2024-05,Chinese Grand Prix,2024,5,2024-04-21,validation,validation
PER,MEDIUM,1,6,7,3827.488,3929.144,3929.144,4030.727,6.0,101.656,101.625,-0.03100000000000591,3,101.583,-0.0730000000000075,2024-05,Chinese Grand Prix,2024,5,2024-04-21,validation,validation
RUS,MEDIUM,1,6,7,3832.246,3934.843,3934.843,4037.432,6.0,102.597,102.413,-0.1839999999999975,3,102.589,-0.007999999999995566,2024-05,Chinese Grand Prix,2024,5,2024-04-21,validation,validation
LEC,MEDIUM,1,6,7,3833.14,3935.462,3935.462,4037.879,6.0,102.322,102.22,-0.10200000000000387,3,102.417,0.09499999999999886,2024-05,Chinese Grand Prix,2024,5,2024-04-21,validation,validation
SAI,MEDIUM,1,6,7,3834.031,3936.44,3936.44,4039.223,6.0,102.409,102.21,-0.19900000000001228,3,102.783,0.3739999999999952,2024-05,Chinese Grand Prix,2024,5,2024-04-21,validation,validation
HAM,SOFT,1,6,7,3843.49,3946.957,3946.957,4051.013,6.0,103.467,103.467,0.0,3,104.056,0.5889999999999986,2024-05,Chinese Grand Prix,2024,5,2024-04-21,validation,validation
VER,MEDIUM,1,7,8,3923.199,4024.317,4024.317,4125.427,7.0,101.118,101.118,0.0,3,101.11,-0.007999999999995566,2024-05,Chinese Grand Prix,2024,5,2024-04-21,validation,validation
PER,MEDIUM,1,7,8,3929.144,4030.727,4030.727,4132.44,7.0,101.583,101.625,0.04200000000000159,3,101.713,0.12999999999999545,2024-05,Chinese Grand Prix,2024,5,2024-04-21,validation,validation
RUS,MEDIUM,1,7,8,3934.843,4037.432,4037.432,4140.546,7.0,102.589,102.589,0.0,3,103.114,0.5250000000000057,2024-05,Chinese Grand Prix,2024,5,2024-04-21,validation,validation
LEC,MEDIUM,1,7,8,3935.462,4037.879,4037.879,4140.848,7.0,102.417,102.322,-0.09499999999999886,3,102.969,0.5519999999999925,2024-05,Chinese Grand Prix,2024,5,2024-04-21,validation,validation
SAI,MEDIUM,1,7,8,3936.44,4039.223,4039.223,4142.174,7.0,102.783,102.409,-0.3739999999999952,3,102.951,0.16799999999999216,2024-05,Chinese Grand Prix,2024,5,2024-04-21,validation,validation
HAM,SOFT,1,7,8,3946.957,4051.013,4051.013,4154.782,7.0,104.056,103.499,-0.5570000000000022,3,103.769,-0.28699999999999193,2024-05,Chinese Grand Prix,2024,5,2024-04-21,validation,validation
VER,MEDIUM,1,8,9,4024.317,4125.427,4125.427,4226.582,8.0,101.11,101.118,0.007999999999995566,3,101.155,0.045000000000001705,2024-05,Chinese Grand Prix,2024,5,2024-04-21,validation,validation
PER,MEDIUM,1,8,9,4030.727,4132.44,4132.44,4234.208,8.0,101.713,101.656,-0.05699999999998795,3,101.768,0.05500000000000682,2024-05,Chinese Grand Prix,2024,5,2024-04-21,validation,validation
RUS,MEDIUM,1,8,9,4037.432,4140.546,4140.546,4244.531,8.0,103.114,102.597,-0.5170000000000101,3,103.985,0.8709999999999951,2024-05,Chinese Grand Prix,2024,5,2024-04-21,validation,validation
LEC,MEDIUM,1,8,9,4037.879,4140.848,4140.848,4243.037,8.0,102.969,102.417,-0.5519999999999925,3,102.189,-0.7800000000000011,2024-05,Chinese Grand Prix,2024,5,2024-04-21,validation,validation
SAI,MEDIUM,1,8,9,4039.223,4142.174,4142.174,4244.974,8.0,102.951,102.783,-0.16799999999999216,3,102.8,-0.15099999999999625,2024-05,Chinese Grand Prix,2024,5,2024-04-21,validation,validation
VER,MEDIUM,1,9,10,4125.427,4226.582,4226.582,4328.006,9.0,101.155,101.118,-0.03700000000000614,3,101.424,0.26900000000000546,2024-05,Chinese Grand Prix,2024,5,2024-04-21,validation,validation
PER,MEDIUM,1,9,10,4132.44,4234.208,4234.208,4336.048,9.0,101.768,101.713,-0.05500000000000682,3,101.84,0.07200000000000273,2024-05,Chinese Grand Prix,2024,5,2024-04-21,validation,validation
LEC,MEDIUM,1,9,10,4140.848,4243.037,4243.037,4345.361,9.0,102.189,102.417,0.22800000000000864,3,102.324,0.13500000000000512,2024-05,Chinese Grand Prix,2024,5,2024-04-21,validation,validation
RUS,MEDIUM,1,9,10,4140.546,4244.531,4244.531,4347.758,9.0,103.985,103.114,-0.8709999999999951,3,103.227,-0.7579999999999956,2024-05,Chinese Grand Prix,2024,5,2024-04-21,validation,validation
SAI,MEDIUM,1,9,10,4142.174,4244.974,4244.974,4348.212,9.0,102.8,102.8,0.0,3,103.238,0.4380000000000024,2024-05,Chinese Grand Prix,2024,5,2024-04-21,validation,validation
VER,MEDIUM,1,10,11,4226.582,4328.006,4328.006,4429.407,10.0,101.424,101.155,-0.26900000000000546,3,101.401,-0.023000000000010346,2024-05,Chinese Grand Prix,2024,5,2024-04-21,validation,validation
PER,MEDIUM,1,10,11,4234.208,4336.048,4336.048,4437.815,10.0,101.84,101.768,-0.07200000000000273,3,101.767,-0.0730000000000075,2024-05,Chinese Grand Prix,2024,5,2024-04-21,validation,validation
LEC,MEDIUM,1,10,11,4243.037,4345.361,4345.361,4447.489,10.0,102.324,102.324,0.0,3,102.128,-0.19599999999999795,2024-05,Chinese Grand Prix,2024,5,2024-04-21,validation,validation
SAI,MEDIUM,1,10,11,4244.974,4348.212,4348.212,4451.511,10.0,103.238,102.951,-0.28700000000000614,3,103.299,0.06100000000000705,2024-05,Chinese Grand Prix,2024,5,2024-04-21,validation,validation
VER,MEDIUM,1,11,12,4328.006,4429.407,4429.407,4530.725,11.0,101.401,101.401,0.0,3,101.318,-0.08299999999999841,2024-05,Chinese Grand Prix,2024,5,2024-04-21,validation,validation
PER,MEDIUM,1,11,12,4336.048,4437.815,4437.815,4540.081,11.0,101.767,101.768,0.0010000000000047748,3,102.266,0.49900000000000944,2024-05,Chinese Grand Prix,2024,5,2024-04-21,validation,validation
LEC,MEDIUM,1,11,12,4345.361,4447.489,4447.489,4549.428,11.0,102.128,102.189,0.06099999999999284,3,101.939,-0.18900000000000716,2024-05,Chinese Grand Prix,2024,5,2024-04-21,validation,validation
SAI,MEDIUM,1,11,12,4348.212,4451.511,4451.511,4554.114,11.0,103.299,103.238,-0.06100000000000705,3,102.603,-0.6960000000000122,2024-05,Chinese Grand Prix,2024,5,2024-04-21,validation,validation
HAM,MEDIUM,2,11,12,4381.633,4483.042,4483.042,4584.946,2.0,101.409,101.409,0.0,1,101.904,0.49499999999999034,2024-05,Chinese Grand Prix,2024,5,2024-04-21,validation,validation
LEC,MEDIUM,1,12,13,4447.489,4549.428,4549.428,4651.507,12.0,101.939,102.128,0.18900000000000716,3,102.079,0.14000000000000057,2024-05,Chinese Grand Prix,2024,5,2024-04-21,validation,validation
SAI,MEDIUM,1,12,13,4451.511,4554.114,4554.114,4656.514,12.0,102.603,103.238,0.6350000000000051,3,102.4,-0.20299999999998875,2024-05,Chinese Grand Prix,2024,5,2024-04-21,validation,validation
HAM,MEDIUM,2,12,13,4483.042,4584.946,4584.946,4686.873,3.0,101.904,101.6565,-0.24750000000000227,2,101.927,0.023000000000010346,2024-05,Chinese Grand Prix,2024,5,2024-04-21,validation,validation
LEC,MEDIUM,1,13,14,4549.428,4651.507,4651.507,4753.319,13.0,102.079,102.079,0.0,3,101.812,-0.2669999999999959,2024-05,Chinese Grand Prix,2024,5,2024-04-21,validation,validation
SAI,MEDIUM,1,13,14,4554.114,4656.514,4656.514,4759.601,13.0,102.4,102.603,0.20299999999998875,3,103.087,0.6869999999999976,2024-05,Chinese Grand Prix,2024,5,2024-04-21,validation,validation
RUS,MEDIUM,2,13,14,4573.777,4674.562,4674.562,4776.316,2.0,100.785,100.785,0.0,1,101.754,0.9690000000000083,2024-05,Chinese Grand Prix,2024,5,2024-04-21,validation,validation
HAM,MEDIUM,2,13,14,4584.946,4686.873,4686.873,4788.593,4.0,101.927,101.904,-0.023000000000010346,3,101.72,-0.20700000000000784,2024-05,Chinese Grand Prix,2024,5,2024-04-21,validation,validation
LEC,MEDIUM,1,14,15,4651.507,4753.319,4753.319,4855.183,14.0,101.812,101.939,0.12699999999999534,3,101.864,0.05200000000000671,2024-05,Chinese Grand Prix,2024,5,2024-04-21,validation,validation
SAI,MEDIUM,1,14,15,4656.514,4759.601,4759.601,4862.393,14.0,103.087,102.603,-0.48400000000000887,3,102.792,-0.2950000000000017,2024-05,Chinese Grand Prix,2024,5,2024-04-21,validation,validation
RUS,MEDIUM,2,14,15,4674.562,4776.316,4776.316,4877.624,3.0,101.754,101.2695,-0.48450000000001125,2,101.308,-0.44599999999999795,2024-05,Chinese Grand Prix,2024,5,2024-04-21,validation,validation
HAM,MEDIUM,2,14,15,4686.873,4788.593,4788.593,4890.907,5.0,101.72,101.904,0.1839999999999975,3,102.314,0.5939999999999941,2024-05,Chinese Grand Prix,2024,5,2024-04-21,validation,validation
LEC,MEDIUM,1,15,16,4753.319,4855.183,4855.183,4957.912,15.0,101.864,101.864,0.0,3,102.729,0.8649999999999949,2024-05,Chinese Grand Prix,2024,5,2024-04-21,validation,validation
VER,HARD,2,15,16,4756.325,4855.916,4855.916,4955.901,2.0,99.591,99.591,0.0,1,99.985,0.39400000000000546,2024-05,Chinese Grand Prix,2024,5,2024-04-21,validation,validation
SAI,MEDIUM,1,15,16,4759.601,4862.393,4862.393,4965.086,15.0,102.792,102.792,0.0,3,102.693,-0.09900000000000375,2024-05,Chinese Grand Prix,2024,5,2024-04-21,validation,validation
PER,HARD,2,15,16,4765.202,4865.24,4865.24,4965.796,2.0,100.038,100.038,0.0,1,100.556,0.5180000000000007,2024-05,Chinese Grand Prix,2024,5,2024-04-21,validation,validation
RUS,MEDIUM,2,15,16,4776.316,4877.624,4877.624,4979.024,4.0,101.308,101.308,0.0,3,101.4,0.09199999999999875,2024-05,Chinese Grand Prix,2024,5,2024-04-21,validation,validation
HAM,MEDIUM,2,15,16,4788.593,4890.907,4890.907,4993.438,6.0,102.314,101.927,-0.38699999999998624,3,102.531,0.21700000000001296,2024-05,Chinese Grand Prix,2024,5,2024-04-21,validation,validation
VER,HARD,2,16,17,4855.916,4955.901,4955.901,5055.42,3.0,99.985,99.788,-0.19700000000000273,2,99.519,-0.465999999999994,2024-05,Chinese Grand Prix,2024,5,2024-04-21,validation,validation
LEC,MEDIUM,1,16,17,4855.183,4957.912,4957.912,5059.891,16.0,102.729,101.864,-0.8649999999999949,3,101.979,-0.75,2024-05,Chinese Grand Prix,2024,5,2024-04-21,validation,validation
PER,HARD,2,16,17,4865.24,4965.796,4965.796,5067.899,3.0,100.556,100.297,-0.25900000000000034,2,102.103,1.546999999999997,2024-05,Chinese Grand Prix,2024,5,2024-04-21,validation,validation
RUS,MEDIUM,2,16,17,4877.624,4979.024,4979.024,5080.4,5.0,101.4,101.4,0.0,3,101.376,-0.02400000000000091,2024-05,Chinese Grand Prix,2024,5,2024-04-21,validation,validation
HAM,MEDIUM,2,16,17,4890.907,4993.438,4993.438,5095.661,7.0,102.531,102.314,-0.21700000000001296,3,102.223,-0.30800000000000693,2024-05,Chinese Grand Prix,2024,5,2024-04-21,validation,validation
VER,HARD,2,17,18,4955.901,5055.42,5055.42,5155.49,4.0,99.519,99.591,0.07199999999998852,3,100.07,0.5509999999999877,2024-05,Chinese Grand Prix,2024,5,2024-04-21,validation,validation
LEC,MEDIUM,1,17,18,4957.912,5059.891,5059.891,5162.005,17.0,101.979,101.979,0.0,3,102.114,0.13500000000000512,2024-05,Chinese Grand Prix,2024,5,2024-04-21,validation,validation
PER,HARD,2,17,18,4965.796,5067.899,5067.899,5168.098,4.0,102.103,100.556,-1.546999999999997,3,100.199,-1.9039999999999964,2024-05,Chinese Grand Prix,2024,5,2024-04-21,validation,validation
RUS,MEDIUM,2,17,18,4979.024,5080.4,5080.4,5181.891,6.0,101.376,101.376,0.0,3,101.491,0.11499999999999488,2024-05,Chinese Grand Prix,2024,5,2024-04-21,validation,validation
HAM,MEDIUM,2,17,18,4993.438,5095.661,5095.661,5198.225,8.0,102.223,102.314,0.09099999999999397,3,102.564,0.340999999999994,2024-05,Chinese Grand Prix,2024,5,2024-04-21,validation,validation
VER,HARD,2,18,19,5055.42,5155.49,5155.49,5255.629,5.0,100.07,99.985,-0.08499999999999375,3,100.139,0.06900000000000261,2024-05,Chinese Grand Prix,2024,5,2024-04-21,validation,validation
LEC,MEDIUM,1,18,19,5059.891,5162.005,5162.005,5263.987,18.0,102.114,102.114,0.0,3,101.982,-0.132000000000005,2024-05,Chinese Grand Prix,2024,5,2024-04-21,validation,validation
PER,HARD,2,18,19,5067.899,5168.098,5168.098,5268.411,5.0,100.199,100.556,0.3569999999999993,3,100.313,0.11400000000000432,2024-05,Chinese Grand Prix,2024,5,2024-04-21,validation,validation
RUS,MEDIUM,2,18,19,5080.4,5181.891,5181.891,5283.307,7.0,101.491,101.4,-0.09099999999999397,3,101.416,-0.07500000000000284,2024-05,Chinese Grand Prix,2024,5,2024-04-21,validation,validation
HAM,MEDIUM,2,18,19,5095.661,5198.225,5198.225,5301.079,9.0,102.564,102.531,-0.03299999999998704,3,102.854,0.29000000000000625,2024-05,Chinese Grand Prix,2024,5,2024-04-21,validation,validation
VER,HARD,2,19,20,5155.49,5255.629,5255.629,5355.71,6.0,100.139,100.07,-0.06900000000000261,3,100.081,-0.057999999999992724,2024-05,Chinese Grand Prix,2024,5,2024-04-21,validation,validation
VER,HARD,3,32,33,6891.128,6989.732,6989.732,7088.138,9.0,98.604,98.604,0.0,1,98.406,-0.1979999999999933,2024-05,Chinese Grand Prix,2024,5,2024-04-21,validation,validation
LEC,HARD,2,32,33,6892.643,6992.168,6992.168,7091.552,11.0,99.525,99.525,0.0,1,99.384,-0.14100000000000534,2024-05,Chinese Grand Prix,2024,5,2024-04-21,validation,validation
PER,HARD,3,32,33,6893.137,6992.868,6992.868,7092.256,9.0,99.731,99.731,0.0,1,99.388,-0.3429999999999893,2024-05,Chinese Grand Prix,2024,5,2024-04-21,validation,validation
SAI,HARD,2,32,33,6894.396,6994.797,6994.797,7094.845,15.0,100.401,100.401,0.0,1,100.048,-0.35299999999999443,2024-05,Chinese Grand Prix,2024,5,2024-04-21,validation,validation
RUS,HARD,3,32,33,6894.941,6995.631,6995.631,7096.107,9.0,100.69,100.69,0.0,1,100.476,-0.21399999999999864,2024-05,Chinese Grand Prix,2024,5,2024-04-21,validation,validation
HAM,HARD,3,32,33,6897.075,6998.193,6998.193,7099.05,11.0,101.118,101.118,0.0,1,100.857,-0.2609999999999957,2024-05,Chinese Grand Prix,2024,5,2024-04-21,validation,validation
VER,HARD,3,33,34,6989.732,7088.138,7088.138,7186.564,10.0,98.406,98.505,0.09899999999998954,2,98.426,0.01999999999999602,2024-05,Chinese Grand Prix,2024,5,2024-04-21,validation,validation
LEC,HARD,2,33,34,6992.168,7091.552,7091.552,7191.113,12.0,99.384,99.4545,0.07049999999999557,2,99.561,0.1770000000000067,2024-05,Chinese Grand Prix,2024,5,2024-04-21,validation,validation
PER,HARD,3,33,34,6992.868,7092.256,7092.256,7191.768,10.0,99.388,99.5595,0.17149999999999466,2,99.512,0.12399999999999523,2024-05,Chinese Grand Prix,2024,5,2024-04-21,validation,validation
SAI,HARD,2,33,34,6994.797,7094.845,7094.845,7195.261,16.0,100.048,100.2245,0.17650000000000432,2,100.416,0.367999999999995,2024-05,Chinese Grand Prix,2024,5,2024-04-21,validation,validation
RUS,HARD,3,33,34,6995.631,7096.107,7096.107,7196.574,10.0,100.476,100.583,0.10699999999999932,2,100.467,-0.009000000000000341,2024-05,Chinese Grand Prix,2024,5,2024-04-21,validation,validation
HAM,HARD,3,33,34,6998.193,7099.05,7099.05,7199.885,12.0,100.857,100.9875,0.13049999999999784,2,100.835,-0.02200000000000557,2024-05,Chinese Grand Prix,2024,5,2024-04-21,validation,validation
VER,HARD,3,34,35,7088.138,7186.564,7186.564,7285.329,11.0,98.426,98.426,0.0,3,98.765,0.33899999999999864,2024-05,Chinese Grand Prix,2024,5,2024-04-21,validation,validation
LEC,HARD,2,34,35,7091.552,7191.113,7191.113,7290.82,13.0,99.561,99.525,-0.036000000000001364,3,99.707,0.14599999999998658,2024-05,Chinese Grand Prix,2024,5,2024-04-21,validation,validation
PER,HARD,3,34,35,7092.256,7191.768,7191.768,7291.466,11.0,99.512,99.512,0.0,3,99.698,0.18599999999999284,2024-05,Chinese Grand Prix,2024,5,2024-04-21,validation,validation
SAI,HARD,2,34,35,7094.845,7195.261,7195.261,7295.572,17.0,100.416,100.401,-0.015000000000000568,3,100.311,-0.10499999999998977,2024-05,Chinese Grand Prix,2024,5,2024-04-21,validation,validation
RUS,HARD,3,34,35,7096.107,7196.574,7196.574,7297.067,11.0,100.467,100.476,0.009000000000000341,3,100.493,0.02599999999999625,2024-05,Chinese Grand Prix,2024,5,2024-04-21,validation,validation
HAM,HARD,3,34,35,7099.05,7199.885,7199.885,7300.793,13.0,100.835,100.857,0.02200000000000557,3,100.908,0.0730000000000075,2024-05,Chinese Grand Prix,2024,5,2024-04-21,validation,validation
VER,HARD,3,35,36,7186.564,7285.329,7285.329,7384.154,12.0,98.765,98.426,-0.33899999999999864,3,98.825,0.060000000000002274,2024-05,Chinese Grand Prix,2024,5,2024-04-21,validation,validation
LEC,HARD,2,35,36,7191.113,7290.82,7290.82,7390.595,14.0,99.707,99.561,-0.14599999999998658,3,99.775,0.06800000000001205,2024-05,Chinese Grand Prix,2024,5,2024-04-21,validation,validation
PER,HARD,3,35,36,7191.768,7291.466,7291.466,7391.146,12.0,99.698,99.512,-0.18599999999999284,3,99.68,-0.01799999999998647,2024-05,Chinese Grand Prix,2024,5,2024-04-21,validation,validation
SAI,HARD,2,35,36,7195.261,7295.572,7295.572,7396.187,18.0,100.311,100.311,0.0,3,100.615,0.30399999999998784,2024-05,Chinese Grand Prix,2024,5,2024-04-21,validation,validation
RUS,HARD,3,35,36,7196.574,7297.067,7297.067,7397.563,12.0,100.493,100.476,-0.016999999999995907,3,100.496,0.0030000000000001137,2024-05,Chinese Grand Prix,2024,5,2024-04-21,validation,validation
HAM,HARD,3,35,36,7199.885,7300.793,7300.793,7402.082,14.0,100.908,100.857,-0.05100000000000193,3,101.289,0.3810000000000002,2024-05,Chinese Grand Prix,2024,5,2024-04-21,validation,validation
VER,HARD,3,36,37,7285.329,7384.154,7384.154,7482.955,13.0,98.825,98.765,-0.060000000000002274,3,98.801,-0.02400000000000091,2024-05,Chinese Grand Prix,2024,5,2024-04-21,validation,validation
LEC,HARD,2,36,37,7290.82,7390.595,7390.595,7490.635,15.0,99.775,99.707,-0.06800000000001205,3,100.04,0.26500000000000057,2024-05,Chinese Grand Prix,2024,5,2024-04-21,validation,validation
PER,HARD,3,36,37,7291.466,7391.146,7391.146,7491.151,13.0,99.68,99.68,0.0,3,100.005,0.32499999999998863,2024-05,Chinese Grand Prix,2024,5,2024-04-21,validation,validation
SAI,HARD,2,36,37,7295.572,7396.187,7396.187,7496.913,19.0,100.615,100.416,-0.19899999999999807,3,100.726,0.1110000000000042,2024-05,Chinese Grand Prix,2024,5,2024-04-21,validation,validation
RUS,HARD,3,36,37,7297.067,7397.563,7397.563,7498.25,13.0,100.496,100.493,-0.0030000000000001137,3,100.687,0.1910000000000025,2024-05,Chinese Grand Prix,2024,5,2024-04-21,validation,validation
HAM,HARD,3,36,37,7300.793,7402.082,7402.082,7503.297,15.0,101.289,100.908,-0.3810000000000002,3,101.215,-0.07399999999999807,2024-05,Chinese Grand Prix,2024,5,2024-04-21,validation,validation
VER,HARD,3,37,38,7384.154,7482.955,7482.955,7581.81,14.0,98.801,98.801,0.0,3,98.855,0.054000000000002046,2024-05,Chinese Grand Prix,2024,5,2024-04-21,validation,validation
LEC,HARD,2,37,38,7390.595,7490.635,7490.635,7590.693,16.0,100.04,99.775,-0.26500000000000057,3,100.058,0.018000000000000682,2024-05,Chinese Grand Prix,2024,5,2024-04-21,validation,validation
PER,HARD,3,37,38,7391.146,7491.151,7491.151,7591.219,14.0,100.005,99.698,-0.30700000000000216,3,100.068,0.06300000000000239,2024-05,Chinese Grand Prix,2024,5,2024-04-21,validation,validation
SAI,HARD,2,37,38,7396.187,7496.913,7496.913,7597.516,20.0,100.726,100.615,-0.1110000000000042,3,100.603,-0.12300000000000466,2024-05,Chinese Grand Prix,2024,5,2024-04-21,validation,validation
RUS,HARD,3,37,38,7397.563,7498.25,7498.25,7598.701,14.0,100.687,100.496,-0.1910000000000025,3,100.451,-0.2360000000000042,2024-05,Chinese Grand Prix,2024,5,2024-04-21,validation,validation
HAM,HARD,3,37,38,7402.082,7503.297,7503.297,7604.271,16.0,101.215,101.215,0.0,3,100.974,-0.24099999999999966,2024-05,Chinese Grand Prix,2024,5,2024-04-21,validation,validation
VER,HARD,3,38,39,7482.955,7581.81,7581.81,7680.552,15.0,98.855,98.825,-0.030000000000001137,3,98.742,-0.11299999999999955,2024-05,Chinese Grand Prix,2024,5,2024-04-21,validation,validation
LEC,HARD,2,38,39,7490.635,7590.693,7590.693,7691.482,17.0,100.058,100.04,-0.018000000000000682,3,100.789,0.7309999999999945,2024-05,Chinese Grand Prix,2024,5,2024-04-21,validation,validation
PER,HARD,3,38,39,7491.151,7591.219,7591.219,7690.628,15.0,100.068,100.005,-0.06300000000000239,3,99.409,-0.6589999999999918,2024-05,Chinese Grand Prix,2024,5,2024-04-21,validation,validation
SAI,HARD,2,38,39,7496.913,7597.516,7597.516,7698.013,21.0,100.603,100.615,0.012000000000000455,3,100.497,-0.10599999999999454,2024-05,Chinese Grand Prix,2024,5,2024-04-21,validation,validation
RUS,HARD,3,38,39,7498.25,7598.701,7598.701,7698.813,15.0,100.451,100.496,0.045000000000001705,3,100.112,-0.33899999999999864,2024-05,Chinese Grand Prix,2024,5,2024-04-21,validation,validation
HAM,HARD,3,38,39,7503.297,7604.271,7604.271,7705.384,17.0,100.974,101.215,0.24099999999999966,3,101.113,0.1389999999999958,2024-05,Chinese Grand Prix,2024,5,2024-04-21,validation,validation
VER,HARD,3,39,40,7581.81,7680.552,7680.552,7779.508,16.0,98.742,98.801,0.0589999999999975,3,98.956,0.21399999999999864,2024-05,Chinese Grand Prix,2024,5,2024-04-21,validation,validation
PER,HARD,3,39,40,7591.219,7690.628,7690.628,7790.315,16.0,99.409,100.005,0.5959999999999894,3,99.687,0.2779999999999916,2024-05,Chinese Grand Prix,2024,5,2024-04-21,validation,validation
LEC,HARD,2,39,40,7590.693,7691.482,7691.482,7791.213,18.0,100.789,100.058,-0.7309999999999945,3,99.731,-1.058000000000007,2024-05,Chinese Grand Prix,2024,5,2024-04-21,validation,validation
SAI,HARD,2,39,40,7597.516,7698.013,7698.013,7798.888,22.0,100.497,100.603,0.10599999999999454,3,100.875,0.3780000000000001,2024-05,Chinese Grand Prix,2024,5,2024-04-21,validation,validation
RUS,HARD,3,39,40,7598.701,7698.813,7698.813,7799.593,16.0,100.112,100.451,0.33899999999999864,3,100.78,0.6680000000000064,2024-05,Chinese Grand Prix,2024,5,2024-04-21,validation,validation
HAM,HARD,3,39,40,7604.271,7705.384,7705.384,7806.884,18.0,101.113,101.113,0.0,3,101.5,0.38700000000000045,2024-05,Chinese Grand Prix,2024,5,2024-04-21,validation,validation
VER,HARD,3,40,41,7680.552,7779.508,7779.508,7878.575,17.0,98.956,98.855,-0.10099999999999909,3,99.067,0.11099999999999,2024-05,Chinese Grand Prix,2024,5,2024-04-21,validation,validation
PER,HARD,3,40,41,7690.628,7790.315,7790.315,7889.914,17.0,99.687,99.687,0.0,3,99.599,-0.08799999999999386,2024-05,Chinese Grand Prix,2024,5,2024-04-21,validation,validation
LEC,HARD,2,40,41,7691.482,7791.213,7791.213,7890.838,19.0,99.731,100.058,0.3270000000000124,3,99.625,-0.10599999999999454,2024-05,Chinese Grand Prix,2024,5,2024-04-21,validation,validation
SAI,HARD,2,40,41,7698.013,7798.888,7798.888,7899.187,23.0,100.875,100.603,-0.27200000000000557,3,100.299,-0.5759999999999934,2024-05,Chinese Grand Prix,2024,5,2024-04-21,validation,validation
RUS,HARD,3,40,41,7698.813,7799.593,7799.593,7900.617,17.0,100.78,100.451,-0.32900000000000773,3,101.024,0.24399999999999977,2024-05,Chinese Grand Prix,2024,5,2024-04-21,validation,validation
HAM,HARD,3,40,41,7705.384,7806.884,7806.884,7907.766,19.0,101.5,101.113,-0.38700000000000045,3,100.882,-0.617999999999995,2024-05,Chinese Grand Prix,2024,5,2024-04-21,validation,validation
VER,HARD,3,41,42,7779.508,7878.575,7878.575,7977.802,18.0,99.067,98.956,-0.11099999999999,3,99.227,0.1600000000000108,2024-05,Chinese Grand Prix,2024,5,2024-04-21,validation,validation
PER,HARD,3,41,42,7790.315,7889.914,7889.914,7989.435,18.0,99.599,99.599,0.0,3,99.521,-0.07800000000000296,2024-05,Chinese Grand Prix,2024,5,2024-04-21,validation,validation
LEC,HARD,2,41,42,7791.213,7890.838,7890.838,7990.744,20.0,99.625,99.731,0.10599999999999454,3,99.906,0.2810000000000059,2024-05,Chinese Grand Prix,2024,5,2024-04-21,validation,validation
SAI,HARD,2,41,42,7798.888,7899.187,7899.187,7999.943,24.0,100.299,100.497,0.1979999999999933,3,100.756,0.45699999999999363,2024-05,Chinese Grand Prix,2024,5,2024-04-21,validation,validation
RUS,HARD,3,41,42,7799.593,7900.617,7900.617,8001.389,18.0,101.024,100.78,-0.24399999999999977,3,100.772,-0.25199999999999534,2024-05,Chinese Grand Prix,2024,5,2024-04-21,validation,validation
HAM,HARD,3,41,42,7806.884,7907.766,7907.766,8008.834,20.0,100.882,101.113,0.23099999999999454,3,101.068,0.18599999999999284,2024-05,Chinese Grand Prix,2024,5,2024-04-21,validation,validation
VER,HARD,3,42,43,7878.575,7977.802,7977.802,8077.026,19.0,99.227,99.067,-0.1600000000000108,3,99.224,-0.0030000000000001137,2024-05,Chinese Grand Prix,2024,5,2024-04-21,validation,validation
PER,HARD,3,42,43,7889.914,7989.435,7989.435,8089.042,19.0,99.521,99.599,0.07800000000000296,3,99.607,0.08599999999999852,2024-05,Chinese Grand Prix,2024,5,2024-04-21,validation,validation
LEC,HARD,2,42,43,7890.838,7990.744,7990.744,8090.652,21.0,99.906,99.731,-0.17500000000001137,3,99.908,0.001999999999995339,2024-05,Chinese Grand Prix,2024,5,2024-04-21,validation,validation
SAI,HARD,2,42,43,7899.187,7999.943,7999.943,8100.288,25.0,100.756,100.756,0.0,3,100.345,-0.41100000000000136,2024-05,Chinese Grand Prix,2024,5,2024-04-21,validation,validation
RUS,HARD,3,42,43,7900.617,8001.389,8001.389,8102.07,19.0,100.772,100.78,0.007999999999995566,3,100.681,-0.09100000000000819,2024-05,Chinese Grand Prix,2024,5,2024-04-21,validation,validation
HAM,HARD,3,42,43,7907.766,8008.834,8008.834,8110.056,21.0,101.068,101.068,0.0,3,101.222,0.15399999999999636,2024-05,Chinese Grand Prix,2024,5,2024-04-21,validation,validation
VER,HARD,3,43,44,7977.802,8077.026,8077.026,8176.331,20.0,99.224,99.224,0.0,3,99.305,0.08100000000000307,2024-05,Chinese Grand Prix,2024,5,2024-04-21,validation,validation
PER,HARD,3,43,44,7989.435,8089.042,8089.042,8188.764,20.0,99.607,99.599,-0.007999999999995566,3,99.722,0.11499999999999488,2024-05,Chinese Grand Prix,2024,5,2024-04-21,validation,validation
LEC,HARD,2,43,44,7990.744,8090.652,8090.652,8190.493,22.0,99.908,99.906,-0.001999999999995339,3,99.841,-0.06700000000000728,2024-05,Chinese Grand Prix,2024,5,2024-04-21,validation,validation
SAI,HARD,2,43,44,7999.943,8100.288,8100.288,8200.397,26.0,100.345,100.345,0.0,3,100.109,-0.2360000000000042,2024-05,Chinese Grand Prix,2024,5,2024-04-21,validation,validation
RUS,HARD,3,43,44,8001.389,8102.07,8102.07,8202.45,20.0,100.681,100.772,0.09100000000000819,3,100.38,-0.30100000000000193,2024-05,Chinese Grand Prix,2024,5,2024-04-21,validation,validation
HAM,HARD,3,43,44,8008.834,8110.056,8110.056,8210.971,22.0,101.222,101.068,-0.15399999999999636,3,100.915,-0.30699999999998795,2024-05,Chinese Grand Prix,2024,5,2024-04-21,validation,validation
VER,HARD,3,44,45,8077.026,8176.331,8176.331,8275.547,21.0,99.305,99.227,-0.07800000000000296,3,99.216,-0.08900000000001285,2024-05,Chinese Grand Prix,2024,5,2024-04-21,validation,validation
PER,HARD,3,44,45,8089.042,8188.764,8188.764,8288.613,21.0,99.722,99.607,-0.11499999999999488,3,99.849,0.12700000000000955,2024-05,Chinese Grand Prix,2024,5,2024-04-21,validation,validation
LEC,HARD,2,44,45,8090.652,8190.493,8190.493,8290.518,23.0,99.841,99.906,0.06500000000001194,3,100.025,0.1840000000000117,2024-05,Chinese Grand Prix,2024,5,2024-04-21,validation,validation
SAI,HARD,2,44,45,8100.288,8200.397,8200.397,8300.617,27.0,100.109,100.345,0.2360000000000042,3,100.22,0.1110000000000042,2024-05,Chinese Grand Prix,2024,5,2024-04-21,validation,validation
RUS,HARD,3,44,45,8102.07,8202.45,8202.45,8303.069,21.0,100.38,100.681,0.30100000000000193,3,100.619,0.23900000000000432,2024-05,Chinese Grand Prix,2024,5,2024-04-21,validation,validation
HAM,HARD,3,44,45,8110.056,8210.971,8210.971,8312.069,23.0,100.915,101.068,0.1529999999999916,3,101.098,0.18299999999999272,2024-05,Chinese Grand Prix,2024,5,2024-04-21,validation,validation
VER,HARD,3,45,46,8176.331,8275.547,8275.547,8374.98,22.0,99.216,99.224,0.008000000000009777,3,99.433,0.21700000000001296,2024-05,Chinese Grand Prix,2024,5,2024-04-21,validation,validation
PER,HARD,3,45,46,8188.764,8288.613,8288.613,8388.579,22.0,99.849,99.722,-0.12700000000000955,3,99.966,0.11699999999999022,2024-05,Chinese Grand Prix,2024,5,2024-04-21,validation,validation
LEC,HARD,2,45,46,8190.493,8290.518,8290.518,8390.742,24.0,100.025,99.908,-0.11700000000000443,3,100.224,0.19899999999999807,2024-05,Chinese Grand Prix,2024,5,2024-04-21,validation,validation
SAI,HARD,2,45,46,8200.397,8300.617,8300.617,8400.844,28.0,100.22,100.22,0.0,3,100.227,0.007000000000005002,2024-05,Chinese Grand Prix,2024,5,2024-04-21,validation,validation
RUS,HARD,3,45,46,8202.45,8303.069,8303.069,8403.449,22.0,100.619,100.619,0.0,3,100.38,-0.23900000000000432,2024-05,Chinese Grand Prix,2024,5,2024-04-21,validation,validation
HAM,HARD,3,45,46,8210.971,8312.069,8312.069,8413.41,24.0,101.098,101.098,0.0,3,101.341,0.242999999999995,2024-05,Chinese Grand Prix,2024,5,2024-04-21,validation,validation
VER,HARD,3,46,47,8275.547,8374.98,8374.98,8474.402,23.0,99.433,99.305,-0.1280000000000001,3,99.422,-0.01100000000000989,2024-05,Chinese Grand Prix,2024,5,2024-04-21,validation,validation
PER,HARD,3,46,47,8288.613,8388.579,8388.579,8488.534,23.0,99.966,99.849,-0.11699999999999022,3,99.955,-0.01099999999999568,2024-05,Chinese Grand Prix,2024,5,2024-04-21,validation,validation
LEC,HARD,2,46,47,8290.518,8390.742,8390.742,8491.058,25.0,100.224,100.025,-0.19899999999999807,3,100.316,0.09199999999999875,2024-05,Chinese Grand Prix,2024,5,2024-04-21,validation,validation
SAI,HARD,2,46,47,8300.617,8400.844,8400.844,8501.446,29.0,100.227,100.22,-0.007000000000005002,3,100.602,0.375,2024-05,Chinese Grand Prix,2024,5,2024-04-21,validation,validation
RUS,HARD,3,46,47,8303.069,8403.449,8403.449,8503.853,23.0,100.38,100.38,0.0,3,100.404,0.02400000000000091,2024-05,Chinese Grand Prix,2024,5,2024-04-21,validation,validation
HAM,HARD,3,46,47,8312.069,8413.41,8413.41,8514.786,25.0,101.341,101.098,-0.242999999999995,3,101.376,0.0350000000000108,2024-05,Chinese Grand Prix,2024,5,2024-04-21,validation,validation
VER,HARD,3,47,48,8374.98,8474.402,8474.402,8573.727,24.0,99.422,99.422,0.0,3,99.325,-0.0969999999999942,2024-05,Chinese Grand Prix,2024,5,2024-04-21,validation,validation
PER,HARD,3,47,48,8388.579,8488.534,8488.534,8588.495,24.0,99.955,99.955,0.0,3,99.961,0.006000000000000227,2024-05,Chinese Grand Prix,2024,5,2024-04-21,validation,validation
LEC,HARD,2,47,48,8390.742,8491.058,8491.058,8591.216,26.0,100.316,100.224,-0.09199999999999875,3,100.158,-0.15800000000000125,2024-05,Chinese Grand Prix,2024,5,2024-04-21,validation,validation
SAI,HARD,2,47,48,8400.844,8501.446,8501.446,8601.917,30.0,100.602,100.227,-0.375,3,100.471,-0.13100000000000023,2024-05,Chinese Grand Prix,2024,5,2024-04-21,validation,validation
RUS,HARD,3,47,48,8403.449,8503.853,8503.853,8604.247,24.0,100.404,100.404,0.0,3,100.394,-0.009999999999990905,2024-05,Chinese Grand Prix,2024,5,2024-04-21,validation,validation
HAM,HARD,3,47,48,8413.41,8514.786,8514.786,8616.101,26.0,101.376,101.341,-0.0350000000000108,3,101.315,-0.06100000000000705,2024-05,Chinese Grand Prix,2024,5,2024-04-21,validation,validation
VER,HARD,3,48,49,8474.402,8573.727,8573.727,8673.077,25.0,99.325,99.422,0.0969999999999942,3,99.35,0.024999999999991473,2024-05,Chinese Grand Prix,2024,5,2024-04-21,validation,validation
PER,HARD,3,48,49,8488.534,8588.495,8588.495,8688.398,25.0,99.961,99.961,0.0,3,99.903,-0.057999999999992724,2024-05,Chinese Grand Prix,2024,5,2024-04-21,validation,validation
LEC,HARD,2,48,49,8491.058,8591.216,8591.216,8691.639,27.0,100.158,100.224,0.0660000000000025,3,100.423,0.26500000000000057,2024-05,Chinese Grand Prix,2024,5,2024-04-21,validation,validation
SAI,HARD,2,48,49,8501.446,8601.917,8601.917,8702.026,31.0,100.471,100.471,0.0,3,100.109,-0.362000000000009,2024-05,Chinese Grand Prix,2024,5,2024-04-21,validation,validation
RUS,HARD,3,48,49,8503.853,8604.247,8604.247,8704.465,25.0,100.394,100.394,0.0,3,100.218,-0.17600000000000193,2024-05,Chinese Grand Prix,2024,5,2024-04-21,validation,validation
HAM,HARD,3,48,49,8514.786,8616.101,8616.101,8718.021,27.0,101.315,101.341,0.02599999999999625,3,101.92,0.605000000000004,2024-05,Chinese Grand Prix,2024,5,2024-04-21,validation,validation
VER,HARD,3,49,50,8573.727,8673.077,8673.077,8772.522,26.0,99.35,99.35,0.0,3,99.445,0.09499999999999886,2024-05,Chinese Grand Prix,2024,5,2024-04-21,validation,validation
PER,HARD,3,49,50,8588.495,8688.398,8688.398,8788.45,26.0,99.903,99.955,0.0519999999999925,3,100.052,0.1490000000000009,2024-05,Chinese Grand Prix,2024,5,2024-04-21,validation,validation
LEC,HARD,2,49,50,8591.216,8691.639,8691.639,8791.976,28.0,100.423,100.316,-0.10699999999999932,3,100.337,-0.08599999999999852,2024-05,Chinese Grand Prix,2024,5,2024-04-21,validation,validation
SAI,HARD,2,49,50,8601.917,8702.026,8702.026,8802.378,32.0,100.109,100.471,0.362000000000009,3,100.352,0.2430000000000092,2024-05,Chinese Grand Prix,2024,5,2024-04-21,validation,validation
RUS,HARD,3,49,50,8604.247,8704.465,8704.465,8804.931,26.0,100.218,100.394,0.17600000000000193,3,100.466,0.24799999999999045,2024-05,Chinese Grand Prix,2024,5,2024-04-21,validation,validation
HAM,HARD,3,49,50,8616.101,8718.021,8718.021,8819.327,28.0,101.92,101.376,-0.5439999999999969,3,101.306,-0.6140000000000043,2024-05,Chinese Grand Prix,2024,5,2024-04-21,validation,validation
VER,HARD,3,50,51,8673.077,8772.522,8772.522,8871.798,27.0,99.445,99.35,-0.09499999999999886,3,99.276,-0.16899999999999693,2024-05,Chinese Grand Prix,2024,5,2024-04-21,validation,validation
PER,HARD,3,50,51,8688.398,8788.45,8788.45,8888.356,27.0,100.052,99.961,-0.09100000000000819,3,99.906,-0.1460000000000008,2024-05,Chinese Grand Prix,2024,5,2024-04-21,validation,validation
LEC,HARD,2,50,51,8691.639,8791.976,8791.976,8892.181,29.0,100.337,100.337,0.0,3,100.205,-0.132000000000005,2024-05,Chinese Grand Prix,2024,5,2024-04-21,validation,validation
SAI,HARD,2,50,51,8702.026,8802.378,8802.378,8902.617,33.0,100.352,100.352,0.0,3,100.239,-0.11299999999999955,2024-05,Chinese Grand Prix,2024,5,2024-04-21,validation,validation
RUS,HARD,3,50,51,8704.465,8804.931,8804.931,8905.265,27.0,100.466,100.394,-0.07199999999998852,3,100.334,-0.1319999999999908,2024-05,Chinese Grand Prix,2024,5,2024-04-21,validation,validation
HAM,HARD,3,50,51,8718.021,8819.327,8819.327,8920.812,29.0,101.306,101.315,0.009000000000000341,3,101.485,0.17900000000000205,2024-05,Chinese Grand Prix,2024,5,2024-04-21,validation,validation
VER,HARD,3,51,52,8772.522,8871.798,8871.798,8971.492,28.0,99.276,99.35,0.07399999999999807,3,99.694,0.41800000000000637,2024-05,Chinese Grand Prix,2024,5,2024-04-21,validation,validation
PER,HARD,3,51,52,8788.45,8888.356,8888.356,8988.479,28.0,99.906,99.906,0.0,3,100.123,0.21699999999999875,2024-05,Chinese Grand Prix,2024,5,2024-04-21,validation,validation
LEC,HARD,2,51,52,8791.976,8892.181,8892.181,8992.634,30.0,100.205,100.337,0.132000000000005,3,100.453,0.24800000000000466,2024-05,Chinese Grand Prix,2024,5,2024-04-21,validation,validation
SAI,HARD,2,51,52,8802.378,8902.617,8902.617,9003.03,34.0,100.239,100.239,0.0,3,100.413,0.17399999999999238,2024-05,Chinese Grand Prix,2024,5,2024-04-21,validation,validation
RUS,HARD,3,51,52,8804.931,8905.265,8905.265,9005.996,28.0,100.334,100.334,0.0,3,100.731,0.39699999999999136,2024-05,Chinese Grand Prix,2024,5,2024-04-21,validation,validation
HAM,HARD,3,51,52,8819.327,8920.812,8920.812,9022.273,30.0,101.485,101.485,0.0,3,101.461,-0.02400000000000091,2024-05,Chinese Grand Prix,2024,5,2024-04-21,validation,validation
VER,HARD,3,52,53,8871.798,8971.492,8971.492,9071.146,29.0,99.694,99.445,-0.24900000000000944,3,99.654,-0.04000000000000625,2024-05,Chinese Grand Prix,2024,5,2024-04-21,validation,validation
PER,HARD,3,52,53,8888.356,8988.479,8988.479,9088.675,29.0,100.123,100.052,-0.07099999999999795,3,100.196,0.07299999999999329,2024-05,Chinese Grand Prix,2024,5,2024-04-21,validation,validation
LEC,HARD,2,52,53,8892.181,8992.634,8992.634,9093.0,31.0,100.453,100.337,-0.11599999999999966,3,100.366,-0.0870000000000033,2024-05,Chinese Grand Prix,2024,5,2024-04-21,validation,validation
SAI,HARD,2,52,53,8902.617,9003.03,9003.03,9103.591,35.0,100.413,100.352,-0.06099999999999284,3,100.561,0.14800000000001035,2024-05,Chinese Grand Prix,2024,5,2024-04-21,validation,validation
RUS,HARD,3,52,53,8905.265,9005.996,9005.996,9106.666,29.0,100.731,100.466,-0.26500000000000057,3,100.67,-0.06099999999999284,2024-05,Chinese Grand Prix,2024,5,2024-04-21,validation,validation
HAM,HARD,3,52,53,8920.812,9022.273,9022.273,9123.794,31.0,101.461,101.461,0.0,3,101.521,0.060000000000002274,2024-05,Chinese Grand Prix,2024,5,2024-04-21,validation,validation
VER,HARD,3,53,54,8971.492,9071.146,9071.146,9170.919,30.0,99.654,99.654,0.0,3,99.773,0.11899999999999977,2024-05,Chinese Grand Prix,2024,5,2024-04-21,validation,validation
PER,HARD,3,53,54,8988.479,9088.675,9088.675,9188.903,30.0,100.196,100.123,-0.07299999999999329,3,100.228,0.031999999999996476,2024-05,Chinese Grand Prix,2024,5,2024-04-21,validation,validation
LEC,HARD,2,53,54,8992.634,9093.0,9093.0,9193.171,32.0,100.366,100.366,0.0,3,100.171,-0.19499999999999318,2024-05,Chinese Grand Prix,2024,5,2024-04-21,validation,validation
SAI,HARD,2,53,54,9003.03,9103.591,9103.591,9203.872,36.0,100.561,100.413,-0.14800000000001035,3,100.281,-0.28000000000000114,2024-05,Chinese Grand Prix,2024,5,2024-04-21,validation,validation
RUS,HARD,3,53,54,9005.996,9106.666,9106.666,9207.506,30.0,100.67,100.67,0.0,3,100.84,0.1700000000000017,2024-05,Chinese Grand Prix,2024,5,2024-04-21,validation,validation
HAM,HARD,3,53,54,9022.273,9123.794,9123.794,9225.287,32.0,101.521,101.485,-0.036000000000001364,3,101.493,-0.028000000000005798,2024-05,Chinese Grand Prix,2024,5,2024-04-21,validation,validation
VER,HARD,3,54,55,9071.146,9170.919,9170.919,9270.724,31.0,99.773,99.694,-0.07899999999999352,3,99.805,0.03200000000001069,2024-05,Chinese Grand Prix,2024,5,2024-04-21,validation,validation
PER,HARD,3,54,55,9088.675,9188.903,9188.903,9289.496,31.0,100.228,100.196,-0.031999999999996476,3,100.593,0.3650000000000091,2024-05,Chinese Grand Prix,2024,5,2024-04-21,validation,validation
LEC,HARD,2,54,55,9093.0,9193.171,9193.171,9294.053,33.0,100.171,100.366,0.19499999999999318,3,100.882,0.7109999999999985,2024-05,Chinese Grand Prix,2024,5,2024-04-21,validation,validation
SAI,HARD,2,54,55,9103.591,9203.872,9203.872,9304.583,37.0,100.281,100.413,0.1319999999999908,3,100.711,0.4299999999999926,2024-05,Chinese Grand Prix,2024,5,2024-04-21,validation,validation
RUS,HARD,3,54,55,9106.666,9207.506,9207.506,9308.935,31.0,100.84,100.731,-0.10900000000000887,3,101.429,0.5889999999999986,2024-05,Chinese Grand Prix,2024,5,2024-04-21,validation,validation
HAM,HARD,3,54,55,9123.794,9225.287,9225.287,9326.891,33.0,101.493,101.493,0.0,3,101.604,0.1110000000000042,2024-05,Chinese Grand Prix,2024,5,2024-04-21,validation,validation
VER,HARD,3,55,56,9170.919,9270.724,9270.724,9370.977,32.0,99.805,99.773,-0.03200000000001069,3,100.253,0.4479999999999933,2024-05,Chinese Grand Prix,2024,5,2024-04-21,validation,validation
PER,HARD,3,55,56,9188.903,9289.496,9289.496,9390.146,32.0,100.593,100.228,-0.3650000000000091,3,100.65,0.05700000000000216,2024-05,Chinese Grand Prix,2024,5,2024-04-21,validation,validation
LEC,HARD,2,55,56,9193.171,9294.053,9294.053,9394.621,34.0,100.882,100.366,-0.5160000000000053,3,100.568,-0.31400000000000716,2024-05,Chinese Grand Prix,2024,5,2024-04-21,validation,validation
SAI,HARD,2,55,56,9203.872,9304.583,9304.583,9404.993,38.0,100.711,100.561,-0.14999999999999147,3,100.41,-0.30100000000000193,2024-05,Chinese Grand Prix,2024,5,2024-04-21,validation,validation
RUS,HARD,3,55,56,9207.506,9308.935,9308.935,9409.728,32.0,101.429,100.84,-0.5889999999999986,3,100.793,-0.6359999999999957,2024-05,Chinese Grand Prix,2024,5,2024-04-21,validation,validation
HAM,HARD,3,55,56,9225.287,9326.891,9326.891,9428.975,34.0,101.604,101.521,-0.08299999999999841,3,102.084,0.480000000000004,2024-05,Chinese Grand Prix,2024,5,2024-04-21,validation,validation
VER,MEDIUM,1,2,3,3437.644,3530.737,3530.737,3623.874,2.0,93.093,93.093,0.0,1,93.137,0.04399999999999693,2024-06,Miami Grand Prix,2024,6,2024-05-05,test,test
LEC,MEDIUM,1,2,3,3439.003,3532.32,3532.32,3625.63,2.0,93.317,93.317,0.0,1,93.31,-0.006999999999990791,2024-06,Miami Grand Prix,2024,6,2024-05-05,test,test
SAI,MEDIUM,1,2,3,3440.54,3533.53,3533.53,3626.769,2.0,92.99,92.99,0.0,1,93.239,0.24900000000000944,2024-06,Miami Grand Prix,2024,6,2024-05-05,test,test
PER,MEDIUM,1,2,3,3441.588,3534.769,3534.769,3628.29,2.0,93.181,93.181,0.0,1,93.521,0.3400000000000034,2024-06,Miami Grand Prix,2024,6,2024-05-05,test,test
HAM,HARD,1,2,3,3443.23,3538.196,3538.196,3632.227,2.0,94.966,94.966,0.0,1,94.031,-0.9349999999999881,2024-06,Miami Grand Prix,2024,6,2024-05-05,test,test
RUS,MEDIUM,1,2,3,3444.933,3539.328,3539.328,3633.423,5.0,94.395,94.395,0.0,1,94.095,-0.29999999999999716,2024-06,Miami Grand Prix,2024,6,2024-05-05,test,test
VER,MEDIUM,1,3,4,3530.737,3623.874,3623.874,3717.378,3.0,93.137,93.11500000000001,-0.02199999999999136,2,93.504,0.36700000000000443,2024-06,Miami Grand Prix,2024,6,2024-05-05,test,test
LEC,MEDIUM,1,3,4,3532.32,3625.63,3625.63,3719.404,3.0,93.31,93.3135,0.003500000000002501,2,93.774,0.46399999999999864,2024-06,Miami Grand Prix,2024,6,2024-05-05,test,test
SAI,MEDIUM,1,3,4,3533.53,3626.769,3626.769,3720.018,3.0,93.239,93.11449999999999,-0.12450000000001182,2,93.249,0.009999999999990905,2024-06,Miami Grand Prix,2024,6,2024-05-05,test,test
PER,MEDIUM,1,3,4,3534.769,3628.29,3628.29,3721.715,3.0,93.521,93.351,-0.1700000000000017,2,93.425,-0.09600000000000364,2024-06,Miami Grand Prix,2024,6,2024-05-05,test,test
HAM,HARD,1,3,4,3538.196,3632.227,3632.227,3726.088,3.0,94.031,94.4985,0.46750000000000114,2,93.861,-0.1700000000000017,2024-06,Miami Grand Prix,2024,6,2024-05-05,test,test
RUS,MEDIUM,1,3,4,3539.328,3633.423,3633.423,3727.548,6.0,94.095,94.245,0.15000000000000568,2,94.125,0.030000000000001137,2024-06,Miami Grand Prix,2024,6,2024-05-05,test,test
VER,MEDIUM,1,4,5,3623.874,3717.378,3717.378,3810.212,4.0,93.504,93.137,-0.36700000000000443,3,92.834,-0.6700000000000017,2024-06,Miami Grand Prix,2024,6,2024-05-05,test,test
LEC,MEDIUM,1,4,5,3625.63,3719.404,3719.404,3813.213,4.0,93.774,93.317,-0.45700000000000784,3,93.809,0.03499999999999659,2024-06,Miami Grand Prix,2024,6,2024-05-05,test,test
SAI,MEDIUM,1,4,5,3626.769,3720.018,3720.018,3813.587,4.0,93.249,93.239,-0.009999999999990905,3,93.569,0.3200000000000074,2024-06,Miami Grand Prix,2024,6,2024-05-05,test,test
PER,MEDIUM,1,4,5,3628.29,3721.715,3721.715,3815.033,4.0,93.425,93.425,0.0,3,93.318,-0.10699999999999932,2024-06,Miami Grand Prix,2024,6,2024-05-05,test,test
HAM,HARD,1,4,5,3632.227,3726.088,3726.088,3819.754,4.0,93.861,94.031,0.1700000000000017,3,93.666,-0.1950000000000074,2024-06,Miami Grand Prix,2024,6,2024-05-05,test,test
RUS,MEDIUM,1,4,5,3633.423,3727.548,3727.548,3821.48,7.0,94.125,94.125,0.0,3,93.932,-0.19299999999999784,2024-06,Miami Grand Prix,2024,6,2024-05-05,test,test
VER,MEDIUM,1,5,6,3717.378,3810.212,3810.212,3903.151,5.0,92.834,93.137,0.30299999999999727,3,92.939,0.10499999999998977,2024-06,Miami Grand Prix,2024,6,2024-05-05,test,test
LEC,MEDIUM,1,5,6,3719.404,3813.213,3813.213,3906.153,5.0,93.809,93.774,-0.03499999999999659,3,92.94,-0.8689999999999998,2024-06,Miami Grand Prix,2024,6,2024-05-05,test,test
SAI,MEDIUM,1,5,6,3720.018,3813.587,3813.587,3906.498,5.0,93.569,93.249,-0.3200000000000074,3,92.911,-0.6580000000000013,2024-06,Miami Grand Prix,2024,6,2024-05-05,test,test
PER,MEDIUM,1,5,6,3721.715,3815.033,3815.033,3908.231,5.0,93.318,93.425,0.10699999999999932,3,93.198,-0.12000000000000455,2024-06,Miami Grand Prix,2024,6,2024-05-05,test,test
HAM,HARD,1,5,6,3726.088,3819.754,3819.754,3913.433,5.0,93.666,93.861,0.1950000000000074,3,93.679,0.01300000000000523,2024-06,Miami Grand Prix,2024,6,2024-05-05,test,test
RUS,MEDIUM,1,5,6,3727.548,3821.48,3821.48,3915.116,8.0,93.932,94.095,0.1629999999999967,3,93.636,-0.2960000000000065,2024-06,Miami Grand Prix,2024,6,2024-05-05,test,test
VER,MEDIUM,1,6,7,3810.212,3903.151,3903.151,3996.046,6.0,92.939,92.939,0.0,3,92.895,-0.04399999999999693,2024-06,Miami Grand Prix,2024,6,2024-05-05,test,test
LEC,MEDIUM,1,6,7,3813.213,3906.153,3906.153,3999.431,6.0,92.94,93.774,0.8340000000000032,3,93.278,0.33800000000000807,2024-06,Miami Grand Prix,2024,6,2024-05-05,test,test
SAI,MEDIUM,1,6,7,3813.587,3906.498,3906.498,3999.919,6.0,92.911,93.249,0.33799999999999386,3,93.421,0.5100000000000051,2024-06,Miami Grand Prix,2024,6,2024-05-05,test,test
PER,MEDIUM,1,6,7,3815.033,3908.231,3908.231,4001.406,6.0,93.198,93.318,0.12000000000000455,3,93.175,-0.022999999999996135,2024-06,Miami Grand Prix,2024,6,2024-05-05,test,test
HAM,HARD,1,6,7,3819.754,3913.433,3913.433,4007.899,6.0,93.679,93.679,0.0,3,94.466,0.7869999999999919,2024-06,Miami Grand Prix,2024,6,2024-05-05,test,test
RUS,MEDIUM,1,6,7,3821.48,3915.116,3915.116,4009.052,9.0,93.636,93.932,0.2960000000000065,3,93.936,0.30000000000001137,2024-06,Miami Grand Prix,2024,6,2024-05-05,test,test
VER,MEDIUM,1,7,8,3903.151,3996.046,3996.046,4088.884,7.0,92.895,92.895,0.0,3,92.838,-0.05700000000000216,2024-06,Miami Grand Prix,2024,6,2024-05-05,test,test
LEC,MEDIUM,1,7,8,3906.153,3999.431,3999.431,4092.544,7.0,93.278,93.278,0.0,3,93.113,-0.16500000000000625,2024-06,Miami Grand Prix,2024,6,2024-05-05,test,test
SAI,MEDIUM,1,7,8,3906.498,3999.919,3999.919,4093.258,7.0,93.421,93.421,0.0,3,93.339,-0.08200000000000784,2024-06,Miami Grand Prix,2024,6,2024-05-05,test,test
PER,MEDIUM,1,7,8,3908.231,4001.406,4001.406,4094.553,7.0,93.175,93.198,0.022999999999996135,3,93.147,-0.027999999999991587,2024-06,Miami Grand Prix,2024,6,2024-05-05,test,test
HAM,HARD,1,7,8,3913.433,4007.899,4007.899,4102.52,7.0,94.466,93.679,-0.7869999999999919,3,94.621,0.15500000000000114,2024-06,Miami Grand Prix,2024,6,2024-05-05,test,test
RUS,MEDIUM,1,7,8,3915.116,4009.052,4009.052,4102.871,10.0,93.936,93.932,-0.0040000000000048885,3,93.819,-0.11700000000000443,2024-06,Miami Grand Prix,2024,6,2024-05-05,test,test
VER,MEDIUM,1,8,9,3996.046,4088.884,4088.884,4182.173,8.0,92.838,92.895,0.05700000000000216,3,93.289,0.4510000000000076,2024-06,Miami Grand Prix,2024,6,2024-05-05,test,test
LEC,MEDIUM,1,8,9,3999.431,4092.544,4092.544,4185.696,8.0,93.113,93.113,0.0,3,93.152,0.03900000000000148,2024-06,Miami Grand Prix,2024,6,2024-05-05,test,test
SAI,MEDIUM,1,8,9,3999.919,4093.258,4093.258,4186.336,8.0,93.339,93.339,0.0,3,93.078,-0.2609999999999957,2024-06,Miami Grand Prix,2024,6,2024-05-05,test,test
PER,MEDIUM,1,8,9,4001.406,4094.553,4094.553,4188.043,8.0,93.147,93.175,0.027999999999991587,3,93.49,0.3429999999999893,2024-06,Miami Grand Prix,2024,6,2024-05-05,test,test
HAM,HARD,1,8,9,4007.899,4102.52,4102.52,4196.544,8.0,94.621,94.466,-0.15500000000000114,3,94.024,-0.5969999999999942,2024-06,Miami Grand Prix,2024,6,2024-05-05,test,test
RUS,MEDIUM,1,8,9,4009.052,4102.871,4102.871,4197.23,11.0,93.819,93.819,0.0,3,94.359,0.539999999999992,2024-06,Miami Grand Prix,2024,6,2024-05-05,test,test
VER,MEDIUM,1,9,10,4088.884,4182.173,4182.173,4275.44,9.0,93.289,92.895,-0.39400000000000546,3,93.267,-0.02200000000000557,2024-06,Miami Grand Prix,2024,6,2024-05-05,test,test
LEC,MEDIUM,1,9,10,4092.544,4185.696,4185.696,4279.174,9.0,93.152,93.152,0.0,3,93.478,0.3259999999999934,2024-06,Miami Grand Prix,2024,6,2024-05-05,test,test
SAI,MEDIUM,1,9,10,4093.258,4186.336,4186.336,4279.67,9.0,93.078,93.339,0.2609999999999957,3,93.334,0.2560000000000002,2024-06,Miami Grand Prix,2024,6,2024-05-05,test,test
PER,MEDIUM,1,9,10,4094.553,4188.043,4188.043,4281.622,9.0,93.49,93.175,-0.3149999999999977,3,93.579,0.08899999999999864,2024-06,Miami Grand Prix,2024,6,2024-05-05,test,test
HAM,HARD,1,9,10,4102.52,4196.544,4196.544,4291.146,9.0,94.024,94.466,0.44199999999999307,3,94.602,0.578000000000003,2024-06,Miami Grand Prix,2024,6,2024-05-05,test,test
RUS,MEDIUM,1,9,10,4102.871,4197.23,4197.23,4292.015,12.0,94.359,93.936,-0.4229999999999876,3,94.785,0.42600000000000193,2024-06,Miami Grand Prix,2024,6,2024-05-05,test,test
VER,MEDIUM,1,10,11,4182.173,4275.44,4275.44,4368.941,10.0,93.267,93.267,0.0,3,93.501,0.23400000000000887,2024-06,Miami Grand Prix,2024,6,2024-05-05,test,test
LEC,MEDIUM,1,10,11,4185.696,4279.174,4279.174,4372.345,10.0,93.478,93.152,-0.3259999999999934,3,93.171,-0.30699999999998795,2024-06,Miami Grand Prix,2024,6,2024-05-05,test,test
SAI,MEDIUM,1,10,11,4186.336,4279.67,4279.67,4373.025,10.0,93.334,93.334,0.0,3,93.355,0.021000000000000796,2024-06,Miami Grand Prix,2024,6,2024-05-05,test,test
PER,MEDIUM,1,10,11,4188.043,4281.622,4281.622,4375.154,10.0,93.579,93.49,-0.08899999999999864,3,93.532,-0.046999999999997044,2024-06,Miami Grand Prix,2024,6,2024-05-05,test,test
HAM,HARD,1,10,11,4196.544,4291.146,4291.146,4385.518,10.0,94.602,94.602,0.0,3,94.372,-0.23000000000000398,2024-06,Miami Grand Prix,2024,6,2024-05-05,test,test
RUS,MEDIUM,1,10,11,4197.23,4292.015,4292.015,4386.82,13.0,94.785,94.359,-0.42600000000000193,3,94.805,0.020000000000010232,2024-06,Miami Grand Prix,2024,6,2024-05-05,test,test
VER,MEDIUM,1,11,12,4275.44,4368.941,4368.941,4462.038,11.0,93.501,93.289,-0.2120000000000033,3,93.097,-0.4040000000000106,2024-06,Miami Grand Prix,2024,6,2024-05-05,test,test
LEC,MEDIUM,1,11,12,4279.174,4372.345,4372.345,4465.468,11.0,93.171,93.171,0.0,3,93.123,-0.04800000000000182,2024-06,Miami Grand Prix,2024,6,2024-05-05,test,test
SAI,MEDIUM,1,11,12,4279.67,4373.025,4373.025,4466.178,11.0,93.355,93.334,-0.021000000000000796,3,93.153,-0.20199999999999818,2024-06,Miami Grand Prix,2024,6,2024-05-05,test,test
PER,MEDIUM,1,11,12,4281.622,4375.154,4375.154,4468.909,11.0,93.532,93.532,0.0,3,93.755,0.22299999999999898,2024-06,Miami Grand Prix,2024,6,2024-05-05,test,test
HAM,HARD,1,11,12,4291.146,4385.518,4385.518,4479.508,11.0,94.372,94.372,0.0,3,93.99,-0.382000000000005,2024-06,Miami Grand Prix,2024,6,2024-05-05,test,test
RUS,MEDIUM,1,11,12,4292.015,4386.82,4386.82,4481.212,14.0,94.805,94.785,-0.020000000000010232,3,94.392,-0.4130000000000109,2024-06,Miami Grand Prix,2024,6,2024-05-05,test,test
VER,MEDIUM,1,12,13,4368.941,4462.038,4462.038,4555.167,12.0,93.097,93.267,0.1700000000000017,3,93.129,0.03200000000001069,2024-06,Miami Grand Prix,2024,6,2024-05-05,test,test
LEC,MEDIUM,1,12,13,4372.345,4465.468,4465.468,4558.795,12.0,93.123,93.171,0.04800000000000182,3,93.327,0.20399999999999352,2024-06,Miami Grand Prix,2024,6,2024-05-05,test,test
SAI,MEDIUM,1,12,13,4373.025,4466.178,4466.178,4559.783,12.0,93.153,93.334,0.18099999999999739,3,93.605,0.4519999999999982,2024-06,Miami Grand Prix,2024,6,2024-05-05,test,test
PER,MEDIUM,1,12,13,4375.154,4468.909,4468.909,4562.88,12.0,93.755,93.579,-0.17600000000000193,3,93.971,0.21600000000000819,2024-06,Miami Grand Prix,2024,6,2024-05-05,test,test
HAM,HARD,1,12,13,4385.518,4479.508,4479.508,4573.379,12.0,93.99,94.372,0.382000000000005,3,93.871,-0.11899999999999977,2024-06,Miami Grand Prix,2024,6,2024-05-05,test,test
RUS,MEDIUM,1,12,13,4386.82,4481.212,4481.212,4575.253,15.0,94.392,94.785,0.3930000000000007,3,94.041,-0.3509999999999991,2024-06,Miami Grand Prix,2024,6,2024-05-05,test,test
VER,MEDIUM,1,13,14,4462.038,4555.167,4555.167,4648.085,13.0,93.129,93.129,0.0,3,92.918,-0.21099999999999852,2024-06,Miami Grand Prix,2024,6,2024-05-05,test,test
LEC,MEDIUM,1,13,14,4465.468,4558.795,4558.795,4651.76,13.0,93.327,93.171,-0.1559999999999917,3,92.965,-0.36199999999999477,2024-06,Miami Grand Prix,2024,6,2024-05-05,test,test
SAI,MEDIUM,1,13,14,4466.178,4559.783,4559.783,4652.775,13.0,93.605,93.355,-0.25,3,92.992,-0.6129999999999995,2024-06,Miami Grand Prix,2024,6,2024-05-05,test,test
PER,MEDIUM,1,13,14,4468.909,4562.88,4562.88,4656.712,13.0,93.971,93.755,-0.21600000000000819,3,93.832,-0.13900000000001,2024-06,Miami Grand Prix,2024,6,2024-05-05,test,test
HAM,HARD,1,13,14,4479.508,4573.379,4573.379,4667.072,13.0,93.871,93.99,0.11899999999999977,3,93.693,-0.17799999999999727,2024-06,Miami Grand Prix,2024,6,2024-05-05,test,test
RUS,MEDIUM,1,13,14,4481.212,4575.253,4575.253,4668.846,16.0,94.041,94.392,0.3509999999999991,3,93.593,-0.4479999999999933,2024-06,Miami Grand Prix,2024,6,2024-05-05,test,test
VER,MEDIUM,1,14,15,4555.167,4648.085,4648.085,4740.892,14.0,92.918,93.097,0.17899999999998784,3,92.807,-0.1110000000000042,2024-06,Miami Grand Prix,2024,6,2024-05-05,test,test
LEC,MEDIUM,1,14,15,4558.795,4651.76,4651.76,4744.449,14.0,92.965,93.123,0.15800000000000125,3,92.689,-0.27600000000001046,2024-06,Miami Grand Prix,2024,6,2024-05-05,test,test
SAI,MEDIUM,1,14,15,4559.783,4652.775,4652.775,4745.894,14.0,92.992,93.153,0.16100000000000136,3,93.119,0.12699999999999534,2024-06,Miami Grand Prix,2024,6,2024-05-05,test,test
PER,MEDIUM,1,14,15,4562.88,4656.712,4656.712,4750.049,14.0,93.832,93.832,0.0,3,93.337,-0.49499999999999034,2024-06,Miami Grand Prix,2024,6,2024-05-05,test,test
HAM,HARD,1,14,15,4573.379,4667.072,4667.072,4760.416,14.0,93.693,93.871,0.17799999999999727,3,93.344,-0.34900000000000375,2024-06,Miami Grand Prix,2024,6,2024-05-05,test,test
RUS,MEDIUM,1,14,15,4575.253,4668.846,4668.846,4762.235,17.0,93.593,94.041,0.4479999999999933,3,93.389,-0.20400000000000773,2024-06,Miami Grand Prix,2024,6,2024-05-05,test,test
VER,MEDIUM,1,15,16,4648.085,4740.892,4740.892,4833.641,15.0,92.807,92.918,0.1110000000000042,3,92.749,-0.058000000000006935,2024-06,Miami Grand Prix,2024,6,2024-05-05,test,test
LEC,MEDIUM,1,15,16,4651.76,4744.449,4744.449,4837.475,15.0,92.689,92.965,0.27600000000001046,3,93.026,0.3370000000000033,2024-06,Miami Grand Prix,2024,6,2024-05-05,test,test
SAI,MEDIUM,1,15,16,4652.775,4745.894,4745.894,4839.139,15.0,93.119,93.119,0.0,3,93.245,0.12600000000000477,2024-06,Miami Grand Prix,2024,6,2024-05-05,test,test
PER,MEDIUM,1,15,16,4656.712,4750.049,4750.049,4843.223,15.0,93.337,93.832,0.49499999999999034,3,93.174,-0.1629999999999967,2024-06,Miami Grand Prix,2024,6,2024-05-05,test,test
HAM,HARD,1,15,16,4667.072,4760.416,4760.416,4853.937,15.0,93.344,93.693,0.34900000000000375,3,93.521,0.1770000000000067,2024-06,Miami Grand Prix,2024,6,2024-05-05,test,test
RUS,MEDIUM,1,15,16,4668.846,4762.235,4762.235,4855.658,18.0,93.389,93.593,0.20400000000000773,3,93.423,0.034000000000006025,2024-06,Miami Grand Prix,2024,6,2024-05-05,test,test
VER,MEDIUM,1,16,17,4740.892,4833.641,4833.641,4926.561,16.0,92.749,92.807,0.058000000000006935,3,92.92,0.17100000000000648,2024-06,Miami Grand Prix,2024,6,2024-05-05,test,test
LEC,MEDIUM,1,16,17,4744.449,4837.475,4837.475,4930.543,16.0,93.026,92.965,-0.06099999999999284,3,93.068,0.04200000000000159,2024-06,Miami Grand Prix,2024,6,2024-05-05,test,test
SAI,MEDIUM,1,16,17,4745.894,4839.139,4839.139,4932.369,16.0,93.245,93.119,-0.12600000000000477,3,93.23,-0.015000000000000568,2024-06,Miami Grand Prix,2024,6,2024-05-05,test,test
HAM,HARD,1,16,17,4760.416,4853.937,4853.937,4947.539,16.0,93.521,93.521,0.0,3,93.602,0.08100000000000307,2024-06,Miami Grand Prix,2024,6,2024-05-05,test,test
RUS,MEDIUM,1,16,17,4762.235,4855.658,4855.658,4949.265,19.0,93.423,93.423,0.0,3,93.607,0.1839999999999975,2024-06,Miami Grand Prix,2024,6,2024-05-05,test,test
VER,MEDIUM,1,17,18,4833.641,4926.561,4926.561,5019.583,17.0,92.92,92.807,-0.11299999999999955,3,93.022,0.10200000000000387,2024-06,Miami Grand Prix,2024,6,2024-05-05,test,test
LEC,MEDIUM,1,17,18,4837.475,4930.543,4930.543,5023.372,17.0,93.068,93.026,-0.04200000000000159,3,92.829,-0.23900000000000432,2024-06,Miami Grand Prix,2024,6,2024-05-05,test,test
SAI,MEDIUM,1,17,18,4839.139,4932.369,4932.369,5025.434,17.0,93.23,93.23,0.0,3,93.065,-0.16500000000000625,2024-06,Miami Grand Prix,2024,6,2024-05-05,test,test
HAM,HARD,1,17,18,4853.937,4947.539,4947.539,5040.845,17.0,93.602,93.521,-0.08100000000000307,3,93.306,-0.2960000000000065,2024-06,Miami Grand Prix,2024,6,2024-05-05,test,test
RUS,MEDIUM,1,17,18,4855.658,4949.265,4949.265,5042.97,20.0,93.607,93.423,-0.1839999999999975,3,93.705,0.09799999999999898,2024-06,Miami Grand Prix,2024,6,2024-05-05,test,test
VER,MEDIUM,1,18,19,4926.561,5019.583,5019.583,5112.251,18.0,93.022,92.92,-0.10200000000000387,3,92.668,-0.3539999999999992,2024-06,Miami Grand Prix,2024,6,2024-05-05,test,test
SAI,MEDIUM,1,18,19,4932.369,5025.434,5025.434,5118.272,18.0,93.065,93.23,0.16500000000000625,3,92.838,-0.22700000000000387,2024-06,Miami Grand Prix,2024,6,2024-05-05,test,test
HAM,HARD,1,18,19,4947.539,5040.845,5040.845,5134.178,18.0,93.306,93.521,0.2150000000000034,3,93.333,0.027000000000001023,2024-06,Miami Grand Prix,2024,6,2024-05-05,test,test
RUS,MEDIUM,1,18,19,4949.265,5042.97,5042.97,5136.532,21.0,93.705,93.607,-0.09799999999999898,3,93.562,-0.14300000000000068,2024-06,Miami Grand Prix,2024,6,2024-05-05,test,test
VER,MEDIUM,1,19,20,5019.583,5112.251,5112.251,5204.781,19.0,92.668,92.92,0.25199999999999534,3,92.53,-0.13800000000000523,2024-06,Miami Grand Prix,2024,6,2024-05-05,test,test
SAI,MEDIUM,1,19,20,5025.434,5118.272,5118.272,5210.9,19.0,92.838,93.065,0.22700000000000387,3,92.628,-0.20999999999999375,2024-06,Miami Grand Prix,2024,6,2024-05-05,test,test
HAM,HARD,1,19,20,5040.845,5134.178,5134.178,5227.226,19.0,93.333,93.333,0.0,3,93.048,-0.2849999999999966,2024-06,Miami Grand Prix,2024,6,2024-05-05,test,test
RUS,MEDIUM,1,19,20,5042.97,5136.532,5136.532,5230.343,22.0,93.562,93.607,0.045000000000001705,3,93.811,0.24900000000000944,2024-06,Miami Grand Prix,2024,6,2024-05-05,test,test
PER,HARD,2,19,20,5048.757,5141.916,5141.916,5234.985,2.0,93.159,93.159,0.0,1,93.069,-0.09000000000000341,2024-06,Miami Grand Prix,2024,6,2024-05-05,test,test
SAI,MEDIUM,1,20,21,5118.272,5210.9,5210.9,5303.678,20.0,92.628,92.838,0.20999999999999375,3,92.778,0.15000000000000568,2024-06,Miami Grand Prix,2024,6,2024-05-05,test,test
HAM,HARD,1,20,21,5134.178,5227.226,5227.226,5321.411,20.0,93.048,93.306,0.25799999999999557,3,94.185,1.1370000000000005,2024-06,Miami Grand Prix,2024,6,2024-05-05,test,test
RUS,MEDIUM,1,20,21,5136.532,5230.343,5230.343,5324.056,23.0,93.811,93.705,-0.10600000000000875,3,93.713,-0.09800000000001319,2024-06,Miami Grand Prix,2024,6,2024-05-05,test,test
PER,HARD,2,20,21,5141.916,5234.985,5234.985,5327.738,3.0,93.069,93.114,0.045000000000001705,2,92.753,-0.3160000000000025,2024-06,Miami Grand Prix,2024,6,2024-05-05,test,test
SAI,MEDIUM,1,21,22,5210.9,5303.678,5303.678,5396.453,21.0,92.778,92.778,0.0,3,92.775,-0.0030000000000001137,2024-06,Miami Grand Prix,2024,6,2024-05-05,test,test
LEC,HARD,2,21,22,5228.023,5320.136,5320.136,5412.777,2.0,92.113,92.113,0.0,1,92.641,0.5280000000000058,2024-06,Miami Grand Prix,2024,6,2024-05-05,test,test
HAM,HARD,1,21,22,5227.226,5321.411,5321.411,5414.77,21.0,94.185,93.333,-0.8520000000000039,3,93.359,-0.8260000000000076,2024-06,Miami Grand Prix,2024,6,2024-05-05,test,test
SAI,MEDIUM,1,24,25,5503.859,5596.499,5596.499,5688.954,24.0,92.64,92.64,0.0,1,92.455,-0.18500000000000227,2024-06,Miami Grand Prix,2024,6,2024-05-05,test,test
LEC,HARD,2,24,25,5520.501,5612.896,5612.896,5705.175,5.0,92.395,92.395,0.0,1,92.279,-0.11599999999999966,2024-06,Miami Grand Prix,2024,6,2024-05-05,test,test
HAM,HARD,1,24,25,5523.553,5616.405,5616.405,5709.337,24.0,92.852,92.852,0.0,1,92.932,0.0799999999999983,2024-06,Miami Grand Prix,2024,6,2024-05-05,test,test
PER,HARD,2,24,25,5528.579,5620.965,5620.965,5713.728,7.0,92.386,92.386,0.0,1,92.763,0.37700000000000955,2024-06,Miami Grand Prix,2024,6,2024-05-05,test,test
SAI,MEDIUM,1,25,26,5596.499,5688.954,5688.954,5781.527,25.0,92.455,92.5475,0.09250000000000114,2,92.573,0.117999999999995,2024-06,Miami Grand Prix,2024,6,2024-05-05,test,test
VER,HARD,2,25,26,5609.638,5701.936,5701.936,5794.346,2.0,92.298,92.298,0.0,1,92.41,0.11199999999999477,2024-06,Miami Grand Prix,2024,6,2024-05-05,test,test
LEC,HARD,2,25,26,5612.896,5705.175,5705.175,5797.567,6.0,92.279,92.33699999999999,0.057999999999992724,2,92.392,0.11299999999999955,2024-06,Miami Grand Prix,2024,6,2024-05-05,test,test
PER,HARD,2,25,26,5620.965,5713.728,5713.728,5806.24,8.0,92.763,92.5745,-0.18850000000000477,2,92.512,-0.2510000000000048,2024-06,Miami Grand Prix,2024,6,2024-05-05,test,test
VER,HARD,2,26,27,5701.936,5794.346,5794.346,5886.861,3.0,92.41,92.354,-0.055999999999997385,2,92.515,0.10500000000000398,2024-06,Miami Grand Prix,2024,6,2024-05-05,test,test
LEC,HARD,2,26,27,5705.175,5797.567,5797.567,5889.624,7.0,92.392,92.392,0.0,3,92.057,-0.33499999999999375,2024-06,Miami Grand Prix,2024,6,2024-05-05,test,test
PER,HARD,2,26,27,5713.728,5806.24,5806.24,5898.401,9.0,92.512,92.512,0.0,3,92.161,-0.3509999999999991,2024-06,Miami Grand Prix,2024,6,2024-05-05,test,test
RUS,HARD,2,26,27,5731.492,5823.85,5823.85,5916.445,2.0,92.358,92.358,0.0,1,92.595,0.23699999999999477,2024-06,Miami Grand Prix,2024,6,2024-05-05,test,test
VER,HARD,2,33,34,6513.32,6605.547,6605.547,6697.158,10.0,92.227,92.227,0.0,1,91.611,-0.6159999999999997,2024-06,Miami Grand Prix,2024,6,2024-05-05,test,test
LEC,HARD,2,33,34,6513.618,6606.405,6606.405,6697.904,14.0,92.787,92.787,0.0,1,91.499,-1.288000000000011,2024-06,Miami Grand Prix,2024,6,2024-05-05,test,test
PER,MEDIUM,3,33,34,6514.484,6608.073,6608.073,6700.261,10.0,93.589,93.589,0.0,1,92.188,-1.4009999999999962,2024-06,Miami Grand Prix,2024,6,2024-05-05,test,test
HAM,MEDIUM,2,33,34,6515.36,6609.447,6609.447,6701.715,10.0,94.087,94.087,0.0,1,92.268,-1.8190000000000026,2024-06,Miami Grand Prix,2024,6,2024-05-05,test,test
RUS,HARD,2,33,34,6515.924,6610.379,6610.379,6703.141,9.0,94.455,94.455,0.0,1,92.762,-1.6929999999999978,2024-06,Miami Grand Prix,2024,6,2024-05-05,test,test
VER,HARD,2,34,35,6605.547,6697.158,6697.158,6788.567,11.0,91.611,91.91900000000001,0.30800000000000693,2,91.409,-0.20199999999999818,2024-06,Miami Grand Prix,2024,6,2024-05-05,test,test
LEC,HARD,2,34,35,6606.405,6697.904,6697.904,6789.353,15.0,91.499,92.143,0.6440000000000055,2,91.449,-0.04999999999999716,2024-06,Miami Grand Prix,2024,6,2024-05-05,test,test
PER,MEDIUM,3,34,35,6608.073,6700.261,6700.261,6791.85,11.0,92.188,92.8885,0.700499999999991,2,91.589,-0.5990000000000038,2024-06,Miami Grand Prix,2024,6,2024-05-05,test,test
HAM,MEDIUM,2,34,35,6609.447,6701.715,6701.715,6793.1,11.0,92.268,93.17750000000001,0.9095000000000084,2,91.385,-0.8829999999999956,2024-06,Miami Grand Prix,2024,6,2024-05-05,test,test
RUS,HARD,2,34,35,6610.379,6703.141,6703.141,6795.418,10.0,92.762,93.60849999999999,0.8464999999999918,2,92.277,-0.48499999999999943,2024-06,Miami Grand Prix,2024,6,2024-05-05,test,test
VER,HARD,2,35,36,6697.158,6788.567,6788.567,6880.023,12.0,91.409,91.611,0.20199999999999818,3,91.456,0.046999999999997044,2024-06,Miami Grand Prix,2024,6,2024-05-05,test,test
LEC,HARD,2,35,36,6697.904,6789.353,6789.353,6881.217,16.0,91.449,91.499,0.04999999999999716,3,91.864,0.41500000000000625,2024-06,Miami Grand Prix,2024,6,2024-05-05,test,test
SAI,HARD,2,35,36,6699.617,6791.04,6791.04,6883.145,8.0,91.423,91.423,0.0,1,92.105,0.6820000000000022,2024-06,Miami Grand Prix,2024,6,2024-05-05,test,test
PER,MEDIUM,3,35,36,6700.261,6791.85,6791.85,6884.034,12.0,91.589,92.188,0.5990000000000038,3,92.184,0.5949999999999989,2024-06,Miami Grand Prix,2024,6,2024-05-05,test,test
HAM,MEDIUM,2,35,36,6701.715,6793.1,6793.1,6885.34,12.0,91.385,92.268,0.8829999999999956,3,92.24,0.8549999999999898,2024-06,Miami Grand Prix,2024,6,2024-05-05,test,test
RUS,HARD,2,35,36,6703.141,6795.418,6795.418,6887.763,11.0,92.277,92.762,0.48499999999999943,3,92.345,0.06799999999999784,2024-06,Miami Grand Prix,2024,6,2024-05-05,test,test
VER,HARD,2,36,37,6788.567,6880.023,6880.023,6971.4,13.0,91.456,91.456,0.0,3,91.377,-0.07900000000000773,2024-06,Miami Grand Prix,2024,6,2024-05-05,test,test
LEC,HARD,2,36,37,6789.353,6881.217,6881.217,6973.058,17.0,91.864,91.499,-0.3650000000000091,3,91.841,-0.023000000000010346,2024-06,Miami Grand Prix,2024,6,2024-05-05,test,test
SAI,HARD,2,36,37,6791.04,6883.145,6883.145,6975.46,9.0,92.105,91.76400000000001,-0.340999999999994,2,92.315,0.20999999999999375,2024-06,Miami Grand Prix,2024,6,2024-05-05,test,test
PER,MEDIUM,3,36,37,6791.85,6884.034,6884.034,6976.587,13.0,92.184,92.184,0.0,3,92.553,0.3689999999999998,2024-06,Miami Grand Prix,2024,6,2024-05-05,test,test
HAM,MEDIUM,2,36,37,6793.1,6885.34,6885.34,6977.277,13.0,92.24,92.24,0.0,3,91.937,-0.30299999999999727,2024-06,Miami Grand Prix,2024,6,2024-05-05,test,test
RUS,HARD,2,36,37,6795.418,6887.763,6887.763,6980.038,12.0,92.345,92.345,0.0,3,92.275,-0.06999999999999318,2024-06,Miami Grand Prix,2024,6,2024-05-05,test,test
VER,HARD,2,37,38,6880.023,6971.4,6971.4,7062.926,14.0,91.377,91.409,0.03200000000001069,3,91.526,0.1490000000000009,2024-06,Miami Grand Prix,2024,6,2024-05-05,test,test
LEC,HARD,2,37,38,6881.217,6973.058,6973.058,7064.811,18.0,91.841,91.841,0.0,3,91.753,-0.08799999999999386,2024-06,Miami Grand Prix,2024,6,2024-05-05,test,test
SAI,HARD,2,37,38,6883.145,6975.46,6975.46,7066.826,10.0,92.315,92.105,-0.20999999999999375,3,91.366,-0.9489999999999981,2024-06,Miami Grand Prix,2024,6,2024-05-05,test,test
PER,MEDIUM,3,37,38,6884.034,6976.587,6976.587,7068.251,14.0,92.553,92.184,-0.3689999999999998,3,91.664,-0.8889999999999958,2024-06,Miami Grand Prix,2024,6,2024-05-05,test,test
HAM,MEDIUM,2,37,38,6885.34,6977.277,6977.277,7069.049,14.0,91.937,91.937,0.0,3,91.772,-0.16499999999999204,2024-06,Miami Grand Prix,2024,6,2024-05-05,test,test
RUS,HARD,2,37,38,6887.763,6980.038,6980.038,7072.329,13.0,92.275,92.277,0.001999999999995339,3,92.291,0.015999999999991132,2024-06,Miami Grand Prix,2024,6,2024-05-05,test,test
VER,HARD,2,38,39,6971.4,7062.926,7062.926,7154.262,15.0,91.526,91.456,-0.06999999999999318,3,91.336,-0.18999999999999773,2024-06,Miami Grand Prix,2024,6,2024-05-05,test,test
LEC,HARD,2,38,39,6973.058,7064.811,7064.811,7156.372,19.0,91.753,91.841,0.08799999999999386,3,91.561,-0.19199999999999307,2024-06,Miami Grand Prix,2024,6,2024-05-05,test,test
SAI,HARD,2,38,39,6975.46,7066.826,7066.826,7159.024,11.0,91.366,92.105,0.7390000000000043,3,92.198,0.8319999999999936,2024-06,Miami Grand Prix,2024,6,2024-05-05,test,test
PER,MEDIUM,3,38,39,6976.587,7068.251,7068.251,7160.446,15.0,91.664,92.184,0.519999999999996,3,92.195,0.5309999999999917,2024-06,Miami Grand Prix,2024,6,2024-05-05,test,test
HAM,MEDIUM,2,38,39,6977.277,7069.049,7069.049,7161.216,15.0,91.772,91.937,0.16499999999999204,3,92.167,0.394999999999996,2024-06,Miami Grand Prix,2024,6,2024-05-05,test,test
RUS,HARD,2,38,39,6980.038,7072.329,7072.329,7164.577,14.0,92.291,92.291,0.0,3,92.248,-0.042999999999992156,2024-06,Miami Grand Prix,2024,6,2024-05-05,test,test
VER,HARD,2,39,40,7062.926,7154.262,7154.262,7245.749,16.0,91.336,91.377,0.04099999999999682,3,91.487,0.15099999999999625,2024-06,Miami Grand Prix,2024,6,2024-05-05,test,test
LEC,HARD,2,39,40,7064.811,7156.372,7156.372,7248.024,20.0,91.561,91.753,0.19199999999999307,3,91.652,0.09099999999999397,2024-06,Miami Grand Prix,2024,6,2024-05-05,test,test
SAI,HARD,2,39,40,7066.826,7159.024,7159.024,7251.479,12.0,92.198,92.198,0.0,3,92.455,0.257000000000005,2024-06,Miami Grand Prix,2024,6,2024-05-05,test,test
PER,MEDIUM,3,39,40,7068.251,7160.446,7160.446,7253.091,16.0,92.195,92.195,0.0,3,92.645,0.45000000000000284,2024-06,Miami Grand Prix,2024,6,2024-05-05,test,test
HAM,MEDIUM,2,39,40,7069.049,7161.216,7161.216,7253.746,16.0,92.167,91.937,-0.23000000000000398,3,92.53,0.36299999999999955,2024-06,Miami Grand Prix,2024,6,2024-05-05,test,test
RUS,HARD,2,39,40,7072.329,7164.577,7164.577,7256.854,15.0,92.248,92.275,0.027000000000001023,3,92.277,0.028999999999996362,2024-06,Miami Grand Prix,2024,6,2024-05-05,test,test
VER,HARD,2,40,41,7154.262,7245.749,7245.749,7337.124,17.0,91.487,91.487,0.0,3,91.375,-0.11199999999999477,2024-06,Miami Grand Prix,2024,6,2024-05-05,test,test
LEC,HARD,2,40,41,7156.372,7248.024,7248.024,7339.37,21.0,91.652,91.652,0.0,3,91.346,-0.3059999999999974,2024-06,Miami Grand Prix,2024,6,2024-05-05,test,test
SAI,HARD,2,40,41,7159.024,7251.479,7251.479,7343.485,13.0,92.455,92.198,-0.257000000000005,3,92.006,-0.44899999999999807,2024-06,Miami Grand Prix,2024,6,2024-05-05,test,test
PER,MEDIUM,3,40,41,7160.446,7253.091,7253.091,7345.228,17.0,92.645,92.195,-0.45000000000000284,3,92.137,-0.5079999999999956,2024-06,Miami Grand Prix,2024,6,2024-05-05,test,test
HAM,MEDIUM,2,40,41,7161.216,7253.746,7253.746,7345.889,17.0,92.53,92.167,-0.36299999999999955,3,92.143,-0.38700000000000045,2024-06,Miami Grand Prix,2024,6,2024-05-05,test,test
RUS,HARD,2,40,41,7164.577,7256.854,7256.854,7349.502,16.0,92.277,92.277,0.0,3,92.648,0.3709999999999951,2024-06,Miami Grand Prix,2024,6,2024-05-05,test,test
VER,HARD,2,41,42,7245.749,7337.124,7337.124,7428.579,18.0,91.375,91.375,0.0,3,91.455,0.0799999999999983,2024-06,Miami Grand Prix,2024,6,2024-05-05,test,test
LEC,HARD,2,41,42,7248.024,7339.37,7339.37,7430.87,22.0,91.346,91.561,0.2150000000000034,3,91.5,0.15399999999999636,2024-06,Miami Grand Prix,2024,6,2024-05-05,test,test
SAI,HARD,2,41,42,7251.479,7343.485,7343.485,7435.066,14.0,92.006,92.198,0.19199999999999307,3,91.581,-0.42499999999999716,2024-06,Miami Grand Prix,2024,6,2024-05-05,test,test
PER,MEDIUM,3,41,42,7253.091,7345.228,7345.228,7436.741,18.0,92.137,92.195,0.057999999999992724,3,91.513,-0.6239999999999952,2024-06,Miami Grand Prix,2024,6,2024-05-05,test,test
HAM,MEDIUM,2,41,42,7253.746,7345.889,7345.889,7437.561,18.0,92.143,92.167,0.02400000000000091,3,91.672,-0.47100000000000364,2024-06,Miami Grand Prix,2024,6,2024-05-05,test,test
RUS,HARD,2,41,42,7256.854,7349.502,7349.502,7441.669,17.0,92.648,92.277,-0.3709999999999951,3,92.167,-0.48099999999999454,2024-06,Miami Grand Prix,2024,6,2024-05-05,test,test
VER,HARD,2,42,43,7337.124,7428.579,7428.579,7520.014,19.0,91.455,91.455,0.0,3,91.435,-0.01999999999999602,2024-06,Miami Grand Prix,2024,6,2024-05-05,test,test
LEC,HARD,2,42,43,7339.37,7430.87,7430.87,7522.502,23.0,91.5,91.5,0.0,3,91.632,0.132000000000005,2024-06,Miami Grand Prix,2024,6,2024-05-05,test,test
SAI,HARD,2,42,43,7343.485,7435.066,7435.066,7526.118,15.0,91.581,92.006,0.42499999999999716,3,91.052,-0.5289999999999964,2024-06,Miami Grand Prix,2024,6,2024-05-05,test,test
PER,MEDIUM,3,42,43,7345.228,7436.741,7436.741,7528.146,19.0,91.513,92.137,0.6239999999999952,3,91.405,-0.10800000000000409,2024-06,Miami Grand Prix,2024,6,2024-05-05,test,test
HAM,MEDIUM,2,42,43,7345.889,7437.561,7437.561,7528.978,19.0,91.672,92.143,0.47100000000000364,3,91.417,-0.25499999999999545,2024-06,Miami Grand Prix,2024,6,2024-05-05,test,test
RUS,HARD,2,42,43,7349.502,7441.669,7441.669,7533.59,18.0,92.167,92.277,0.10999999999999943,3,91.921,-0.2459999999999951,2024-06,Miami Grand Prix,2024,6,2024-05-05,test,test
VER,HARD,2,43,44,7428.579,7520.014,7520.014,7611.466,20.0,91.435,91.435,0.0,3,91.452,0.016999999999995907,2024-06,Miami Grand Prix,2024,6,2024-05-05,test,test
LEC,HARD,2,43,44,7430.87,7522.502,7522.502,7614.056,24.0,91.632,91.5,-0.132000000000005,3,91.554,-0.07800000000000296,2024-06,Miami Grand Prix,2024,6,2024-05-05,test,test
SAI,HARD,2,43,44,7435.066,7526.118,7526.118,7617.48,16.0,91.052,91.581,0.5289999999999964,3,91.362,0.30999999999998806,2024-06,Miami Grand Prix,2024,6,2024-05-05,test,test
PER,MEDIUM,3,43,44,7436.741,7528.146,7528.146,7619.655,20.0,91.405,91.513,0.10800000000000409,3,91.509,0.1039999999999992,2024-06,Miami Grand Prix,2024,6,2024-05-05,test,test
HAM,MEDIUM,2,43,44,7437.561,7528.978,7528.978,7620.489,20.0,91.417,91.672,0.25499999999999545,3,91.511,0.09399999999999409,2024-06,Miami Grand Prix,2024,6,2024-05-05,test,test
VER,HARD,2,44,45,7520.014,7611.466,7611.466,7703.003,21.0,91.452,91.452,0.0,3,91.537,0.08500000000000796,2024-06,Miami Grand Prix,2024,6,2024-05-05,test,test
LEC,HARD,2,44,45,7522.502,7614.056,7614.056,7705.434,25.0,91.554,91.554,0.0,3,91.378,-0.17600000000000193,2024-06,Miami Grand Prix,2024,6,2024-05-05,test,test
SAI,HARD,2,44,45,7526.118,7617.48,7617.48,7708.981,17.0,91.362,91.362,0.0,3,91.501,0.13900000000001,2024-06,Miami Grand Prix,2024,6,2024-05-05,test,test
PER,MEDIUM,3,44,45,7528.146,7619.655,7619.655,7711.187,21.0,91.509,91.509,0.0,3,91.532,0.022999999999996135,2024-06,Miami Grand Prix,2024,6,2024-05-05,test,test
HAM,MEDIUM,2,44,45,7528.978,7620.489,7620.489,7711.968,21.0,91.511,91.511,0.0,3,91.479,-0.031999999999996476,2024-06,Miami Grand Prix,2024,6,2024-05-05,test,test
VER,HARD,2,45,46,7611.466,7703.003,7703.003,7794.791,22.0,91.537,91.452,-0.08500000000000796,3,91.788,0.25099999999999056,2024-06,Miami Grand Prix,2024,6,2024-05-05,test,test
LEC,HARD,2,45,46,7614.056,7705.434,7705.434,7796.971,26.0,91.378,91.554,0.17600000000000193,3,91.537,0.15900000000000603,2024-06,Miami Grand Prix,2024,6,2024-05-05,test,test
SAI,HARD,2,45,46,7617.48,7708.981,7708.981,7800.329,18.0,91.501,91.362,-0.13900000000001,3,91.348,-0.1530000000000058,2024-06,Miami Grand Prix,2024,6,2024-05-05,test,test
PER,MEDIUM,3,45,46,7619.655,7711.187,7711.187,7802.868,22.0,91.532,91.509,-0.022999999999996135,3,91.681,0.1490000000000009,2024-06,Miami Grand Prix,2024,6,2024-05-05,test,test
HAM,MEDIUM,2,45,46,7620.489,7711.968,7711.968,7803.647,22.0,91.479,91.479,0.0,3,91.679,0.20000000000000284,2024-06,Miami Grand Prix,2024,6,2024-05-05,test,test
RUS,HARD,2,45,46,7627.288,7719.419,7719.419,7811.723,21.0,92.131,92.131,0.0,1,92.304,0.17300000000000182,2024-06,Miami Grand Prix,2024,6,2024-05-05,test,test
VER,HARD,2,46,47,7703.003,7794.791,7794.791,7886.304,23.0,91.788,91.537,-0.25099999999999056,3,91.513,-0.2749999999999915,2024-06,Miami Grand Prix,2024,6,2024-05-05,test,test
LEC,HARD,2,46,47,7705.434,7796.971,7796.971,7888.598,27.0,91.537,91.537,0.0,3,91.627,0.0899999999999892,2024-06,Miami Grand Prix,2024,6,2024-05-05,test,test
SAI,HARD,2,46,47,7708.981,7800.329,7800.329,7891.852,19.0,91.348,91.362,0.013999999999995794,3,91.523,0.17499999999999716,2024-06,Miami Grand Prix,2024,6,2024-05-05,test,test
PER,MEDIUM,3,46,47,7711.187,7802.868,7802.868,7894.237,23.0,91.681,91.532,-0.1490000000000009,3,91.369,-0.3119999999999976,2024-06,Miami Grand Prix,2024,6,2024-05-05,test,test
HAM,MEDIUM,2,46,47,7711.968,7803.647,7803.647,7894.977,23.0,91.679,91.511,-0.16800000000000637,3,91.33,-0.34900000000000375,2024-06,Miami Grand Prix,2024,6,2024-05-05,test,test
RUS,HARD,2,46,47,7719.419,7811.723,7811.723,7903.921,22.0,92.304,92.2175,-0.08650000000000091,2,92.198,-0.10600000000000875,2024-06,Miami Grand Prix,2024,6,2024-05-05,test,test
VER,HARD,2,47,48,7794.791,7886.304,7886.304,7977.565,24.0,91.513,91.537,0.02400000000000091,3,91.261,-0.25200000000000955,2024-06,Miami Grand Prix,2024,6,2024-05-05,test,test
LEC,HARD,2,47,48,7796.971,7888.598,7888.598,7979.825,28.0,91.627,91.537,-0.0899999999999892,3,91.227,-0.3999999999999915,2024-06,Miami Grand Prix,2024,6,2024-05-05,test,test
SAI,HARD,2,47,48,7800.329,7891.852,7891.852,7983.244,20.0,91.523,91.501,-0.02199999999999136,3,91.392,-0.13100000000000023,2024-06,Miami Grand Prix,2024,6,2024-05-05,test,test
PER,MEDIUM,3,47,48,7802.868,7894.237,7894.237,7985.786,24.0,91.369,91.532,0.1629999999999967,3,91.549,0.18000000000000682,2024-06,Miami Grand Prix,2024,6,2024-05-05,test,test
HAM,MEDIUM,2,47,48,7803.647,7894.977,7894.977,7986.603,24.0,91.33,91.479,0.1490000000000009,3,91.626,0.2960000000000065,2024-06,Miami Grand Prix,2024,6,2024-05-05,test,test
RUS,HARD,2,47,48,7811.723,7903.921,7903.921,7996.096,23.0,92.198,92.198,0.0,3,92.175,-0.022999999999996135,2024-06,Miami Grand Prix,2024,6,2024-05-05,test,test
VER,HARD,2,48,49,7886.304,7977.565,7977.565,8069.162,25.0,91.261,91.513,0.25200000000000955,3,91.597,0.3359999999999985,2024-06,Miami Grand Prix,2024,6,2024-05-05,test,test
LEC,HARD,2,48,49,7888.598,7979.825,7979.825,8071.143,29.0,91.227,91.537,0.3100000000000023,3,91.318,0.09099999999999397,2024-06,Miami Grand Prix,2024,6,2024-05-05,test,test
SAI,HARD,2,48,49,7891.852,7983.244,7983.244,8074.659,21.0,91.392,91.392,0.0,3,91.415,0.023000000000010346,2024-06,Miami Grand Prix,2024,6,2024-05-05,test,test
PER,MEDIUM,3,48,49,7894.237,7985.786,7985.786,8077.182,25.0,91.549,91.549,0.0,3,91.396,-0.1530000000000058,2024-06,Miami Grand Prix,2024,6,2024-05-05,test,test
HAM,MEDIUM,2,48,49,7894.977,7986.603,7986.603,8078.035,25.0,91.626,91.626,0.0,3,91.432,-0.19400000000000261,2024-06,Miami Grand Prix,2024,6,2024-05-05,test,test
RUS,HARD,2,48,49,7903.921,7996.096,7996.096,8088.216,24.0,92.175,92.198,0.022999999999996135,3,92.12,-0.05499999999999261,2024-06,Miami Grand Prix,2024,6,2024-05-05,test,test
VER,HARD,2,49,50,7977.565,8069.162,8069.162,8160.5,26.0,91.597,91.513,-0.08399999999998897,3,91.338,-0.25900000000000034,2024-06,Miami Grand Prix,2024,6,2024-05-05,test,test
LEC,HARD,2,49,50,7979.825,8071.143,8071.143,8163.079,30.0,91.318,91.318,0.0,3,91.936,0.6180000000000092,2024-06,Miami Grand Prix,2024,6,2024-05-05,test,test
SAI,HARD,2,49,50,7983.244,8074.659,8074.659,8166.205,22.0,91.415,91.415,0.0,3,91.546,0.13100000000000023,2024-06,Miami Grand Prix,2024,6,2024-05-05,test,test
PER,MEDIUM,3,49,50,7985.786,8077.182,8077.182,8168.917,26.0,91.396,91.396,0.0,3,91.735,0.33899999999999864,2024-06,Miami Grand Prix,2024,6,2024-05-05,test,test
HAM,MEDIUM,2,49,50,7986.603,8078.035,8078.035,8169.66,26.0,91.432,91.432,0.0,3,91.625,0.19299999999999784,2024-06,Miami Grand Prix,2024,6,2024-05-05,test,test
RUS,HARD,2,49,50,7996.096,8088.216,8088.216,8180.654,25.0,92.12,92.175,0.05499999999999261,3,92.438,0.31799999999999784,2024-06,Miami Grand Prix,2024,6,2024-05-05,test,test
VER,HARD,2,50,51,8069.162,8160.5,8160.5,8251.784,27.0,91.338,91.338,0.0,3,91.284,-0.053999999999987836,2024-06,Miami Grand Prix,2024,6,2024-05-05,test,test
LEC,HARD,2,50,51,8071.143,8163.079,8163.079,8254.302,31.0,91.936,91.318,-0.6180000000000092,3,91.223,-0.7130000000000081,2024-06,Miami Grand Prix,2024,6,2024-05-05,test,test
SAI,HARD,2,50,51,8074.659,8166.205,8166.205,8257.244,23.0,91.546,91.415,-0.13100000000000023,3,91.039,-0.507000000000005,2024-06,Miami Grand Prix,2024,6,2024-05-05,test,test
PER,MEDIUM,3,50,51,8077.182,8168.917,8168.917,8260.436,27.0,91.735,91.549,-0.18599999999999284,3,91.519,-0.21599999999999397,2024-06,Miami Grand Prix,2024,6,2024-05-05,test,test
HAM,MEDIUM,2,50,51,8078.035,8169.66,8169.66,8261.16,27.0,91.625,91.625,0.0,3,91.5,-0.125,2024-06,Miami Grand Prix,2024,6,2024-05-05,test,test
RUS,HARD,2,50,51,8088.216,8180.654,8180.654,8272.707,26.0,92.438,92.175,-0.26300000000000523,3,92.053,-0.3850000000000051,2024-06,Miami Grand Prix,2024,6,2024-05-05,test,test
VER,HARD,2,51,52,8160.5,8251.784,8251.784,8343.212,28.0,91.284,91.338,0.053999999999987836,3,91.428,0.14399999999999125,2024-06,Miami Grand Prix,2024,6,2024-05-05,test,test
LEC,HARD,2,51,52,8163.079,8254.302,8254.302,8346.081,32.0,91.223,91.318,0.09499999999999886,3,91.779,0.5559999999999974,2024-06,Miami Grand Prix,2024,6,2024-05-05,test,test
SAI,HARD,2,51,52,8166.205,8257.244,8257.244,8348.607,24.0,91.039,91.415,0.3760000000000048,3,91.363,0.32399999999999807,2024-06,Miami Grand Prix,2024,6,2024-05-05,test,test
PER,MEDIUM,3,51,52,8168.917,8260.436,8260.436,8351.966,28.0,91.519,91.519,0.0,3,91.53,0.01099999999999568,2024-06,Miami Grand Prix,2024,6,2024-05-05,test,test
HAM,MEDIUM,2,51,52,8169.66,8261.16,8261.16,8352.856,28.0,91.5,91.5,0.0,3,91.696,0.19599999999999795,2024-06,Miami Grand Prix,2024,6,2024-05-05,test,test
RUS,HARD,2,51,52,8180.654,8272.707,8272.707,8364.892,27.0,92.053,92.12,0.06700000000000728,3,92.185,0.132000000000005,2024-06,Miami Grand Prix,2024,6,2024-05-05,test,test
VER,HARD,2,52,53,8251.784,8343.212,8343.212,8434.685,29.0,91.428,91.338,-0.09000000000000341,3,91.473,0.045000000000001705,2024-06,Miami Grand Prix,2024,6,2024-05-05,test,test
LEC,HARD,2,52,53,8254.302,8346.081,8346.081,8437.536,33.0,91.779,91.779,0.0,3,91.455,-0.32399999999999807,2024-06,Miami Grand Prix,2024,6,2024-05-05,test,test
SAI,HARD,2,52,53,8257.244,8348.607,8348.607,8440.174,25.0,91.363,91.363,0.0,3,91.567,0.20399999999999352,2024-06,Miami Grand Prix,2024,6,2024-05-05,test,test
PER,MEDIUM,3,52,53,8260.436,8351.966,8351.966,8443.282,29.0,91.53,91.53,0.0,3,91.316,-0.21399999999999864,2024-06,Miami Grand Prix,2024,6,2024-05-05,test,test
HAM,MEDIUM,2,52,53,8261.16,8352.856,8352.856,8444.228,29.0,91.696,91.625,-0.07099999999999795,3,91.372,-0.32399999999999807,2024-06,Miami Grand Prix,2024,6,2024-05-05,test,test
RUS,HARD,2,52,53,8272.707,8364.892,8364.892,8458.286,28.0,92.185,92.185,0.0,3,93.394,1.2090000000000032,2024-06,Miami Grand Prix,2024,6,2024-05-05,test,test
VER,HARD,2,53,54,8343.212,8434.685,8434.685,8526.231,30.0,91.473,91.428,-0.045000000000001705,3,91.546,0.0730000000000075,2024-06,Miami Grand Prix,2024,6,2024-05-05,test,test
LEC,HARD,2,53,54,8346.081,8437.536,8437.536,8529.128,34.0,91.455,91.455,0.0,3,91.592,0.13700000000000045,2024-06,Miami Grand Prix,2024,6,2024-05-05,test,test
SAI,HARD,2,53,54,8348.607,8440.174,8440.174,8531.499,26.0,91.567,91.363,-0.20399999999999352,3,91.325,-0.24199999999999022,2024-06,Miami Grand Prix,2024,6,2024-05-05,test,test
PER,MEDIUM,3,53,54,8351.966,8443.282,8443.282,8534.46,30.0,91.316,91.519,0.20300000000000296,3,91.178,-0.13800000000000523,2024-06,Miami Grand Prix,2024,6,2024-05-05,test,test
HAM,MEDIUM,2,53,54,8352.856,8444.228,8444.228,8535.461,30.0,91.372,91.5,0.1280000000000001,3,91.233,-0.1389999999999958,2024-06,Miami Grand Prix,2024,6,2024-05-05,test,test
RUS,HARD,2,53,54,8364.892,8458.286,8458.286,8550.823,29.0,93.394,92.185,-1.2090000000000032,3,92.537,-0.8569999999999993,2024-06,Miami Grand Prix,2024,6,2024-05-05,test,test
VER,HARD,2,54,55,8434.685,8526.231,8526.231,8617.639,31.0,91.546,91.473,-0.0730000000000075,3,91.408,-0.13800000000000523,2024-06,Miami Grand Prix,2024,6,2024-05-05,test,test
LEC,HARD,2,54,55,8437.536,8529.128,8529.128,8620.409,35.0,91.592,91.592,0.0,3,91.281,-0.31099999999999284,2024-06,Miami Grand Prix,2024,6,2024-05-05,test,test
SAI,HARD,2,54,55,8440.174,8531.499,8531.499,8622.427,27.0,91.325,91.363,0.0379999999999967,3,90.928,-0.39700000000000557,2024-06,Miami Grand Prix,2024,6,2024-05-05,test,test
PER,MEDIUM,3,54,55,8443.282,8534.46,8534.46,8625.315,31.0,91.178,91.316,0.13800000000000523,3,90.855,-0.3229999999999933,2024-06,Miami Grand Prix,2024,6,2024-05-05,test,test
HAM,MEDIUM,2,54,55,8444.228,8535.461,8535.461,8626.715,31.0,91.233,91.372,0.1389999999999958,3,91.254,0.021000000000000796,2024-06,Miami Grand Prix,2024,6,2024-05-05,test,test
RUS,HARD,2,54,55,8458.286,8550.823,8550.823,8642.853,30.0,92.537,92.537,0.0,3,92.03,-0.507000000000005,2024-06,Miami Grand Prix,2024,6,2024-05-05,test,test
VER,HARD,2,55,56,8526.231,8617.639,8617.639,8709.129,32.0,91.408,91.473,0.06499999999999773,3,91.49,0.08199999999999363,2024-06,Miami Grand Prix,2024,6,2024-05-05,test,test
LEC,HARD,2,55,56,8529.128,8620.409,8620.409,8711.493,36.0,91.281,91.455,0.17399999999999238,3,91.084,-0.19700000000000273,2024-06,Miami Grand Prix,2024,6,2024-05-05,test,test
SAI,HARD,2,55,56,8531.499,8622.427,8622.427,8713.489,28.0,90.928,91.325,0.39700000000000557,3,91.062,0.13400000000000034,2024-06,Miami Grand Prix,2024,6,2024-05-05,test,test
PER,MEDIUM,3,55,56,8534.46,8625.315,8625.315,8716.609,32.0,90.855,91.178,0.3229999999999933,3,91.294,0.43899999999999295,2024-06,Miami Grand Prix,2024,6,2024-05-05,test,test
HAM,MEDIUM,2,55,56,8535.461,8626.715,8626.715,8718.144,32.0,91.254,91.254,0.0,3,91.429,0.17499999999999716,2024-06,Miami Grand Prix,2024,6,2024-05-05,test,test
RUS,HARD,2,55,56,8550.823,8642.853,8642.853,8735.232,31.0,92.03,92.537,0.507000000000005,3,92.379,0.34900000000000375,2024-06,Miami Grand Prix,2024,6,2024-05-05,test,test
VER,HARD,2,56,57,8617.639,8709.129,8709.129,8800.828,33.0,91.49,91.49,0.0,3,91.699,0.20900000000000318,2024-06,Miami Grand Prix,2024,6,2024-05-05,test,test
LEC,HARD,2,56,57,8620.409,8711.493,8711.493,8803.122,37.0,91.084,91.281,0.19700000000000273,3,91.629,0.5450000000000017,2024-06,Miami Grand Prix,2024,6,2024-05-05,test,test
SAI,HARD,2,56,57,8622.427,8713.489,8713.489,8804.589,29.0,91.062,91.062,0.0,3,91.1,0.0379999999999967,2024-06,Miami Grand Prix,2024,6,2024-05-05,test,test
PER,MEDIUM,3,56,57,8625.315,8716.609,8716.609,8807.832,33.0,91.294,91.178,-0.11599999999999966,3,91.223,-0.07099999999999795,2024-06,Miami Grand Prix,2024,6,2024-05-05,test,test
HAM,MEDIUM,2,56,57,8626.715,8718.144,8718.144,8809.767,33.0,91.429,91.254,-0.17499999999999716,3,91.623,0.19400000000000261,2024-06,Miami Grand Prix,2024,6,2024-05-05,test,test
RUS,HARD,2,56,57,8642.853,8735.232,8735.232,8827.971,32.0,92.379,92.379,0.0,3,92.739,0.35999999999999943,2024-06,Miami Grand Prix,2024,6,2024-05-05,test,test
VER,MEDIUM,1,2,3,3419.731,3500.327,3500.327,3581.199,2.0,80.596,80.596,0.0,1,80.872,0.27599999999999625,2024-07,Emilia Romagna Grand Prix,2024,7,2024-05-19,test,test
LEC,MEDIUM,1,2,3,3421.43,3502.356,3502.356,3583.287,2.0,80.926,80.926,0.0,1,80.931,0.0049999999999954525,2024-07,Emilia Romagna Grand Prix,2024,7,2024-05-19,test,test
SAI,MEDIUM,1,2,3,3421.999,3503.101,3503.101,3584.067,2.0,81.102,81.102,0.0,1,80.966,-0.1360000000000099,2024-07,Emilia Romagna Grand Prix,2024,7,2024-05-19,test,test
RUS,MEDIUM,1,2,3,3423.348,3504.91,3504.91,3586.045,2.0,81.562,81.562,0.0,1,81.135,-0.4269999999999925,2024-07,Emilia Romagna Grand Prix,2024,7,2024-05-19,test,test
HAM,MEDIUM,1,2,3,3423.961,3505.802,3505.802,3587.024,2.0,81.841,81.841,0.0,1,81.222,-0.6189999999999998,2024-07,Emilia Romagna Grand Prix,2024,7,2024-05-19,test,test
PER,HARD,1,2,3,3425.625,3508.224,3508.224,3590.137,2.0,82.599,82.599,0.0,1,81.913,-0.686000000000007,2024-07,Emilia Romagna Grand Prix,2024,7,2024-05-19,test,test
VER,MEDIUM,1,3,4,3500.327,3581.199,3581.199,3661.87,3.0,80.872,80.73400000000001,-0.13799999999999102,2,80.671,-0.2009999999999934,2024-07,Emilia Romagna Grand Prix,2024,7,2024-05-19,test,test
LEC,MEDIUM,1,3,4,3502.356,3583.287,3583.287,3664.566,3.0,80.931,80.9285,-0.0024999999999977263,2,81.279,0.347999999999999,2024-07,Emilia Romagna Grand Prix,2024,7,2024-05-19,test,test
SAI,MEDIUM,1,3,4,3503.101,3584.067,3584.067,3665.408,3.0,80.966,81.03399999999999,0.06799999999999784,2,81.341,0.375,2024-07,Emilia Romagna Grand Prix,2024,7,2024-05-19,test,test
RUS,MEDIUM,1,3,4,3504.91,3586.045,3586.045,3667.673,3.0,81.135,81.3485,0.21349999999999625,2,81.628,0.492999999999995,2024-07,Emilia Romagna Grand Prix,2024,7,2024-05-19,test,test
HAM,MEDIUM,1,3,4,3505.802,3587.024,3587.024,3668.739,3.0,81.222,81.5315,0.3094999999999999,2,81.715,0.4930000000000092,2024-07,Emilia Romagna Grand Prix,2024,7,2024-05-19,test,test
PER,HARD,1,3,4,3508.224,3590.137,3590.137,3672.319,3.0,81.913,82.256,0.3430000000000035,2,82.182,0.26900000000000546,2024-07,Emilia Romagna Grand Prix,2024,7,2024-05-19,test,test
VER,MEDIUM,1,4,5,3581.199,3661.87,3661.87,3742.604,4.0,80.671,80.671,0.0,3,80.734,0.06299999999998818,2024-07,Emilia Romagna Grand Prix,2024,7,2024-05-19,test,test
LEC,MEDIUM,1,4,5,3583.287,3664.566,3664.566,3745.688,4.0,81.279,80.931,-0.347999999999999,3,81.122,-0.15699999999999648,2024-07,Emilia Romagna Grand Prix,2024,7,2024-05-19,test,test
SAI,MEDIUM,1,4,5,3584.067,3665.408,3665.408,3746.684,4.0,81.341,81.102,-0.2389999999999901,3,81.276,-0.06499999999999773,2024-07,Emilia Romagna Grand Prix,2024,7,2024-05-19,test,test
RUS,MEDIUM,1,4,5,3586.045,3667.673,3667.673,3749.148,4.0,81.628,81.562,-0.0660000000000025,3,81.475,-0.1530000000000058,2024-07,Emilia Romagna Grand Prix,2024,7,2024-05-19,test,test
HAM,MEDIUM,1,4,5,3587.024,3668.739,3668.739,3750.283,4.0,81.715,81.715,0.0,3,81.544,-0.17100000000000648,2024-07,Emilia Romagna Grand Prix,2024,7,2024-05-19,test,test
PER,HARD,1,4,5,3590.137,3672.319,3672.319,3754.472,4.0,82.182,82.182,0.0,3,82.153,-0.028999999999996362,2024-07,Emilia Romagna Grand Prix,2024,7,2024-05-19,test,test
VER,MEDIUM,1,5,6,3661.87,3742.604,3742.604,3823.472,5.0,80.734,80.734,0.0,3,80.868,0.13400000000000034,2024-07,Emilia Romagna Grand Prix,2024,7,2024-05-19,test,test
LEC,MEDIUM,1,5,6,3664.566,3745.688,3745.688,3826.731,5.0,81.122,81.122,0.0,3,81.043,-0.07899999999999352,2024-07,Emilia Romagna Grand Prix,2024,7,2024-05-19,test,test
SAI,MEDIUM,1,5,6,3665.408,3746.684,3746.684,3827.844,5.0,81.276,81.276,0.0,3,81.16,-0.11599999999999966,2024-07,Emilia Romagna Grand Prix,2024,7,2024-05-19,test,test
RUS,MEDIUM,1,5,6,3667.673,3749.148,3749.148,3830.64,5.0,81.475,81.475,0.0,3,81.492,0.017000000000010118,2024-07,Emilia Romagna Grand Prix,2024,7,2024-05-19,test,test
HAM,MEDIUM,1,5,6,3668.739,3750.283,3750.283,3831.852,5.0,81.544,81.544,0.0,3,81.569,0.025000000000005684,2024-07,Emilia Romagna Grand Prix,2024,7,2024-05-19,test,test
PER,HARD,1,5,6,3672.319,3754.472,3754.472,3836.672,5.0,82.153,82.153,0.0,3,82.2,0.046999999999997044,2024-07,Emilia Romagna Grand Prix,2024,7,2024-05-19,test,test
VER,MEDIUM,1,6,7,3742.604,3823.472,3823.472,3904.34,6.0,80.868,80.734,-0.13400000000000034,3,80.868,0.0,2024-07,Emilia Romagna Grand Prix,2024,7,2024-05-19,test,test
LEC,MEDIUM,1,6,7,3745.688,3826.731,3826.731,3907.756,6.0,81.043,81.122,0.07899999999999352,3,81.025,-0.018000000000000682,2024-07,Emilia Romagna Grand Prix,2024,7,2024-05-19,test,test
SAI,MEDIUM,1,6,7,3746.684,3827.844,3827.844,3909.08,6.0,81.16,81.276,0.11599999999999966,3,81.236,0.07600000000000762,2024-07,Emilia Romagna Grand Prix,2024,7,2024-05-19,test,test
RUS,MEDIUM,1,6,7,3749.148,3830.64,3830.64,3911.907,6.0,81.492,81.492,0.0,3,81.267,-0.22500000000000853,2024-07,Emilia Romagna Grand Prix,2024,7,2024-05-19,test,test
HAM,MEDIUM,1,6,7,3750.283,3831.852,3831.852,3913.298,6.0,81.569,81.569,0.0,3,81.446,-0.12300000000000466,2024-07,Emilia Romagna Grand Prix,2024,7,2024-05-19,test,test
PER,HARD,1,6,7,3754.472,3836.672,3836.672,3919.313,6.0,82.2,82.182,-0.018000000000000682,3,82.641,0.4410000000000025,2024-07,Emilia Romagna Grand Prix,2024,7,2024-05-19,test,test
VER,MEDIUM,1,7,8,3823.472,3904.34,3904.34,3985.102,7.0,80.868,80.868,0.0,3,80.762,-0.10599999999999454,2024-07,Emilia Romagna Grand Prix,2024,7,2024-05-19,test,test
LEC,MEDIUM,1,7,8,3826.731,3907.756,3907.756,3988.872,7.0,81.025,81.043,0.018000000000000682,3,81.116,0.09099999999999397,2024-07,Emilia Romagna Grand Prix,2024,7,2024-05-19,test,test
SAI,MEDIUM,1,7,8,3827.844,3909.08,3909.08,3990.511,7.0,81.236,81.236,0.0,3,81.431,0.19499999999999318,2024-07,Emilia Romagna Grand Prix,2024,7,2024-05-19,test,test
RUS,MEDIUM,1,7,8,3830.64,3911.907,3911.907,3993.282,7.0,81.267,81.475,0.2079999999999984,3,81.375,0.10800000000000409,2024-07,Emilia Romagna Grand Prix,2024,7,2024-05-19,test,test
HAM,MEDIUM,1,7,8,3831.852,3913.298,3913.298,3994.891,7.0,81.446,81.544,0.09799999999999898,3,81.593,0.14700000000000557,2024-07,Emilia Romagna Grand Prix,2024,7,2024-05-19,test,test
PER,HARD,1,7,8,3836.672,3919.313,3919.313,4001.651,7.0,82.641,82.2,-0.4410000000000025,3,82.338,-0.3030000000000115,2024-07,Emilia Romagna Grand Prix,2024,7,2024-05-19,test,test
VER,MEDIUM,1,8,9,3904.34,3985.102,3985.102,4065.645,8.0,80.762,80.868,0.10599999999999454,3,80.543,-0.2189999999999941,2024-07,Emilia Romagna Grand Prix,2024,7,2024-05-19,test,test
LEC,MEDIUM,1,8,9,3907.756,3988.872,3988.872,4070.087,8.0,81.116,81.043,-0.07299999999999329,3,81.215,0.09900000000000375,2024-07,Emilia Romagna Grand Prix,2024,7,2024-05-19,test,test
SAI,MEDIUM,1,8,9,3909.08,3990.511,3990.511,4072.004,8.0,81.431,81.236,-0.19499999999999318,3,81.493,0.06199999999999761,2024-07,Emilia Romagna Grand Prix,2024,7,2024-05-19,test,test
RUS,MEDIUM,1,8,9,3911.907,3993.282,3993.282,4074.873,8.0,81.375,81.375,0.0,3,81.591,0.21599999999999397,2024-07,Emilia Romagna Grand Prix,2024,7,2024-05-19,test,test
HAM,MEDIUM,1,8,9,3913.298,3994.891,3994.891,4076.401,8.0,81.593,81.569,-0.02400000000000091,3,81.51,-0.08299999999999841,2024-07,Emilia Romagna Grand Prix,2024,7,2024-05-19,test,test
PER,HARD,1,8,9,3919.313,4001.651,4001.651,4084.242,8.0,82.338,82.338,0.0,3,82.591,0.2530000000000001,2024-07,Emilia Romagna Grand Prix,2024,7,2024-05-19,test,test
VER,MEDIUM,1,9,10,3985.102,4065.645,4065.645,4146.738,9.0,80.543,80.762,0.2189999999999941,3,81.093,0.5499999999999972,2024-07,Emilia Romagna Grand Prix,2024,7,2024-05-19,test,test
LEC,MEDIUM,1,9,10,3988.872,4070.087,4070.087,4151.474,9.0,81.215,81.116,-0.09900000000000375,3,81.387,0.17199999999999704,2024-07,Emilia Romagna Grand Prix,2024,7,2024-05-19,test,test
SAI,MEDIUM,1,9,10,3990.511,4072.004,4072.004,4153.59,9.0,81.493,81.431,-0.06199999999999761,3,81.586,0.09300000000000352,2024-07,Emilia Romagna Grand Prix,2024,7,2024-05-19,test,test
RUS,MEDIUM,1,9,10,3993.282,4074.873,4074.873,4156.469,9.0,81.591,81.375,-0.21599999999999397,3,81.596,0.005000000000009663,2024-07,Emilia Romagna Grand Prix,2024,7,2024-05-19,test,test
HAM,MEDIUM,1,9,10,3994.891,4076.401,4076.401,4157.945,9.0,81.51,81.51,0.0,3,81.544,0.033999999999991815,2024-07,Emilia Romagna Grand Prix,2024,7,2024-05-19,test,test
PER,HARD,1,9,10,4001.651,4084.242,4084.242,4166.787,9.0,82.591,82.591,0.0,3,82.545,-0.04599999999999227,2024-07,Emilia Romagna Grand Prix,2024,7,2024-05-19,test,test
LEC,MEDIUM,1,10,11,4070.087,4151.474,4151.474,4232.621,10.0,81.387,81.215,-0.17199999999999704,3,81.147,-0.23999999999999488,2024-07,Emilia Romagna Grand Prix,2024,7,2024-05-19,test,test
SAI,MEDIUM,1,10,11,4072.004,4153.59,4153.59,4234.906,10.0,81.586,81.493,-0.09300000000000352,3,81.316,-0.269999999999996,2024-07,Emilia Romagna Grand Prix,2024,7,2024-05-19,test,test
RUS,MEDIUM,1,10,11,4074.873,4156.469,4156.469,4237.935,10.0,81.596,81.591,-0.005000000000009663,3,81.466,-0.13000000000000966,2024-07,Emilia Romagna Grand Prix,2024,7,2024-05-19,test,test
HAM,MEDIUM,1,10,11,4076.401,4157.945,4157.945,4239.417,10.0,81.544,81.544,0.0,3,81.472,-0.07200000000000273,2024-07,Emilia Romagna Grand Prix,2024,7,2024-05-19,test,test
PER,HARD,1,10,11,4084.242,4166.787,4166.787,4248.915,10.0,82.545,82.545,0.0,3,82.128,-0.4170000000000016,2024-07,Emilia Romagna Grand Prix,2024,7,2024-05-19,test,test
LEC,MEDIUM,1,11,12,4151.474,4232.621,4232.621,4313.97,11.0,81.147,81.215,0.06799999999999784,3,81.349,0.20199999999999818,2024-07,Emilia Romagna Grand Prix,2024,7,2024-05-19,test,test
SAI,MEDIUM,1,11,12,4153.59,4234.906,4234.906,4316.806,11.0,81.316,81.493,0.1769999999999925,3,81.9,0.5840000000000032,2024-07,Emilia Romagna Grand Prix,2024,7,2024-05-19,test,test
RUS,MEDIUM,1,11,12,4156.469,4237.935,4237.935,4319.755,11.0,81.466,81.591,0.125,3,81.82,0.3539999999999992,2024-07,Emilia Romagna Grand Prix,2024,7,2024-05-19,test,test
HAM,MEDIUM,1,11,12,4157.945,4239.417,4239.417,4321.173,11.0,81.472,81.51,0.038000000000010914,3,81.756,0.284000000000006,2024-07,Emilia Romagna Grand Prix,2024,7,2024-05-19,test,test
PER,HARD,1,11,12,4166.787,4248.915,4248.915,4331.362,11.0,82.128,82.545,0.4170000000000016,3,82.447,0.3190000000000026,2024-07,Emilia Romagna Grand Prix,2024,7,2024-05-19,test,test
VER,MEDIUM,1,12,13,4227.623,4308.91,4308.91,4389.983,12.0,81.287,81.287,0.0,1,81.073,-0.21400000000001285,2024-07,Emilia Romagna Grand Prix,2024,7,2024-05-19,test,test
LEC,MEDIUM,1,12,13,4232.621,4313.97,4313.97,4395.412,12.0,81.349,81.349,0.0,3,81.442,0.09299999999998931,2024-07,Emilia Romagna Grand Prix,2024,7,2024-05-19,test,test
SAI,MEDIUM,1,12,13,4234.906,4316.806,4316.806,4398.553,12.0,81.9,81.586,-0.31400000000000716,3,81.747,-0.1530000000000058,2024-07,Emilia Romagna Grand Prix,2024,7,2024-05-19,test,test
RUS,MEDIUM,1,12,13,4237.935,4319.755,4319.755,4401.622,12.0,81.82,81.596,-0.22399999999998954,3,81.867,0.047000000000011255,2024-07,Emilia Romagna Grand Prix,2024,7,2024-05-19,test,test
HAM,MEDIUM,1,12,13,4239.417,4321.173,4321.173,4402.94,12.0,81.756,81.544,-0.2120000000000033,3,81.767,0.01099999999999568,2024-07,Emilia Romagna Grand Prix,2024,7,2024-05-19,test,test
PER,HARD,1,12,13,4248.915,4331.362,4331.362,4413.721,12.0,82.447,82.447,0.0,3,82.359,-0.08800000000000807,2024-07,Emilia Romagna Grand Prix,2024,7,2024-05-19,test,test
VER,MEDIUM,1,13,14,4308.91,4389.983,4389.983,4470.965,13.0,81.073,81.18,0.10700000000001353,2,80.982,-0.09099999999999397,2024-07,Emilia Romagna Grand Prix,2024,7,2024-05-19,test,test
LEC,MEDIUM,1,13,14,4313.97,4395.412,4395.412,4477.073,13.0,81.442,81.349,-0.09299999999998931,3,81.661,0.2190000000000083,2024-07,Emilia Romagna Grand Prix,2024,7,2024-05-19,test,test
SAI,MEDIUM,1,13,14,4316.806,4398.553,4398.553,4480.191,13.0,81.747,81.747,0.0,3,81.638,-0.10899999999999466,2024-07,Emilia Romagna Grand Prix,2024,7,2024-05-19,test,test
RUS,MEDIUM,1,13,14,4319.755,4401.622,4401.622,4483.44,13.0,81.867,81.82,-0.047000000000011255,3,81.818,-0.049000000000006594,2024-07,Emilia Romagna Grand Prix,2024,7,2024-05-19,test,test
HAM,MEDIUM,1,13,14,4321.173,4402.94,4402.94,4485.02,13.0,81.767,81.756,-0.01099999999999568,3,82.08,0.3130000000000024,2024-07,Emilia Romagna Grand Prix,2024,7,2024-05-19,test,test
PER,HARD,1,13,14,4331.362,4413.721,4413.721,4495.549,13.0,82.359,82.359,0.0,3,81.828,-0.5309999999999917,2024-07,Emilia Romagna Grand Prix,2024,7,2024-05-19,test,test
LEC,MEDIUM,1,14,15,4395.412,4477.073,4477.073,4558.537,14.0,81.661,81.442,-0.2190000000000083,3,81.464,-0.19700000000000273,2024-07,Emilia Romagna Grand Prix,2024,7,2024-05-19,test,test
SAI,MEDIUM,1,14,15,4398.553,4480.191,4480.191,4561.801,14.0,81.638,81.747,0.10899999999999466,3,81.61,-0.028000000000005798,2024-07,Emilia Romagna Grand Prix,2024,7,2024-05-19,test,test
RUS,MEDIUM,1,14,15,4401.622,4483.44,4483.44,4565.284,14.0,81.818,81.82,0.001999999999995339,3,81.844,0.02599999999999625,2024-07,Emilia Romagna Grand Prix,2024,7,2024-05-19,test,test
HAM,MEDIUM,1,14,15,4402.94,4485.02,4485.02,4566.749,14.0,82.08,81.767,-0.3130000000000024,3,81.729,-0.3509999999999991,2024-07,Emilia Romagna Grand Prix,2024,7,2024-05-19,test,test
PER,HARD,1,14,15,4413.721,4495.549,4495.549,4577.231,14.0,81.828,82.359,0.5309999999999917,3,81.682,-0.1460000000000008,2024-07,Emilia Romagna Grand Prix,2024,7,2024-05-19,test,test
LEC,MEDIUM,1,15,16,4477.073,4558.537,4558.537,4640.501,15.0,81.464,81.464,0.0,3,81.964,0.5,2024-07,Emilia Romagna Grand Prix,2024,7,2024-05-19,test,test
SAI,MEDIUM,1,15,16,4480.191,4561.801,4561.801,4643.472,15.0,81.61,81.638,0.028000000000005798,3,81.671,0.06100000000000705,2024-07,Emilia Romagna Grand Prix,2024,7,2024-05-19,test,test
RUS,MEDIUM,1,15,16,4483.44,4565.284,4565.284,4647.051,15.0,81.844,81.844,0.0,3,81.767,-0.07699999999999818,2024-07,Emilia Romagna Grand Prix,2024,7,2024-05-19,test,test
HAM,MEDIUM,1,15,16,4485.02,4566.749,4566.749,4648.948,15.0,81.729,81.767,0.0379999999999967,3,82.199,0.46999999999999886,2024-07,Emilia Romagna Grand Prix,2024,7,2024-05-19,test,test
PER,HARD,1,15,16,4495.549,4577.231,4577.231,4659.068,15.0,81.682,81.828,0.1460000000000008,3,81.837,0.15500000000000114,2024-07,Emilia Romagna Grand Prix,2024,7,2024-05-19,test,test
VER,MEDIUM,1,16,17,4552.288,4633.65,4633.65,4714.978,16.0,81.362,81.362,0.0,1,81.328,-0.033999999999991815,2024-07,Emilia Romagna Grand Prix,2024,7,2024-05-19,test,test
LEC,MEDIUM,1,16,17,4558.537,4640.501,4640.501,4722.215,16.0,81.964,81.661,-0.30299999999999727,3,81.714,-0.25,2024-07,Emilia Romagna Grand Prix,2024,7,2024-05-19,test,test
SAI,MEDIUM,1,16,17,4561.801,4643.472,4643.472,4725.645,16.0,81.671,81.638,-0.03300000000000125,3,82.173,0.5019999999999953,2024-07,Emilia Romagna Grand Prix,2024,7,2024-05-19,test,test
RUS,MEDIUM,1,16,17,4565.284,4647.051,4647.051,4729.042,16.0,81.767,81.818,0.05100000000000193,3,81.991,0.22400000000000375,2024-07,Emilia Romagna Grand Prix,2024,7,2024-05-19,test,test
HAM,MEDIUM,1,16,17,4566.749,4648.948,4648.948,4730.794,16.0,82.199,82.08,-0.11899999999999977,3,81.846,-0.35299999999999443,2024-07,Emilia Romagna Grand Prix,2024,7,2024-05-19,test,test
VER,MEDIUM,1,17,18,4633.65,4714.978,4714.978,4796.389,17.0,81.328,81.345,0.016999999999995907,2,81.411,0.08299999999999841,2024-07,Emilia Romagna Grand Prix,2024,7,2024-05-19,test,test
LEC,MEDIUM,1,17,18,4640.501,4722.215,4722.215,4803.934,17.0,81.714,81.714,0.0,3,81.719,0.0049999999999954525,2024-07,Emilia Romagna Grand Prix,2024,7,2024-05-19,test,test
SAI,MEDIUM,1,17,18,4643.472,4725.645,4725.645,4807.383,17.0,82.173,81.671,-0.5019999999999953,3,81.738,-0.4350000000000023,2024-07,Emilia Romagna Grand Prix,2024,7,2024-05-19,test,test
RUS,MEDIUM,1,17,18,4647.051,4729.042,4729.042,4811.25,17.0,81.991,81.844,-0.14700000000000557,3,82.208,0.21699999999999875,2024-07,Emilia Romagna Grand Prix,2024,7,2024-05-19,test,test
HAM,MEDIUM,1,17,18,4648.948,4730.794,4730.794,4812.814,17.0,81.846,81.846,0.0,3,82.02,0.17399999999999238,2024-07,Emilia Romagna Grand Prix,2024,7,2024-05-19,test,test
VER,MEDIUM,1,18,19,4714.978,4796.389,4796.389,4877.906,18.0,81.411,81.362,-0.049000000000006594,3,81.517,0.10599999999999454,2024-07,Emilia Romagna Grand Prix,2024,7,2024-05-19,test,test
LEC,MEDIUM,1,18,19,4722.215,4803.934,4803.934,4885.606,18.0,81.719,81.719,0.0,3,81.672,-0.046999999999997044,2024-07,Emilia Romagna Grand Prix,2024,7,2024-05-19,test,test
SAI,MEDIUM,1,18,19,4725.645,4807.383,4807.383,4889.496,18.0,81.738,81.738,0.0,3,82.113,0.375,2024-07,Emilia Romagna Grand Prix,2024,7,2024-05-19,test,test
RUS,MEDIUM,1,18,19,4729.042,4811.25,4811.25,4893.28,18.0,82.208,81.991,-0.21699999999999875,3,82.03,-0.17799999999999727,2024-07,Emilia Romagna Grand Prix,2024,7,2024-05-19,test,test
HAM,MEDIUM,1,18,19,4730.794,4812.814,4812.814,4894.788,18.0,82.02,82.02,0.0,3,81.974,-0.04599999999999227,2024-07,Emilia Romagna Grand Prix,2024,7,2024-05-19,test,test
PER,HARD,1,18,19,4745.868,4828.303,4828.303,4910.157,18.0,82.435,82.435,0.0,1,81.854,-0.5810000000000031,2024-07,Emilia Romagna Grand Prix,2024,7,2024-05-19,test,test
LEC,MEDIUM,1,19,20,4803.934,4885.606,4885.606,4967.363,19.0,81.672,81.714,0.04200000000000159,3,81.757,0.08500000000000796,2024-07,Emilia Romagna Grand Prix,2024,7,2024-05-19,test,test
SAI,MEDIUM,1,19,20,4807.383,4889.496,4889.496,4971.521,19.0,82.113,82.113,0.0,3,82.025,-0.08799999999999386,2024-07,Emilia Romagna Grand Prix,2024,7,2024-05-19,test,test
RUS,MEDIUM,1,19,20,4811.25,4893.28,4893.28,4975.495,19.0,82.03,82.03,0.0,3,82.215,0.18500000000000227,2024-07,Emilia Romagna Grand Prix,2024,7,2024-05-19,test,test
HAM,MEDIUM,1,19,20,4812.814,4894.788,4894.788,4977.01,19.0,81.974,81.974,0.0,3,82.222,0.24799999999999045,2024-07,Emilia Romagna Grand Prix,2024,7,2024-05-19,test,test
PER,HARD,1,19,20,4828.303,4910.157,4910.157,4992.425,19.0,81.854,82.1445,0.29049999999999443,2,82.268,0.4140000000000015,2024-07,Emilia Romagna Grand Prix,2024,7,2024-05-19,test,test
LEC,MEDIUM,1,20,21,4885.606,4967.363,4967.363,5049.032,20.0,81.757,81.719,-0.038000000000010914,3,81.669,-0.08800000000000807,2024-07,Emilia Romagna Grand Prix,2024,7,2024-05-19,test,test
SAI,MEDIUM,1,20,21,4889.496,4971.521,4971.521,5053.527,20.0,82.025,82.025,0.0,3,82.006,-0.019000000000005457,2024-07,Emilia Romagna Grand Prix,2024,7,2024-05-19,test,test
HAM,MEDIUM,1,20,21,4894.788,4977.01,4977.01,5059.285,20.0,82.222,82.02,-0.20199999999999818,3,82.275,0.05300000000001148,2024-07,Emilia Romagna Grand Prix,2024,7,2024-05-19,test,test
PER,HARD,1,20,21,4910.157,4992.425,4992.425,5074.365,20.0,82.268,82.268,0.0,3,81.94,-0.32800000000000296,2024-07,Emilia Romagna Grand Prix,2024,7,2024-05-19,test,test
VER,MEDIUM,1,21,22,4959.456,5041.064,5041.064,5122.827,21.0,81.608,81.608,0.0,1,81.763,0.15500000000000114,2024-07,Emilia Romagna Grand Prix,2024,7,2024-05-19,test,test
LEC,MEDIUM,1,21,22,4967.363,5049.032,5049.032,5131.05,21.0,81.669,81.672,0.0030000000000001137,3,82.018,0.34900000000000375,2024-07,Emilia Romagna Grand Prix,2024,7,2024-05-19,test,test
SAI,MEDIUM,1,21,22,4971.521,5053.527,5053.527,5135.453,21.0,82.006,82.025,0.019000000000005457,3,81.926,-0.0799999999999983,2024-07,Emilia Romagna Grand Prix,2024,7,2024-05-19,test,test
HAM,MEDIUM,1,21,22,4977.01,5059.285,5059.285,5141.131,21.0,82.275,82.222,-0.05300000000001148,3,81.846,-0.42900000000000205,2024-07,Emilia Romagna Grand Prix,2024,7,2024-05-19,test,test
PER,HARD,1,21,22,4992.425,5074.365,5074.365,5156.236,21.0,81.94,81.94,0.0,3,81.871,-0.06900000000000261,2024-07,Emilia Romagna Grand Prix,2024,7,2024-05-19,test,test
VER,MEDIUM,1,22,23,5041.064,5122.827,5122.827,5204.815,22.0,81.763,81.6855,-0.07750000000000057,2,81.988,0.22499999999999432,2024-07,Emilia Romagna Grand Prix,2024,7,2024-05-19,test,test
LEC,MEDIUM,1,22,23,5049.032,5131.05,5131.05,5212.993,22.0,82.018,81.757,-0.2609999999999957,3,81.943,-0.07500000000000284,2024-07,Emilia Romagna Grand Prix,2024,7,2024-05-19,test,test
SAI,MEDIUM,1,22,23,5053.527,5135.453,5135.453,5217.265,22.0,81.926,82.006,0.0799999999999983,3,81.812,-0.11400000000000432,2024-07,Emilia Romagna Grand Prix,2024,7,2024-05-19,test,test
HAM,MEDIUM,1,22,23,5059.285,5141.131,5141.131,5222.692,22.0,81.846,82.222,0.37599999999999056,3,81.561,-0.2849999999999966,2024-07,Emilia Romagna Grand Prix,2024,7,2024-05-19,test,test
PER,HARD,1,22,23,5074.365,5156.236,5156.236,5238.206,22.0,81.871,81.94,0.06900000000000261,3,81.97,0.09900000000000375,2024-07,Emilia Romagna Grand Prix,2024,7,2024-05-19,test,test
LEC,MEDIUM,1,23,24,5131.05,5212.993,5212.993,5294.593,23.0,81.943,81.943,0.0,3,81.6,-0.3430000000000035,2024-07,Emilia Romagna Grand Prix,2024,7,2024-05-19,test,test
SAI,MEDIUM,1,23,24,5135.453,5217.265,5217.265,5299.038,23.0,81.812,81.926,0.11400000000000432,3,81.773,-0.03900000000000148,2024-07,Emilia Romagna Grand Prix,2024,7,2024-05-19,test,test
HAM,MEDIUM,1,23,24,5141.131,5222.692,5222.692,5305.037,23.0,81.561,81.846,0.2849999999999966,3,82.345,0.7839999999999918,2024-07,Emilia Romagna Grand Prix,2024,7,2024-05-19,test,test
PER,HARD,1,23,24,5156.236,5238.206,5238.206,5320.89,23.0,81.97,81.94,-0.030000000000001137,3,82.684,0.7139999999999986,2024-07,Emilia Romagna Grand Prix,2024,7,2024-05-19,test,test
RUS,HARD,2,23,24,5167.313,5247.982,5247.982,5328.957,2.0,80.669,80.669,0.0,1,80.975,0.3059999999999974,2024-07,Emilia Romagna Grand Prix,2024,7,2024-05-19,test,test
SAI,MEDIUM,1,24,25,5217.265,5299.038,5299.038,5380.506,24.0,81.773,81.812,0.03900000000000148,3,81.468,-0.3049999999999926,2024-07,Emilia Romagna Grand Prix,2024,7,2024-05-19,test,test
HAM,MEDIUM,1,24,25,5222.692,5305.037,5305.037,5386.529,24.0,82.345,81.846,-0.4989999999999952,3,81.492,-0.8529999999999944,2024-07,Emilia Romagna Grand Prix,2024,7,2024-05-19,test,test
PER,HARD,1,24,25,5238.206,5320.89,5320.89,5403.118,24.0,82.684,81.97,-0.7139999999999986,3,82.228,-0.45600000000000307,2024-07,Emilia Romagna Grand Prix,2024,7,2024-05-19,test,test
RUS,HARD,2,24,25,5247.982,5328.957,5328.957,5409.908,3.0,80.975,80.822,-0.1529999999999916,2,80.951,-0.02400000000000091,2024-07,Emilia Romagna Grand Prix,2024,7,2024-05-19,test,test
SAI,MEDIUM,1,25,26,5299.038,5380.506,5380.506,5462.094,25.0,81.468,81.773,0.3049999999999926,3,81.588,0.11999999999999034,2024-07,Emilia Romagna Grand Prix,2024,7,2024-05-19,test,test
PER,HARD,1,25,26,5320.89,5403.118,5403.118,5485.494,25.0,82.228,82.228,0.0,3,82.376,0.14800000000001035,2024-07,Emilia Romagna Grand Prix,2024,7,2024-05-19,test,test
RUS,HARD,2,25,26,5328.957,5409.908,5409.908,5491.563,4.0,80.951,80.951,0.0,3,81.655,0.7040000000000077,2024-07,Emilia Romagna Grand Prix,2024,7,2024-05-19,test,test
VER,HARD,2,26,27,5394.629,5475.111,5475.111,5556.054,2.0,80.482,80.482,0.0,1,80.943,0.4609999999999985,2024-07,Emilia Romagna Grand Prix,2024,7,2024-05-19,test,test
PER,HARD,1,26,27,5403.118,5485.494,5485.494,5569.267,26.0,82.376,82.376,0.0,3,83.773,1.3969999999999914,2024-07,Emilia Romagna Grand Prix,2024,7,2024-05-19,test,test
RUS,HARD,2,26,27,5409.908,5491.563,5491.563,5572.299,5.0,81.655,80.975,-0.6800000000000068,3,80.736,-0.9189999999999969,2024-07,Emilia Romagna Grand Prix,2024,7,2024-05-19,test,test
VER,HARD,2,27,28,5475.111,5556.054,5556.054,5636.763,3.0,80.943,80.7125,-0.23049999999999216,2,80.709,-0.23399999999999466,2024-07,Emilia Romagna Grand Prix,2024,7,2024-05-19,test,test
LEC,HARD,2,27,28,5485.622,5565.557,5565.557,5646.485,2.0,79.935,79.935,0.0,1,80.928,0.992999999999995,2024-07,Emilia Romagna Grand Prix,2024,7,2024-05-19,test,test
PER,HARD,1,27,28,5485.494,5569.267,5569.267,5651.498,27.0,83.773,82.376,-1.3969999999999914,3,82.231,-1.5420000000000016,2024-07,Emilia Romagna Grand Prix,2024,7,2024-05-19,test,test
RUS,HARD,2,27,28,5491.563,5572.299,5572.299,5653.927,6.0,80.736,80.951,0.2149999999999892,3,81.628,0.8919999999999959,2024-07,Emilia Romagna Grand Prix,2024,7,2024-05-19,test,test
VER,HARD,2,28,29,5556.054,5636.763,5636.763,5717.378,4.0,80.709,80.709,0.0,3,80.615,-0.0940000000000083,2024-07,Emilia Romagna Grand Prix,2024,7,2024-05-19,test,test
LEC,HARD,2,28,29,5565.557,5646.485,5646.485,5726.987,3.0,80.928,80.4315,-0.4964999999999975,2,80.502,-0.42600000000000193,2024-07,Emilia Romagna Grand Prix,2024,7,2024-05-19,test,test
PER,HARD,1,28,29,5569.267,5651.498,5651.498,5733.845,28.0,82.231,82.376,0.14500000000001023,3,82.347,0.11599999999999966,2024-07,Emilia Romagna Grand Prix,2024,7,2024-05-19,test,test
RUS,HARD,2,28,29,5572.299,5653.927,5653.927,5735.371,7.0,81.628,81.628,0.0,3,81.444,-0.1839999999999975,2024-07,Emilia Romagna Grand Prix,2024,7,2024-05-19,test,test
VER,HARD,2,29,30,5636.763,5717.378,5717.378,5797.949,5.0,80.615,80.709,0.0940000000000083,3,80.571,-0.04399999999999693,2024-07,Emilia Romagna Grand Prix,2024,7,2024-05-19,test,test
LEC,HARD,2,29,30,5646.485,5726.987,5726.987,5807.413,4.0,80.502,80.502,0.0,3,80.426,-0.0759999999999934,2024-07,Emilia Romagna Grand Prix,2024,7,2024-05-19,test,test
PER,HARD,1,29,30,5651.498,5733.845,5733.845,5817.108,29.0,82.347,82.347,0.0,3,83.263,0.916000000000011,2024-07,Emilia Romagna Grand Prix,2024,7,2024-05-19,test,test
SAI,HARD,2,29,30,5652.572,5734.169,5734.169,5814.817,2.0,81.597,81.597,0.0,1,80.648,-0.9489999999999981,2024-07,Emilia Romagna Grand Prix,2024,7,2024-05-19,test,test
RUS,HARD,2,29,30,5653.927,5735.371,5735.371,5817.469,8.0,81.444,81.444,0.0,3,82.098,0.6539999999999964,2024-07,Emilia Romagna Grand Prix,2024,7,2024-05-19,test,test
HAM,HARD,2,29,30,5662.496,5743.089,5743.089,5823.675,2.0,80.593,80.593,0.0,1,80.586,-0.007000000000005002,2024-07,Emilia Romagna Grand Prix,2024,7,2024-05-19,test,test
VER,HARD,2,30,31,5717.378,5797.949,5797.949,5878.494,6.0,80.571,80.615,0.04399999999999693,3,80.545,-0.02599999999999625,2024-07,Emilia Romagna Grand Prix,2024,7,2024-05-19,test,test
LEC,HARD,2,30,31,5726.987,5807.413,5807.413,5888.357,5.0,80.426,80.502,0.0759999999999934,3,80.944,0.5180000000000007,2024-07,Emilia Romagna Grand Prix,2024,7,2024-05-19,test,test
SAI,HARD,2,30,31,5734.169,5814.817,5814.817,5895.469,3.0,80.648,81.1225,0.47450000000000614,2,80.652,0.0040000000000048885,2024-07,Emilia Romagna Grand Prix,2024,7,2024-05-19,test,test
PER,HARD,1,30,31,5733.845,5817.108,5817.108,5900.802,30.0,83.263,82.347,-0.916000000000011,3,83.694,0.4309999999999974,2024-07,Emilia Romagna Grand Prix,2024,7,2024-05-19,test,test
RUS,HARD,2,30,31,5735.371,5817.469,5817.469,5898.986,9.0,82.098,81.628,-0.46999999999999886,3,81.517,-0.5810000000000031,2024-07,Emilia Romagna Grand Prix,2024,7,2024-05-19,test,test
HAM,HARD,2,30,31,5743.089,5823.675,5823.675,5905.412,3.0,80.586,80.5895,0.003500000000002501,2,81.737,1.1509999999999962,2024-07,Emilia Romagna Grand Prix,2024,7,2024-05-19,test,test
VER,HARD,2,31,32,5797.949,5878.494,5878.494,5959.207,7.0,80.545,80.571,0.02599999999999625,3,80.713,0.16799999999999216,2024-07,Emilia Romagna Grand Prix,2024,7,2024-05-19,test,test
LEC,HARD,2,31,32,5807.413,5888.357,5888.357,5969.002,6.0,80.944,80.502,-0.4420000000000073,3,80.645,-0.2990000000000066,2024-07,Emilia Romagna Grand Prix,2024,7,2024-05-19,test,test
SAI,HARD,2,31,32,5814.817,5895.469,5895.469,5976.105,4.0,80.652,80.652,0.0,3,80.636,-0.016000000000005343,2024-07,Emilia Romagna Grand Prix,2024,7,2024-05-19,test,test
RUS,HARD,2,31,32,5817.469,5898.986,5898.986,5980.102,10.0,81.517,81.517,0.0,3,81.116,-0.40099999999999625,2024-07,Emilia Romagna Grand Prix,2024,7,2024-05-19,test,test
PER,HARD,1,31,32,5817.108,5900.802,5900.802,5983.061,31.0,83.694,83.263,-0.4309999999999974,3,82.259,-1.4350000000000023,2024-07,Emilia Romagna Grand Prix,2024,7,2024-05-19,test,test
HAM,HARD,2,31,32,5823.675,5905.412,5905.412,5986.572,4.0,81.737,80.593,-1.1439999999999912,3,81.16,-0.5769999999999982,2024-07,Emilia Romagna Grand Prix,2024,7,2024-05-19,test,test
VER,HARD,2,32,33,5878.494,5959.207,5959.207,6040.348,8.0,80.713,80.571,-0.1419999999999959,3,81.141,0.4280000000000115,2024-07,Emilia Romagna Grand Prix,2024,7,2024-05-19,test,test
LEC,HARD,2,32,33,5888.357,5969.002,5969.002,6049.591,7.0,80.645,80.645,0.0,3,80.589,-0.055999999999997385,2024-07,Emilia Romagna Grand Prix,2024,7,2024-05-19,test,test
SAI,HARD,2,32,33,5895.469,5976.105,5976.105,6056.829,5.0,80.636,80.648,0.012000000000000455,3,80.724,0.08800000000000807,2024-07,Emilia Romagna Grand Prix,2024,7,2024-05-19,test,test
RUS,HARD,2,32,33,5898.986,5980.102,5980.102,6061.036,11.0,81.116,81.517,0.40099999999999625,3,80.934,-0.18200000000000216,2024-07,Emilia Romagna Grand Prix,2024,7,2024-05-19,test,test
PER,HARD,1,32,33,5900.802,5983.061,5983.061,6065.273,32.0,82.259,83.263,1.0040000000000049,3,82.212,-0.046999999999997044,2024-07,Emilia Romagna Grand Prix,2024,7,2024-05-19,test,test
HAM,HARD,2,32,33,5905.412,5986.572,5986.572,6067.514,5.0,81.16,81.16,0.0,3,80.942,-0.21800000000000352,2024-07,Emilia Romagna Grand Prix,2024,7,2024-05-19,test,test
VER,HARD,2,33,34,5959.207,6040.348,6040.348,6121.108,9.0,81.141,80.713,-0.4280000000000115,3,80.76,-0.3810000000000002,2024-07,Emilia Romagna Grand Prix,2024,7,2024-05-19,test,test
LEC,HARD,2,33,34,5969.002,6049.591,6049.591,6130.317,8.0,80.589,80.645,0.055999999999997385,3,80.726,0.13700000000000045,2024-07,Emilia Romagna Grand Prix,2024,7,2024-05-19,test,test
SAI,HARD,2,33,34,5976.105,6056.829,6056.829,6137.677,6.0,80.724,80.652,-0.07200000000000273,3,80.848,0.12399999999999523,2024-07,Emilia Romagna Grand Prix,2024,7,2024-05-19,test,test
RUS,HARD,2,33,34,5980.102,6061.036,6061.036,6142.175,12.0,80.934,81.116,0.18200000000000216,3,81.139,0.2049999999999983,2024-07,Emilia Romagna Grand Prix,2024,7,2024-05-19,test,test
PER,HARD,1,33,34,5983.061,6065.273,6065.273,6147.738,33.0,82.212,82.259,0.046999999999997044,3,82.465,0.2530000000000001,2024-07,Emilia Romagna Grand Prix,2024,7,2024-05-19,test,test
HAM,HARD,2,33,34,5986.572,6067.514,6067.514,6148.478,6.0,80.942,81.16,0.21800000000000352,3,80.964,0.02200000000000557,2024-07,Emilia Romagna Grand Prix,2024,7,2024-05-19,test,test
VER,HARD,2,34,35,6040.348,6121.108,6121.108,6201.908,10.0,80.76,80.76,0.0,3,80.8,0.03999999999999204,2024-07,Emilia Romagna Grand Prix,2024,7,2024-05-19,test,test
LEC,HARD,2,34,35,6049.591,6130.317,6130.317,6211.129,9.0,80.726,80.645,-0.08100000000000307,3,80.812,0.08599999999999852,2024-07,Emilia Romagna Grand Prix,2024,7,2024-05-19,test,test
SAI,HARD,2,34,35,6056.829,6137.677,6137.677,6218.382,7.0,80.848,80.724,-0.12399999999999523,3,80.705,-0.14300000000000068,2024-07,Emilia Romagna Grand Prix,2024,7,2024-05-19,test,test
RUS,HARD,2,34,35,6061.036,6142.175,6142.175,6223.384,13.0,81.139,81.116,-0.022999999999996135,3,81.209,0.07000000000000739,2024-07,Emilia Romagna Grand Prix,2024,7,2024-05-19,test,test
PER,HARD,1,34,35,6065.273,6147.738,6147.738,6230.153,34.0,82.465,82.259,-0.20600000000000307,3,82.415,-0.04999999999999716,2024-07,Emilia Romagna Grand Prix,2024,7,2024-05-19,test,test
HAM,HARD,2,34,35,6067.514,6148.478,6148.478,6230.643,7.0,80.964,80.964,0.0,3,82.165,1.2010000000000076,2024-07,Emilia Romagna Grand Prix,2024,7,2024-05-19,test,test
VER,HARD,2,35,36,6121.108,6201.908,6201.908,6282.612,11.0,80.8,80.8,0.0,3,80.704,-0.09600000000000364,2024-07,Emilia Romagna Grand Prix,2024,7,2024-05-19,test,test
LEC,HARD,2,35,36,6130.317,6211.129,6211.129,6291.691,10.0,80.812,80.726,-0.08599999999999852,3,80.562,-0.25,2024-07,Emilia Romagna Grand Prix,2024,7,2024-05-19,test,test
SAI,HARD,2,35,36,6137.677,6218.382,6218.382,6299.231,8.0,80.705,80.724,0.019000000000005457,3,80.849,0.14400000000000546,2024-07,Emilia Romagna Grand Prix,2024,7,2024-05-19,test,test
RUS,HARD,2,35,36,6142.175,6223.384,6223.384,6304.286,14.0,81.209,81.139,-0.07000000000000739,3,80.902,-0.30700000000000216,2024-07,Emilia Romagna Grand Prix,2024,7,2024-05-19,test,test
PER,HARD,1,35,36,6147.738,6230.153,6230.153,6313.264,35.0,82.415,82.415,0.0,3,83.111,0.695999999999998,2024-07,Emilia Romagna Grand Prix,2024,7,2024-05-19,test,test
HAM,HARD,2,35,36,6148.478,6230.643,6230.643,6313.701,8.0,82.165,80.964,-1.2010000000000076,3,83.058,0.8930000000000007,2024-07,Emilia Romagna Grand Prix,2024,7,2024-05-19,test,test
VER,HARD,2,36,37,6201.908,6282.612,6282.612,6363.096,12.0,80.704,80.76,0.056000000000011596,3,80.484,-0.21999999999999886,2024-07,Emilia Romagna Grand Prix,2024,7,2024-05-19,test,test
LEC,HARD,2,36,37,6211.129,6291.691,6291.691,6372.051,11.0,80.562,80.726,0.16400000000000148,3,80.36,-0.20199999999999818,2024-07,Emilia Romagna Grand Prix,2024,7,2024-05-19,test,test
SAI,HARD,2,36,37,6218.382,6299.231,6299.231,6379.697,9.0,80.849,80.848,-0.0010000000000047748,3,80.466,-0.3830000000000098,2024-07,Emilia Romagna Grand Prix,2024,7,2024-05-19,test,test
RUS,HARD,2,36,37,6223.384,6304.286,6304.286,6385.142,15.0,80.902,81.139,0.23699999999999477,3,80.856,-0.04600000000000648,2024-07,Emilia Romagna Grand Prix,2024,7,2024-05-19,test,test
HAM,HARD,2,36,37,6230.643,6313.701,6313.701,6394.449,9.0,83.058,82.165,-0.8930000000000007,3,80.748,-2.3100000000000023,2024-07,Emilia Romagna Grand Prix,2024,7,2024-05-19,test,test
VER,HARD,2,37,38,6282.612,6363.096,6363.096,6443.462,13.0,80.484,80.704,0.21999999999999886,3,80.366,-0.117999999999995,2024-07,Emilia Romagna Grand Prix,2024,7,2024-05-19,test,test
LEC,HARD,2,37,38,6291.691,6372.051,6372.051,6452.245,12.0,80.36,80.562,0.20199999999999818,3,80.194,-0.16599999999999682,2024-07,Emilia Romagna Grand Prix,2024,7,2024-05-19,test,test
SAI,HARD,2,37,38,6299.231,6379.697,6379.697,6460.193,10.0,80.466,80.705,0.23900000000000432,3,80.496,0.030000000000001137,2024-07,Emilia Romagna Grand Prix,2024,7,2024-05-19,test,test
RUS,HARD,2,37,38,6304.286,6385.142,6385.142,6465.832,16.0,80.856,80.902,0.04600000000000648,3,80.69,-0.16599999999999682,2024-07,Emilia Romagna Grand Prix,2024,7,2024-05-19,test,test
HAM,HARD,2,37,38,6313.701,6394.449,6394.449,6474.995,10.0,80.748,82.165,1.4170000000000016,3,80.546,-0.20199999999999818,2024-07,Emilia Romagna Grand Prix,2024,7,2024-05-19,test,test
VER,HARD,2,38,39,6363.096,6443.462,6443.462,6524.009,14.0,80.366,80.484,0.117999999999995,3,80.547,0.18099999999999739,2024-07,Emilia Romagna Grand Prix,2024,7,2024-05-19,test,test
LEC,HARD,2,38,39,6372.051,6452.245,6452.245,6532.752,13.0,80.194,80.36,0.16599999999999682,3,80.507,0.3130000000000024,2024-07,Emilia Romagna Grand Prix,2024,7,2024-05-19,test,test
SAI,HARD,2,38,39,6379.697,6460.193,6460.193,6540.724,11.0,80.496,80.496,0.0,3,80.531,0.0350000000000108,2024-07,Emilia Romagna Grand Prix,2024,7,2024-05-19,test,test
RUS,HARD,2,38,39,6385.142,6465.832,6465.832,6546.756,17.0,80.69,80.856,0.16599999999999682,3,80.924,0.23400000000000887,2024-07,Emilia Romagna Grand Prix,2024,7,2024-05-19,test,test
HAM,HARD,2,38,39,6394.449,6474.995,6474.995,6555.672,11.0,80.546,80.748,0.20199999999999818,3,80.677,0.13100000000000023,2024-07,Emilia Romagna Grand Prix,2024,7,2024-05-19,test,test
VER,HARD,2,39,40,6443.462,6524.009,6524.009,6604.654,15.0,80.547,80.484,-0.06300000000000239,3,80.645,0.09799999999999898,2024-07,Emilia Romagna Grand Prix,2024,7,2024-05-19,test,test
LEC,HARD,2,39,40,6452.245,6532.752,6532.752,6613.334,14.0,80.507,80.36,-0.14700000000000557,3,80.582,0.07499999999998863,2024-07,Emilia Romagna Grand Prix,2024,7,2024-05-19,test,test
SAI,HARD,2,39,40,6460.193,6540.724,6540.724,6621.243,12.0,80.531,80.496,-0.0350000000000108,3,80.519,-0.012000000000000455,2024-07,Emilia Romagna Grand Prix,2024,7,2024-05-19,test,test
RUS,HARD,2,39,40,6465.832,6546.756,6546.756,6627.912,18.0,80.924,80.856,-0.06800000000001205,3,81.156,0.23199999999999932,2024-07,Emilia Romagna Grand Prix,2024,7,2024-05-19,test,test
HAM,HARD,2,39,40,6474.995,6555.672,6555.672,6636.509,12.0,80.677,80.677,0.0,3,80.837,0.1599999999999966,2024-07,Emilia Romagna Grand Prix,2024,7,2024-05-19,test,test
PER,MEDIUM,2,39,40,6504.634,6585.365,6585.365,6665.679,2.0,80.731,80.731,0.0,1,80.314,-0.4170000000000016,2024-07,Emilia Romagna Grand Prix,2024,7,2024-05-19,test,test
VER,HARD,2,40,41,6524.009,6604.654,6604.654,6685.329,16.0,80.645,80.547,-0.09799999999999898,3,80.675,0.030000000000001137,2024-07,Emilia Romagna Grand Prix,2024,7,2024-05-19,test,test
LEC,HARD,2,40,41,6532.752,6613.334,6613.334,6694.262,15.0,80.582,80.507,-0.07499999999998863,3,80.928,0.34600000000000364,2024-07,Emilia Romagna Grand Prix,2024,7,2024-05-19,test,test
SAI,HARD,2,40,41,6540.724,6621.243,6621.243,6701.858,13.0,80.519,80.519,0.0,3,80.615,0.09599999999998943,2024-07,Emilia Romagna Grand Prix,2024,7,2024-05-19,test,test
RUS,HARD,2,40,41,6546.756,6627.912,6627.912,6709.021,19.0,81.156,80.924,-0.23199999999999932,3,81.109,-0.047000000000011255,2024-07,Emilia Romagna Grand Prix,2024,7,2024-05-19,test,test
HAM,HARD,2,40,41,6555.672,6636.509,6636.509,6717.148,13.0,80.837,80.677,-0.1599999999999966,3,80.639,-0.1980000000000075,2024-07,Emilia Romagna Grand Prix,2024,7,2024-05-19,test,test
PER,MEDIUM,2,40,41,6585.365,6665.679,6665.679,6747.654,3.0,80.314,80.5225,0.2085000000000008,2,81.975,1.6610000000000014,2024-07,Emilia Romagna Grand Prix,2024,7,2024-05-19,test,test
VER,HARD,2,41,42,6604.654,6685.329,6685.329,6766.161,17.0,80.675,80.645,-0.030000000000001137,3,80.832,0.15699999999999648,2024-07,Emilia Romagna Grand Prix,2024,7,2024-05-19,test,test
LEC,HARD,2,41,42,6613.334,6694.262,6694.262,6774.502,16.0,80.928,80.582,-0.34600000000000364,3,80.24,-0.6880000000000024,2024-07,Emilia Romagna Grand Prix,2024,7,2024-05-19,test,test
SAI,HARD,2,41,42,6621.243,6701.858,6701.858,6782.525,14.0,80.615,80.531,-0.08399999999998897,3,80.667,0.05200000000000671,2024-07,Emilia Romagna Grand Prix,2024,7,2024-05-19,test,test
RUS,HARD,2,41,42,6627.912,6709.021,6709.021,6790.098,20.0,81.109,81.109,0.0,3,81.077,-0.031999999999996476,2024-07,Emilia Romagna Grand Prix,2024,7,2024-05-19,test,test
HAM,HARD,2,41,42,6636.509,6717.148,6717.148,6797.582,14.0,80.639,80.677,0.038000000000010914,3,80.434,-0.2049999999999983,2024-07,Emilia Romagna Grand Prix,2024,7,2024-05-19,test,test
PER,MEDIUM,2,41,42,6665.679,6747.654,6747.654,6827.573,4.0,81.975,80.731,-1.2439999999999998,3,79.919,-2.0559999999999974,2024-07,Emilia Romagna Grand Prix,2024,7,2024-05-19,test,test
VER,HARD,2,42,43,6685.329,6766.161,6766.161,6846.918,18.0,80.832,80.675,-0.15699999999999648,3,80.757,-0.07499999999998863,2024-07,Emilia Romagna Grand Prix,2024,7,2024-05-19,test,test
LEC,HARD,2,42,43,6694.262,6774.502,6774.502,6855.444,17.0,80.24,80.582,0.34199999999999875,3,80.942,0.7019999999999982,2024-07,Emilia Romagna Grand Prix,2024,7,2024-05-19,test,test
SAI,HARD,2,42,43,6701.858,6782.525,6782.525,6863.226,15.0,80.667,80.615,-0.05200000000000671,3,80.701,0.033999999999991815,2024-07,Emilia Romagna Grand Prix,2024,7,2024-05-19,test,test
RUS,HARD,2,42,43,6709.021,6790.098,6790.098,6870.899,21.0,81.077,81.109,0.031999999999996476,3,80.801,-0.27599999999999625,2024-07,Emilia Romagna Grand Prix,2024,7,2024-05-19,test,test
HAM,HARD,2,42,43,6717.148,6797.582,6797.582,6877.913,15.0,80.434,80.639,0.2049999999999983,3,80.331,-0.10299999999999443,2024-07,Emilia Romagna Grand Prix,2024,7,2024-05-19,test,test
PER,MEDIUM,2,42,43,6747.654,6827.573,6827.573,6907.793,5.0,79.919,80.314,0.394999999999996,3,80.22,0.30100000000000193,2024-07,Emilia Romagna Grand Prix,2024,7,2024-05-19,test,test
VER,HARD,2,43,44,6766.161,6846.918,6846.918,6927.752,19.0,80.757,80.757,0.0,3,80.834,0.07699999999999818,2024-07,Emilia Romagna Grand Prix,2024,7,2024-05-19,test,test
LEC,HARD,2,43,44,6774.502,6855.444,6855.444,6936.146,18.0,80.942,80.928,-0.013999999999995794,3,80.702,-0.23999999999999488,2024-07,Emilia Romagna Grand Prix,2024,7,2024-05-19,test,test
SAI,HARD,2,43,44,6782.525,6863.226,6863.226,6944.292,16.0,80.701,80.667,-0.033999999999991815,3,81.066,0.3650000000000091,2024-07,Emilia Romagna Grand Prix,2024,7,2024-05-19,test,test
RUS,HARD,2,43,44,6790.098,6870.899,6870.899,6952.063,22.0,80.801,81.077,0.27599999999999625,3,81.164,0.36299999999999955,2024-07,Emilia Romagna Grand Prix,2024,7,2024-05-19,test,test
HAM,HARD,2,43,44,6797.582,6877.913,6877.913,6958.756,16.0,80.331,80.434,0.10299999999999443,3,80.843,0.5120000000000005,2024-07,Emilia Romagna Grand Prix,2024,7,2024-05-19,test,test
PER,MEDIUM,2,43,44,6827.573,6907.793,6907.793,6988.297,6.0,80.22,80.22,0.0,3,80.504,0.284000000000006,2024-07,Emilia Romagna Grand Prix,2024,7,2024-05-19,test,test
VER,HARD,2,44,45,6846.918,6927.752,6927.752,7009.116,20.0,80.834,80.832,-0.0020000000000095497,3,81.364,0.5300000000000011,2024-07,Emilia Romagna Grand Prix,2024,7,2024-05-19,test,test
LEC,HARD,2,44,45,6855.444,6936.146,6936.146,7016.577,19.0,80.702,80.702,0.0,3,80.431,-0.2710000000000008,2024-07,Emilia Romagna Grand Prix,2024,7,2024-05-19,test,test
SAI,HARD,2,44,45,6863.226,6944.292,6944.292,7025.548,17.0,81.066,80.701,-0.3650000000000091,3,81.256,0.18999999999999773,2024-07,Emilia Romagna Grand Prix,2024,7,2024-05-19,test,test
RUS,HARD,2,44,45,6870.899,6952.063,6952.063,7032.991,23.0,81.164,81.077,-0.0870000000000033,3,80.928,-0.2360000000000042,2024-07,Emilia Romagna Grand Prix,2024,7,2024-05-19,test,test
HAM,HARD,2,44,45,6877.913,6958.756,6958.756,7039.337,17.0,80.843,80.434,-0.409000000000006,3,80.581,-0.26200000000000045,2024-07,Emilia Romagna Grand Prix,2024,7,2024-05-19,test,test
PER,MEDIUM,2,44,45,6907.793,6988.297,6988.297,7068.792,7.0,80.504,80.22,-0.284000000000006,3,80.495,-0.009000000000000341,2024-07,Emilia Romagna Grand Prix,2024,7,2024-05-19,test,test
VER,HARD,2,45,46,6927.752,7009.116,7009.116,7089.816,21.0,81.364,80.834,-0.5300000000000011,3,80.7,-0.6640000000000015,2024-07,Emilia Romagna Grand Prix,2024,7,2024-05-19,test,test
LEC,HARD,2,45,46,6936.146,7016.577,7016.577,7097.173,20.0,80.431,80.702,0.2710000000000008,3,80.596,0.16500000000000625,2024-07,Emilia Romagna Grand Prix,2024,7,2024-05-19,test,test
SAI,HARD,2,45,46,6944.292,7025.548,7025.548,7106.612,18.0,81.256,81.066,-0.18999999999999773,3,81.064,-0.19200000000000728,2024-07,Emilia Romagna Grand Prix,2024,7,2024-05-19,test,test
RUS,HARD,2,45,46,6952.063,7032.991,7032.991,7114.218,24.0,80.928,80.928,0.0,3,81.227,0.2990000000000066,2024-07,Emilia Romagna Grand Prix,2024,7,2024-05-19,test,test
HAM,HARD,2,45,46,6958.756,7039.337,7039.337,7120.281,18.0,80.581,80.581,0.0,3,80.944,0.36299999999999955,2024-07,Emilia Romagna Grand Prix,2024,7,2024-05-19,test,test
PER,MEDIUM,2,45,46,6988.297,7068.792,7068.792,7149.664,8.0,80.495,80.495,0.0,3,80.872,0.37699999999999534,2024-07,Emilia Romagna Grand Prix,2024,7,2024-05-19,test,test
VER,HARD,2,46,47,7009.116,7089.816,7089.816,7170.725,22.0,80.7,80.834,0.13400000000000034,3,80.909,0.20900000000000318,2024-07,Emilia Romagna Grand Prix,2024,7,2024-05-19,test,test
SAI,HARD,2,46,47,7025.548,7106.612,7106.612,7188.676,19.0,81.064,81.066,0.0020000000000095497,3,82.064,1.0,2024-07,Emilia Romagna Grand Prix,2024,7,2024-05-19,test,test
RUS,HARD,2,46,47,7032.991,7114.218,7114.218,7195.641,25.0,81.227,81.164,-0.06300000000000239,3,81.423,0.19599999999999795,2024-07,Emilia Romagna Grand Prix,2024,7,2024-05-19,test,test
HAM,HARD,2,46,47,7039.337,7120.281,7120.281,7201.35,19.0,80.944,80.843,-0.10099999999999909,3,81.069,0.125,2024-07,Emilia Romagna Grand Prix,2024,7,2024-05-19,test,test
PER,MEDIUM,2,46,47,7068.792,7149.664,7149.664,7230.178,9.0,80.872,80.504,-0.367999999999995,3,80.514,-0.3580000000000041,2024-07,Emilia Romagna Grand Prix,2024,7,2024-05-19,test,test
VER,HARD,2,47,48,7089.816,7170.725,7170.725,7251.648,23.0,80.909,80.909,0.0,3,80.923,0.013999999999995794,2024-07,Emilia Romagna Grand Prix,2024,7,2024-05-19,test,test
SAI,HARD,2,47,48,7106.612,7188.676,7188.676,7269.675,20.0,82.064,81.256,-0.8079999999999927,3,80.999,-1.0649999999999977,2024-07,Emilia Romagna Grand Prix,2024,7,2024-05-19,test,test
RUS,HARD,2,47,48,7114.218,7195.641,7195.641,7277.032,26.0,81.423,81.227,-0.19599999999999795,3,81.391,-0.031999999999996476,2024-07,Emilia Romagna Grand Prix,2024,7,2024-05-19,test,test
HAM,HARD,2,47,48,7120.281,7201.35,7201.35,7282.271,20.0,81.069,80.944,-0.125,3,80.921,-0.14799999999999613,2024-07,Emilia Romagna Grand Prix,2024,7,2024-05-19,test,test
PER,MEDIUM,2,47,48,7149.664,7230.178,7230.178,7310.383,10.0,80.514,80.514,0.0,3,80.205,-0.3089999999999975,2024-07,Emilia Romagna Grand Prix,2024,7,2024-05-19,test,test
VER,HARD,2,48,49,7170.725,7251.648,7251.648,7332.471,24.0,80.923,80.909,-0.013999999999995794,3,80.823,-0.10000000000000853,2024-07,Emilia Romagna Grand Prix,2024,7,2024-05-19,test,test
LEC,HARD,2,48,49,7178.486,7259.999,7259.999,7340.797,23.0,81.513,81.513,0.0,1,80.798,-0.7150000000000034,2024-07,Emilia Romagna Grand Prix,2024,7,2024-05-19,test,test
SAI,HARD,2,48,49,7188.676,7269.675,7269.675,7350.412,21.0,80.999,81.064,0.06499999999999773,3,80.737,-0.26200000000000045,2024-07,Emilia Romagna Grand Prix,2024,7,2024-05-19,test,test
RUS,HARD,2,48,49,7195.641,7277.032,7277.032,7358.19,27.0,81.391,81.391,0.0,3,81.158,-0.2330000000000041,2024-07,Emilia Romagna Grand Prix,2024,7,2024-05-19,test,test
HAM,HARD,2,48,49,7201.35,7282.271,7282.271,7363.453,21.0,80.921,80.944,0.022999999999996135,3,81.182,0.2609999999999957,2024-07,Emilia Romagna Grand Prix,2024,7,2024-05-19,test,test
PER,MEDIUM,2,48,49,7230.178,7310.383,7310.383,7390.329,11.0,80.205,80.514,0.3089999999999975,3,79.946,-0.25900000000000034,2024-07,Emilia Romagna Grand Prix,2024,7,2024-05-19,test,test
VER,HARD,2,49,50,7251.648,7332.471,7332.471,7413.288,25.0,80.823,80.909,0.08600000000001273,3,80.817,-0.006000000000000227,2024-07,Emilia Romagna Grand Prix,2024,7,2024-05-19,test,test
LEC,HARD,2,49,50,7259.999,7340.797,7340.797,7421.211,24.0,80.798,81.1555,0.3575000000000017,2,80.414,-0.38400000000000034,2024-07,Emilia Romagna Grand Prix,2024,7,2024-05-19,test,test
SAI,HARD,2,49,50,7269.675,7350.412,7350.412,7431.4,22.0,80.737,80.999,0.26200000000000045,3,80.988,0.2510000000000048,2024-07,Emilia Romagna Grand Prix,2024,7,2024-05-19,test,test
RUS,HARD,2,49,50,7277.032,7358.19,7358.19,7439.681,28.0,81.158,81.391,0.2330000000000041,3,81.491,0.3329999999999984,2024-07,Emilia Romagna Grand Prix,2024,7,2024-05-19,test,test
HAM,HARD,2,49,50,7282.271,7363.453,7363.453,7444.151,22.0,81.182,81.069,-0.11299999999999955,3,80.698,-0.48400000000000887,2024-07,Emilia Romagna Grand Prix,2024,7,2024-05-19,test,test
PER,MEDIUM,2,49,50,7310.383,7390.329,7390.329,7470.314,12.0,79.946,80.205,0.25900000000000034,3,79.985,0.03900000000000148,2024-07,Emilia Romagna Grand Prix,2024,7,2024-05-19,test,test
VER,HARD,2,50,51,7332.471,7413.288,7413.288,7494.024,26.0,80.817,80.823,0.006000000000000227,3,80.736,-0.08099999999998886,2024-07,Emilia Romagna Grand Prix,2024,7,2024-05-19,test,test
LEC,HARD,2,50,51,7340.797,7421.211,7421.211,7501.575,25.0,80.414,80.798,0.38400000000000034,3,80.364,-0.04999999999999716,2024-07,Emilia Romagna Grand Prix,2024,7,2024-05-19,test,test
SAI,HARD,2,50,51,7350.412,7431.4,7431.4,7513.148,23.0,80.988,80.988,0.0,3,81.748,0.7600000000000051,2024-07,Emilia Romagna Grand Prix,2024,7,2024-05-19,test,test
RUS,HARD,2,50,51,7358.19,7439.681,7439.681,7520.826,29.0,81.491,81.391,-0.09999999999999432,3,81.145,-0.34600000000000364,2024-07,Emilia Romagna Grand Prix,2024,7,2024-05-19,test,test
HAM,HARD,2,50,51,7363.453,7444.151,7444.151,7524.927,23.0,80.698,80.921,0.2230000000000132,3,80.776,0.07800000000000296,2024-07,Emilia Romagna Grand Prix,2024,7,2024-05-19,test,test
PER,MEDIUM,2,50,51,7390.329,7470.314,7470.314,7551.346,13.0,79.985,79.985,0.0,3,81.032,1.046999999999997,2024-07,Emilia Romagna Grand Prix,2024,7,2024-05-19,test,test
VER,HARD,2,51,52,7413.288,7494.024,7494.024,7574.58,27.0,80.736,80.817,0.08099999999998886,3,80.556,-0.18000000000000682,2024-07,Emilia Romagna Grand Prix,2024,7,2024-05-19,test,test
LEC,HARD,2,51,52,7421.211,7501.575,7501.575,7581.933,26.0,80.364,80.414,0.04999999999999716,3,80.358,-0.006000000000000227,2024-07,Emilia Romagna Grand Prix,2024,7,2024-05-19,test,test
SAI,HARD,2,51,52,7431.4,7513.148,7513.148,7594.749,24.0,81.748,80.988,-0.7600000000000051,3,81.601,-0.14700000000000557,2024-07,Emilia Romagna Grand Prix,2024,7,2024-05-19,test,test
HAM,HARD,2,51,52,7444.151,7524.927,7524.927,7606.103,24.0,80.776,80.776,0.0,3,81.176,0.4000000000000057,2024-07,Emilia Romagna Grand Prix,2024,7,2024-05-19,test,test
PER,MEDIUM,2,51,52,7470.314,7551.346,7551.346,7631.032,14.0,81.032,79.985,-1.046999999999997,3,79.686,-1.3459999999999894,2024-07,Emilia Romagna Grand Prix,2024,7,2024-05-19,test,test
VER,HARD,2,52,53,7494.024,7574.58,7574.58,7655.218,28.0,80.556,80.736,0.18000000000000682,3,80.638,0.08200000000000784,2024-07,Emilia Romagna Grand Prix,2024,7,2024-05-19,test,test
LEC,HARD,2,52,53,7501.575,7581.933,7581.933,7662.822,27.0,80.358,80.364,0.006000000000000227,3,80.889,0.5309999999999917,2024-07,Emilia Romagna Grand Prix,2024,7,2024-05-19,test,test
SAI,HARD,2,52,53,7513.148,7594.749,7594.749,7675.987,25.0,81.601,81.601,0.0,3,81.238,-0.36299999999999955,2024-07,Emilia Romagna Grand Prix,2024,7,2024-05-19,test,test
HAM,HARD,2,52,53,7524.927,7606.103,7606.103,7687.518,25.0,81.176,80.776,-0.4000000000000057,3,81.415,0.23900000000000432,2024-07,Emilia Romagna Grand Prix,2024,7,2024-05-19,test,test
PER,MEDIUM,2,52,53,7551.346,7631.032,7631.032,7712.176,15.0,79.686,79.985,0.2989999999999924,3,81.144,1.4579999999999984,2024-07,Emilia Romagna Grand Prix,2024,7,2024-05-19,test,test
VER,HARD,2,53,54,7574.58,7655.218,7655.218,7736.136,29.0,80.638,80.638,0.0,3,80.918,0.28000000000000114,2024-07,Emilia Romagna Grand Prix,2024,7,2024-05-19,test,test
LEC,HARD,2,53,54,7581.933,7662.822,7662.822,7743.22,28.0,80.889,80.364,-0.5249999999999915,3,80.398,-0.49099999999999966,2024-07,Emilia Romagna Grand Prix,2024,7,2024-05-19,test,test
SAI,HARD,2,53,54,7594.749,7675.987,7675.987,7756.814,26.0,81.238,81.601,0.36299999999999955,3,80.827,-0.41100000000000136,2024-07,Emilia Romagna Grand Prix,2024,7,2024-05-19,test,test
HAM,HARD,2,53,54,7606.103,7687.518,7687.518,7768.359,26.0,81.415,81.176,-0.23900000000000432,3,80.841,-0.5740000000000123,2024-07,Emilia Romagna Grand Prix,2024,7,2024-05-19,test,test
PER,MEDIUM,2,53,54,7631.032,7712.176,7712.176,7792.51,16.0,81.144,81.032,-0.11200000000000898,3,80.334,-0.8100000000000023,2024-07,Emilia Romagna Grand Prix,2024,7,2024-05-19,test,test
VER,HARD,2,54,55,7655.218,7736.136,7736.136,7817.098,30.0,80.918,80.638,-0.28000000000000114,3,80.962,0.04399999999999693,2024-07,Emilia Romagna Grand Prix,2024,7,2024-05-19,test,test
LEC,HARD,2,54,55,7662.822,7743.22,7743.22,7823.856,29.0,80.398,80.398,0.0,3,80.636,0.23799999999999955,2024-07,Emilia Romagna Grand Prix,2024,7,2024-05-19,test,test
SAI,HARD,2,54,55,7675.987,7756.814,7756.814,7837.617,27.0,80.827,81.238,0.41100000000000136,3,80.803,-0.02400000000000091,2024-07,Emilia Romagna Grand Prix,2024,7,2024-05-19,test,test
HAM,HARD,2,54,55,7687.518,7768.359,7768.359,7849.386,27.0,80.841,81.176,0.33500000000000796,3,81.027,0.18600000000000705,2024-07,Emilia Romagna Grand Prix,2024,7,2024-05-19,test,test
RUS,MEDIUM,3,54,55,7709.913,7788.502,7788.502,7868.28,4.0,78.589,78.589,0.0,1,79.778,1.1890000000000072,2024-07,Emilia Romagna Grand Prix,2024,7,2024-05-19,test,test
PER,MEDIUM,2,54,55,7712.176,7792.51,7792.51,7873.03,17.0,80.334,80.334,0.0,3,80.52,0.18599999999999284,2024-07,Emilia Romagna Grand Prix,2024,7,2024-05-19,test,test
VER,HARD,2,55,56,7736.136,7817.098,7817.098,7897.588,31.0,80.962,80.918,-0.04399999999999693,3,80.49,-0.4720000000000084,2024-07,Emilia Romagna Grand Prix,2024,7,2024-05-19,test,test
LEC,HARD,2,55,56,7743.22,7823.856,7823.856,7904.271,30.0,80.636,80.636,0.0,3,80.415,-0.22099999999998943,2024-07,Emilia Romagna Grand Prix,2024,7,2024-05-19,test,test
SAI,HARD,2,55,56,7756.814,7837.617,7837.617,7918.576,28.0,80.803,80.827,0.02400000000000091,3,80.959,0.1560000000000059,2024-07,Emilia Romagna Grand Prix,2024,7,2024-05-19,test,test
HAM,HARD,2,55,56,7768.359,7849.386,7849.386,7930.683,28.0,81.027,81.027,0.0,3,81.297,0.269999999999996,2024-07,Emilia Romagna Grand Prix,2024,7,2024-05-19,test,test
RUS,MEDIUM,3,55,56,7788.502,7868.28,7868.28,7947.851,5.0,79.778,79.18350000000001,-0.5944999999999965,2,79.571,-0.20700000000000784,2024-07,Emilia Romagna Grand Prix,2024,7,2024-05-19,test,test
PER,MEDIUM,2,55,56,7792.51,7873.03,7873.03,7953.32,18.0,80.52,80.52,0.0,3,80.29,-0.22999999999998977,2024-07,Emilia Romagna Grand Prix,2024,7,2024-05-19,test,test
VER,HARD,2,56,57,7817.098,7897.588,7897.588,7978.099,32.0,80.49,80.918,0.4280000000000115,3,80.511,0.021000000000000796,2024-07,Emilia Romagna Grand Prix,2024,7,2024-05-19,test,test
LEC,HARD,2,56,57,7823.856,7904.271,7904.271,7985.023,31.0,80.415,80.415,0.0,3,80.752,0.3369999999999891,2024-07,Emilia Romagna Grand Prix,2024,7,2024-05-19,test,test
SAI,HARD,2,56,57,7837.617,7918.576,7918.576,7999.335,29.0,80.959,80.827,-0.132000000000005,3,80.759,-0.20000000000000284,2024-07,Emilia Romagna Grand Prix,2024,7,2024-05-19,test,test
HAM,HARD,2,56,57,7849.386,7930.683,7930.683,8012.347,29.0,81.297,81.027,-0.269999999999996,3,81.664,0.36700000000000443,2024-07,Emilia Romagna Grand Prix,2024,7,2024-05-19,test,test
RUS,MEDIUM,3,56,57,7868.28,7947.851,7947.851,8027.308,6.0,79.571,79.571,0.0,3,79.457,-0.11400000000000432,2024-07,Emilia Romagna Grand Prix,2024,7,2024-05-19,test,test
PER,MEDIUM,2,56,57,7873.03,7953.32,7953.32,8033.548,19.0,80.29,80.334,0.04399999999999693,3,80.228,-0.06200000000001182,2024-07,Emilia Romagna Grand Prix,2024,7,2024-05-19,test,test
VER,HARD,2,57,58,7897.588,7978.099,7978.099,8058.612,33.0,80.511,80.511,0.0,3,80.513,0.0020000000000095497,2024-07,Emilia Romagna Grand Prix,2024,7,2024-05-19,test,test
LEC,HARD,2,57,58,7904.271,7985.023,7985.023,8065.576,32.0,80.752,80.636,-0.11599999999999966,3,80.553,-0.19899999999999807,2024-07,Emilia Romagna Grand Prix,2024,7,2024-05-19,test,test
SAI,HARD,2,57,58,7918.576,7999.335,7999.335,8080.127,30.0,80.759,80.803,0.04399999999999693,3,80.792,0.03300000000000125,2024-07,Emilia Romagna Grand Prix,2024,7,2024-05-19,test,test
HAM,HARD,2,57,58,7930.683,8012.347,8012.347,8093.908,30.0,81.664,81.297,-0.36700000000000443,3,81.561,-0.10299999999999443,2024-07,Emilia Romagna Grand Prix,2024,7,2024-05-19,test,test
RUS,MEDIUM,3,57,58,7947.851,8027.308,8027.308,8106.924,7.0,79.457,79.571,0.11400000000000432,3,79.616,0.15900000000000603,2024-07,Emilia Romagna Grand Prix,2024,7,2024-05-19,test,test
PER,MEDIUM,2,57,58,7953.32,8033.548,8033.548,8113.833,20.0,80.228,80.29,0.06200000000001182,3,80.285,0.05700000000000216,2024-07,Emilia Romagna Grand Prix,2024,7,2024-05-19,test,test
VER,HARD,2,58,59,7978.099,8058.612,8058.612,8138.979,34.0,80.513,80.511,-0.0020000000000095497,3,80.367,-0.1460000000000008,2024-07,Emilia Romagna Grand Prix,2024,7,2024-05-19,test,test
LEC,HARD,2,58,59,7985.023,8065.576,8065.576,8146.082,33.0,80.553,80.553,0.0,3,80.506,-0.046999999999997044,2024-07,Emilia Romagna Grand Prix,2024,7,2024-05-19,test,test
SAI,HARD,2,58,59,7999.335,8080.127,8080.127,8160.867,31.0,80.792,80.792,0.0,3,80.74,-0.05200000000000671,2024-07,Emilia Romagna Grand Prix,2024,7,2024-05-19,test,test
HAM,HARD,2,58,59,8012.347,8093.908,8093.908,8174.557,31.0,81.561,81.561,0.0,3,80.649,-0.9120000000000061,2024-07,Emilia Romagna Grand Prix,2024,7,2024-05-19,test,test
RUS,MEDIUM,3,58,59,8027.308,8106.924,8106.924,8186.805,8.0,79.616,79.571,-0.045000000000001705,3,79.881,0.26500000000000057,2024-07,Emilia Romagna Grand Prix,2024,7,2024-05-19,test,test
PER,MEDIUM,2,58,59,8033.548,8113.833,8113.833,8193.926,21.0,80.285,80.285,0.0,3,80.093,-0.19199999999999307,2024-07,Emilia Romagna Grand Prix,2024,7,2024-05-19,test,test
VER,HARD,2,59,60,8058.612,8138.979,8138.979,8219.616,35.0,80.367,80.511,0.14399999999999125,3,80.637,0.269999999999996,2024-07,Emilia Romagna Grand Prix,2024,7,2024-05-19,test,test
LEC,HARD,2,59,60,8065.576,8146.082,8146.082,8226.775,34.0,80.506,80.553,0.046999999999997044,3,80.693,0.1869999999999976,2024-07,Emilia Romagna Grand Prix,2024,7,2024-05-19,test,test
SAI,HARD,2,59,60,8080.127,8160.867,8160.867,8241.859,32.0,80.74,80.759,0.019000000000005457,3,80.992,0.25200000000000955,2024-07,Emilia Romagna Grand Prix,2024,7,2024-05-19,test,test
HAM,HARD,2,59,60,8093.908,8174.557,8174.557,8255.186,32.0,80.649,81.561,0.9120000000000061,3,80.629,-0.01999999999999602,2024-07,Emilia Romagna Grand Prix,2024,7,2024-05-19,test,test
RUS,MEDIUM,3,59,60,8106.924,8186.805,8186.805,8266.898,9.0,79.881,79.616,-0.26500000000000057,3,80.093,0.2120000000000033,2024-07,Emilia Romagna Grand Prix,2024,7,2024-05-19,test,test
PER,MEDIUM,2,59,60,8113.833,8193.926,8193.926,8274.334,22.0,80.093,80.228,0.1349999999999909,3,80.408,0.3149999999999977,2024-07,Emilia Romagna Grand Prix,2024,7,2024-05-19,test,test
VER,HARD,2,60,61,8138.979,8219.616,8219.616,8300.314,36.0,80.637,80.513,-0.12399999999999523,3,80.698,0.06099999999999284,2024-07,Emilia Romagna Grand Prix,2024,7,2024-05-19,test,test
LEC,HARD,2,60,61,8146.082,8226.775,8226.775,8307.558,35.0,80.693,80.553,-0.14000000000000057,3,80.783,0.09000000000000341,2024-07,Emilia Romagna Grand Prix,2024,7,2024-05-19,test,test
SAI,HARD,2,60,61,8160.867,8241.859,8241.859,8323.237,33.0,80.992,80.792,-0.20000000000000284,3,81.378,0.3859999999999957,2024-07,Emilia Romagna Grand Prix,2024,7,2024-05-19,test,test
HAM,HARD,2,60,61,8174.557,8255.186,8255.186,8335.912,33.0,80.629,80.649,0.01999999999999602,3,80.726,0.0969999999999942,2024-07,Emilia Romagna Grand Prix,2024,7,2024-05-19,test,test
RUS,MEDIUM,3,60,61,8186.805,8266.898,8266.898,8347.601,10.0,80.093,79.881,-0.2120000000000033,3,80.703,0.6099999999999994,2024-07,Emilia Romagna Grand Prix,2024,7,2024-05-19,test,test
PER,MEDIUM,2,60,61,8193.926,8274.334,8274.334,8355.167,23.0,80.408,80.285,-0.12300000000000466,3,80.833,0.42499999999999716,2024-07,Emilia Romagna Grand Prix,2024,7,2024-05-19,test,test
VER,HARD,2,61,62,8219.616,8300.314,8300.314,8381.067,37.0,80.698,80.637,-0.06099999999999284,3,80.753,0.05500000000000682,2024-07,Emilia Romagna Grand Prix,2024,7,2024-05-19,test,test
LEC,HARD,2,61,62,8226.775,8307.558,8307.558,8388.865,36.0,80.783,80.693,-0.09000000000000341,3,81.307,0.5240000000000009,2024-07,Emilia Romagna Grand Prix,2024,7,2024-05-19,test,test
SAI,HARD,2,61,62,8241.859,8323.237,8323.237,8404.207,34.0,81.378,80.992,-0.3859999999999957,3,80.97,-0.40800000000000125,2024-07,Emilia Romagna Grand Prix,2024,7,2024-05-19,test,test
HAM,HARD,2,61,62,8255.186,8335.912,8335.912,8416.557,34.0,80.726,80.649,-0.07699999999999818,3,80.645,-0.08100000000000307,2024-07,Emilia Romagna Grand Prix,2024,7,2024-05-19,test,test
RUS,MEDIUM,3,61,62,8266.898,8347.601,8347.601,8429.164,11.0,80.703,80.093,-0.6099999999999994,3,81.563,0.8599999999999994,2024-07,Emilia Romagna Grand Prix,2024,7,2024-05-19,test,test
PER,MEDIUM,2,61,62,8274.334,8355.167,8355.167,8435.934,24.0,80.833,80.408,-0.42499999999999716,3,80.767,-0.0660000000000025,2024-07,Emilia Romagna Grand Prix,2024,7,2024-05-19,test,test
VER,HARD,2,62,63,8300.314,8381.067,8381.067,8462.102,38.0,80.753,80.698,-0.05500000000000682,3,81.035,0.2819999999999965,2024-07,Emilia Romagna Grand Prix,2024,7,2024-05-19,test,test
LEC,HARD,2,62,63,8307.558,8388.865,8388.865,8470.018,37.0,81.307,80.783,-0.5240000000000009,3,81.153,-0.15399999999999636,2024-07,Emilia Romagna Grand Prix,2024,7,2024-05-19,test,test
SAI,HARD,2,62,63,8323.237,8404.207,8404.207,8484.427,35.0,80.97,80.992,0.02200000000000557,3,80.22,-0.75,2024-07,Emilia Romagna Grand Prix,2024,7,2024-05-19,test,test
HAM,HARD,2,62,63,8335.912,8416.557,8416.557,8497.206,35.0,80.645,80.645,0.0,3,80.649,0.0040000000000048885,2024-07,Emilia Romagna Grand Prix,2024,7,2024-05-19,test,test
RUS,MEDIUM,3,62,63,8347.601,8429.164,8429.164,8509.256,12.0,81.563,80.703,-0.8599999999999994,3,80.092,-1.4710000000000036,2024-07,Emilia Romagna Grand Prix,2024,7,2024-05-19,test,test
PER,MEDIUM,2,62,63,8355.167,8435.934,8435.934,8516.878,25.0,80.767,80.767,0.0,3,80.944,0.1770000000000067,2024-07,Emilia Romagna Grand Prix,2024,7,2024-05-19,test,test
