Time,Driver,DriverNumber,LapTime,LapNumber,Stint,PitOutTime,PitInTime,Sector1Time,Sector2Time,Sector3Time,Sector1SessionTime,Sector2SessionTime,Sector3SessionTime,SpeedI1,SpeedI2,SpeedFL,SpeedST,IsPersonalBest,Compound,TyreLife,FreshTyre,Team,LapStartTime,LapStartDate,TrackStatus,Position,Deleted,DeletedReason,FastF1Generated,IsAccurate,EventKey,EventName,Year,RoundNumber,EventDate,Role,LapTimeSeconds,Included,ExclusionReasons
0 days 01:01:43.327000,HAM,44,0 days 00:01:43.122000,1.0,1.0,,,,0 days 00:00:43.609000,0 days 00:00:24.393000,,0 days 01:01:19.042000,0 days 01:01:43.362000,229.0,246.0,278.0,249.0,False,SOFT,4.0,False,Mercedes,0 days 00:59:59.911000,,12,9.0,False,,False,False,2024-01,Bahrain Grand Prix,2024,1,2024-03-02,train,103.122,False,opening_lap;not_green_only;timing_not_accurate
0 days 01:03:21.600000,HAM,44,0 days 00:01:38.273000,2.0,1.0,,,0 days 00:00:31.287000,0 days 00:00:42.893000,0 days 00:00:24.093000,0 days 01:02:14.649000,0 days 01:02:57.542000,0 days 01:03:21.635000,229.0,245.0,286.0,301.0,True,SOFT,5.0,False,Mercedes,0 days 01:01:43.327000,,1,9.0,False,,False,True,2024-01,Bahrain Grand Prix,2024,1,2024-03-02,train,98.273,True,
0 days 01:04:59.903000,HAM,44,0 days 00:01:38.303000,3.0,1.0,,,0 days 00:00:31.062000,0 days 00:00:43.099000,0 days 00:00:24.142000,0 days 01:03:52.697000,0 days 01:04:35.796000,0 days 01:04:59.938000,231.0,246.0,286.0,311.0,False,SOFT,6.0,False,Mercedes,0 days 01:03:21.600000,,1,9.0,False,,False,True,2024-01,Bahrain Grand Prix,2024,1,2024-03-02,train,98.303,True,
0 days 01:06:38.190000,HAM,44,0 days 00:01:38.287000,4.0,1.0,,,0 days 00:00:30.983000,0 days 00:00:43.146000,0 days 00:00:24.158000,0 days 01:05:30.921000,0 days 01:06:14.067000,0 days 01:06:38.225000,228.0,243.0,284.0,297.0,False,SOFT,7.0,False,Mercedes,0 days 01:04:59.903000,,1,9.0,False,,False,True,2024-01,Bahrain Grand Prix,2024,1,2024-03-02,train,98.287,True,
0 days 01:08:16.540000,HAM,44,0 days 00:01:38.350000,5.0,1.0,,,0 days 00:00:31.140000,0 days 00:00:43.010000,0 days 00:00:24.200000,0 days 01:07:09.365000,0 days 01:07:52.375000,0 days 01:08:16.575000,228.0,245.0,287.0,296.0,False,SOFT,8.0,False,Mercedes,0 days 01:06:38.190000,,1,9.0,False,,False,True,2024-01,Bahrain Grand Prix,2024,1,2024-03-02,train,98.35,True,
0 days 01:09:54.723000,HAM,44,0 days 00:01:38.183000,6.0,1.0,,,0 days 00:00:31.124000,0 days 00:00:42.887000,0 days 00:00:24.172000,0 days 01:08:47.699000,0 days 01:09:30.586000,0 days 01:09:54.758000,230.0,247.0,286.0,301.0,True,SOFT,9.0,False,Mercedes,0 days 01:08:16.540000,,1,9.0,False,,False,True,2024-01,Bahrain Grand Prix,2024,1,2024-03-02,train,98.183,True,
0 days 01:11:32.562000,HAM,44,0 days 00:01:37.839000,7.0,1.0,,,0 days 00:00:30.829000,0 days 00:00:42.823000,0 days 00:00:24.187000,0 days 01:10:25.587000,0 days 01:11:08.410000,0 days 01:11:32.597000,229.0,248.0,287.0,293.0,True,SOFT,10.0,False,Mercedes,0 days 01:09:54.723000,,1,9.0,False,,False,True,2024-01,Bahrain Grand Prix,2024,1,2024-03-02,train,97.839,True,
0 days 01:13:10.783000,HAM,44,0 days 00:01:38.221000,8.0,1.0,,,0 days 00:00:31.079000,0 days 00:00:42.886000,0 days 00:00:24.256000,0 days 01:12:03.676000,0 days 01:12:46.562000,0 days 01:13:10.818000,229.0,248.0,285.0,304.0,False,SOFT,11.0,False,Mercedes,0 days 01:11:32.562000,,1,9.0,False,,False,True,2024-01,Bahrain Grand Prix,2024,1,2024-03-02,train,98.221,True,
0 days 01:14:49.428000,HAM,44,0 days 00:01:38.645000,9.0,1.0,,,0 days 00:00:31.088000,0 days 00:00:43.171000,0 days 00:00:24.386000,0 days 01:13:41.906000,0 days 01:14:25.077000,0 days 01:14:49.463000,230.0,247.0,288.0,311.0,False,SOFT,12.0,False,Mercedes,0 days 01:13:10.783000,,1,9.0,False,,False,True,2024-01,Bahrain Grand Prix,2024,1,2024-03-02,train,98.645,True,
0 days 01:16:27.465000,HAM,44,0 days 00:01:38.037000,10.0,1.0,,,0 days 00:00:30.931000,0 days 00:00:42.821000,0 days 00:00:24.285000,0 days 01:15:20.394000,0 days 01:16:03.215000,0 days 01:16:27.500000,228.0,247.0,278.0,320.0,False,SOFT,13.0,False,Mercedes,0 days 01:14:49.428000,,12,8.0,False,,False,True,2024-01,Bahrain Grand Prix,2024,1,2024-03-02,train,98.037,False,not_green_only
0 days 01:18:05.701000,HAM,44,0 days 00:01:38.236000,11.0,1.0,,,0 days 00:00:31.279000,0 days 00:00:42.819000,0 days 00:00:24.138000,0 days 01:16:58.779000,0 days 01:17:41.598000,0 days 01:18:05.736000,228.0,249.0,279.0,290.0,False,SOFT,14.0,False,Mercedes,0 days 01:16:27.465000,,1,8.0,False,,False,True,2024-01,Bahrain Grand Prix,2024,1,2024-03-02,train,98.236,True,
0 days 01:19:46.590000,HAM,44,0 days 00:01:40.889000,12.0,1.0,,0 days 01:19:44.838000,0 days 00:00:31.206000,0 days 00:00:42.881000,0 days 00:00:26.802000,0 days 01:18:36.942000,0 days 01:19:19.823000,0 days 01:19:46.625000,228.0,245.0,,294.0,False,SOFT,15.0,False,Mercedes,0 days 01:18:05.701000,,1,7.0,False,,False,False,2024-01,Bahrain Grand Prix,2024,1,2024-03-02,train,100.889,False,pit_in;timing_not_accurate
0 days 01:21:45.235000,HAM,44,0 days 00:01:58.645000,13.0,2.0,0 days 01:20:09.902000,,0 days 00:00:52.396000,0 days 00:00:42.491000,0 days 00:00:23.758000,0 days 01:20:39.021000,0 days 01:21:21.512000,0 days 01:21:45.270000,229.0,242.0,276.0,216.0,False,HARD,1.0,True,Mercedes,0 days 01:19:46.590000,,1,12.0,False,,False,False,2024-01,Bahrain Grand Prix,2024,1,2024-03-02,train,118.645,False,pit_out;timing_not_accurate
0 days 01:23:22.413000,HAM,44,0 days 00:01:37.178000,14.0,2.0,,,0 days 00:00:31.073000,0 days 00:00:42.404000,0 days 00:00:23.701000,0 days 01:22:16.343000,0 days 01:22:58.747000,0 days 01:23:22.448000,231.0,246.0,281.0,288.0,True,HARD,2.0,True,Mercedes,0 days 01:21:45.235000,,1,11.0,False,,False,True,2024-01,Bahrain Grand Prix,2024,1,2024-03-02,train,97.178,True,
0 days 01:24:59.677000,HAM,44,0 days 00:01:37.264000,15.0,2.0,,,0 days 00:00:31.095000,0 days 00:00:42.315000,0 days 00:00:23.854000,0 days 01:23:53.543000,0 days 01:24:35.858000,0 days 01:24:59.712000,229.0,243.0,280.0,288.0,False,HARD,3.0,True,Mercedes,0 days 01:23:22.413000,,1,10.0,False,,False,True,2024-01,Bahrain Grand Prix,2024,1,2024-03-02,train,97.264,True,
0 days 01:26:36.768000,HAM,44,0 days 00:01:37.091000,16.0,2.0,,,0 days 00:00:31.165000,0 days 00:00:42.207000,0 days 00:00:23.719000,0 days 01:25:30.877000,0 days 01:26:13.084000,0 days 01:26:36.803000,229.0,243.0,280.0,286.0,True,HARD,4.0,True,Mercedes,0 days 01:24:59.677000,,1,8.0,False,,False,True,2024-01,Bahrain Grand Prix,2024,1,2024-03-02,train,97.091,True,
0 days 01:28:13.879000,HAM,44,0 days 00:01:37.111000,17.0,2.0,,,0 days 00:00:30.738000,0 days 00:00:42.640000,0 days 00:00:23.733000,0 days 01:27:07.541000,0 days 01:27:50.181000,0 days 01:28:13.914000,231.0,247.0,281.0,295.0,False,HARD,5.0,True,Mercedes,0 days 01:26:36.768000,,1,8.0,False,,False,True,2024-01,Bahrain Grand Prix,2024,1,2024-03-02,train,97.111,True,
0 days 01:29:50.729000,HAM,44,0 days 00:01:36.850000,18.0,2.0,,,0 days 00:00:30.825000,0 days 00:00:42.221000,0 days 00:00:23.804000,0 days 01:28:44.739000,0 days 01:29:26.960000,0 days 01:29:50.764000,231.0,250.0,280.0,295.0,True,HARD,6.0,True,Mercedes,0 days 01:28:13.879000,,1,8.0,False,,False,True,2024-01,Bahrain Grand Prix,2024,1,2024-03-02,train,96.85,True,
0 days 01:31:27.423000,HAM,44,0 days 00:01:36.694000,19.0,2.0,,,0 days 00:00:30.848000,0 days 00:00:42.131000,0 days 00:00:23.715000,0 days 01:30:21.612000,0 days 01:31:03.743000,0 days 01:31:27.458000,232.0,252.0,279.0,292.0,True,HARD,7.0,True,Mercedes,0 days 01:29:50.729000,,1,8.0,False,,False,True,2024-01,Bahrain Grand Prix,2024,1,2024-03-02,train,96.694,True,
0 days 01:33:03.687000,HAM,44,0 days 00:01:36.264000,20.0,2.0,,,0 days 00:00:30.768000,0 days 00:00:41.794000,0 days 00:00:23.702000,0 days 01:31:58.226000,0 days 01:32:40.020000,0 days 01:33:03.722000,232.0,254.0,280.0,295.0,True,HARD,8.0,True,Mercedes,0 days 01:31:27.423000,,1,8.0,False,,False,True,2024-01,Bahrain Grand Prix,2024,1,2024-03-02,train,96.264,True,
0 days 01:34:40.197000,HAM,44,0 days 00:01:36.510000,21.0,2.0,,,0 days 00:00:30.757000,0 days 00:00:42.003000,0 days 00:00:23.750000,0 days 01:33:34.479000,0 days 01:34:16.482000,0 days 01:34:40.232000,233.0,254.0,280.0,294.0,False,HARD,9.0,True,Mercedes,0 days 01:33:03.687000,,1,8.0,False,,False,True,2024-01,Bahrain Grand Prix,2024,1,2024-03-02,train,96.51,True,
0 days 01:36:16.830000,HAM,44,0 days 00:01:36.633000,22.0,2.0,,,0 days 00:00:30.733000,0 days 00:00:42.141000,0 days 00:00:23.759000,0 days 01:35:10.965000,0 days 01:35:53.106000,0 days 01:36:16.865000,233.0,252.0,280.0,295.0,False,HARD,10.0,True,Mercedes,0 days 01:34:40.197000,,1,8.0,False,,False,True,2024-01,Bahrain Grand Prix,2024,1,2024-03-02,train,96.633,True,
0 days 01:37:53.547000,HAM,44,0 days 00:01:36.717000,23.0,2.0,,,0 days 00:00:30.884000,0 days 00:00:42.063000,0 days 00:00:23.770000,0 days 01:36:47.749000,0 days 01:37:29.812000,0 days 01:37:53.582000,233.0,254.0,281.0,294.0,False,HARD,11.0,True,Mercedes,0 days 01:36:16.830000,,1,8.0,False,,False,True,2024-01,Bahrain Grand Prix,2024,1,2024-03-02,train,96.717,True,
0 days 01:39:30.213000,HAM,44,0 days 00:01:36.666000,24.0,2.0,,,0 days 00:00:30.826000,0 days 00:00:42.100000,0 days 00:00:23.740000,0 days 01:38:24.408000,0 days 01:39:06.508000,0 days 01:39:30.248000,232.0,253.0,281.0,294.0,False,HARD,12.0,True,Mercedes,0 days 01:37:53.547000,,1,8.0,False,,False,True,2024-01,Bahrain Grand Prix,2024,1,2024-03-02,train,96.666,True,
0 days 01:41:07.132000,HAM,44,0 days 00:01:36.919000,25.0,2.0,,,0 days 00:00:31.037000,0 days 00:00:42.090000,0 days 00:00:23.792000,0 days 01:40:01.285000,0 days 01:40:43.375000,0 days 01:41:07.167000,234.0,254.0,280.0,297.0,False,HARD,13.0,True,Mercedes,0 days 01:39:30.213000,,1,8.0,False,,False,True,2024-01,Bahrain Grand Prix,2024,1,2024-03-02,train,96.919,True,
0 days 01:42:43.846000,HAM,44,0 days 00:01:36.714000,26.0,2.0,,,0 days 00:00:30.847000,0 days 00:00:42.095000,0 days 00:00:23.772000,0 days 01:41:38.014000,0 days 01:42:20.109000,0 days 01:42:43.881000,233.0,256.0,281.0,298.0,False,HARD,14.0,True,Mercedes,0 days 01:41:07.132000,,1,8.0,False,,False,True,2024-01,Bahrain Grand Prix,2024,1,2024-03-02,train,96.714,True,
0 days 01:44:21.047000,HAM,44,0 days 00:01:37.201000,27.0,2.0,,,0 days 00:00:30.891000,0 days 00:00:42.390000,0 days 00:00:23.920000,0 days 01:43:14.772000,0 days 01:43:57.162000,0 days 01:44:21.082000,234.0,255.0,281.0,296.0,False,HARD,15.0,True,Mercedes,0 days 01:42:43.846000,,1,8.0,True,TRACK LIMITS AT TURN 10 LAP 27 ,False,True,2024-01,Bahrain Grand Prix,2024,1,2024-03-02,train,97.201,False,deleted_or_unknown
0 days 01:45:57.739000,HAM,44,0 days 00:01:36.692000,28.0,2.0,,,0 days 00:00:30.907000,0 days 00:00:41.948000,0 days 00:00:23.837000,0 days 01:44:51.989000,0 days 01:45:33.937000,0 days 01:45:57.774000,233.0,257.0,282.0,298.0,False,HARD,16.0,True,Mercedes,0 days 01:44:21.047000,,1,8.0,False,,False,True,2024-01,Bahrain Grand Prix,2024,1,2024-03-02,train,96.692,True,
0 days 01:47:34.525000,HAM,44,0 days 00:01:36.786000,29.0,2.0,,,0 days 00:00:30.897000,0 days 00:00:42.023000,0 days 00:00:23.866000,0 days 01:46:28.671000,0 days 01:47:10.694000,0 days 01:47:34.560000,233.0,259.0,281.0,298.0,False,HARD,17.0,True,Mercedes,0 days 01:45:57.739000,,1,8.0,False,,False,True,2024-01,Bahrain Grand Prix,2024,1,2024-03-02,train,96.786,True,
0 days 01:49:11.769000,HAM,44,0 days 00:01:37.244000,30.0,2.0,,,0 days 00:00:30.945000,0 days 00:00:42.370000,0 days 00:00:23.929000,0 days 01:48:05.505000,0 days 01:48:47.875000,0 days 01:49:11.804000,232.0,259.0,281.0,296.0,False,HARD,18.0,True,Mercedes,0 days 01:47:34.525000,,1,8.0,False,,False,True,2024-01,Bahrain Grand Prix,2024,1,2024-03-02,train,97.244,True,
0 days 01:50:48.744000,HAM,44,0 days 00:01:36.975000,31.0,2.0,,,0 days 00:00:30.837000,0 days 00:00:42.175000,0 days 00:00:23.963000,0 days 01:49:42.641000,0 days 01:50:24.816000,0 days 01:50:48.779000,233.0,258.0,282.0,299.0,False,HARD,19.0,True,Mercedes,0 days 01:49:11.769000,,1,8.0,False,,False,True,2024-01,Bahrain Grand Prix,2024,1,2024-03-02,train,96.975,True,
0 days 01:52:26.069000,HAM,44,0 days 00:01:37.325000,32.0,2.0,,,0 days 00:00:31.076000,0 days 00:00:42.235000,0 days 00:00:24.014000,0 days 01:51:19.855000,0 days 01:52:02.090000,0 days 01:52:26.104000,234.0,260.0,282.0,298.0,False,HARD,20.0,True,Mercedes,0 days 01:50:48.744000,,1,7.0,False,,False,True,2024-01,Bahrain Grand Prix,2024,1,2024-03-02,train,97.325,True,
0 days 01:54:05.765000,HAM,44,0 days 00:01:39.696000,33.0,2.0,,0 days 01:54:04.064000,0 days 00:00:30.937000,0 days 00:00:42.399000,0 days 00:00:26.360000,0 days 01:52:57.041000,0 days 01:53:39.440000,0 days 01:54:05.800000,233.0,259.0,,300.0,False,HARD,21.0,True,Mercedes,0 days 01:52:26.069000,,1,7.0,False,,False,False,2024-01,Bahrain Grand Prix,2024,1,2024-03-02,train,99.696,False,pit_in;timing_not_accurate
0 days 01:56:00.739000,HAM,44,0 days 00:01:54.974000,34.0,3.0,0 days 01:54:28.183000,,0 days 00:00:50.966000,0 days 00:00:40.903000,0 days 00:00:23.105000,0 days 01:54:56.766000,0 days 01:55:37.669000,0 days 01:56:00.774000,232.0,257.0,282.0,219.0,False,HARD,1.0,True,Mercedes,0 days 01:54:05.765000,,1,9.0,False,,False,False,2024-01,Bahrain Grand Prix,2024,1,2024-03-02,train,114.974,False,pit_out;timing_not_accurate
0 days 01:57:36.228000,HAM,44,0 days 00:01:35.489000,35.0,3.0,,,0 days 00:00:30.776000,0 days 00:00:41.304000,0 days 00:00:23.409000,0 days 01:56:31.550000,0 days 01:57:12.854000,0 days 01:57:36.263000,239.0,246.0,283.0,302.0,True,HARD,2.0,True,Mercedes,0 days 01:56:00.739000,,1,8.0,False,,False,True,2024-01,Bahrain Grand Prix,2024,1,2024-03-02,train,95.489,True,
0 days 01:59:11.507000,HAM,44,0 days 00:01:35.279000,36.0,3.0,,,0 days 00:00:30.303000,0 days 00:00:41.653000,0 days 00:00:23.323000,0 days 01:58:06.566000,0 days 01:58:48.219000,0 days 01:59:11.542000,237.0,252.0,284.0,297.0,True,HARD,3.0,True,Mercedes,0 days 01:57:36.228000,,1,8.0,False,,False,True,2024-01,Bahrain Grand Prix,2024,1,2024-03-02,train,95.279,True,
0 days 02:00:47.104000,HAM,44,0 days 00:01:35.597000,37.0,3.0,,,0 days 00:00:30.384000,0 days 00:00:41.575000,0 days 00:00:23.638000,0 days 01:59:41.926000,0 days 02:00:23.501000,0 days 02:00:47.139000,234.0,254.0,290.0,302.0,False,HARD,4.0,True,Mercedes,0 days 01:59:11.507000,,1,8.0,False,,False,True,2024-01,Bahrain Grand Prix,2024,1,2024-03-02,train,95.597,True,
0 days 02:02:22.070000,HAM,44,0 days 00:01:34.966000,38.0,3.0,,,0 days 00:00:30.060000,0 days 00:00:41.423000,0 days 00:00:23.483000,0 days 02:01:17.199000,0 days 02:01:58.622000,0 days 02:02:22.105000,233.0,257.0,290.0,316.0,True,HARD,5.0,True,Mercedes,0 days 02:00:47.104000,,1,8.0,False,,False,True,2024-01,Bahrain Grand Prix,2024,1,2024-03-02,train,94.966,True,
0 days 02:03:56.792000,HAM,44,0 days 00:01:34.722000,39.0,3.0,,,0 days 00:00:30.170000,0 days 00:00:41.159000,0 days 00:00:23.393000,0 days 02:02:52.275000,0 days 02:03:33.434000,0 days 02:03:56.827000,233.0,258.0,282.0,313.0,True,HARD,6.0,True,Mercedes,0 days 02:02:22.070000,,1,7.0,False,,False,True,2024-01,Bahrain Grand Prix,2024,1,2024-03-02,train,94.722,True,
0 days 02:05:31.833000,HAM,44,0 days 00:01:35.041000,40.0,3.0,,,0 days 00:00:30.443000,0 days 00:00:41.198000,0 days 00:00:23.400000,0 days 02:04:27.270000,0 days 02:05:08.468000,0 days 02:05:31.868000,235.0,260.0,282.0,296.0,False,HARD,7.0,True,Mercedes,0 days 02:03:56.792000,,1,7.0,False,,False,True,2024-01,Bahrain Grand Prix,2024,1,2024-03-02,train,95.041,True,
0 days 02:07:06.773000,HAM,44,0 days 00:01:34.940000,41.0,3.0,,,0 days 00:00:30.463000,0 days 00:00:41.116000,0 days 00:00:23.361000,0 days 02:06:02.331000,0 days 02:06:43.447000,0 days 02:07:06.808000,235.0,263.0,282.0,297.0,False,HARD,8.0,True,Mercedes,0 days 02:05:31.833000,,1,7.0,False,,False,True,2024-01,Bahrain Grand Prix,2024,1,2024-03-02,train,94.94,True,
0 days 02:08:41.769000,HAM,44,0 days 00:01:34.996000,42.0,3.0,,,0 days 00:00:30.426000,0 days 00:00:41.130000,0 days 00:00:23.440000,0 days 02:07:37.234000,0 days 02:08:18.364000,0 days 02:08:41.804000,235.0,260.0,283.0,298.0,False,HARD,9.0,True,Mercedes,0 days 02:07:06.773000,,1,7.0,False,,False,True,2024-01,Bahrain Grand Prix,2024,1,2024-03-02,train,94.996,True,
0 days 02:10:16.704000,HAM,44,0 days 00:01:34.935000,43.0,3.0,,,0 days 00:00:30.437000,0 days 00:00:41.134000,0 days 00:00:23.364000,0 days 02:09:12.241000,0 days 02:09:53.375000,0 days 02:10:16.739000,235.0,259.0,282.0,297.0,False,HARD,10.0,True,Mercedes,0 days 02:08:41.769000,,1,7.0,False,,False,True,2024-01,Bahrain Grand Prix,2024,1,2024-03-02,train,94.935,True,
0 days 02:11:51.873000,HAM,44,0 days 00:01:35.169000,44.0,3.0,,,0 days 00:00:30.494000,0 days 00:00:41.229000,0 days 00:00:23.446000,0 days 02:10:47.233000,0 days 02:11:28.462000,0 days 02:11:51.908000,235.0,262.0,282.0,297.0,False,HARD,11.0,True,Mercedes,0 days 02:10:16.704000,,1,7.0,False,,False,True,2024-01,Bahrain Grand Prix,2024,1,2024-03-02,train,95.169,True,
0 days 02:13:27.057000,HAM,44,0 days 00:01:35.184000,45.0,3.0,,,0 days 00:00:30.483000,0 days 00:00:41.299000,0 days 00:00:23.402000,0 days 02:12:22.391000,0 days 02:13:03.690000,0 days 02:13:27.092000,236.0,261.0,282.0,298.0,False,HARD,12.0,True,Mercedes,0 days 02:11:51.873000,,1,7.0,False,,False,True,2024-01,Bahrain Grand Prix,2024,1,2024-03-02,train,95.184,True,
0 days 02:15:02.342000,HAM,44,0 days 00:01:35.285000,46.0,3.0,,,0 days 00:00:30.569000,0 days 00:00:41.258000,0 days 00:00:23.458000,0 days 02:13:57.661000,0 days 02:14:38.919000,0 days 02:15:02.377000,235.0,264.0,282.0,300.0,False,HARD,13.0,True,Mercedes,0 days 02:13:27.057000,,1,7.0,False,,False,True,2024-01,Bahrain Grand Prix,2024,1,2024-03-02,train,95.285,True,
0 days 02:16:37.568000,HAM,44,0 days 00:01:35.226000,47.0,3.0,,,0 days 00:00:30.514000,0 days 00:00:41.311000,0 days 00:00:23.401000,0 days 02:15:32.891000,0 days 02:16:14.202000,0 days 02:16:37.603000,236.0,262.0,282.0,296.0,False,HARD,14.0,True,Mercedes,0 days 02:15:02.342000,,1,7.0,True,TRACK LIMITS AT TURN 4 LAP 47 ,False,True,2024-01,Bahrain Grand Prix,2024,1,2024-03-02,train,95.226,False,deleted_or_unknown
0 days 02:18:13.733000,HAM,44,0 days 00:01:36.165000,48.0,3.0,,,0 days 00:00:30.691000,0 days 00:00:41.926000,0 days 00:00:23.548000,0 days 02:17:08.294000,0 days 02:17:50.220000,0 days 02:18:13.768000,236.0,263.0,282.0,296.0,False,HARD,15.0,True,Mercedes,0 days 02:16:37.568000,,1,7.0,False,,False,True,2024-01,Bahrain Grand Prix,2024,1,2024-03-02,train,96.165,True,
0 days 02:19:49.647000,HAM,44,0 days 00:01:35.914000,49.0,3.0,,,0 days 00:00:30.616000,0 days 00:00:41.819000,0 days 00:00:23.479000,0 days 02:18:44.384000,0 days 02:19:26.203000,0 days 02:19:49.682000,236.0,261.0,282.0,297.0,False,HARD,16.0,True,Mercedes,0 days 02:18:13.733000,,1,7.0,False,,False,True,2024-01,Bahrain Grand Prix,2024,1,2024-03-02,train,95.914,True,
0 days 02:21:25.259000,HAM,44,0 days 00:01:35.612000,50.0,3.0,,,0 days 00:00:30.655000,0 days 00:00:41.454000,0 days 00:00:23.503000,0 days 02:20:20.337000,0 days 02:21:01.791000,0 days 02:21:25.294000,236.0,263.0,282.0,302.0,False,HARD,17.0,True,Mercedes,0 days 02:19:49.647000,,1,7.0,False,,False,True,2024-01,Bahrain Grand Prix,2024,1,2024-03-02,train,95.612,True,
0 days 02:23:00.791000,HAM,44,0 days 00:01:35.532000,51.0,3.0,,,0 days 00:00:30.597000,0 days 00:00:41.403000,0 days 00:00:23.532000,0 days 02:21:55.891000,0 days 02:22:37.294000,0 days 02:23:00.826000,235.0,264.0,282.0,298.0,False,HARD,18.0,True,Mercedes,0 days 02:21:25.259000,,1,7.0,False,,False,True,2024-01,Bahrain Grand Prix,2024,1,2024-03-02,train,95.532,True,
0 days 02:24:36.270000,HAM,44,0 days 00:01:35.479000,52.0,3.0,,,0 days 00:00:30.578000,0 days 00:00:41.382000,0 days 00:00:23.519000,0 days 02:23:31.404000,0 days 02:24:12.786000,0 days 02:24:36.305000,237.0,267.0,283.0,299.0,False,HARD,19.0,True,Mercedes,0 days 02:23:00.791000,,1,7.0,False,,False,True,2024-01,Bahrain Grand Prix,2024,1,2024-03-02,train,95.479,True,
0 days 02:26:11.820000,HAM,44,0 days 00:01:35.550000,53.0,3.0,,,0 days 00:00:30.643000,0 days 00:00:41.252000,0 days 00:00:23.655000,0 days 02:25:06.948000,0 days 02:25:48.200000,0 days 02:26:11.855000,236.0,267.0,282.0,298.0,False,HARD,20.0,True,Mercedes,0 days 02:24:36.270000,,1,7.0,False,,False,True,2024-01,Bahrain Grand Prix,2024,1,2024-03-02,train,95.55,True,
0 days 02:27:47.794000,HAM,44,0 days 00:01:35.974000,54.0,3.0,,,0 days 00:00:30.792000,0 days 00:00:41.706000,0 days 00:00:23.476000,0 days 02:26:42.647000,0 days 02:27:24.353000,0 days 02:27:47.829000,236.0,265.0,283.0,299.0,False,HARD,21.0,True,Mercedes,0 days 02:26:11.820000,,1,7.0,False,,False,True,2024-01,Bahrain Grand Prix,2024,1,2024-03-02,train,95.974,True,
0 days 02:29:23.427000,HAM,44,0 days 00:01:35.633000,55.0,3.0,,,0 days 00:00:30.602000,0 days 00:00:41.487000,0 days 00:00:23.544000,0 days 02:28:18.431000,0 days 02:28:59.918000,0 days 02:29:23.462000,238.0,263.0,283.0,304.0,False,HARD,22.0,True,Mercedes,0 days 02:27:47.794000,,1,7.0,False,,False,True,2024-01,Bahrain Grand Prix,2024,1,2024-03-02,train,95.633,True,
0 days 02:30:59.133000,HAM,44,0 days 00:01:35.706000,56.0,3.0,,,0 days 00:00:30.597000,0 days 00:00:41.564000,0 days 00:00:23.545000,0 days 02:29:54.059000,0 days 02:30:35.623000,0 days 02:30:59.168000,238.0,267.0,284.0,304.0,False,HARD,23.0,True,Mercedes,0 days 02:29:23.427000,,1,7.0,False,,False,True,2024-01,Bahrain Grand Prix,2024,1,2024-03-02,train,95.706,True,
0 days 02:32:35.271000,HAM,44,0 days 00:01:36.138000,57.0,3.0,,,0 days 00:00:30.687000,0 days 00:00:41.847000,0 days 00:00:23.604000,0 days 02:31:29.855000,0 days 02:32:11.702000,0 days 02:32:35.306000,236.0,264.0,283.0,304.0,False,HARD,24.0,True,Mercedes,0 days 02:30:59.133000,,1,7.0,False,,False,True,2024-01,Bahrain Grand Prix,2024,1,2024-03-02,train,96.138,True,
0 days 01:01:38.476000,LEC,16,0 days 00:01:38.271000,1.0,1.0,,,,0 days 00:00:41.549000,0 days 00:00:23.635000,,0 days 01:01:15.049000,0 days 01:01:38.589000,232.0,252.0,278.0,255.0,False,SOFT,4.0,False,Ferrari,0 days 00:59:59.911000,,12,2.0,False,,False,False,2024-01,Bahrain Grand Prix,2024,1,2024-03-02,train,98.271,False,opening_lap;not_green_only;timing_not_accurate
0 days 01:03:15.338000,LEC,16,0 days 00:01:36.862000,2.0,1.0,,,0 days 00:00:31.166000,0 days 00:00:41.864000,0 days 00:00:23.832000,0 days 01:02:09.642000,0 days 01:02:51.506000,0 days 01:03:15.338000,232.0,240.0,277.0,293.0,True,SOFT,5.0,False,Ferrari,0 days 01:01:38.476000,,1,2.0,False,,False,True,2024-01,Bahrain Grand Prix,2024,1,2024-03-02,train,96.862,True,
0 days 01:04:53.400000,LEC,16,0 days 00:01:38.062000,3.0,1.0,,,0 days 00:00:31.223000,0 days 00:00:42.856000,0 days 00:00:23.983000,0 days 01:03:46.561000,0 days 01:04:29.417000,0 days 01:04:53.400000,234.0,256.0,283.0,296.0,False,SOFT,6.0,False,Ferrari,0 days 01:03:15.338000,,1,3.0,False,,False,True,2024-01,Bahrain Grand Prix,2024,1,2024-03-02,train,98.062,True,
0 days 01:06:31.152000,LEC,16,0 days 00:01:37.752000,4.0,1.0,,,0 days 00:00:30.958000,0 days 00:00:42.784000,0 days 00:00:24.010000,0 days 01:05:24.358000,0 days 01:06:07.142000,0 days 01:06:31.152000,233.0,242.0,279.0,313.0,False,SOFT,7.0,False,Ferrari,0 days 01:04:53.400000,,1,3.0,True,TRACK LIMITS AT TURN 10 LAP 4 ,False,True,2024-01,Bahrain Grand Prix,2024,1,2024-03-02,train,97.752,False,deleted_or_unknown
0 days 01:08:09.283000,LEC,16,0 days 00:01:38.131000,5.0,1.0,,,0 days 00:00:31.192000,0 days 00:00:42.872000,0 days 00:00:24.067000,0 days 01:07:02.344000,0 days 01:07:45.216000,0 days 01:08:09.283000,232.0,242.0,283.0,298.0,False,SOFT,8.0,False,Ferrari,0 days 01:06:31.152000,,1,3.0,False,,False,True,2024-01,Bahrain Grand Prix,2024,1,2024-03-02,train,98.131,True,
0 days 01:09:47.065000,LEC,16,0 days 00:01:37.782000,6.0,1.0,,,0 days 00:00:30.936000,0 days 00:00:42.751000,0 days 00:00:24.095000,0 days 01:08:40.219000,0 days 01:09:22.970000,0 days 01:09:47.065000,230.0,242.0,283.0,312.0,False,SOFT,9.0,False,Ferrari,0 days 01:08:09.283000,,1,3.0,False,,False,True,2024-01,Bahrain Grand Prix,2024,1,2024-03-02,train,97.782,True,
0 days 01:11:26.022000,LEC,16,0 days 00:01:38.957000,7.0,1.0,,,0 days 00:00:31.008000,0 days 00:00:43.761000,0 days 00:00:24.188000,0 days 01:10:18.073000,0 days 01:11:01.834000,0 days 01:11:26.022000,231.0,246.0,285.0,310.0,False,SOFT,10.0,False,Ferrari,0 days 01:09:47.065000,,1,4.0,False,,False,True,2024-01,Bahrain Grand Prix,2024,1,2024-03-02,train,98.957,True,
0 days 01:13:04.158000,LEC,16,0 days 00:01:38.136000,8.0,1.0,,,0 days 00:00:31.200000,0 days 00:00:42.753000,0 days 00:00:24.183000,0 days 01:11:57.222000,0 days 01:12:39.975000,0 days 01:13:04.158000,232.0,258.0,284.0,316.0,False,SOFT,11.0,False,Ferrari,0 days 01:11:26.022000,,1,4.0,False,,False,True,2024-01,Bahrain Grand Prix,2024,1,2024-03-02,train,98.136,True,
0 days 01:14:42.002000,LEC,16,0 days 00:01:37.844000,9.0,1.0,,,0 days 00:00:31.147000,0 days 00:00:42.533000,0 days 00:00:24.164000,0 days 01:13:35.305000,0 days 01:14:17.838000,0 days 01:14:42.002000,229.0,258.0,283.0,314.0,False,SOFT,12.0,False,Ferrari,0 days 01:13:04.158000,,1,4.0,False,,False,True,2024-01,Bahrain Grand Prix,2024,1,2024-03-02,train,97.844,True,
0 days 01:16:19.886000,LEC,16,0 days 00:01:37.884000,10.0,1.0,,,0 days 00:00:30.988000,0 days 00:00:42.534000,0 days 00:00:24.362000,0 days 01:15:12.990000,0 days 01:15:55.524000,0 days 01:16:19.886000,230.0,254.0,279.0,316.0,False,SOFT,13.0,False,Ferrari,0 days 01:14:42.002000,,12,4.0,False,,False,True,2024-01,Bahrain Grand Prix,2024,1,2024-03-02,train,97.884,False,not_green_only
0 days 01:18:01.623000,LEC,16,0 days 00:01:41.737000,11.0,1.0,,0 days 01:17:59.892000,0 days 00:00:32.241000,0 days 00:00:42.647000,0 days 00:00:26.849000,0 days 01:16:52.127000,0 days 01:17:34.774000,0 days 01:18:01.623000,229.0,255.0,,297.0,False,SOFT,14.0,False,Ferrari,0 days 01:16:19.886000,,1,6.0,False,,False,False,2024-01,Bahrain Grand Prix,2024,1,2024-03-02,train,101.737,False,pit_in;timing_not_accurate
0 days 01:19:59.094000,LEC,16,0 days 00:01:57.471000,12.0,2.0,0 days 01:18:23.940000,,0 days 00:00:51.178000,0 days 00:00:42.371000,0 days 00:00:23.922000,0 days 01:18:52.801000,0 days 01:19:35.172000,0 days 01:19:59.094000,234.0,257.0,283.0,220.0,False,HARD,1.0,True,Ferrari,0 days 01:18:01.623000,,1,13.0,False,,False,False,2024-01,Bahrain Grand Prix,2024,1,2024-03-02,train,117.471,False,pit_out;timing_not_accurate
0 days 01:21:35.526000,LEC,16,0 days 00:01:36.432000,13.0,2.0,,,0 days 00:00:30.580000,0 days 00:00:42.173000,0 days 00:00:23.679000,0 days 01:20:29.674000,0 days 01:21:11.847000,0 days 01:21:35.526000,235.0,254.0,282.0,314.0,True,HARD,2.0,True,Ferrari,0 days 01:19:59.094000,,1,9.0,False,,False,True,2024-01,Bahrain Grand Prix,2024,1,2024-03-02,train,96.432,True,
0 days 01:23:12.282000,LEC,16,0 days 00:01:36.756000,14.0,2.0,,,0 days 00:00:30.787000,0 days 00:00:42.232000,0 days 00:00:23.737000,0 days 01:22:06.313000,0 days 01:22:48.545000,0 days 01:23:12.282000,236.0,247.0,282.0,305.0,False,HARD,3.0,True,Ferrari,0 days 01:21:35.526000,,1,8.0,False,,False,True,2024-01,Bahrain Grand Prix,2024,1,2024-03-02,train,96.756,True,
0 days 01:24:49.095000,LEC,16,0 days 00:01:36.813000,15.0,2.0,,,0 days 00:00:30.831000,0 days 00:00:42.256000,0 days 00:00:23.726000,0 days 01:23:43.113000,0 days 01:24:25.369000,0 days 01:24:49.095000,236.0,244.0,285.0,298.0,False,HARD,4.0,True,Ferrari,0 days 01:23:12.282000,,1,6.0,False,,False,True,2024-01,Bahrain Grand Prix,2024,1,2024-03-02,train,96.813,True,
0 days 01:26:25.768000,LEC,16,0 days 00:01:36.673000,16.0,2.0,,,0 days 00:00:30.606000,0 days 00:00:42.320000,0 days 00:00:23.747000,0 days 01:25:19.701000,0 days 01:26:02.021000,0 days 01:26:25.768000,236.0,259.0,285.0,320.0,False,HARD,5.0,True,Ferrari,0 days 01:24:49.095000,,1,4.0,False,,False,True,2024-01,Bahrain Grand Prix,2024,1,2024-03-02,train,96.673,True,
0 days 01:28:03.070000,LEC,16,0 days 00:01:37.302000,17.0,2.0,,,0 days 00:00:31.109000,0 days 00:00:42.332000,0 days 00:00:23.861000,0 days 01:26:56.877000,0 days 01:27:39.209000,0 days 01:28:03.070000,233.0,246.0,279.0,318.0,False,HARD,6.0,True,Ferrari,0 days 01:26:25.768000,,1,5.0,False,,False,True,2024-01,Bahrain Grand Prix,2024,1,2024-03-02,train,97.302,True,
0 days 01:29:40.508000,LEC,16,0 days 00:01:37.438000,18.0,2.0,,,0 days 00:00:31.180000,0 days 00:00:42.467000,0 days 00:00:23.791000,0 days 01:28:34.250000,0 days 01:29:16.717000,0 days 01:29:40.508000,233.0,243.0,279.0,298.0,False,HARD,7.0,True,Ferrari,0 days 01:28:03.070000,,1,5.0,False,,False,True,2024-01,Bahrain Grand Prix,2024,1,2024-03-02,train,97.438,True,
0 days 01:31:17.329000,LEC,16,0 days 00:01:36.821000,19.0,2.0,,,0 days 00:00:30.986000,0 days 00:00:42.030000,0 days 00:00:23.805000,0 days 01:30:11.494000,0 days 01:30:53.524000,0 days 01:31:17.329000,234.0,262.0,280.0,298.0,False,HARD,8.0,True,Ferrari,0 days 01:29:40.508000,,1,5.0,False,,False,True,2024-01,Bahrain Grand Prix,2024,1,2024-03-02,train,96.821,True,
0 days 01:32:54.123000,LEC,16,0 days 00:01:36.794000,20.0,2.0,,,0 days 00:00:30.839000,0 days 00:00:42.103000,0 days 00:00:23.852000,0 days 01:31:48.168000,0 days 01:32:30.271000,0 days 01:32:54.123000,234.0,262.0,280.0,299.0,False,HARD,9.0,True,Ferrari,0 days 01:31:17.329000,,1,5.0,False,,False,True,2024-01,Bahrain Grand Prix,2024,1,2024-03-02,train,96.794,True,
0 days 01:34:31.100000,LEC,16,0 days 00:01:36.977000,21.0,2.0,,,0 days 00:00:31.089000,0 days 00:00:42.091000,0 days 00:00:23.797000,0 days 01:33:25.212000,0 days 01:34:07.303000,0 days 01:34:31.100000,234.0,258.0,280.0,300.0,False,HARD,10.0,True,Ferrari,0 days 01:32:54.123000,,1,5.0,False,,False,True,2024-01,Bahrain Grand Prix,2024,1,2024-03-02,train,96.977,True,
0 days 01:36:07.896000,LEC,16,0 days 00:01:36.796000,22.0,2.0,,,0 days 00:00:30.994000,0 days 00:00:41.976000,0 days 00:00:23.826000,0 days 01:35:02.094000,0 days 01:35:44.070000,0 days 01:36:07.896000,234.0,257.0,280.0,299.0,False,HARD,11.0,True,Ferrari,0 days 01:34:31.100000,,1,5.0,False,,False,True,2024-01,Bahrain Grand Prix,2024,1,2024-03-02,train,96.796,True,
0 days 01:37:44.883000,LEC,16,0 days 00:01:36.987000,23.0,2.0,,,0 days 00:00:31.131000,0 days 00:00:41.941000,0 days 00:00:23.915000,0 days 01:36:39.027000,0 days 01:37:20.968000,0 days 01:37:44.883000,235.0,261.0,280.0,300.0,False,HARD,12.0,True,Ferrari,0 days 01:36:07.896000,,1,5.0,False,,False,True,2024-01,Bahrain Grand Prix,2024,1,2024-03-02,train,96.987,True,
0 days 01:39:21.807000,LEC,16,0 days 00:01:36.924000,24.0,2.0,,,0 days 00:00:31.083000,0 days 00:00:41.904000,0 days 00:00:23.937000,0 days 01:38:15.966000,0 days 01:38:57.870000,0 days 01:39:21.807000,234.0,258.0,280.0,298.0,False,HARD,13.0,True,Ferrari,0 days 01:37:44.883000,,1,5.0,False,,False,True,2024-01,Bahrain Grand Prix,2024,1,2024-03-02,train,96.924,True,
0 days 01:40:58.567000,LEC,16,0 days 00:01:36.760000,25.0,2.0,,,0 days 00:00:31.059000,0 days 00:00:41.828000,0 days 00:00:23.873000,0 days 01:39:52.866000,0 days 01:40:34.694000,0 days 01:40:58.567000,234.0,259.0,280.0,299.0,False,HARD,14.0,True,Ferrari,0 days 01:39:21.807000,,1,5.0,False,,False,True,2024-01,Bahrain Grand Prix,2024,1,2024-03-02,train,96.76,True,
0 days 01:42:35.377000,LEC,16,0 days 00:01:36.810000,26.0,2.0,,,0 days 00:00:30.991000,0 days 00:00:41.901000,0 days 00:00:23.918000,0 days 01:41:29.558000,0 days 01:42:11.459000,0 days 01:42:35.377000,234.0,259.0,280.0,300.0,False,HARD,15.0,True,Ferrari,0 days 01:40:58.567000,,1,5.0,False,,False,True,2024-01,Bahrain Grand Prix,2024,1,2024-03-02,train,96.81,True,
0 days 01:44:12.208000,LEC,16,0 days 00:01:36.831000,27.0,2.0,,,0 days 00:00:31.081000,0 days 00:00:41.881000,0 days 00:00:23.869000,0 days 01:43:06.458000,0 days 01:43:48.339000,0 days 01:44:12.208000,235.0,260.0,281.0,301.0,False,HARD,16.0,True,Ferrari,0 days 01:42:35.377000,,1,5.0,False,,False,True,2024-01,Bahrain Grand Prix,2024,1,2024-03-02,train,96.831,True,
0 days 01:45:49.115000,LEC,16,0 days 00:01:36.907000,28.0,2.0,,,0 days 00:00:31.019000,0 days 00:00:41.971000,0 days 00:00:23.917000,0 days 01:44:43.227000,0 days 01:45:25.198000,0 days 01:45:49.115000,234.0,261.0,280.0,300.0,False,HARD,17.0,True,Ferrari,0 days 01:44:12.208000,,1,5.0,False,,False,True,2024-01,Bahrain Grand Prix,2024,1,2024-03-02,train,96.907,True,
0 days 01:47:26.078000,LEC,16,0 days 00:01:36.963000,29.0,2.0,,,0 days 00:00:30.974000,0 days 00:00:42.065000,0 days 00:00:23.924000,0 days 01:46:20.089000,0 days 01:47:02.154000,0 days 01:47:26.078000,236.0,259.0,280.0,300.0,False,HARD,18.0,True,Ferrari,0 days 01:45:49.115000,,1,5.0,False,,False,True,2024-01,Bahrain Grand Prix,2024,1,2024-03-02,train,96.963,True,
0 days 01:49:03.236000,LEC,16,0 days 00:01:37.158000,30.0,2.0,,,0 days 00:00:31.134000,0 days 00:00:42.030000,0 days 00:00:23.994000,0 days 01:47:57.212000,0 days 01:48:39.242000,0 days 01:49:03.236000,235.0,260.0,281.0,301.0,False,HARD,19.0,True,Ferrari,0 days 01:47:26.078000,,1,5.0,False,,False,True,2024-01,Bahrain Grand Prix,2024,1,2024-03-02,train,97.158,True,
0 days 01:50:40.267000,LEC,16,0 days 00:01:37.031000,31.0,2.0,,,0 days 00:00:30.999000,0 days 00:00:42.079000,0 days 00:00:23.953000,0 days 01:49:34.235000,0 days 01:50:16.314000,0 days 01:50:40.267000,236.0,260.0,279.0,300.0,False,HARD,20.0,True,Ferrari,0 days 01:49:03.236000,,1,4.0,False,,False,True,2024-01,Bahrain Grand Prix,2024,1,2024-03-02,train,97.031,True,
0 days 01:52:17.208000,LEC,16,0 days 00:01:36.941000,32.0,2.0,,,0 days 00:00:31.153000,0 days 00:00:41.922000,0 days 00:00:23.866000,0 days 01:51:11.420000,0 days 01:51:53.342000,0 days 01:52:17.208000,233.0,259.0,279.0,294.0,False,HARD,21.0,True,Ferrari,0 days 01:50:40.267000,,1,4.0,False,,False,True,2024-01,Bahrain Grand Prix,2024,1,2024-03-02,train,96.941,True,
0 days 01:53:53.949000,LEC,16,0 days 00:01:36.741000,33.0,2.0,,,0 days 00:00:30.990000,0 days 00:00:41.868000,0 days 00:00:23.883000,0 days 01:52:48.198000,0 days 01:53:30.066000,0 days 01:53:53.949000,237.0,261.0,279.0,298.0,False,HARD,22.0,True,Ferrari,0 days 01:52:17.208000,,1,4.0,False,,False,True,2024-01,Bahrain Grand Prix,2024,1,2024-03-02,train,96.741,True,
0 days 01:55:33.563000,LEC,16,0 days 00:01:39.614000,34.0,2.0,,0 days 01:55:31.860000,0 days 00:00:31.219000,0 days 00:00:41.932000,0 days 00:00:26.463000,0 days 01:54:25.168000,0 days 01:55:07.100000,0 days 01:55:33.563000,237.0,260.0,,296.0,False,HARD,23.0,True,Ferrari,0 days 01:53:53.949000,,1,4.0,False,,False,False,2024-01,Bahrain Grand Prix,2024,1,2024-03-02,train,99.614,False,pit_in;timing_not_accurate
0 days 01:57:29.729000,LEC,16,0 days 00:01:56.166000,35.0,3.0,0 days 01:55:55.941000,,0 days 00:00:51.681000,0 days 00:00:41.260000,0 days 00:00:23.225000,0 days 01:56:25.244000,0 days 01:57:06.504000,0 days 01:57:29.729000,235.0,265.0,289.0,219.0,False,HARD,1.0,True,Ferrari,0 days 01:55:33.563000,,1,6.0,False,,False,False,2024-01,Bahrain Grand Prix,2024,1,2024-03-02,train,116.166,False,pit_out;timing_not_accurate
0 days 01:59:03.819000,LEC,16,0 days 00:01:34.090000,36.0,3.0,,,0 days 00:00:30.063000,0 days 00:00:40.650000,0 days 00:00:23.377000,0 days 01:57:59.792000,0 days 01:58:40.442000,0 days 01:59:03.819000,238.0,262.0,281.0,318.0,True,HARD,2.0,True,Ferrari,0 days 01:57:29.729000,,1,5.0,False,,False,True,2024-01,Bahrain Grand Prix,2024,1,2024-03-02,train,94.09,True,
0 days 02:00:38.716000,LEC,16,0 days 00:01:34.897000,37.0,3.0,,,0 days 00:00:30.611000,0 days 00:00:40.962000,0 days 00:00:23.324000,0 days 01:59:34.430000,0 days 02:00:15.392000,0 days 02:00:38.716000,235.0,256.0,281.0,293.0,False,HARD,3.0,True,Ferrari,0 days 01:59:03.819000,,1,5.0,False,,False,True,2024-01,Bahrain Grand Prix,2024,1,2024-03-02,train,94.897,True,
0 days 02:02:13.499000,LEC,16,0 days 00:01:34.783000,38.0,3.0,,,0 days 00:00:30.550000,0 days 00:00:40.953000,0 days 00:00:23.280000,0 days 02:01:09.266000,0 days 02:01:50.219000,0 days 02:02:13.499000,236.0,256.0,283.0,298.0,False,HARD,4.0,True,Ferrari,0 days 02:00:38.716000,,1,5.0,False,,False,True,2024-01,Bahrain Grand Prix,2024,1,2024-03-02,train,94.783,True,
0 days 02:03:48.586000,LEC,16,0 days 00:01:35.087000,39.0,3.0,,,0 days 00:00:30.604000,0 days 00:00:41.077000,0 days 00:00:23.406000,0 days 02:02:44.103000,0 days 02:03:25.180000,0 days 02:03:48.586000,236.0,260.0,282.0,298.0,False,HARD,5.0,True,Ferrari,0 days 02:02:13.499000,,1,5.0,False,,False,True,2024-01,Bahrain Grand Prix,2024,1,2024-03-02,train,95.087,True,
0 days 02:05:23.445000,LEC,16,0 days 00:01:34.859000,40.0,3.0,,,0 days 00:00:30.507000,0 days 00:00:40.836000,0 days 00:00:23.516000,0 days 02:04:19.093000,0 days 02:04:59.929000,0 days 02:05:23.445000,237.0,267.0,283.0,299.0,False,HARD,6.0,True,Ferrari,0 days 02:03:48.586000,,1,5.0,False,,False,True,2024-01,Bahrain Grand Prix,2024,1,2024-03-02,train,94.859,True,
0 days 02:06:58.473000,LEC,16,0 days 00:01:35.028000,41.0,3.0,,,0 days 00:00:30.539000,0 days 00:00:41.033000,0 days 00:00:23.456000,0 days 02:05:53.984000,0 days 02:06:35.017000,0 days 02:06:58.473000,236.0,264.0,284.0,299.0,False,HARD,7.0,True,Ferrari,0 days 02:05:23.445000,,1,5.0,False,,False,True,2024-01,Bahrain Grand Prix,2024,1,2024-03-02,train,95.028,True,
0 days 02:08:33.455000,LEC,16,0 days 00:01:34.982000,42.0,3.0,,,0 days 00:00:30.413000,0 days 00:00:41.067000,0 days 00:00:23.502000,0 days 02:07:28.886000,0 days 02:08:09.953000,0 days 02:08:33.455000,235.0,262.0,288.0,305.0,False,HARD,8.0,True,Ferrari,0 days 02:06:58.473000,,1,5.0,False,,False,True,2024-01,Bahrain Grand Prix,2024,1,2024-03-02,train,94.982,True,
0 days 02:10:08.647000,LEC,16,0 days 00:01:35.192000,43.0,3.0,,,0 days 00:00:30.286000,0 days 00:00:41.367000,0 days 00:00:23.539000,0 days 02:09:03.741000,0 days 02:09:45.108000,0 days 02:10:08.647000,236.0,261.0,287.0,315.0,False,HARD,9.0,True,Ferrari,0 days 02:08:33.455000,,1,5.0,False,,False,True,2024-01,Bahrain Grand Prix,2024,1,2024-03-02,train,95.192,True,
0 days 02:11:43.698000,LEC,16,0 days 00:01:35.051000,44.0,3.0,,,0 days 00:00:30.468000,0 days 00:00:41.124000,0 days 00:00:23.459000,0 days 02:10:39.115000,0 days 02:11:20.239000,0 days 02:11:43.698000,234.0,261.0,288.0,313.0,False,HARD,10.0,True,Ferrari,0 days 02:10:08.647000,,1,5.0,False,,False,True,2024-01,Bahrain Grand Prix,2024,1,2024-03-02,train,95.051,True,
0 days 02:13:18.918000,LEC,16,0 days 00:01:35.220000,45.0,3.0,,,0 days 00:00:30.355000,0 days 00:00:41.281000,0 days 00:00:23.584000,0 days 02:12:14.053000,0 days 02:12:55.334000,0 days 02:13:18.918000,238.0,264.0,288.0,318.0,False,HARD,11.0,True,Ferrari,0 days 02:11:43.698000,,1,5.0,False,,False,True,2024-01,Bahrain Grand Prix,2024,1,2024-03-02,train,95.22,True,
0 days 02:14:53.976000,LEC,16,0 days 00:01:35.058000,46.0,3.0,,,0 days 00:00:30.238000,0 days 00:00:41.400000,0 days 00:00:23.420000,0 days 02:13:49.156000,0 days 02:14:30.556000,0 days 02:14:53.976000,240.0,267.0,282.0,320.0,False,HARD,12.0,True,Ferrari,0 days 02:13:18.918000,,1,4.0,False,,False,True,2024-01,Bahrain Grand Prix,2024,1,2024-03-02,train,95.058,True,
0 days 02:16:29.033000,LEC,16,0 days 00:01:35.057000,47.0,3.0,,,0 days 00:00:30.577000,0 days 00:00:41.115000,0 days 00:00:23.365000,0 days 02:15:24.553000,0 days 02:16:05.668000,0 days 02:16:29.033000,236.0,262.0,281.0,301.0,False,HARD,13.0,True,Ferrari,0 days 02:14:53.976000,,1,4.0,False,,False,True,2024-01,Bahrain Grand Prix,2024,1,2024-03-02,train,95.057,True,
0 days 02:18:04.341000,LEC,16,0 days 00:01:35.308000,48.0,3.0,,,0 days 00:00:30.640000,0 days 00:00:41.183000,0 days 00:00:23.485000,0 days 02:16:59.673000,0 days 02:17:40.856000,0 days 02:18:04.341000,236.0,262.0,281.0,295.0,False,HARD,14.0,True,Ferrari,0 days 02:16:29.033000,,1,4.0,False,,False,True,2024-01,Bahrain Grand Prix,2024,1,2024-03-02,train,95.308,True,
0 days 02:19:39.643000,LEC,16,0 days 00:01:35.302000,49.0,3.0,,,0 days 00:00:30.689000,0 days 00:00:41.120000,0 days 00:00:23.493000,0 days 02:18:35.030000,0 days 02:19:16.150000,0 days 02:19:39.643000,238.0,265.0,281.0,298.0,False,HARD,15.0,True,Ferrari,0 days 02:18:04.341000,,1,4.0,False,,False,True,2024-01,Bahrain Grand Prix,2024,1,2024-03-02,train,95.302,True,
0 days 02:21:15.026000,LEC,16,0 days 00:01:35.383000,50.0,3.0,,,0 days 00:00:30.639000,0 days 00:00:41.285000,0 days 00:00:23.459000,0 days 02:20:10.282000,0 days 02:20:51.567000,0 days 02:21:15.026000,238.0,266.0,281.0,299.0,False,HARD,16.0,True,Ferrari,0 days 02:19:39.643000,,1,4.0,False,,False,True,2024-01,Bahrain Grand Prix,2024,1,2024-03-02,train,95.383,True,
0 days 02:22:50.444000,LEC,16,0 days 00:01:35.418000,51.0,3.0,,,0 days 00:00:30.721000,0 days 00:00:41.116000,0 days 00:00:23.581000,0 days 02:21:45.747000,0 days 02:22:26.863000,0 days 02:22:50.444000,237.0,267.0,281.0,299.0,False,HARD,17.0,True,Ferrari,0 days 02:21:15.026000,,1,4.0,False,,False,True,2024-01,Bahrain Grand Prix,2024,1,2024-03-02,train,95.418,True,
0 days 02:24:25.838000,LEC,16,0 days 00:01:35.394000,52.0,3.0,,,0 days 00:00:30.693000,0 days 00:00:41.156000,0 days 00:00:23.545000,0 days 02:23:21.137000,0 days 02:24:02.293000,0 days 02:24:25.838000,238.0,265.0,280.0,298.0,False,HARD,18.0,True,Ferrari,0 days 02:22:50.444000,,1,4.0,False,,False,True,2024-01,Bahrain Grand Prix,2024,1,2024-03-02,train,95.394,True,
0 days 02:26:01.318000,LEC,16,0 days 00:01:35.480000,53.0,3.0,,,0 days 00:00:30.777000,0 days 00:00:41.227000,0 days 00:00:23.476000,0 days 02:24:56.615000,0 days 02:25:37.842000,0 days 02:26:01.318000,239.0,265.0,281.0,299.0,False,HARD,19.0,True,Ferrari,0 days 02:24:25.838000,,1,4.0,False,,False,True,2024-01,Bahrain Grand Prix,2024,1,2024-03-02,train,95.48,True,
0 days 02:27:36.583000,LEC,16,0 days 00:01:35.265000,54.0,3.0,,,0 days 00:00:30.700000,0 days 00:00:41.077000,0 days 00:00:23.488000,0 days 02:26:32.018000,0 days 02:27:13.095000,0 days 02:27:36.583000,238.0,266.0,281.0,301.0,False,HARD,20.0,True,Ferrari,0 days 02:26:01.318000,,1,4.0,False,,False,True,2024-01,Bahrain Grand Prix,2024,1,2024-03-02,train,95.265,True,
0 days 02:29:12.368000,LEC,16,0 days 00:01:35.785000,55.0,3.0,,,0 days 00:00:30.857000,0 days 00:00:41.308000,0 days 00:00:23.620000,0 days 02:28:07.440000,0 days 02:28:48.748000,0 days 02:29:12.368000,237.0,267.0,281.0,299.0,False,HARD,21.0,True,Ferrari,0 days 02:27:36.583000,,1,4.0,False,,False,True,2024-01,Bahrain Grand Prix,2024,1,2024-03-02,train,95.785,True,
0 days 02:30:48.292000,LEC,16,0 days 00:01:35.924000,56.0,3.0,,,0 days 00:00:30.744000,0 days 00:00:41.565000,0 days 00:00:23.615000,0 days 02:29:43.112000,0 days 02:30:24.677000,0 days 02:30:48.292000,238.0,266.0,281.0,299.0,False,HARD,22.0,True,Ferrari,0 days 02:29:12.368000,,1,4.0,False,,False,True,2024-01,Bahrain Grand Prix,2024,1,2024-03-02,train,95.924,True,
0 days 02:32:24.616000,LEC,16,0 days 00:01:36.324000,57.0,3.0,,,0 days 00:00:30.856000,0 days 00:00:41.655000,0 days 00:00:23.813000,0 days 02:31:19.148000,0 days 02:32:00.803000,0 days 02:32:24.616000,238.0,262.0,265.0,299.0,False,HARD,23.0,True,Ferrari,0 days 02:30:48.292000,,1,4.0,False,,False,True,2024-01,Bahrain Grand Prix,2024,1,2024-03-02,train,96.324,True,
0 days 01:01:40.258000,PER,11,0 days 00:01:40.053000,1.0,1.0,,,,0 days 00:00:42.610000,0 days 00:00:23.856000,,0 days 01:01:16.543000,0 days 01:01:40.447000,229.0,256.0,278.0,259.0,False,SOFT,4.0,False,Red Bull Racing,0 days 00:59:59.911000,,12,4.0,False,,False,False,2024-01,Bahrain Grand Prix,2024,1,2024-03-02,train,100.053,False,opening_lap;not_green_only;timing_not_accurate
0 days 01:03:16.799000,PER,11,0 days 00:01:36.541000,2.0,1.0,,,0 days 00:00:30.678000,0 days 00:00:41.867000,0 days 00:00:23.996000,0 days 01:02:10.958000,0 days 01:02:52.825000,0 days 01:03:16.821000,234.0,257.0,285.0,302.0,True,SOFT,5.0,False,Red Bull Racing,0 days 01:01:40.258000,,1,4.0,False,,False,True,2024-01,Bahrain Grand Prix,2024,1,2024-03-02,train,96.541,True,
0 days 01:04:54.096000,PER,11,0 days 00:01:37.297000,3.0,1.0,,,0 days 00:00:30.596000,0 days 00:00:42.478000,0 days 00:00:24.223000,0 days 01:03:47.417000,0 days 01:04:29.895000,0 days 01:04:54.118000,231.0,245.0,284.0,315.0,False,SOFT,6.0,False,Red Bull Racing,0 days 01:03:16.799000,,1,4.0,False,,False,True,2024-01,Bahrain Grand Prix,2024,1,2024-03-02,train,97.297,True,
0 days 01:06:31.818000,PER,11,0 days 00:01:37.722000,4.0,1.0,,,0 days 00:00:30.716000,0 days 00:00:42.623000,0 days 00:00:24.383000,0 days 01:05:24.834000,0 days 01:06:07.457000,0 days 01:06:31.840000,233.0,246.0,283.0,314.0,False,SOFT,7.0,False,Red Bull Racing,0 days 01:04:54.096000,,1,4.0,False,,False,True,2024-01,Bahrain Grand Prix,2024,1,2024-03-02,train,97.722,True,
0 days 01:08:09.862000,PER,11,0 days 00:01:38.044000,5.0,1.0,,,0 days 00:00:30.997000,0 days 00:00:42.754000,0 days 00:00:24.293000,0 days 01:07:02.837000,0 days 01:07:45.591000,0 days 01:08:09.884000,227.0,249.0,285.0,320.0,False,SOFT,8.0,False,Red Bull Racing,0 days 01:06:31.818000,,1,4.0,False,,False,True,2024-01,Bahrain Grand Prix,2024,1,2024-03-02,train,98.044,True,
0 days 01:09:47.685000,PER,11,0 days 00:01:37.823000,6.0,1.0,,,0 days 00:00:30.843000,0 days 00:00:42.702000,0 days 00:00:24.278000,0 days 01:08:40.727000,0 days 01:09:23.429000,0 days 01:09:47.707000,226.0,249.0,285.0,320.0,False,SOFT,9.0,False,Red Bull Racing,0 days 01:08:09.862000,,1,4.0,False,,False,True,2024-01,Bahrain Grand Prix,2024,1,2024-03-02,train,97.823,True,
0 days 01:11:25.506000,PER,11,0 days 00:01:37.821000,7.0,1.0,,,0 days 00:00:31.013000,0 days 00:00:42.682000,0 days 00:00:24.126000,0 days 01:10:18.720000,0 days 01:11:01.402000,0 days 01:11:25.528000,232.0,259.0,278.0,316.0,False,SOFT,10.0,False,Red Bull Racing,0 days 01:09:47.685000,,1,3.0,False,,False,True,2024-01,Bahrain Grand Prix,2024,1,2024-03-02,train,97.821,True,
0 days 01:13:03.344000,PER,11,0 days 00:01:37.838000,8.0,1.0,,,0 days 00:00:31.305000,0 days 00:00:42.428000,0 days 00:00:24.105000,0 days 01:11:56.833000,0 days 01:12:39.261000,0 days 01:13:03.366000,232.0,261.0,278.0,302.0,False,SOFT,11.0,False,Red Bull Racing,0 days 01:11:25.506000,,1,3.0,False,,False,True,2024-01,Bahrain Grand Prix,2024,1,2024-03-02,train,97.838,True,
0 days 01:14:40.940000,PER,11,0 days 00:01:37.596000,9.0,1.0,,,0 days 00:00:31.145000,0 days 00:00:42.395000,0 days 00:00:24.056000,0 days 01:13:34.511000,0 days 01:14:16.906000,0 days 01:14:40.962000,228.0,257.0,278.0,302.0,False,SOFT,12.0,False,Red Bull Racing,0 days 01:13:03.344000,,1,3.0,False,,False,True,2024-01,Bahrain Grand Prix,2024,1,2024-03-02,train,97.596,True,
0 days 01:16:18.570000,PER,11,0 days 00:01:37.630000,10.0,1.0,,,0 days 00:00:31.178000,0 days 00:00:42.322000,0 days 00:00:24.130000,0 days 01:15:12.140000,0 days 01:15:54.462000,0 days 01:16:18.592000,229.0,259.0,279.0,300.0,False,SOFT,13.0,False,Red Bull Racing,0 days 01:14:40.940000,,12,3.0,False,,False,True,2024-01,Bahrain Grand Prix,2024,1,2024-03-02,train,97.63,False,not_green_only
0 days 01:17:56.406000,PER,11,0 days 00:01:37.836000,11.0,1.0,,,0 days 00:00:31.054000,0 days 00:00:42.473000,0 days 00:00:24.309000,0 days 01:16:49.646000,0 days 01:17:32.119000,0 days 01:17:56.428000,233.0,258.0,282.0,300.0,False,SOFT,14.0,False,Red Bull Racing,0 days 01:16:18.570000,,1,2.0,False,,False,True,2024-01,Bahrain Grand Prix,2024,1,2024-03-02,train,97.836,True,
0 days 01:19:36.683000,PER,11,0 days 00:01:40.277000,12.0,1.0,,0 days 01:19:34.991000,0 days 00:00:30.891000,0 days 00:00:42.506000,0 days 00:00:26.880000,0 days 01:18:27.319000,0 days 01:19:09.825000,0 days 01:19:36.705000,228.0,257.0,,312.0,False,SOFT,15.0,False,Red Bull Racing,0 days 01:17:56.406000,,1,3.0,False,,False,False,2024-01,Bahrain Grand Prix,2024,1,2024-03-02,train,100.277,False,pit_in;timing_not_accurate
0 days 01:21:34.307000,PER,11,0 days 00:01:57.624000,13.0,2.0,0 days 01:19:59.484000,,0 days 00:00:51.896000,0 days 00:00:41.803000,0 days 00:00:23.925000,0 days 01:20:28.601000,0 days 01:21:10.404000,0 days 01:21:34.329000,231.0,260.0,288.0,217.0,False,HARD,1.0,True,Red Bull Racing,0 days 01:19:36.683000,,1,8.0,False,,False,False,2024-01,Bahrain Grand Prix,2024,1,2024-03-02,train,117.624,False,pit_out;timing_not_accurate
0 days 01:23:09.913000,PER,11,0 days 00:01:35.606000,14.0,2.0,,,0 days 00:00:30.063000,0 days 00:00:41.855000,0 days 00:00:23.688000,0 days 01:22:04.392000,0 days 01:22:46.247000,0 days 01:23:09.935000,234.0,263.0,279.0,320.0,True,HARD,2.0,True,Red Bull Racing,0 days 01:21:34.307000,,1,6.0,False,,False,True,2024-01,Bahrain Grand Prix,2024,1,2024-03-02,train,95.606,True,
0 days 01:24:46.728000,PER,11,0 days 00:01:36.815000,15.0,2.0,,,0 days 00:00:30.785000,0 days 00:00:41.795000,0 days 00:00:24.235000,0 days 01:23:40.720000,0 days 01:24:22.515000,0 days 01:24:46.750000,229.0,255.0,283.0,299.0,False,HARD,3.0,True,Red Bull Racing,0 days 01:23:09.913000,,1,3.0,False,,False,True,2024-01,Bahrain Grand Prix,2024,1,2024-03-02,train,96.815,True,
0 days 01:26:22.511000,PER,11,0 days 00:01:35.783000,16.0,2.0,,,0 days 00:00:30.569000,0 days 00:00:41.558000,0 days 00:00:23.656000,0 days 01:25:17.319000,0 days 01:25:58.877000,0 days 01:26:22.533000,228.0,256.0,277.0,316.0,False,HARD,4.0,True,Red Bull Racing,0 days 01:24:46.728000,,1,2.0,False,,False,True,2024-01,Bahrain Grand Prix,2024,1,2024-03-02,train,95.783,True,
0 days 01:27:58.965000,PER,11,0 days 00:01:36.454000,17.0,2.0,,,0 days 00:00:30.922000,0 days 00:00:41.823000,0 days 00:00:23.709000,0 days 01:26:53.455000,0 days 01:27:35.278000,0 days 01:27:58.987000,228.0,258.0,278.0,294.0,False,HARD,5.0,True,Red Bull Racing,0 days 01:26:22.511000,,1,2.0,False,,False,True,2024-01,Bahrain Grand Prix,2024,1,2024-03-02,train,96.454,True,
0 days 01:29:35.276000,PER,11,0 days 00:01:36.311000,18.0,2.0,,,0 days 00:00:30.803000,0 days 00:00:41.835000,0 days 00:00:23.673000,0 days 01:28:29.790000,0 days 01:29:11.625000,0 days 01:29:35.298000,235.0,259.0,278.0,291.0,False,HARD,6.0,True,Red Bull Racing,0 days 01:27:58.965000,,1,2.0,False,,False,True,2024-01,Bahrain Grand Prix,2024,1,2024-03-02,train,96.311,True,
0 days 01:31:11.314000,PER,11,0 days 00:01:36.038000,19.0,2.0,,,0 days 00:00:30.702000,0 days 00:00:41.633000,0 days 00:00:23.703000,0 days 01:30:06,0 days 01:30:47.633000,0 days 01:31:11.336000,236.0,254.0,278.0,298.0,False,HARD,7.0,True,Red Bull Racing,0 days 01:29:35.276000,,1,2.0,False,,False,True,2024-01,Bahrain Grand Prix,2024,1,2024-03-02,train,96.038,True,
0 days 01:32:47.592000,PER,11,0 days 00:01:36.278000,20.0,2.0,,,0 days 00:00:30.918000,0 days 00:00:41.686000,0 days 00:00:23.674000,0 days 01:31:42.254000,0 days 01:32:23.940000,0 days 01:32:47.614000,230.0,260.0,278.0,298.0,False,HARD,8.0,True,Red Bull Racing,0 days 01:31:11.314000,,1,2.0,False,,False,True,2024-01,Bahrain Grand Prix,2024,1,2024-03-02,train,96.278,True,
0 days 01:34:23.757000,PER,11,0 days 00:01:36.165000,21.0,2.0,,,0 days 00:00:30.849000,0 days 00:00:41.610000,0 days 00:00:23.706000,0 days 01:33:18.463000,0 days 01:34:00.073000,0 days 01:34:23.779000,230.0,263.0,277.0,298.0,False,HARD,9.0,True,Red Bull Racing,0 days 01:32:47.592000,,1,2.0,False,,False,True,2024-01,Bahrain Grand Prix,2024,1,2024-03-02,train,96.165,True,
0 days 01:35:59.794000,PER,11,0 days 00:01:36.037000,22.0,2.0,,,0 days 00:00:30.824000,0 days 00:00:41.536000,0 days 00:00:23.677000,0 days 01:34:54.603000,0 days 01:35:36.139000,0 days 01:35:59.816000,232.0,263.0,278.0,295.0,False,HARD,10.0,True,Red Bull Racing,0 days 01:34:23.757000,,1,2.0,False,,False,True,2024-01,Bahrain Grand Prix,2024,1,2024-03-02,train,96.037,True,
0 days 01:37:36.043000,PER,11,0 days 00:01:36.249000,23.0,2.0,,,0 days 00:00:30.840000,0 days 00:00:41.729000,0 days 00:00:23.680000,0 days 01:36:30.656000,0 days 01:37:12.385000,0 days 01:37:36.065000,230.0,262.0,279.0,299.0,False,HARD,11.0,True,Red Bull Racing,0 days 01:35:59.794000,,1,2.0,False,,False,True,2024-01,Bahrain Grand Prix,2024,1,2024-03-02,train,96.249,True,
0 days 01:39:12.254000,PER,11,0 days 00:01:36.211000,24.0,2.0,,,0 days 00:00:30.792000,0 days 00:00:41.687000,0 days 00:00:23.732000,0 days 01:38:06.857000,0 days 01:38:48.544000,0 days 01:39:12.276000,235.0,261.0,278.0,299.0,False,HARD,12.0,True,Red Bull Racing,0 days 01:37:36.043000,,1,2.0,False,,False,True,2024-01,Bahrain Grand Prix,2024,1,2024-03-02,train,96.211,True,
0 days 01:40:48.598000,PER,11,0 days 00:01:36.344000,25.0,2.0,,,0 days 00:00:30.878000,0 days 00:00:41.719000,0 days 00:00:23.747000,0 days 01:39:43.154000,0 days 01:40:24.873000,0 days 01:40:48.620000,233.0,260.0,279.0,297.0,False,HARD,13.0,True,Red Bull Racing,0 days 01:39:12.254000,,1,2.0,False,,False,True,2024-01,Bahrain Grand Prix,2024,1,2024-03-02,train,96.344,True,
0 days 01:42:24.945000,PER,11,0 days 00:01:36.347000,26.0,2.0,,,0 days 00:00:30.938000,0 days 00:00:41.666000,0 days 00:00:23.743000,0 days 01:41:19.558000,0 days 01:42:01.224000,0 days 01:42:24.967000,232.0,263.0,278.0,298.0,False,HARD,14.0,True,Red Bull Racing,0 days 01:40:48.598000,,1,2.0,False,,False,True,2024-01,Bahrain Grand Prix,2024,1,2024-03-02,train,96.347,True,
0 days 01:44:01.178000,PER,11,0 days 00:01:36.233000,27.0,2.0,,,0 days 00:00:30.853000,0 days 00:00:41.543000,0 days 00:00:23.837000,0 days 01:42:55.820000,0 days 01:43:37.363000,0 days 01:44:01.200000,235.0,263.0,279.0,299.0,False,HARD,15.0,True,Red Bull Racing,0 days 01:42:24.945000,,1,2.0,False,,False,True,2024-01,Bahrain Grand Prix,2024,1,2024-03-02,train,96.233,True,
0 days 01:45:37.404000,PER,11,0 days 00:01:36.226000,28.0,2.0,,,0 days 00:00:30.929000,0 days 00:00:41.588000,0 days 00:00:23.709000,0 days 01:44:32.129000,0 days 01:45:13.717000,0 days 01:45:37.426000,233.0,264.0,279.0,299.0,False,HARD,16.0,True,Red Bull Racing,0 days 01:44:01.178000,,1,2.0,False,,False,True,2024-01,Bahrain Grand Prix,2024,1,2024-03-02,train,96.226,True,
0 days 01:47:13.841000,PER,11,0 days 00:01:36.437000,29.0,2.0,,,0 days 00:00:30.926000,0 days 00:00:41.749000,0 days 00:00:23.762000,0 days 01:46:08.352000,0 days 01:46:50.101000,0 days 01:47:13.863000,228.0,263.0,279.0,298.0,False,HARD,17.0,True,Red Bull Racing,0 days 01:45:37.404000,,1,2.0,False,,False,True,2024-01,Bahrain Grand Prix,2024,1,2024-03-02,train,96.437,True,
0 days 01:48:50.154000,PER,11,0 days 00:01:36.313000,30.0,2.0,,,0 days 00:00:30.916000,0 days 00:00:41.643000,0 days 00:00:23.754000,0 days 01:47:44.779000,0 days 01:48:26.422000,0 days 01:48:50.176000,230.0,263.0,279.0,299.0,False,HARD,18.0,True,Red Bull Racing,0 days 01:47:13.841000,,1,2.0,False,,False,True,2024-01,Bahrain Grand Prix,2024,1,2024-03-02,train,96.313,True,
0 days 01:50:26.493000,PER,11,0 days 00:01:36.339000,31.0,2.0,,,0 days 00:00:30.843000,0 days 00:00:41.752000,0 days 00:00:23.744000,0 days 01:49:21.019000,0 days 01:50:02.771000,0 days 01:50:26.515000,231.0,263.0,279.0,299.0,False,HARD,19.0,True,Red Bull Racing,0 days 01:48:50.154000,,1,2.0,False,,False,True,2024-01,Bahrain Grand Prix,2024,1,2024-03-02,train,96.339,True,
0 days 01:52:02.769000,PER,11,0 days 00:01:36.276000,32.0,2.0,,,0 days 00:00:30.856000,0 days 00:00:41.671000,0 days 00:00:23.749000,0 days 01:50:57.371000,0 days 01:51:39.042000,0 days 01:52:02.791000,233.0,263.0,279.0,300.0,False,HARD,20.0,True,Red Bull Racing,0 days 01:50:26.493000,,1,2.0,False,,False,True,2024-01,Bahrain Grand Prix,2024,1,2024-03-02,train,96.276,True,
0 days 01:53:39.333000,PER,11,0 days 00:01:36.564000,33.0,2.0,,,0 days 00:00:30.907000,0 days 00:00:41.752000,0 days 00:00:23.905000,0 days 01:52:33.698000,0 days 01:53:15.450000,0 days 01:53:39.355000,230.0,264.0,279.0,299.0,False,HARD,21.0,True,Red Bull Racing,0 days 01:52:02.769000,,1,2.0,False,,False,True,2024-01,Bahrain Grand Prix,2024,1,2024-03-02,train,96.564,True,
0 days 01:55:15.711000,PER,11,0 days 00:01:36.378000,34.0,2.0,,,0 days 00:00:30.840000,0 days 00:00:41.734000,0 days 00:00:23.804000,0 days 01:54:10.195000,0 days 01:54:51.929000,0 days 01:55:15.733000,233.0,265.0,279.0,301.0,False,HARD,22.0,True,Red Bull Racing,0 days 01:53:39.333000,,1,2.0,False,,False,True,2024-01,Bahrain Grand Prix,2024,1,2024-03-02,train,96.378,True,
0 days 01:56:52.487000,PER,11,0 days 00:01:36.776000,35.0,2.0,,,0 days 00:00:30.938000,0 days 00:00:41.910000,0 days 00:00:23.928000,0 days 01:55:46.671000,0 days 01:56:28.581000,0 days 01:56:52.509000,231.0,261.0,279.0,299.0,False,HARD,23.0,True,Red Bull Racing,0 days 01:55:15.711000,,1,2.0,False,,False,True,2024-01,Bahrain Grand Prix,2024,1,2024-03-02,train,96.776,True,
0 days 01:58:31.852000,PER,11,0 days 00:01:39.365000,36.0,2.0,,0 days 01:58:30.216000,0 days 00:00:31.014000,0 days 00:00:41.781000,0 days 00:00:26.570000,0 days 01:57:23.523000,0 days 01:58:05.304000,0 days 01:58:31.874000,234.0,264.0,,299.0,False,HARD,24.0,True,Red Bull Racing,0 days 01:56:52.487000,,1,2.0,False,,False,False,2024-01,Bahrain Grand Prix,2024,1,2024-03-02,train,99.365,False,pit_in;timing_not_accurate
0 days 02:00:27.660000,PER,11,0 days 00:01:55.808000,37.0,3.0,0 days 01:58:54.639000,,0 days 00:00:51.096000,0 days 00:00:41.214000,0 days 00:00:23.498000,0 days 01:59:22.970000,0 days 02:00:04.184000,0 days 02:00:27.682000,237.0,254.0,280.0,223.0,False,SOFT,1.0,True,Red Bull Racing,0 days 01:58:31.852000,,1,2.0,False,,False,False,2024-01,Bahrain Grand Prix,2024,1,2024-03-02,train,115.808,False,pit_out;timing_not_accurate
0 days 02:02:02.464000,PER,11,0 days 00:01:34.804000,38.0,3.0,,,0 days 00:00:30.581000,0 days 00:00:40.931000,0 days 00:00:23.292000,0 days 02:00:58.263000,0 days 02:01:39.194000,0 days 02:02:02.486000,233.0,256.0,281.0,295.0,True,SOFT,2.0,True,Red Bull Racing,0 days 02:00:27.660000,,1,2.0,False,,False,True,2024-01,Bahrain Grand Prix,2024,1,2024-03-02,train,94.804,True,
0 days 02:03:37.071000,PER,11,0 days 00:01:34.607000,39.0,3.0,,,0 days 00:00:30.563000,0 days 00:00:40.893000,0 days 00:00:23.151000,0 days 02:02:33.049000,0 days 02:03:13.942000,0 days 02:03:37.093000,233.0,260.0,281.0,294.0,True,SOFT,3.0,True,Red Bull Racing,0 days 02:02:02.464000,,1,2.0,False,,False,True,2024-01,Bahrain Grand Prix,2024,1,2024-03-02,train,94.607,True,
0 days 02:05:11.435000,PER,11,0 days 00:01:34.364000,40.0,3.0,,,0 days 00:00:30.400000,0 days 00:00:40.772000,0 days 00:00:23.192000,0 days 02:04:07.493000,0 days 02:04:48.265000,0 days 02:05:11.457000,234.0,257.0,281.0,297.0,True,SOFT,4.0,True,Red Bull Racing,0 days 02:03:37.071000,,1,2.0,False,,False,True,2024-01,Bahrain Grand Prix,2024,1,2024-03-02,train,94.364,True,
0 days 02:06:45.835000,PER,11,0 days 00:01:34.400000,41.0,3.0,,,0 days 00:00:30.351000,0 days 00:00:40.884000,0 days 00:00:23.165000,0 days 02:05:41.808000,0 days 02:06:22.692000,0 days 02:06:45.857000,239.0,258.0,281.0,301.0,False,SOFT,5.0,True,Red Bull Racing,0 days 02:05:11.435000,,1,2.0,False,,False,True,2024-01,Bahrain Grand Prix,2024,1,2024-03-02,train,94.4,True,
0 days 02:08:20.360000,PER,11,0 days 00:01:34.525000,42.0,3.0,,,0 days 00:00:30.299000,0 days 00:00:40.985000,0 days 00:00:23.241000,0 days 02:07:16.156000,0 days 02:07:57.141000,0 days 02:08:20.382000,238.0,260.0,281.0,301.0,False,SOFT,6.0,True,Red Bull Racing,0 days 02:06:45.835000,,1,2.0,False,,False,True,2024-01,Bahrain Grand Prix,2024,1,2024-03-02,train,94.525,True,
0 days 02:09:55.157000,PER,11,0 days 00:01:34.797000,43.0,3.0,,,0 days 00:00:30.403000,0 days 00:00:41.148000,0 days 00:00:23.246000,0 days 02:08:50.785000,0 days 02:09:31.933000,0 days 02:09:55.179000,236.0,262.0,281.0,301.0,False,SOFT,7.0,True,Red Bull Racing,0 days 02:08:20.360000,,1,2.0,False,,False,True,2024-01,Bahrain Grand Prix,2024,1,2024-03-02,train,94.797,True,
0 days 02:11:29.956000,PER,11,0 days 00:01:34.799000,44.0,3.0,,,0 days 00:00:30.389000,0 days 00:00:41.028000,0 days 00:00:23.382000,0 days 02:10:25.568000,0 days 02:11:06.596000,0 days 02:11:29.978000,235.0,257.0,282.0,298.0,False,SOFT,8.0,True,Red Bull Racing,0 days 02:09:55.157000,,1,2.0,False,,False,True,2024-01,Bahrain Grand Prix,2024,1,2024-03-02,train,94.799,True,
0 days 02:13:04.548000,PER,11,0 days 00:01:34.592000,45.0,3.0,,,0 days 00:00:30.338000,0 days 00:00:40.986000,0 days 00:00:23.268000,0 days 02:12:00.316000,0 days 02:12:41.302000,0 days 02:13:04.570000,234.0,263.0,281.0,298.0,False,SOFT,9.0,True,Red Bull Racing,0 days 02:11:29.956000,,1,2.0,False,,False,True,2024-01,Bahrain Grand Prix,2024,1,2024-03-02,train,94.592,True,
0 days 02:14:39.392000,PER,11,0 days 00:01:34.844000,46.0,3.0,,,0 days 00:00:30.410000,0 days 00:00:41.109000,0 days 00:00:23.325000,0 days 02:13:34.980000,0 days 02:14:16.089000,0 days 02:14:39.414000,233.0,262.0,281.0,297.0,False,SOFT,10.0,True,Red Bull Racing,0 days 02:13:04.548000,,1,2.0,False,,False,True,2024-01,Bahrain Grand Prix,2024,1,2024-03-02,train,94.844,True,
0 days 02:16:14.122000,PER,11,0 days 00:01:34.730000,47.0,3.0,,,0 days 00:00:30.281000,0 days 00:00:41.074000,0 days 00:00:23.375000,0 days 02:15:09.695000,0 days 02:15:50.769000,0 days 02:16:14.144000,235.0,262.0,281.0,299.0,False,SOFT,11.0,True,Red Bull Racing,0 days 02:14:39.392000,,1,2.0,False,,False,True,2024-01,Bahrain Grand Prix,2024,1,2024-03-02,train,94.73,True,
0 days 02:17:49.007000,PER,11,0 days 00:01:34.885000,48.0,3.0,,,0 days 00:00:30.358000,0 days 00:00:41.147000,0 days 00:00:23.380000,0 days 02:16:44.502000,0 days 02:17:25.649000,0 days 02:17:49.029000,234.0,264.0,281.0,302.0,False,SOFT,12.0,True,Red Bull Racing,0 days 02:16:14.122000,,1,2.0,False,,False,True,2024-01,Bahrain Grand Prix,2024,1,2024-03-02,train,94.885,True,
0 days 02:19:23.973000,PER,11,0 days 00:01:34.966000,49.0,3.0,,,0 days 00:00:30.400000,0 days 00:00:41.133000,0 days 00:00:23.433000,0 days 02:18:19.429000,0 days 02:19:00.562000,0 days 02:19:23.995000,234.0,262.0,281.0,300.0,False,SOFT,13.0,True,Red Bull Racing,0 days 02:17:49.007000,,1,2.0,False,,False,True,2024-01,Bahrain Grand Prix,2024,1,2024-03-02,train,94.966,True,
0 days 02:20:59.055000,PER,11,0 days 00:01:35.082000,50.0,3.0,,,0 days 00:00:30.366000,0 days 00:00:41.337000,0 days 00:00:23.379000,0 days 02:19:54.361000,0 days 02:20:35.698000,0 days 02:20:59.077000,236.0,263.0,281.0,301.0,False,SOFT,14.0,True,Red Bull Racing,0 days 02:19:23.973000,,1,2.0,False,,False,True,2024-01,Bahrain Grand Prix,2024,1,2024-03-02,train,95.082,True,
0 days 02:22:33.995000,PER,11,0 days 00:01:34.940000,51.0,3.0,,,0 days 00:00:30.360000,0 days 00:00:41.144000,0 days 00:00:23.436000,0 days 02:21:29.437000,0 days 02:22:10.581000,0 days 02:22:34.017000,235.0,265.0,281.0,304.0,False,SOFT,15.0,True,Red Bull Racing,0 days 02:20:59.055000,,1,2.0,False,,False,True,2024-01,Bahrain Grand Prix,2024,1,2024-03-02,train,94.94,True,
0 days 02:24:09.178000,PER,11,0 days 00:01:35.183000,52.0,3.0,,,0 days 00:00:30.577000,0 days 00:00:41.129000,0 days 00:00:23.477000,0 days 02:23:04.594000,0 days 02:23:45.723000,0 days 02:24:09.200000,234.0,266.0,282.0,299.0,False,SOFT,16.0,True,Red Bull Racing,0 days 02:22:33.995000,,1,2.0,False,,False,True,2024-01,Bahrain Grand Prix,2024,1,2024-03-02,train,95.183,True,
0 days 02:25:45.020000,PER,11,0 days 00:01:35.842000,53.0,3.0,,,0 days 00:00:30.638000,0 days 00:00:41.522000,0 days 00:00:23.682000,0 days 02:24:39.838000,0 days 02:25:21.360000,0 days 02:25:45.042000,235.0,266.0,281.0,299.0,False,SOFT,17.0,True,Red Bull Racing,0 days 02:24:09.178000,,1,2.0,False,,False,True,2024-01,Bahrain Grand Prix,2024,1,2024-03-02,train,95.842,True,
0 days 02:27:20.479000,PER,11,0 days 00:01:35.459000,54.0,3.0,,,0 days 00:00:30.578000,0 days 00:00:41.382000,0 days 00:00:23.499000,0 days 02:26:15.620000,0 days 02:26:57.002000,0 days 02:27:20.501000,234.0,265.0,282.0,302.0,False,SOFT,18.0,True,Red Bull Racing,0 days 02:25:45.020000,,1,2.0,False,,False,True,2024-01,Bahrain Grand Prix,2024,1,2024-03-02,train,95.459,True,
0 days 02:28:56.090000,PER,11,0 days 00:01:35.611000,55.0,3.0,,,0 days 00:00:30.683000,0 days 00:00:41.420000,0 days 00:00:23.508000,0 days 02:27:51.184000,0 days 02:28:32.604000,0 days 02:28:56.112000,233.0,264.0,282.0,303.0,False,SOFT,19.0,True,Red Bull Racing,0 days 02:27:20.479000,,1,2.0,False,,False,True,2024-01,Bahrain Grand Prix,2024,1,2024-03-02,train,95.611,True,
0 days 02:30:31.658000,PER,11,0 days 00:01:35.568000,56.0,3.0,,,0 days 00:00:30.539000,0 days 00:00:41.406000,0 days 00:00:23.623000,0 days 02:29:26.651000,0 days 02:30:08.057000,0 days 02:30:31.680000,235.0,266.0,283.0,304.0,False,SOFT,20.0,True,Red Bull Racing,0 days 02:28:56.090000,,1,2.0,False,,False,True,2024-01,Bahrain Grand Prix,2024,1,2024-03-02,train,95.568,True,
0 days 02:32:07.404000,PER,11,0 days 00:01:35.746000,57.0,3.0,,,0 days 00:00:30.521000,0 days 00:00:41.600000,0 days 00:00:23.625000,0 days 02:31:02.201000,0 days 02:31:43.801000,0 days 02:32:07.426000,236.0,267.0,282.0,306.0,False,SOFT,21.0,True,Red Bull Racing,0 days 02:30:31.658000,,1,2.0,False,,False,True,2024-01,Bahrain Grand Prix,2024,1,2024-03-02,train,95.746,True,
0 days 01:01:39.433000,RUS,63,0 days 00:01:39.228000,1.0,1.0,,,,0 days 00:00:42.099000,0 days 00:00:23.694000,,0 days 01:01:15.899000,0 days 01:01:39.592000,225.0,252.0,279.0,256.0,False,SOFT,4.0,False,Mercedes,0 days 00:59:59.911000,,12,3.0,False,,False,False,2024-01,Bahrain Grand Prix,2024,1,2024-03-02,train,99.228,False,opening_lap;not_green_only;timing_not_accurate
0 days 01:03:16.068000,RUS,63,0 days 00:01:36.635000,2.0,1.0,,,0 days 00:00:30.829000,0 days 00:00:42.038000,0 days 00:00:23.768000,0 days 01:02:10.287000,0 days 01:02:52.325000,0 days 01:03:16.093000,230.0,253.0,283.0,298.0,True,SOFT,5.0,False,Mercedes,0 days 01:01:39.433000,,1,3.0,False,,False,True,2024-01,Bahrain Grand Prix,2024,1,2024-03-02,train,96.635,True,
0 days 01:04:52.474000,RUS,63,0 days 00:01:36.406000,3.0,1.0,,,0 days 00:00:30.367000,0 days 00:00:42.202000,0 days 00:00:23.837000,0 days 01:03:46.460000,0 days 01:04:28.662000,0 days 01:04:52.499000,232.0,250.0,278.0,318.0,True,SOFT,6.0,False,Mercedes,0 days 01:03:16.068000,,1,2.0,False,,False,True,2024-01,Bahrain Grand Prix,2024,1,2024-03-02,train,96.406,True,
0 days 01:06:30.212000,RUS,63,0 days 00:01:37.738000,4.0,1.0,,,0 days 00:00:31.135000,0 days 00:00:42.609000,0 days 00:00:23.994000,0 days 01:05:23.634000,0 days 01:06:06.243000,0 days 01:06:30.237000,223.0,247.0,269.0,296.0,False,SOFT,7.0,False,Mercedes,0 days 01:04:52.474000,,1,2.0,False,,False,True,2024-01,Bahrain Grand Prix,2024,1,2024-03-02,train,97.738,True,
0 days 01:08:08.328000,RUS,63,0 days 00:01:38.116000,5.0,1.0,,,0 days 00:00:31.636000,0 days 00:00:42.573000,0 days 00:00:23.907000,0 days 01:07:01.873000,0 days 01:07:44.446000,0 days 01:08:08.353000,225.0,250.0,277.0,287.0,False,SOFT,8.0,False,Mercedes,0 days 01:06:30.212000,,1,2.0,False,,False,True,2024-01,Bahrain Grand Prix,2024,1,2024-03-02,train,98.116,True,
0 days 01:09:46.112000,RUS,63,0 days 00:01:37.784000,6.0,1.0,,,0 days 00:00:31.360000,0 days 00:00:42.508000,0 days 00:00:23.916000,0 days 01:08:39.713000,0 days 01:09:22.221000,0 days 01:09:46.137000,225.0,252.0,277.0,289.0,False,SOFT,9.0,False,Mercedes,0 days 01:08:08.328000,,1,2.0,False,,False,True,2024-01,Bahrain Grand Prix,2024,1,2024-03-02,train,97.784,True,
0 days 01:11:24.194000,RUS,63,0 days 00:01:38.082000,7.0,1.0,,,0 days 00:00:31.480000,0 days 00:00:42.577000,0 days 00:00:24.025000,0 days 01:10:17.617000,0 days 01:11:00.194000,0 days 01:11:24.219000,226.0,251.0,278.0,286.0,False,SOFT,10.0,False,Mercedes,0 days 01:09:46.112000,,1,2.0,False,,False,True,2024-01,Bahrain Grand Prix,2024,1,2024-03-02,train,98.082,True,
0 days 01:13:02.056000,RUS,63,0 days 00:01:37.862000,8.0,1.0,,,0 days 00:00:31.238000,0 days 00:00:42.646000,0 days 00:00:23.978000,0 days 01:11:55.457000,0 days 01:12:38.103000,0 days 01:13:02.081000,230.0,246.0,278.0,288.0,False,SOFT,11.0,False,Mercedes,0 days 01:11:24.194000,,1,2.0,False,,False,True,2024-01,Bahrain Grand Prix,2024,1,2024-03-02,train,97.862,True,
0 days 01:14:39.786000,RUS,63,0 days 00:01:37.730000,9.0,1.0,,,0 days 00:00:31.120000,0 days 00:00:42.578000,0 days 00:00:24.032000,0 days 01:13:33.201000,0 days 01:14:15.779000,0 days 01:14:39.811000,231.0,246.0,278.0,292.0,False,SOFT,12.0,False,Mercedes,0 days 01:13:02.056000,,1,2.0,False,,False,True,2024-01,Bahrain Grand Prix,2024,1,2024-03-02,train,97.73,True,
0 days 01:16:17.568000,RUS,63,0 days 00:01:37.782000,10.0,1.0,,,0 days 00:00:31.247000,0 days 00:00:42.538000,0 days 00:00:23.997000,0 days 01:15:11.058000,0 days 01:15:53.596000,0 days 01:16:17.593000,226.0,255.0,277.0,288.0,False,SOFT,13.0,False,Mercedes,0 days 01:14:39.786000,,12,2.0,False,,False,True,2024-01,Bahrain Grand Prix,2024,1,2024-03-02,train,97.782,False,not_green_only
0 days 01:17:58.083000,RUS,63,0 days 00:01:40.515000,11.0,1.0,,0 days 01:17:56.394000,0 days 00:00:31.392000,0 days 00:00:42.646000,0 days 00:00:26.477000,0 days 01:16:48.985000,0 days 01:17:31.631000,0 days 01:17:58.108000,229.0,251.0,,284.0,False,SOFT,14.0,False,Mercedes,0 days 01:16:17.568000,,1,4.0,False,,False,False,2024-01,Bahrain Grand Prix,2024,1,2024-03-02,train,100.515,False,pit_in;timing_not_accurate
0 days 01:19:56.543000,RUS,63,0 days 00:01:58.460000,12.0,2.0,0 days 01:18:21.160000,,0 days 00:00:52.570000,0 days 00:00:42.189000,0 days 00:00:23.701000,0 days 01:18:50.678000,0 days 01:19:32.867000,0 days 01:19:56.568000,229.0,254.0,281.0,215.0,False,HARD,1.0,True,Mercedes,0 days 01:17:58.083000,,1,11.0,False,,False,False,2024-01,Bahrain Grand Prix,2024,1,2024-03-02,train,118.46,False,pit_out;timing_not_accurate
0 days 01:21:33.710000,RUS,63,0 days 00:01:37.167000,13.0,2.0,,,0 days 00:00:30.759000,0 days 00:00:42.479000,0 days 00:00:23.929000,0 days 01:20:27.327000,0 days 01:21:09.806000,0 days 01:21:33.735000,232.0,254.0,284.0,296.0,False,HARD,2.0,True,Mercedes,0 days 01:19:56.543000,,1,7.0,False,,False,True,2024-01,Bahrain Grand Prix,2024,1,2024-03-02,train,97.167,True,
0 days 01:23:11.281000,RUS,63,0 days 00:01:37.571000,14.0,2.0,,,0 days 00:00:30.851000,0 days 00:00:42.740000,0 days 00:00:23.980000,0 days 01:22:04.586000,0 days 01:22:47.326000,0 days 01:23:11.306000,218.0,255.0,279.0,319.0,False,HARD,3.0,True,Mercedes,0 days 01:21:33.710000,,1,7.0,False,,False,True,2024-01,Bahrain Grand Prix,2024,1,2024-03-02,train,97.571,True,
0 days 01:24:48.203000,RUS,63,0 days 00:01:36.922000,15.0,2.0,,,0 days 00:00:31.038000,0 days 00:00:42.152000,0 days 00:00:23.732000,0 days 01:23:42.344000,0 days 01:24:24.496000,0 days 01:24:48.228000,230.0,251.0,280.0,291.0,False,HARD,4.0,True,Mercedes,0 days 01:23:11.281000,,1,4.0,False,,False,True,2024-01,Bahrain Grand Prix,2024,1,2024-03-02,train,96.922,True,
0 days 01:26:24.886000,RUS,63,0 days 00:01:36.683000,16.0,2.0,,,0 days 00:00:31.030000,0 days 00:00:42.084000,0 days 00:00:23.569000,0 days 01:25:19.258000,0 days 01:26:01.342000,0 days 01:26:24.911000,227.0,257.0,278.0,295.0,False,HARD,5.0,True,Mercedes,0 days 01:24:48.203000,,1,3.0,False,,False,True,2024-01,Bahrain Grand Prix,2024,1,2024-03-02,train,96.683,True,
0 days 01:28:01.120000,RUS,63,0 days 00:01:36.234000,17.0,2.0,,,0 days 00:00:30.747000,0 days 00:00:41.766000,0 days 00:00:23.721000,0 days 01:26:55.658000,0 days 01:27:37.424000,0 days 01:28:01.145000,228.0,256.0,278.0,298.0,True,HARD,6.0,True,Mercedes,0 days 01:26:24.886000,,1,3.0,False,,False,True,2024-01,Bahrain Grand Prix,2024,1,2024-03-02,train,96.234,True,
0 days 01:29:38.939000,RUS,63,0 days 00:01:37.819000,18.0,2.0,,,0 days 00:00:31.462000,0 days 00:00:42.532000,0 days 00:00:23.825000,0 days 01:28:32.607000,0 days 01:29:15.139000,0 days 01:29:38.964000,232.0,257.0,274.0,290.0,False,HARD,7.0,True,Mercedes,0 days 01:28:01.120000,,1,4.0,False,,False,True,2024-01,Bahrain Grand Prix,2024,1,2024-03-02,train,97.819,True,
0 days 01:31:16.172000,RUS,63,0 days 00:01:37.233000,19.0,2.0,,,0 days 00:00:31.101000,0 days 00:00:42.267000,0 days 00:00:23.865000,0 days 01:30:10.065000,0 days 01:30:52.332000,0 days 01:31:16.197000,228.0,247.0,280.0,293.0,False,HARD,8.0,True,Mercedes,0 days 01:29:38.939000,,1,4.0,False,,False,True,2024-01,Bahrain Grand Prix,2024,1,2024-03-02,train,97.233,True,
0 days 01:32:52.904000,RUS,63,0 days 00:01:36.732000,20.0,2.0,,,0 days 00:00:30.862000,0 days 00:00:42.099000,0 days 00:00:23.771000,0 days 01:31:47.059000,0 days 01:32:29.158000,0 days 01:32:52.929000,229.0,250.0,280.0,292.0,False,HARD,9.0,True,Mercedes,0 days 01:31:16.172000,,1,4.0,False,,False,True,2024-01,Bahrain Grand Prix,2024,1,2024-03-02,train,96.732,True,
0 days 01:34:29.673000,RUS,63,0 days 00:01:36.769000,21.0,2.0,,,0 days 00:00:30.870000,0 days 00:00:42.180000,0 days 00:00:23.719000,0 days 01:33:23.799000,0 days 01:34:05.979000,0 days 01:34:29.698000,229.0,253.0,280.0,294.0,False,HARD,10.0,True,Mercedes,0 days 01:32:52.904000,,1,4.0,False,,False,True,2024-01,Bahrain Grand Prix,2024,1,2024-03-02,train,96.769,True,
0 days 01:36:06.665000,RUS,63,0 days 00:01:36.992000,22.0,2.0,,,0 days 00:00:30.840000,0 days 00:00:42.313000,0 days 00:00:23.839000,0 days 01:35:00.538000,0 days 01:35:42.851000,0 days 01:36:06.690000,229.0,248.0,280.0,295.0,False,HARD,11.0,True,Mercedes,0 days 01:34:29.673000,,1,4.0,False,,False,True,2024-01,Bahrain Grand Prix,2024,1,2024-03-02,train,96.992,True,
0 days 01:37:43.619000,RUS,63,0 days 00:01:36.954000,23.0,2.0,,,0 days 00:00:31.043000,0 days 00:00:42.088000,0 days 00:00:23.823000,0 days 01:36:37.733000,0 days 01:37:19.821000,0 days 01:37:43.644000,229.0,256.0,280.0,290.0,False,HARD,12.0,True,Mercedes,0 days 01:36:06.665000,,1,4.0,False,,False,True,2024-01,Bahrain Grand Prix,2024,1,2024-03-02,train,96.954,True,
0 days 01:39:20.355000,RUS,63,0 days 00:01:36.736000,24.0,2.0,,,0 days 00:00:30.867000,0 days 00:00:42.107000,0 days 00:00:23.762000,0 days 01:38:14.511000,0 days 01:38:56.618000,0 days 01:39:20.380000,231.0,246.0,280.0,295.0,False,HARD,13.0,True,Mercedes,0 days 01:37:43.619000,,1,4.0,False,,False,True,2024-01,Bahrain Grand Prix,2024,1,2024-03-02,train,96.736,True,
0 days 01:40:57.283000,RUS,63,0 days 00:01:36.928000,25.0,2.0,,,0 days 00:00:30.941000,0 days 00:00:42.199000,0 days 00:00:23.788000,0 days 01:39:51.321000,0 days 01:40:33.520000,0 days 01:40:57.308000,231.0,250.0,280.0,295.0,False,HARD,14.0,True,Mercedes,0 days 01:39:20.355000,,1,4.0,False,,False,True,2024-01,Bahrain Grand Prix,2024,1,2024-03-02,train,96.928,True,
0 days 01:42:34.084000,RUS,63,0 days 00:01:36.801000,26.0,2.0,,,0 days 00:00:30.867000,0 days 00:00:42.161000,0 days 00:00:23.773000,0 days 01:41:28.175000,0 days 01:42:10.336000,0 days 01:42:34.109000,232.0,258.0,280.0,295.0,False,HARD,15.0,True,Mercedes,0 days 01:40:57.283000,,1,4.0,False,,False,True,2024-01,Bahrain Grand Prix,2024,1,2024-03-02,train,96.801,True,
0 days 01:44:10.899000,RUS,63,0 days 00:01:36.815000,27.0,2.0,,,0 days 00:00:30.930000,0 days 00:00:42.115000,0 days 00:00:23.770000,0 days 01:43:05.039000,0 days 01:43:47.154000,0 days 01:44:10.924000,232.0,253.0,280.0,294.0,False,HARD,16.0,True,Mercedes,0 days 01:42:34.084000,,1,4.0,False,,False,True,2024-01,Bahrain Grand Prix,2024,1,2024-03-02,train,96.815,True,
0 days 01:45:47.810000,RUS,63,0 days 00:01:36.911000,28.0,2.0,,,0 days 00:00:30.980000,0 days 00:00:42.149000,0 days 00:00:23.782000,0 days 01:44:41.904000,0 days 01:45:24.053000,0 days 01:45:47.835000,231.0,254.0,280.0,294.0,False,HARD,17.0,True,Mercedes,0 days 01:44:10.899000,,1,4.0,False,,False,True,2024-01,Bahrain Grand Prix,2024,1,2024-03-02,train,96.911,True,
0 days 01:47:24.876000,RUS,63,0 days 00:01:37.066000,29.0,2.0,,,0 days 00:00:30.993000,0 days 00:00:42.224000,0 days 00:00:23.849000,0 days 01:46:18.828000,0 days 01:47:01.052000,0 days 01:47:24.901000,231.0,257.0,280.0,295.0,False,HARD,18.0,True,Mercedes,0 days 01:45:47.810000,,1,4.0,False,,False,True,2024-01,Bahrain Grand Prix,2024,1,2024-03-02,train,97.066,True,
0 days 01:49:02.062000,RUS,63,0 days 00:01:37.186000,30.0,2.0,,,0 days 00:00:31.030000,0 days 00:00:42.221000,0 days 00:00:23.935000,0 days 01:47:55.931000,0 days 01:48:38.152000,0 days 01:49:02.087000,232.0,252.0,280.0,294.0,False,HARD,19.0,True,Mercedes,0 days 01:47:24.876000,,1,4.0,False,,False,True,2024-01,Bahrain Grand Prix,2024,1,2024-03-02,train,97.186,True,
0 days 01:50:41.467000,RUS,63,0 days 00:01:39.405000,31.0,2.0,,0 days 01:50:39.737000,0 days 00:00:31.061000,0 days 00:00:42.153000,0 days 00:00:26.191000,0 days 01:49:33.148000,0 days 01:50:15.301000,0 days 01:50:41.492000,232.0,260.0,,295.0,False,HARD,20.0,True,Mercedes,0 days 01:49:02.062000,,1,5.0,False,,False,False,2024-01,Bahrain Grand Prix,2024,1,2024-03-02,train,99.405,False,pit_in;timing_not_accurate
0 days 01:52:38.734000,RUS,63,0 days 00:01:57.267000,32.0,3.0,0 days 01:51:04.687000,,0 days 00:00:52.151000,0 days 00:00:41.641000,0 days 00:00:23.475000,0 days 01:51:33.643000,0 days 01:52:15.284000,0 days 01:52:38.759000,230.0,257.0,282.0,217.0,False,HARD,1.0,True,Mercedes,0 days 01:50:41.467000,,1,9.0,False,,False,False,2024-01,Bahrain Grand Prix,2024,1,2024-03-02,train,117.267,False,pit_out;timing_not_accurate
0 days 01:54:14.572000,RUS,63,0 days 00:01:35.838000,33.0,3.0,,,0 days 00:00:30.638000,0 days 00:00:41.572000,0 days 00:00:23.628000,0 days 01:53:09.397000,0 days 01:53:50.969000,0 days 01:54:14.597000,232.0,246.0,293.0,301.0,True,HARD,2.0,True,Mercedes,0 days 01:52:38.734000,,1,9.0,False,,False,True,2024-01,Bahrain Grand Prix,2024,1,2024-03-02,train,95.838,True,
0 days 01:55:49.813000,RUS,63,0 days 00:01:35.241000,34.0,3.0,,,0 days 00:00:30.286000,0 days 00:00:41.651000,0 days 00:00:23.304000,0 days 01:54:44.883000,0 days 01:55:26.534000,0 days 01:55:49.838000,234.0,254.0,281.0,309.0,True,HARD,3.0,True,Mercedes,0 days 01:54:14.572000,,1,6.0,False,,False,True,2024-01,Bahrain Grand Prix,2024,1,2024-03-02,train,95.241,True,
0 days 01:57:25.585000,RUS,63,0 days 00:01:35.772000,35.0,3.0,,,0 days 00:00:30.587000,0 days 00:00:41.817000,0 days 00:00:23.368000,0 days 01:56:20.425000,0 days 01:57:02.242000,0 days 01:57:25.610000,234.0,244.0,281.0,297.0,False,HARD,4.0,True,Mercedes,0 days 01:55:49.813000,,1,4.0,False,,False,True,2024-01,Bahrain Grand Prix,2024,1,2024-03-02,train,95.772,True,
0 days 01:59:01.019000,RUS,63,0 days 00:01:35.434000,36.0,3.0,,,0 days 00:00:30.608000,0 days 00:00:41.494000,0 days 00:00:23.332000,0 days 01:57:56.218000,0 days 01:58:37.712000,0 days 01:59:01.044000,235.0,253.0,281.0,296.0,False,HARD,5.0,True,Mercedes,0 days 01:57:25.585000,,1,4.0,False,,False,True,2024-01,Bahrain Grand Prix,2024,1,2024-03-02,train,95.434,True,
0 days 02:00:36.500000,RUS,63,0 days 00:01:35.481000,37.0,3.0,,,0 days 00:00:30.566000,0 days 00:00:41.586000,0 days 00:00:23.329000,0 days 01:59:31.610000,0 days 02:00:13.196000,0 days 02:00:36.525000,234.0,251.0,281.0,298.0,False,HARD,6.0,True,Mercedes,0 days 01:59:01.019000,,1,4.0,False,,False,True,2024-01,Bahrain Grand Prix,2024,1,2024-03-02,train,95.481,True,
0 days 02:02:11.979000,RUS,63,0 days 00:01:35.479000,38.0,3.0,,,0 days 00:00:30.600000,0 days 00:00:41.469000,0 days 00:00:23.410000,0 days 02:01:07.125000,0 days 02:01:48.594000,0 days 02:02:12.004000,233.0,259.0,281.0,297.0,False,HARD,7.0,True,Mercedes,0 days 02:00:36.500000,,1,4.0,False,,False,True,2024-01,Bahrain Grand Prix,2024,1,2024-03-02,train,95.479,True,
0 days 02:03:47.183000,RUS,63,0 days 00:01:35.204000,39.0,3.0,,,0 days 00:00:30.547000,0 days 00:00:41.329000,0 days 00:00:23.328000,0 days 02:02:42.551000,0 days 02:03:23.880000,0 days 02:03:47.208000,235.0,260.0,282.0,299.0,True,HARD,8.0,True,Mercedes,0 days 02:02:11.979000,,1,4.0,False,,False,True,2024-01,Bahrain Grand Prix,2024,1,2024-03-02,train,95.204,True,
0 days 02:05:22.248000,RUS,63,0 days 00:01:35.065000,40.0,3.0,,,0 days 00:00:30.390000,0 days 00:00:41.347000,0 days 00:00:23.328000,0 days 02:04:17.598000,0 days 02:04:58.945000,0 days 02:05:22.273000,236.0,261.0,282.0,299.0,True,HARD,9.0,True,Mercedes,0 days 02:03:47.183000,,1,4.0,False,,False,True,2024-01,Bahrain Grand Prix,2024,1,2024-03-02,train,95.065,True,
0 days 02:06:57.341000,RUS,63,0 days 00:01:35.093000,41.0,3.0,,,0 days 00:00:30.541000,0 days 00:00:41.250000,0 days 00:00:23.302000,0 days 02:05:52.814000,0 days 02:06:34.064000,0 days 02:06:57.366000,235.0,263.0,282.0,296.0,False,HARD,10.0,True,Mercedes,0 days 02:05:22.248000,,1,4.0,False,,False,True,2024-01,Bahrain Grand Prix,2024,1,2024-03-02,train,95.093,True,
0 days 02:08:32.477000,RUS,63,0 days 00:01:35.136000,42.0,3.0,,,0 days 00:00:30.570000,0 days 00:00:41.196000,0 days 00:00:23.370000,0 days 02:07:27.936000,0 days 02:08:09.132000,0 days 02:08:32.502000,236.0,265.0,282.0,294.0,False,HARD,11.0,True,Mercedes,0 days 02:06:57.341000,,1,4.0,False,,False,True,2024-01,Bahrain Grand Prix,2024,1,2024-03-02,train,95.136,True,
0 days 02:10:07.670000,RUS,63,0 days 00:01:35.193000,43.0,3.0,,,0 days 00:00:30.626000,0 days 00:00:41.237000,0 days 00:00:23.330000,0 days 02:09:03.128000,0 days 02:09:44.365000,0 days 02:10:07.695000,235.0,265.0,282.0,294.0,False,HARD,12.0,True,Mercedes,0 days 02:08:32.477000,,1,4.0,False,,False,True,2024-01,Bahrain Grand Prix,2024,1,2024-03-02,train,95.193,True,
0 days 02:11:42.832000,RUS,63,0 days 00:01:35.162000,44.0,3.0,,,0 days 00:00:30.573000,0 days 00:00:41.252000,0 days 00:00:23.337000,0 days 02:10:38.268000,0 days 02:11:19.520000,0 days 02:11:42.857000,236.0,265.0,281.0,295.0,False,HARD,13.0,True,Mercedes,0 days 02:10:07.670000,,1,4.0,False,,False,True,2024-01,Bahrain Grand Prix,2024,1,2024-03-02,train,95.162,True,
0 days 02:13:18.108000,RUS,63,0 days 00:01:35.276000,45.0,3.0,,,0 days 00:00:30.599000,0 days 00:00:41.328000,0 days 00:00:23.349000,0 days 02:12:13.456000,0 days 02:12:54.784000,0 days 02:13:18.133000,236.0,267.0,283.0,300.0,False,HARD,14.0,True,Mercedes,0 days 02:11:42.832000,,1,4.0,False,,False,True,2024-01,Bahrain Grand Prix,2024,1,2024-03-02,train,95.276,True,
0 days 02:14:54.765000,RUS,63,0 days 00:01:36.657000,46.0,3.0,,,0 days 00:00:30.649000,0 days 00:00:42.244000,0 days 00:00:23.764000,0 days 02:13:48.782000,0 days 02:14:31.026000,0 days 02:14:54.790000,236.0,263.0,288.0,302.0,False,HARD,15.0,True,Mercedes,0 days 02:13:18.108000,,1,5.0,True,TRACK LIMITS AT TURN 10 LAP 46 ,False,True,2024-01,Bahrain Grand Prix,2024,1,2024-03-02,train,96.657,False,deleted_or_unknown
0 days 02:16:30.570000,RUS,63,0 days 00:01:35.805000,47.0,3.0,,,0 days 00:00:30.525000,0 days 00:00:41.724000,0 days 00:00:23.556000,0 days 02:15:25.315000,0 days 02:16:07.039000,0 days 02:16:30.595000,233.0,264.0,283.0,323.0,False,HARD,16.0,True,Mercedes,0 days 02:14:54.765000,,1,5.0,False,,False,True,2024-01,Bahrain Grand Prix,2024,1,2024-03-02,train,95.805,True,
0 days 02:18:06.629000,RUS,63,0 days 00:01:36.059000,48.0,3.0,,,0 days 00:00:30.794000,0 days 00:00:41.795000,0 days 00:00:23.470000,0 days 02:17:01.389000,0 days 02:17:43.184000,0 days 02:18:06.654000,234.0,251.0,282.0,305.0,False,HARD,17.0,True,Mercedes,0 days 02:16:30.570000,,1,5.0,False,,False,True,2024-01,Bahrain Grand Prix,2024,1,2024-03-02,train,96.059,True,
0 days 02:19:42.583000,RUS,63,0 days 00:01:35.954000,49.0,3.0,,,0 days 00:00:30.723000,0 days 00:00:41.727000,0 days 00:00:23.504000,0 days 02:18:37.377000,0 days 02:19:19.104000,0 days 02:19:42.608000,236.0,258.0,283.0,299.0,False,HARD,18.0,True,Mercedes,0 days 02:18:06.629000,,1,5.0,False,,False,True,2024-01,Bahrain Grand Prix,2024,1,2024-03-02,train,95.954,True,
0 days 02:21:18.764000,RUS,63,0 days 00:01:36.181000,50.0,3.0,,,0 days 00:00:30.691000,0 days 00:00:41.930000,0 days 00:00:23.560000,0 days 02:20:13.299000,0 days 02:20:55.229000,0 days 02:21:18.789000,234.0,260.0,282.0,300.0,False,HARD,19.0,True,Mercedes,0 days 02:19:42.583000,,1,5.0,False,,False,True,2024-01,Bahrain Grand Prix,2024,1,2024-03-02,train,96.181,True,
0 days 02:22:54.616000,RUS,63,0 days 00:01:35.852000,51.0,3.0,,,0 days 00:00:30.639000,0 days 00:00:41.734000,0 days 00:00:23.479000,0 days 02:21:49.428000,0 days 02:22:31.162000,0 days 02:22:54.641000,236.0,261.0,282.0,305.0,False,HARD,20.0,True,Mercedes,0 days 02:21:18.764000,,1,5.0,False,,False,True,2024-01,Bahrain Grand Prix,2024,1,2024-03-02,train,95.852,True,
0 days 02:24:30.802000,RUS,63,0 days 00:01:36.186000,52.0,3.0,,,0 days 00:00:30.678000,0 days 00:00:41.927000,0 days 00:00:23.581000,0 days 02:23:25.319000,0 days 02:24:07.246000,0 days 02:24:30.827000,237.0,257.0,283.0,303.0,False,HARD,21.0,True,Mercedes,0 days 02:22:54.616000,,1,5.0,False,,False,True,2024-01,Bahrain Grand Prix,2024,1,2024-03-02,train,96.186,True,
0 days 02:26:06.781000,RUS,63,0 days 00:01:35.979000,53.0,3.0,,,0 days 00:00:30.752000,0 days 00:00:41.740000,0 days 00:00:23.487000,0 days 02:25:01.579000,0 days 02:25:43.319000,0 days 02:26:06.806000,237.0,263.0,283.0,302.0,False,HARD,22.0,True,Mercedes,0 days 02:24:30.802000,,1,5.0,False,,False,True,2024-01,Bahrain Grand Prix,2024,1,2024-03-02,train,95.979,True,
0 days 02:27:42.794000,RUS,63,0 days 00:01:36.013000,54.0,3.0,,,0 days 00:00:30.744000,0 days 00:00:41.687000,0 days 00:00:23.582000,0 days 02:26:37.550000,0 days 02:27:19.237000,0 days 02:27:42.819000,236.0,261.0,282.0,302.0,False,HARD,23.0,True,Mercedes,0 days 02:26:06.781000,,1,5.0,False,,False,True,2024-01,Bahrain Grand Prix,2024,1,2024-03-02,train,96.013,True,
0 days 02:29:18.945000,RUS,63,0 days 00:01:36.151000,55.0,3.0,,,0 days 00:00:30.818000,0 days 00:00:41.709000,0 days 00:00:23.624000,0 days 02:28:13.637000,0 days 02:28:55.346000,0 days 02:29:18.970000,237.0,263.0,282.0,303.0,False,HARD,24.0,True,Mercedes,0 days 02:27:42.794000,,1,5.0,False,,False,True,2024-01,Bahrain Grand Prix,2024,1,2024-03-02,train,96.151,True,
0 days 02:30:55.295000,RUS,63,0 days 00:01:36.350000,56.0,3.0,,,0 days 00:00:30.808000,0 days 00:00:41.885000,0 days 00:00:23.657000,0 days 02:29:49.778000,0 days 02:30:31.663000,0 days 02:30:55.320000,236.0,263.0,282.0,298.0,False,HARD,25.0,True,Mercedes,0 days 02:29:18.945000,,1,5.0,False,,False,True,2024-01,Bahrain Grand Prix,2024,1,2024-03-02,train,96.35,True,
0 days 02:32:31.735000,RUS,63,0 days 00:01:36.440000,57.0,3.0,,,0 days 00:00:30.765000,0 days 00:00:42.018000,0 days 00:00:23.657000,0 days 02:31:26.085000,0 days 02:32:08.103000,0 days 02:32:31.760000,235.0,261.0,283.0,300.0,False,HARD,26.0,True,Mercedes,0 days 02:30:55.295000,,1,5.0,False,,False,True,2024-01,Bahrain Grand Prix,2024,1,2024-03-02,train,96.44,True,
0 days 01:01:40.825000,SAI,55,0 days 00:01:40.620000,1.0,1.0,,,,0 days 00:00:42.861000,0 days 00:00:23.765000,,0 days 01:01:17.207000,0 days 01:01:40.944000,233.0,249.0,280.0,256.0,False,SOFT,4.0,False,Ferrari,0 days 00:59:59.911000,,12,5.0,False,,False,False,2024-01,Bahrain Grand Prix,2024,1,2024-03-02,train,100.62,False,opening_lap;not_green_only;timing_not_accurate
0 days 01:03:18.061000,SAI,55,0 days 00:01:37.236000,2.0,1.0,,,0 days 00:00:30.974000,0 days 00:00:42.366000,0 days 00:00:23.896000,0 days 01:02:11.850000,0 days 01:02:54.216000,0 days 01:03:18.112000,235.0,244.0,279.0,297.0,True,SOFT,5.0,False,Ferrari,0 days 01:01:40.825000,,1,5.0,False,,False,True,2024-01,Bahrain Grand Prix,2024,1,2024-03-02,train,97.236,True,
0 days 01:04:55.141000,SAI,55,0 days 00:01:37.080000,3.0,1.0,,,0 days 00:00:31.049000,0 days 00:00:42.179000,0 days 00:00:23.852000,0 days 01:03:49.161000,0 days 01:04:31.340000,0 days 01:04:55.192000,233.0,246.0,280.0,300.0,True,SOFT,6.0,False,Ferrari,0 days 01:03:18.061000,,1,5.0,False,,False,True,2024-01,Bahrain Grand Prix,2024,1,2024-03-02,train,97.08,True,
0 days 01:06:32.405000,SAI,55,0 days 00:01:37.264000,4.0,1.0,,,0 days 00:00:30.957000,0 days 00:00:42.373000,0 days 00:00:23.934000,0 days 01:05:26.149000,0 days 01:06:08.522000,0 days 01:06:32.456000,234.0,245.0,285.0,304.0,False,SOFT,7.0,False,Ferrari,0 days 01:04:55.141000,,1,5.0,False,,False,True,2024-01,Bahrain Grand Prix,2024,1,2024-03-02,train,97.264,True,
0 days 01:08:10.437000,SAI,55,0 days 00:01:38.032000,5.0,1.0,,,0 days 00:00:30.967000,0 days 00:00:42.821000,0 days 00:00:24.244000,0 days 01:07:03.423000,0 days 01:07:46.244000,0 days 01:08:10.488000,232.0,245.0,286.0,324.0,False,SOFT,8.0,False,Ferrari,0 days 01:06:32.405000,,1,5.0,False,,False,True,2024-01,Bahrain Grand Prix,2024,1,2024-03-02,train,98.032,True,
0 days 01:09:48.178000,SAI,55,0 days 00:01:37.741000,6.0,1.0,,,0 days 00:00:30.879000,0 days 00:00:42.803000,0 days 00:00:24.059000,0 days 01:08:41.367000,0 days 01:09:24.170000,0 days 01:09:48.229000,233.0,243.0,286.0,325.0,False,SOFT,9.0,False,Ferrari,0 days 01:08:10.437000,,1,5.0,False,,False,True,2024-01,Bahrain Grand Prix,2024,1,2024-03-02,train,97.741,True,
0 days 01:11:26.438000,SAI,55,0 days 00:01:38.260000,7.0,1.0,,,0 days 00:00:30.847000,0 days 00:00:43.148000,0 days 00:00:24.265000,0 days 01:10:19.076000,0 days 01:11:02.224000,0 days 01:11:26.489000,234.0,242.0,286.0,326.0,False,SOFT,10.0,False,Ferrari,0 days 01:09:48.178000,,1,5.0,False,,False,True,2024-01,Bahrain Grand Prix,2024,1,2024-03-02,train,98.26,True,
0 days 01:13:04.621000,SAI,55,0 days 00:01:38.183000,8.0,1.0,,,0 days 00:00:31.341000,0 days 00:00:42.701000,0 days 00:00:24.141000,0 days 01:11:57.830000,0 days 01:12:40.531000,0 days 01:13:04.672000,232.0,246.0,287.0,316.0,False,SOFT,11.0,False,Ferrari,0 days 01:11:26.438000,,1,5.0,False,,False,True,2024-01,Bahrain Grand Prix,2024,1,2024-03-02,train,98.183,True,
0 days 01:14:42.651000,SAI,55,0 days 00:01:38.030000,9.0,1.0,,,0 days 00:00:30.990000,0 days 00:00:42.868000,0 days 00:00:24.172000,0 days 01:13:35.662000,0 days 01:14:18.530000,0 days 01:14:42.702000,234.0,247.0,285.0,323.0,False,SOFT,12.0,False,Ferrari,0 days 01:13:04.621000,,1,5.0,False,,False,True,2024-01,Bahrain Grand Prix,2024,1,2024-03-02,train,98.03,True,
0 days 01:16:20.259000,SAI,55,0 days 00:01:37.608000,10.0,1.0,,,0 days 00:00:30.819000,0 days 00:00:42.638000,0 days 00:00:24.151000,0 days 01:15:13.521000,0 days 01:15:56.159000,0 days 01:16:20.310000,233.0,248.0,287.0,319.0,False,SOFT,13.0,False,Ferrari,0 days 01:14:42.651000,,12,5.0,False,,False,True,2024-01,Bahrain Grand Prix,2024,1,2024-03-02,train,97.608,False,not_green_only
0 days 01:17:57.915000,SAI,55,0 days 00:01:37.656000,11.0,1.0,,,0 days 00:00:31.266000,0 days 00:00:42.386000,0 days 00:00:24.004000,0 days 01:16:51.576000,0 days 01:17:33.962000,0 days 01:17:57.966000,232.0,252.0,280.0,324.0,False,SOFT,14.0,False,Ferrari,0 days 01:16:20.259000,,1,3.0,False,,False,True,2024-01,Bahrain Grand Prix,2024,1,2024-03-02,train,97.656,True,
0 days 01:19:35.565000,SAI,55,0 days 00:01:37.650000,12.0,1.0,,,0 days 00:00:31.089000,0 days 00:00:42.460000,0 days 00:00:24.101000,0 days 01:18:29.055000,0 days 01:19:11.515000,0 days 01:19:35.616000,232.0,248.0,277.0,299.0,False,SOFT,15.0,False,Ferrari,0 days 01:17:57.915000,,1,2.0,False,,False,True,2024-01,Bahrain Grand Prix,2024,1,2024-03-02,train,97.65,True,
0 days 01:21:12.808000,SAI,55,0 days 00:01:37.243000,13.0,1.0,,,0 days 00:00:31.025000,0 days 00:00:42.212000,0 days 00:00:24.006000,0 days 01:20:06.641000,0 days 01:20:48.853000,0 days 01:21:12.859000,233.0,250.0,277.0,298.0,False,SOFT,16.0,False,Ferrari,0 days 01:19:35.565000,,1,2.0,False,,False,True,2024-01,Bahrain Grand Prix,2024,1,2024-03-02,train,97.243,True,
0 days 01:22:52.561000,SAI,55,0 days 00:01:39.753000,14.0,1.0,,0 days 01:22:50.807000,0 days 00:00:31.011000,0 days 00:00:42.119000,0 days 00:00:26.623000,0 days 01:21:43.870000,0 days 01:22:25.989000,0 days 01:22:52.612000,235.0,258.0,,298.0,False,SOFT,17.0,False,Ferrari,0 days 01:21:12.808000,,1,2.0,False,,False,False,2024-01,Bahrain Grand Prix,2024,1,2024-03-02,train,99.753,False,pit_in;timing_not_accurate
0 days 01:24:49.786000,SAI,55,0 days 00:01:57.225000,15.0,2.0,0 days 01:23:15.387000,,0 days 00:00:51.656000,0 days 00:00:42.013000,0 days 00:00:23.556000,0 days 01:23:44.268000,0 days 01:24:26.281000,0 days 01:24:49.837000,236.0,252.0,286.0,220.0,False,HARD,1.0,True,Ferrari,0 days 01:22:52.561000,,1,7.0,False,,False,False,2024-01,Bahrain Grand Prix,2024,1,2024-03-02,train,117.225,False,pit_out;timing_not_accurate
0 days 01:26:26.162000,SAI,55,0 days 00:01:36.376000,16.0,2.0,,,0 days 00:00:30.412000,0 days 00:00:42.131000,0 days 00:00:23.833000,0 days 01:25:20.249000,0 days 01:26:02.380000,0 days 01:26:26.213000,236.0,247.0,289.0,325.0,True,HARD,2.0,True,Ferrari,0 days 01:24:49.786000,,1,5.0,False,,False,True,2024-01,Bahrain Grand Prix,2024,1,2024-03-02,train,96.376,True,
0 days 01:28:01.669000,SAI,55,0 days 00:01:35.507000,17.0,2.0,,,0 days 00:00:30.202000,0 days 00:00:41.758000,0 days 00:00:23.547000,0 days 01:26:56.415000,0 days 01:27:38.173000,0 days 01:28:01.720000,233.0,251.0,286.0,332.0,True,HARD,3.0,True,Ferrari,0 days 01:26:26.162000,,1,4.0,False,,False,True,2024-01,Bahrain Grand Prix,2024,1,2024-03-02,train,95.507,True,
0 days 01:29:37.757000,SAI,55,0 days 00:01:36.088000,18.0,2.0,,,0 days 00:00:30.590000,0 days 00:00:41.964000,0 days 00:00:23.534000,0 days 01:28:32.310000,0 days 01:29:14.274000,0 days 01:29:37.808000,233.0,249.0,279.0,322.0,False,HARD,4.0,True,Ferrari,0 days 01:28:01.669000,,1,3.0,False,,False,True,2024-01,Bahrain Grand Prix,2024,1,2024-03-02,train,96.088,True,
0 days 01:31:13.993000,SAI,55,0 days 00:01:36.236000,19.0,2.0,,,0 days 00:00:30.805000,0 days 00:00:41.897000,0 days 00:00:23.534000,0 days 01:30:08.613000,0 days 01:30:50.510000,0 days 01:31:14.044000,234.0,248.0,279.0,293.0,False,HARD,5.0,True,Ferrari,0 days 01:29:37.757000,,1,3.0,False,,False,True,2024-01,Bahrain Grand Prix,2024,1,2024-03-02,train,96.236,True,
0 days 01:32:50.027000,SAI,55,0 days 00:01:36.034000,20.0,2.0,,,0 days 00:00:30.786000,0 days 00:00:41.660000,0 days 00:00:23.588000,0 days 01:31:44.830000,0 days 01:32:26.490000,0 days 01:32:50.078000,235.0,252.0,279.0,297.0,False,HARD,6.0,True,Ferrari,0 days 01:31:13.993000,,1,3.0,False,,False,True,2024-01,Bahrain Grand Prix,2024,1,2024-03-02,train,96.034,True,
0 days 01:34:26.131000,SAI,55,0 days 00:01:36.104000,21.0,2.0,,,0 days 00:00:30.796000,0 days 00:00:41.752000,0 days 00:00:23.556000,0 days 01:33:20.874000,0 days 01:34:02.626000,0 days 01:34:26.182000,235.0,252.0,279.0,298.0,False,HARD,7.0,True,Ferrari,0 days 01:32:50.027000,,1,3.0,False,,False,True,2024-01,Bahrain Grand Prix,2024,1,2024-03-02,train,96.104,True,
0 days 01:36:02.139000,SAI,55,0 days 00:01:36.008000,22.0,2.0,,,0 days 00:00:30.686000,0 days 00:00:41.770000,0 days 00:00:23.552000,0 days 01:34:56.868000,0 days 01:35:38.638000,0 days 01:36:02.190000,235.0,253.0,280.0,299.0,False,HARD,8.0,True,Ferrari,0 days 01:34:26.131000,,1,3.0,False,,False,True,2024-01,Bahrain Grand Prix,2024,1,2024-03-02,train,96.008,True,
0 days 01:37:38.288000,SAI,55,0 days 00:01:36.149000,23.0,2.0,,,0 days 00:00:30.738000,0 days 00:00:41.797000,0 days 00:00:23.614000,0 days 01:36:32.928000,0 days 01:37:14.725000,0 days 01:37:38.339000,236.0,252.0,280.0,300.0,False,HARD,9.0,True,Ferrari,0 days 01:36:02.139000,,1,3.0,False,,False,True,2024-01,Bahrain Grand Prix,2024,1,2024-03-02,train,96.149,True,
0 days 01:39:14.488000,SAI,55,0 days 00:01:36.200000,24.0,2.0,,,0 days 00:00:30.698000,0 days 00:00:41.881000,0 days 00:00:23.621000,0 days 01:38:09.037000,0 days 01:38:50.918000,0 days 01:39:14.539000,236.0,251.0,280.0,301.0,False,HARD,10.0,True,Ferrari,0 days 01:37:38.288000,,1,3.0,False,,False,True,2024-01,Bahrain Grand Prix,2024,1,2024-03-02,train,96.2,True,
0 days 01:40:50.708000,SAI,55,0 days 00:01:36.220000,25.0,2.0,,,0 days 00:00:30.724000,0 days 00:00:41.907000,0 days 00:00:23.589000,0 days 01:39:45.263000,0 days 01:40:27.170000,0 days 01:40:50.759000,233.0,251.0,280.0,301.0,False,HARD,11.0,True,Ferrari,0 days 01:39:14.488000,,1,3.0,False,,False,True,2024-01,Bahrain Grand Prix,2024,1,2024-03-02,train,96.22,True,
0 days 01:42:26.929000,SAI,55,0 days 00:01:36.221000,26.0,2.0,,,0 days 00:00:30.714000,0 days 00:00:41.878000,0 days 00:00:23.629000,0 days 01:41:21.473000,0 days 01:42:03.351000,0 days 01:42:26.980000,237.0,252.0,280.0,302.0,False,HARD,12.0,True,Ferrari,0 days 01:40:50.708000,,1,3.0,False,,False,True,2024-01,Bahrain Grand Prix,2024,1,2024-03-02,train,96.221,True,
0 days 01:44:03.201000,SAI,55,0 days 00:01:36.272000,27.0,2.0,,,0 days 00:00:30.807000,0 days 00:00:41.836000,0 days 00:00:23.629000,0 days 01:42:57.787000,0 days 01:43:39.623000,0 days 01:44:03.252000,236.0,251.0,280.0,301.0,False,HARD,13.0,True,Ferrari,0 days 01:42:26.929000,,1,3.0,False,,False,True,2024-01,Bahrain Grand Prix,2024,1,2024-03-02,train,96.272,True,
0 days 01:45:39.735000,SAI,55,0 days 00:01:36.534000,28.0,2.0,,,0 days 00:00:30.901000,0 days 00:00:41.965000,0 days 00:00:23.668000,0 days 01:44:34.153000,0 days 01:45:16.118000,0 days 01:45:39.786000,236.0,251.0,280.0,299.0,False,HARD,14.0,True,Ferrari,0 days 01:44:03.201000,,1,3.0,False,,False,True,2024-01,Bahrain Grand Prix,2024,1,2024-03-02,train,96.534,True,
0 days 01:47:16.335000,SAI,55,0 days 00:01:36.600000,29.0,2.0,,,0 days 00:00:30.852000,0 days 00:00:41.970000,0 days 00:00:23.778000,0 days 01:46:10.638000,0 days 01:46:52.608000,0 days 01:47:16.386000,236.0,254.0,280.0,301.0,False,HARD,15.0,True,Ferrari,0 days 01:45:39.735000,,1,3.0,False,,False,True,2024-01,Bahrain Grand Prix,2024,1,2024-03-02,train,96.6,True,
0 days 01:48:52.672000,SAI,55,0 days 00:01:36.337000,30.0,2.0,,,0 days 00:00:30.746000,0 days 00:00:41.897000,0 days 00:00:23.694000,0 days 01:47:47.132000,0 days 01:48:29.029000,0 days 01:48:52.723000,236.0,253.0,280.0,303.0,False,HARD,16.0,True,Ferrari,0 days 01:47:16.335000,,1,3.0,False,,False,True,2024-01,Bahrain Grand Prix,2024,1,2024-03-02,train,96.337,True,
0 days 01:50:29.209000,SAI,55,0 days 00:01:36.537000,31.0,2.0,,,0 days 00:00:30.851000,0 days 00:00:41.959000,0 days 00:00:23.727000,0 days 01:49:23.574000,0 days 01:50:05.533000,0 days 01:50:29.260000,234.0,253.0,280.0,301.0,False,HARD,17.0,True,Ferrari,0 days 01:48:52.672000,,1,3.0,False,,False,True,2024-01,Bahrain Grand Prix,2024,1,2024-03-02,train,96.537,True,
0 days 01:52:05.971000,SAI,55,0 days 00:01:36.762000,32.0,2.0,,,0 days 00:00:30.873000,0 days 00:00:42.115000,0 days 00:00:23.774000,0 days 01:51:00.133000,0 days 01:51:42.248000,0 days 01:52:06.022000,236.0,255.0,280.0,303.0,False,HARD,18.0,True,Ferrari,0 days 01:50:29.209000,,1,3.0,False,,False,True,2024-01,Bahrain Grand Prix,2024,1,2024-03-02,train,96.762,True,
0 days 01:53:42.527000,SAI,55,0 days 00:01:36.556000,33.0,2.0,,,0 days 00:00:30.833000,0 days 00:00:41.987000,0 days 00:00:23.736000,0 days 01:52:36.855000,0 days 01:53:18.842000,0 days 01:53:42.578000,237.0,254.0,280.0,303.0,False,HARD,19.0,True,Ferrari,0 days 01:52:05.971000,,1,3.0,False,,False,True,2024-01,Bahrain Grand Prix,2024,1,2024-03-02,train,96.556,True,
0 days 01:55:19.078000,SAI,55,0 days 00:01:36.551000,34.0,2.0,,,0 days 00:00:30.858000,0 days 00:00:41.933000,0 days 00:00:23.760000,0 days 01:54:13.436000,0 days 01:54:55.369000,0 days 01:55:19.129000,236.0,254.0,280.0,301.0,False,HARD,20.0,True,Ferrari,0 days 01:53:42.527000,,1,3.0,False,,False,True,2024-01,Bahrain Grand Prix,2024,1,2024-03-02,train,96.551,True,
0 days 01:56:58.352000,SAI,55,0 days 00:01:39.274000,35.0,2.0,,0 days 01:56:56.614000,0 days 00:00:30.872000,0 days 00:00:42.117000,0 days 00:00:26.285000,0 days 01:55:50.001000,0 days 01:56:32.118000,0 days 01:56:58.403000,236.0,255.0,,301.0,False,HARD,21.0,True,Ferrari,0 days 01:55:19.078000,,1,3.0,False,,False,False,2024-01,Bahrain Grand Prix,2024,1,2024-03-02,train,99.274,False,pit_in;timing_not_accurate
0 days 01:58:53.972000,SAI,55,0 days 00:01:55.620000,36.0,3.0,0 days 01:57:20.500000,,0 days 00:00:50.852000,0 days 00:00:41.528000,0 days 00:00:23.240000,0 days 01:57:49.255000,0 days 01:58:30.783000,0 days 01:58:54.023000,237.0,250.0,280.0,222.0,False,HARD,1.0,True,Ferrari,0 days 01:56:58.352000,,1,3.0,False,,False,False,2024-01,Bahrain Grand Prix,2024,1,2024-03-02,train,115.62,False,pit_out;timing_not_accurate
0 days 02:00:29.274000,SAI,55,0 days 00:01:35.302000,37.0,3.0,,,0 days 00:00:30.695000,0 days 00:00:41.390000,0 days 00:00:23.217000,0 days 01:59:24.718000,0 days 02:00:06.108000,0 days 02:00:29.325000,237.0,250.0,282.0,296.0,True,HARD,2.0,True,Ferrari,0 days 01:58:53.972000,,1,3.0,False,,False,True,2024-01,Bahrain Grand Prix,2024,1,2024-03-02,train,95.302,True,
0 days 02:02:04.374000,SAI,55,0 days 00:01:35.100000,38.0,3.0,,,0 days 00:00:30.631000,0 days 00:00:41.329000,0 days 00:00:23.140000,0 days 02:00:59.956000,0 days 02:01:41.285000,0 days 02:02:04.425000,237.0,251.0,282.0,300.0,True,HARD,3.0,True,Ferrari,0 days 02:00:29.274000,,1,3.0,False,,False,True,2024-01,Bahrain Grand Prix,2024,1,2024-03-02,train,95.1,True,
0 days 02:03:39.083000,SAI,55,0 days 00:01:34.709000,39.0,3.0,,,0 days 00:00:30.481000,0 days 00:00:41.066000,0 days 00:00:23.162000,0 days 02:02:34.906000,0 days 02:03:15.972000,0 days 02:03:39.134000,237.0,254.0,282.0,299.0,True,HARD,4.0,True,Ferrari,0 days 02:02:04.374000,,1,3.0,False,,False,True,2024-01,Bahrain Grand Prix,2024,1,2024-03-02,train,94.709,True,
0 days 02:05:13.822000,SAI,55,0 days 00:01:34.739000,40.0,3.0,,,0 days 00:00:30.382000,0 days 00:00:41.146000,0 days 00:00:23.211000,0 days 02:04:09.516000,0 days 02:04:50.662000,0 days 02:05:13.873000,238.0,254.0,282.0,303.0,False,HARD,5.0,True,Ferrari,0 days 02:03:39.083000,,1,3.0,False,,False,True,2024-01,Bahrain Grand Prix,2024,1,2024-03-02,train,94.739,True,
0 days 02:06:48.863000,SAI,55,0 days 00:01:35.041000,41.0,3.0,,,0 days 00:00:30.638000,0 days 00:00:41.205000,0 days 00:00:23.198000,0 days 02:05:44.511000,0 days 02:06:25.716000,0 days 02:06:48.914000,236.0,253.0,282.0,303.0,False,HARD,6.0,True,Ferrari,0 days 02:05:13.822000,,1,3.0,False,,False,True,2024-01,Bahrain Grand Prix,2024,1,2024-03-02,train,95.041,True,
0 days 02:08:23.724000,SAI,55,0 days 00:01:34.861000,42.0,3.0,,,0 days 00:00:30.448000,0 days 00:00:41.195000,0 days 00:00:23.218000,0 days 02:07:19.362000,0 days 02:08:00.557000,0 days 02:08:23.775000,237.0,255.0,282.0,301.0,False,HARD,7.0,True,Ferrari,0 days 02:06:48.863000,,1,3.0,False,,False,True,2024-01,Bahrain Grand Prix,2024,1,2024-03-02,train,94.861,True,
0 days 02:09:58.519000,SAI,55,0 days 00:01:34.795000,43.0,3.0,,,0 days 00:00:30.387000,0 days 00:00:41.201000,0 days 00:00:23.207000,0 days 02:08:54.162000,0 days 02:09:35.363000,0 days 02:09:58.570000,238.0,253.0,281.0,302.0,False,HARD,8.0,True,Ferrari,0 days 02:08:23.724000,,1,3.0,False,,False,True,2024-01,Bahrain Grand Prix,2024,1,2024-03-02,train,94.795,True,
0 days 02:11:33.026000,SAI,55,0 days 00:01:34.507000,44.0,3.0,,,0 days 00:00:30.350000,0 days 00:00:40.971000,0 days 00:00:23.186000,0 days 02:10:28.920000,0 days 02:11:09.891000,0 days 02:11:33.077000,237.0,255.0,282.0,301.0,True,HARD,9.0,True,Ferrari,0 days 02:09:58.519000,,1,3.0,False,,False,True,2024-01,Bahrain Grand Prix,2024,1,2024-03-02,train,94.507,True,
0 days 02:13:07.816000,SAI,55,0 days 00:01:34.790000,45.0,3.0,,,0 days 00:00:30.398000,0 days 00:00:41.123000,0 days 00:00:23.269000,0 days 02:12:03.475000,0 days 02:12:44.598000,0 days 02:13:07.867000,237.0,256.0,282.0,301.0,False,HARD,10.0,True,Ferrari,0 days 02:11:33.026000,,1,3.0,False,,False,True,2024-01,Bahrain Grand Prix,2024,1,2024-03-02,train,94.79,True,
0 days 02:14:42.669000,SAI,55,0 days 00:01:34.853000,46.0,3.0,,,0 days 00:00:30.466000,0 days 00:00:41.116000,0 days 00:00:23.271000,0 days 02:13:38.333000,0 days 02:14:19.449000,0 days 02:14:42.720000,237.0,256.0,282.0,300.0,False,HARD,11.0,True,Ferrari,0 days 02:13:07.816000,,1,3.0,False,,False,True,2024-01,Bahrain Grand Prix,2024,1,2024-03-02,train,94.853,True,
0 days 02:16:17.570000,SAI,55,0 days 00:01:34.901000,47.0,3.0,,,0 days 00:00:30.455000,0 days 00:00:41.086000,0 days 00:00:23.360000,0 days 02:15:13.175000,0 days 02:15:54.261000,0 days 02:16:17.621000,237.0,255.0,281.0,303.0,False,HARD,12.0,True,Ferrari,0 days 02:14:42.669000,,1,3.0,False,,False,True,2024-01,Bahrain Grand Prix,2024,1,2024-03-02,train,94.901,True,
0 days 02:17:52.551000,SAI,55,0 days 00:01:34.981000,48.0,3.0,,,0 days 00:00:30.602000,0 days 00:00:41.028000,0 days 00:00:23.351000,0 days 02:16:48.223000,0 days 02:17:29.251000,0 days 02:17:52.602000,236.0,258.0,282.0,303.0,False,HARD,13.0,True,Ferrari,0 days 02:16:17.570000,,1,3.0,False,,False,True,2024-01,Bahrain Grand Prix,2024,1,2024-03-02,train,94.981,True,
0 days 02:19:27.991000,SAI,55,0 days 00:01:35.440000,49.0,3.0,,,0 days 00:00:30.499000,0 days 00:00:41.580000,0 days 00:00:23.361000,0 days 02:18:23.101000,0 days 02:19:04.681000,0 days 02:19:28.042000,237.0,254.0,282.0,302.0,False,HARD,14.0,True,Ferrari,0 days 02:17:52.551000,,1,3.0,False,,False,True,2024-01,Bahrain Grand Prix,2024,1,2024-03-02,train,95.44,True,
0 days 02:21:03.133000,SAI,55,0 days 00:01:35.142000,50.0,3.0,,,0 days 00:00:30.468000,0 days 00:00:41.331000,0 days 00:00:23.343000,0 days 02:19:58.510000,0 days 02:20:39.841000,0 days 02:21:03.184000,238.0,256.0,282.0,303.0,False,HARD,15.0,True,Ferrari,0 days 02:19:27.991000,,1,3.0,False,,False,True,2024-01,Bahrain Grand Prix,2024,1,2024-03-02,train,95.142,True,
0 days 02:22:38.415000,SAI,55,0 days 00:01:35.282000,51.0,3.0,,,0 days 00:00:30.502000,0 days 00:00:41.387000,0 days 00:00:23.393000,0 days 02:21:33.686000,0 days 02:22:15.073000,0 days 02:22:38.466000,236.0,255.0,281.0,304.0,False,HARD,16.0,True,Ferrari,0 days 02:21:03.133000,,1,3.0,False,,False,True,2024-01,Bahrain Grand Prix,2024,1,2024-03-02,train,95.282,True,
0 days 02:24:13.498000,SAI,55,0 days 00:01:35.083000,52.0,3.0,,,0 days 00:00:30.522000,0 days 00:00:41.259000,0 days 00:00:23.302000,0 days 02:23:08.988000,0 days 02:23:50.247000,0 days 02:24:13.549000,237.0,258.0,281.0,303.0,False,HARD,17.0,True,Ferrari,0 days 02:22:38.415000,,1,3.0,False,,False,True,2024-01,Bahrain Grand Prix,2024,1,2024-03-02,train,95.083,True,
0 days 02:25:48.709000,SAI,55,0 days 00:01:35.211000,53.0,3.0,,,0 days 00:00:30.491000,0 days 00:00:41.288000,0 days 00:00:23.432000,0 days 02:24:44.040000,0 days 02:25:25.328000,0 days 02:25:48.760000,237.0,258.0,283.0,301.0,False,HARD,18.0,True,Ferrari,0 days 02:24:13.498000,,1,3.0,False,,False,True,2024-01,Bahrain Grand Prix,2024,1,2024-03-02,train,95.211,True,
0 days 02:27:24.018000,SAI,55,0 days 00:01:35.309000,54.0,3.0,,,0 days 00:00:30.555000,0 days 00:00:41.277000,0 days 00:00:23.477000,0 days 02:26:19.315000,0 days 02:27:00.592000,0 days 02:27:24.069000,237.0,257.0,284.0,306.0,False,HARD,19.0,True,Ferrari,0 days 02:25:48.709000,,1,3.0,False,,False,True,2024-01,Bahrain Grand Prix,2024,1,2024-03-02,train,95.309,True,
0 days 02:28:59.425000,SAI,55,0 days 00:01:35.407000,55.0,3.0,,,0 days 00:00:30.699000,0 days 00:00:41.192000,0 days 00:00:23.516000,0 days 02:27:54.768000,0 days 02:28:35.960000,0 days 02:28:59.476000,237.0,263.0,282.0,306.0,False,HARD,20.0,True,Ferrari,0 days 02:27:24.018000,,1,3.0,False,,False,True,2024-01,Bahrain Grand Prix,2024,1,2024-03-02,train,95.407,True,
0 days 02:30:34.730000,SAI,55,0 days 00:01:35.305000,56.0,3.0,,,0 days 00:00:30.593000,0 days 00:00:41.180000,0 days 00:00:23.532000,0 days 02:29:30.069000,0 days 02:30:11.249000,0 days 02:30:34.781000,238.0,265.0,283.0,301.0,False,HARD,21.0,True,Ferrari,0 days 02:28:59.425000,,1,3.0,False,,False,True,2024-01,Bahrain Grand Prix,2024,1,2024-03-02,train,95.305,True,
0 days 02:32:10.057000,SAI,55,0 days 00:01:35.327000,57.0,3.0,,,0 days 00:00:30.550000,0 days 00:00:41.125000,0 days 00:00:23.652000,0 days 02:31:05.331000,0 days 02:31:46.456000,0 days 02:32:10.108000,239.0,269.0,282.0,305.0,False,HARD,22.0,True,Ferrari,0 days 02:30:34.730000,,1,3.0,False,,False,True,2024-01,Bahrain Grand Prix,2024,1,2024-03-02,train,95.327,True,
0 days 01:01:37.489000,VER,1,0 days 00:01:37.284000,1.0,1.0,,,,0 days 00:00:41.266000,0 days 00:00:23.616000,,0 days 01:01:13.987000,0 days 01:01:37.669000,234.0,250.0,276.0,251.0,False,SOFT,4.0,False,Red Bull Racing,0 days 00:59:59.911000,,12,1.0,False,,False,False,2024-01,Bahrain Grand Prix,2024,1,2024-03-02,train,97.284,False,opening_lap;not_green_only;timing_not_accurate
0 days 01:03:13.785000,VER,1,0 days 00:01:36.296000,2.0,1.0,,,0 days 00:00:30.916000,0 days 00:00:41.661000,0 days 00:00:23.719000,0 days 01:02:08.426000,0 days 01:02:50.087000,0 days 01:03:13.806000,232.0,248.0,276.0,287.0,True,SOFT,5.0,False,Red Bull Racing,0 days 01:01:37.489000,,1,1.0,False,,False,True,2024-01,Bahrain Grand Prix,2024,1,2024-03-02,train,96.296,True,
0 days 01:04:50.538000,VER,1,0 days 00:01:36.753000,3.0,1.0,,,0 days 00:00:30.999000,0 days 00:00:41.966000,0 days 00:00:23.788000,0 days 01:03:44.805000,0 days 01:04:26.771000,0 days 01:04:50.559000,231.0,243.0,276.0,290.0,False,SOFT,6.0,False,Red Bull Racing,0 days 01:03:13.785000,,1,1.0,False,,False,True,2024-01,Bahrain Grand Prix,2024,1,2024-03-02,train,96.753,True,
0 days 01:06:27.185000,VER,1,0 days 00:01:36.647000,4.0,1.0,,,0 days 00:00:30.931000,0 days 00:00:41.892000,0 days 00:00:23.824000,0 days 01:05:21.490000,0 days 01:06:03.382000,0 days 01:06:27.206000,233.0,253.0,276.0,290.0,False,SOFT,7.0,False,Red Bull Racing,0 days 01:04:50.538000,,1,1.0,False,,False,True,2024-01,Bahrain Grand Prix,2024,1,2024-03-02,train,96.647,True,
0 days 01:08:04.358000,VER,1,0 days 00:01:37.173000,5.0,1.0,,,0 days 00:00:31.255000,0 days 00:00:42.056000,0 days 00:00:23.862000,0 days 01:06:58.461000,0 days 01:07:40.517000,0 days 01:08:04.379000,231.0,245.0,276.0,289.0,False,SOFT,8.0,False,Red Bull Racing,0 days 01:06:27.185000,,1,1.0,False,,False,True,2024-01,Bahrain Grand Prix,2024,1,2024-03-02,train,97.173,True,
0 days 01:09:41.450000,VER,1,0 days 00:01:37.092000,6.0,1.0,,,0 days 00:00:31.041000,0 days 00:00:42.187000,0 days 00:00:23.864000,0 days 01:08:35.420000,0 days 01:09:17.607000,0 days 01:09:41.471000,231.0,247.0,276.0,296.0,False,SOFT,9.0,False,Red Bull Racing,0 days 01:08:04.358000,,1,1.0,False,,False,True,2024-01,Bahrain Grand Prix,2024,1,2024-03-02,train,97.092,True,
0 days 01:11:18.488000,VER,1,0 days 00:01:37.038000,7.0,1.0,,,0 days 00:00:31.015000,0 days 00:00:42.118000,0 days 00:00:23.905000,0 days 01:10:12.486000,0 days 01:10:54.604000,0 days 01:11:18.509000,232.0,242.0,277.0,291.0,False,SOFT,10.0,False,Red Bull Racing,0 days 01:09:41.450000,,1,1.0,False,,False,True,2024-01,Bahrain Grand Prix,2024,1,2024-03-02,train,97.038,True,
0 days 01:12:55.512000,VER,1,0 days 00:01:37.024000,8.0,1.0,,,0 days 00:00:31.041000,0 days 00:00:42.077000,0 days 00:00:23.906000,0 days 01:11:49.550000,0 days 01:12:31.627000,0 days 01:12:55.533000,231.0,250.0,277.0,291.0,False,SOFT,11.0,False,Red Bull Racing,0 days 01:11:18.488000,,1,1.0,False,,False,True,2024-01,Bahrain Grand Prix,2024,1,2024-03-02,train,97.024,True,
0 days 01:14:32.741000,VER,1,0 days 00:01:37.229000,9.0,1.0,,,0 days 00:00:31.100000,0 days 00:00:42.166000,0 days 00:00:23.963000,0 days 01:13:26.633000,0 days 01:14:08.799000,0 days 01:14:32.762000,231.0,243.0,276.0,292.0,False,SOFT,12.0,False,Red Bull Racing,0 days 01:12:55.512000,,1,1.0,False,,False,True,2024-01,Bahrain Grand Prix,2024,1,2024-03-02,train,97.229,True,
0 days 01:16:09.701000,VER,1,0 days 00:01:36.960000,10.0,1.0,,,0 days 00:00:30.986000,0 days 00:00:42.009000,0 days 00:00:23.965000,0 days 01:15:03.748000,0 days 01:15:45.757000,0 days 01:16:09.722000,232.0,244.0,277.0,293.0,False,SOFT,13.0,False,Red Bull Racing,0 days 01:14:32.741000,,12,1.0,False,,False,True,2024-01,Bahrain Grand Prix,2024,1,2024-03-02,train,96.96,False,not_green_only
0 days 01:17:46.786000,VER,1,0 days 00:01:37.085000,11.0,1.0,,,0 days 00:00:30.974000,0 days 00:00:42.142000,0 days 00:00:23.969000,0 days 01:16:40.696000,0 days 01:17:22.838000,0 days 01:17:46.807000,232.0,246.0,277.0,292.0,False,SOFT,14.0,False,Red Bull Racing,0 days 01:16:09.701000,,21,1.0,False,,False,True,2024-01,Bahrain Grand Prix,2024,1,2024-03-02,train,97.085,False,not_green_only
0 days 01:19:23.831000,VER,1,0 days 00:01:37.045000,12.0,1.0,,,0 days 00:00:30.966000,0 days 00:00:42.091000,0 days 00:00:23.988000,0 days 01:18:17.773000,0 days 01:18:59.864000,0 days 01:19:23.852000,234.0,249.0,277.0,292.0,False,SOFT,15.0,False,Red Bull Racing,0 days 01:17:46.786000,,1,1.0,False,,False,True,2024-01,Bahrain Grand Prix,2024,1,2024-03-02,train,97.045,True,
0 days 01:21:00.861000,VER,1,0 days 00:01:37.030000,13.0,1.0,,,0 days 00:00:30.964000,0 days 00:00:42.055000,0 days 00:00:24.011000,0 days 01:19:54.816000,0 days 01:20:36.871000,0 days 01:21:00.882000,233.0,251.0,277.0,292.0,False,SOFT,16.0,False,Red Bull Racing,0 days 01:19:23.831000,,1,1.0,False,,False,True,2024-01,Bahrain Grand Prix,2024,1,2024-03-02,train,97.03,True,
0 days 01:22:37.889000,VER,1,0 days 00:01:37.028000,14.0,1.0,,,0 days 00:00:30.938000,0 days 00:00:42.042000,0 days 00:00:24.048000,0 days 01:21:31.820000,0 days 01:22:13.862000,0 days 01:22:37.910000,233.0,253.0,277.0,293.0,False,SOFT,17.0,False,Red Bull Racing,0 days 01:21:00.861000,,1,1.0,False,,False,True,2024-01,Bahrain Grand Prix,2024,1,2024-03-02,train,97.028,True,
0 days 01:24:14.900000,VER,1,0 days 00:01:37.011000,15.0,1.0,,,0 days 00:00:30.887000,0 days 00:00:42.058000,0 days 00:00:24.066000,0 days 01:23:08.797000,0 days 01:23:50.855000,0 days 01:24:14.921000,232.0,254.0,276.0,293.0,False,SOFT,18.0,False,Red Bull Racing,0 days 01:22:37.889000,,1,1.0,False,,False,True,2024-01,Bahrain Grand Prix,2024,1,2024-03-02,train,97.011,True,
0 days 01:25:52.068000,VER,1,0 days 00:01:37.168000,16.0,1.0,,,0 days 00:00:31.048000,0 days 00:00:42.032000,0 days 00:00:24.088000,0 days 01:24:45.969000,0 days 01:25:28.001000,0 days 01:25:52.089000,233.0,260.0,277.0,292.0,False,SOFT,19.0,False,Red Bull Racing,0 days 01:24:14.900000,,1,1.0,False,,False,True,2024-01,Bahrain Grand Prix,2024,1,2024-03-02,train,97.168,True,
0 days 01:27:31.964000,VER,1,0 days 00:01:39.896000,17.0,1.0,,0 days 01:27:30.291000,0 days 00:00:31.006000,0 days 00:00:42.060000,0 days 00:00:26.830000,0 days 01:26:23.095000,0 days 01:27:05.155000,0 days 01:27:31.985000,232.0,262.0,,293.0,False,SOFT,20.0,False,Red Bull Racing,0 days 01:25:52.068000,,1,1.0,False,,False,False,2024-01,Bahrain Grand Prix,2024,1,2024-03-02,train,99.896,False,pit_in;timing_not_accurate
0 days 01:29:29.818000,VER,1,0 days 00:01:57.854000,18.0,2.0,0 days 01:27:55.379000,,0 days 00:00:52.815000,0 days 00:00:41.511000,0 days 00:00:23.528000,0 days 01:28:24.800000,0 days 01:29:06.311000,0 days 01:29:29.839000,232.0,252.0,277.0,212.0,False,HARD,1.0,True,Red Bull Racing,0 days 01:27:31.964000,,1,1.0,False,,False,False,2024-01,Bahrain Grand Prix,2024,1,2024-03-02,train,117.854,False,pit_out;timing_not_accurate
0 days 01:31:05.101000,VER,1,0 days 00:01:35.283000,19.0,2.0,,,0 days 00:00:30.628000,0 days 00:00:41.162000,0 days 00:00:23.493000,0 days 01:30:00.467000,0 days 01:30:41.629000,0 days 01:31:05.122000,233.0,248.0,278.0,288.0,True,HARD,2.0,True,Red Bull Racing,0 days 01:29:29.818000,,1,1.0,False,,False,True,2024-01,Bahrain Grand Prix,2024,1,2024-03-02,train,95.283,True,
0 days 01:32:40.261000,VER,1,0 days 00:01:35.160000,20.0,2.0,,,0 days 00:00:30.585000,0 days 00:00:41.100000,0 days 00:00:23.475000,0 days 01:31:35.707000,0 days 01:32:16.807000,0 days 01:32:40.282000,233.0,256.0,278.0,291.0,True,HARD,3.0,True,Red Bull Racing,0 days 01:31:05.101000,,1,1.0,False,,False,True,2024-01,Bahrain Grand Prix,2024,1,2024-03-02,train,95.16,True,
0 days 01:34:15.577000,VER,1,0 days 00:01:35.316000,21.0,2.0,,,0 days 00:00:30.576000,0 days 00:00:41.240000,0 days 00:00:23.500000,0 days 01:33:10.858000,0 days 01:33:52.098000,0 days 01:34:15.598000,235.0,251.0,278.0,293.0,False,HARD,4.0,True,Red Bull Racing,0 days 01:32:40.261000,,1,1.0,False,,False,True,2024-01,Bahrain Grand Prix,2024,1,2024-03-02,train,95.316,True,
0 days 01:35:50.781000,VER,1,0 days 00:01:35.204000,22.0,2.0,,,0 days 00:00:30.560000,0 days 00:00:41.142000,0 days 00:00:23.502000,0 days 01:34:46.158000,0 days 01:35:27.300000,0 days 01:35:50.802000,234.0,254.0,279.0,294.0,False,HARD,5.0,True,Red Bull Racing,0 days 01:34:15.577000,,1,1.0,False,,False,True,2024-01,Bahrain Grand Prix,2024,1,2024-03-02,train,95.204,True,
0 days 01:37:25.997000,VER,1,0 days 00:01:35.216000,23.0,2.0,,,0 days 00:00:30.553000,0 days 00:00:41.145000,0 days 00:00:23.518000,0 days 01:36:21.355000,0 days 01:37:02.500000,0 days 01:37:26.018000,234.0,253.0,279.0,294.0,False,HARD,6.0,True,Red Bull Racing,0 days 01:35:50.781000,,1,1.0,False,,False,True,2024-01,Bahrain Grand Prix,2024,1,2024-03-02,train,95.216,True,
0 days 01:39:01.286000,VER,1,0 days 00:01:35.289000,24.0,2.0,,,0 days 00:00:30.548000,0 days 00:00:41.257000,0 days 00:00:23.484000,0 days 01:37:56.566000,0 days 01:38:37.823000,0 days 01:39:01.307000,234.0,257.0,279.0,294.0,False,HARD,7.0,True,Red Bull Racing,0 days 01:37:25.997000,,1,1.0,False,,False,True,2024-01,Bahrain Grand Prix,2024,1,2024-03-02,train,95.289,True,
0 days 01:40:36.628000,VER,1,0 days 00:01:35.342000,25.0,2.0,,,0 days 00:00:30.518000,0 days 00:00:41.282000,0 days 00:00:23.542000,0 days 01:39:31.825000,0 days 01:40:13.107000,0 days 01:40:36.649000,233.0,250.0,279.0,295.0,False,HARD,8.0,True,Red Bull Racing,0 days 01:39:01.286000,,1,1.0,False,,False,True,2024-01,Bahrain Grand Prix,2024,1,2024-03-02,train,95.342,True,
0 days 01:42:11.851000,VER,1,0 days 00:01:35.223000,26.0,2.0,,,0 days 00:00:30.522000,0 days 00:00:41.140000,0 days 00:00:23.561000,0 days 01:41:07.171000,0 days 01:41:48.311000,0 days 01:42:11.872000,235.0,257.0,279.0,295.0,False,HARD,9.0,True,Red Bull Racing,0 days 01:40:36.628000,,1,1.0,False,,False,True,2024-01,Bahrain Grand Prix,2024,1,2024-03-02,train,95.223,True,
0 days 01:43:47.432000,VER,1,0 days 00:01:35.581000,27.0,2.0,,,0 days 00:00:30.649000,0 days 00:00:41.338000,0 days 00:00:23.594000,0 days 01:42:42.521000,0 days 01:43:23.859000,0 days 01:43:47.453000,230.0,250.0,279.0,294.0,False,HARD,10.0,True,Red Bull Racing,0 days 01:42:11.851000,,1,1.0,False,,False,True,2024-01,Bahrain Grand Prix,2024,1,2024-03-02,train,95.581,True,
0 days 01:45:22.909000,VER,1,0 days 00:01:35.477000,28.0,2.0,,,0 days 00:00:30.588000,0 days 00:00:41.272000,0 days 00:00:23.617000,0 days 01:44:18.041000,0 days 01:44:59.313000,0 days 01:45:22.930000,233.0,258.0,278.0,293.0,False,HARD,11.0,True,Red Bull Racing,0 days 01:43:47.432000,,1,1.0,False,,False,True,2024-01,Bahrain Grand Prix,2024,1,2024-03-02,train,95.477,True,
0 days 01:46:58.702000,VER,1,0 days 00:01:35.793000,29.0,2.0,,,0 days 00:00:30.679000,0 days 00:00:41.485000,0 days 00:00:23.629000,0 days 01:45:53.609000,0 days 01:46:35.094000,0 days 01:46:58.723000,234.0,258.0,279.0,293.0,False,HARD,12.0,True,Red Bull Racing,0 days 01:45:22.909000,,1,1.0,False,,False,True,2024-01,Bahrain Grand Prix,2024,1,2024-03-02,train,95.793,True,
0 days 01:48:34.473000,VER,1,0 days 00:01:35.771000,30.0,2.0,,,0 days 00:00:30.657000,0 days 00:00:41.470000,0 days 00:00:23.644000,0 days 01:47:29.380000,0 days 01:48:10.850000,0 days 01:48:34.494000,234.0,254.0,279.0,294.0,False,HARD,13.0,True,Red Bull Racing,0 days 01:46:58.702000,,1,1.0,False,,False,True,2024-01,Bahrain Grand Prix,2024,1,2024-03-02,train,95.771,True,
0 days 01:50:10.152000,VER,1,0 days 00:01:35.679000,31.0,2.0,,,0 days 00:00:30.635000,0 days 00:00:41.435000,0 days 00:00:23.609000,0 days 01:49:05.129000,0 days 01:49:46.564000,0 days 01:50:10.173000,234.0,260.0,279.0,295.0,False,HARD,14.0,True,Red Bull Racing,0 days 01:48:34.473000,,1,1.0,False,,False,True,2024-01,Bahrain Grand Prix,2024,1,2024-03-02,train,95.679,True,
0 days 01:51:46.038000,VER,1,0 days 00:01:35.886000,32.0,2.0,,,0 days 00:00:30.669000,0 days 00:00:41.519000,0 days 00:00:23.698000,0 days 01:50:40.842000,0 days 01:51:22.361000,0 days 01:51:46.059000,234.0,260.0,279.0,296.0,False,HARD,15.0,True,Red Bull Racing,0 days 01:50:10.152000,,1,1.0,False,,False,True,2024-01,Bahrain Grand Prix,2024,1,2024-03-02,train,95.886,True,
0 days 01:53:21.901000,VER,1,0 days 00:01:35.863000,33.0,2.0,,,0 days 00:00:30.690000,0 days 00:00:41.459000,0 days 00:00:23.714000,0 days 01:52:16.749000,0 days 01:52:58.208000,0 days 01:53:21.922000,233.0,258.0,279.0,295.0,False,HARD,16.0,True,Red Bull Racing,0 days 01:51:46.038000,,1,1.0,False,,False,True,2024-01,Bahrain Grand Prix,2024,1,2024-03-02,train,95.863,True,
0 days 01:54:58.034000,VER,1,0 days 00:01:36.133000,34.0,2.0,,,0 days 00:00:30.685000,0 days 00:00:41.661000,0 days 00:00:23.787000,0 days 01:53:52.607000,0 days 01:54:34.268000,0 days 01:54:58.055000,233.0,261.0,279.0,296.0,False,HARD,17.0,True,Red Bull Racing,0 days 01:53:21.901000,,1,1.0,False,,False,True,2024-01,Bahrain Grand Prix,2024,1,2024-03-02,train,96.133,True,
0 days 01:56:34.052000,VER,1,0 days 00:01:36.018000,35.0,2.0,,,0 days 00:00:30.727000,0 days 00:00:41.557000,0 days 00:00:23.734000,0 days 01:55:28.782000,0 days 01:56:10.339000,0 days 01:56:34.073000,234.0,260.0,279.0,295.0,False,HARD,18.0,True,Red Bull Racing,0 days 01:54:58.034000,,1,1.0,False,,False,True,2024-01,Bahrain Grand Prix,2024,1,2024-03-02,train,96.018,True,
0 days 01:58:10.257000,VER,1,0 days 00:01:36.205000,36.0,2.0,,,0 days 00:00:30.794000,0 days 00:00:41.561000,0 days 00:00:23.850000,0 days 01:57:04.867000,0 days 01:57:46.428000,0 days 01:58:10.278000,234.0,263.0,280.0,297.0,False,HARD,19.0,True,Red Bull Racing,0 days 01:56:34.052000,,1,1.0,False,,False,True,2024-01,Bahrain Grand Prix,2024,1,2024-03-02,train,96.205,True,
0 days 01:59:49.491000,VER,1,0 days 00:01:39.234000,37.0,2.0,,0 days 01:59:47.796000,0 days 00:00:30.877000,0 days 00:00:41.634000,0 days 00:00:26.723000,0 days 01:58:41.155000,0 days 01:59:22.789000,0 days 01:59:49.512000,233.0,264.0,,297.0,False,HARD,20.0,True,Red Bull Racing,0 days 01:58:10.257000,,1,1.0,False,,False,False,2024-01,Bahrain Grand Prix,2024,1,2024-03-02,train,99.234,False,pit_in;timing_not_accurate
0 days 02:01:45.936000,VER,1,0 days 00:01:56.445000,38.0,3.0,0 days 02:00:12.014000,,0 days 00:00:51.526000,0 days 00:00:41.562000,0 days 00:00:23.357000,0 days 02:00:41.038000,0 days 02:01:22.600000,0 days 02:01:45.957000,236.0,258.0,280.0,217.0,False,SOFT,1.0,True,Red Bull Racing,0 days 01:59:49.491000,,1,1.0,False,,False,False,2024-01,Bahrain Grand Prix,2024,1,2024-03-02,train,116.445,False,pit_out;timing_not_accurate
0 days 02:03:18.544000,VER,1,0 days 00:01:32.608000,39.0,3.0,,,0 days 00:00:29.741000,0 days 00:00:39.916000,0 days 00:00:22.951000,0 days 02:02:15.698000,0 days 02:02:55.614000,0 days 02:03:18.565000,239.0,265.0,281.0,299.0,True,SOFT,2.0,True,Red Bull Racing,0 days 02:01:45.936000,,1,1.0,False,,False,True,2024-01,Bahrain Grand Prix,2024,1,2024-03-02,train,92.608,True,
0 days 02:04:55.133000,VER,1,0 days 00:01:36.589000,40.0,3.0,,,0 days 00:00:31.014000,0 days 00:00:42.023000,0 days 00:00:23.552000,0 days 02:03:49.579000,0 days 02:04:31.602000,0 days 02:04:55.154000,234.0,245.0,281.0,275.0,False,SOFT,3.0,True,Red Bull Racing,0 days 02:03:18.544000,,1,1.0,False,,False,True,2024-01,Bahrain Grand Prix,2024,1,2024-03-02,train,96.589,True,
0 days 02:06:30.423000,VER,1,0 days 00:01:35.290000,41.0,3.0,,,0 days 00:00:30.697000,0 days 00:00:41.281000,0 days 00:00:23.312000,0 days 02:05:25.851000,0 days 02:06:07.132000,0 days 02:06:30.444000,237.0,252.0,281.0,292.0,False,SOFT,4.0,True,Red Bull Racing,0 days 02:04:55.133000,,1,1.0,False,,False,True,2024-01,Bahrain Grand Prix,2024,1,2024-03-02,train,95.29,True,
0 days 02:08:05.090000,VER,1,0 days 00:01:34.667000,42.0,3.0,,,0 days 00:00:30.477000,0 days 00:00:40.996000,0 days 00:00:23.194000,0 days 02:07:00.921000,0 days 02:07:41.917000,0 days 02:08:05.111000,237.0,261.0,281.0,294.0,False,SOFT,5.0,True,Red Bull Racing,0 days 02:06:30.423000,,1,1.0,False,,False,True,2024-01,Bahrain Grand Prix,2024,1,2024-03-02,train,94.667,True,
0 days 02:09:39.241000,VER,1,0 days 00:01:34.151000,43.0,3.0,,,0 days 00:00:30.132000,0 days 00:00:40.772000,0 days 00:00:23.247000,0 days 02:08:35.243000,0 days 02:09:16.015000,0 days 02:09:39.262000,237.0,261.0,281.0,296.0,False,SOFT,6.0,True,Red Bull Racing,0 days 02:08:05.090000,,1,1.0,False,,False,True,2024-01,Bahrain Grand Prix,2024,1,2024-03-02,train,94.151,True,
0 days 02:11:13.772000,VER,1,0 days 00:01:34.531000,44.0,3.0,,,0 days 00:00:30.348000,0 days 00:00:40.805000,0 days 00:00:23.378000,0 days 02:10:09.610000,0 days 02:10:50.415000,0 days 02:11:13.793000,237.0,264.0,281.0,293.0,False,SOFT,7.0,True,Red Bull Racing,0 days 02:09:39.241000,,1,1.0,False,,False,True,2024-01,Bahrain Grand Prix,2024,1,2024-03-02,train,94.531,True,
0 days 02:12:48.021000,VER,1,0 days 00:01:34.249000,45.0,3.0,,,0 days 00:00:30.180000,0 days 00:00:40.825000,0 days 00:00:23.244000,0 days 02:11:43.973000,0 days 02:12:24.798000,0 days 02:12:48.042000,237.0,260.0,281.0,295.0,False,SOFT,8.0,True,Red Bull Racing,0 days 02:11:13.772000,,1,1.0,False,,False,True,2024-01,Bahrain Grand Prix,2024,1,2024-03-02,train,94.249,True,
0 days 02:14:22.214000,VER,1,0 days 00:01:34.193000,46.0,3.0,,,0 days 00:00:30.301000,0 days 00:00:40.682000,0 days 00:00:23.210000,0 days 02:13:18.343000,0 days 02:13:59.025000,0 days 02:14:22.235000,235.0,264.0,281.0,297.0,False,SOFT,9.0,True,Red Bull Racing,0 days 02:12:48.021000,,1,1.0,True,TRACK LIMITS AT TURN 4 LAP 46 ,False,True,2024-01,Bahrain Grand Prix,2024,1,2024-03-02,train,94.193,False,deleted_or_unknown
0 days 02:15:56.453000,VER,1,0 days 00:01:34.239000,47.0,3.0,,,0 days 00:00:30.267000,0 days 00:00:40.704000,0 days 00:00:23.268000,0 days 02:14:52.502000,0 days 02:15:33.206000,0 days 02:15:56.474000,235.0,263.0,281.0,295.0,False,SOFT,10.0,True,Red Bull Racing,0 days 02:14:22.214000,,1,1.0,False,,False,True,2024-01,Bahrain Grand Prix,2024,1,2024-03-02,train,94.239,True,
0 days 02:17:30.803000,VER,1,0 days 00:01:34.350000,48.0,3.0,,,0 days 00:00:30.245000,0 days 00:00:40.738000,0 days 00:00:23.367000,0 days 02:16:26.719000,0 days 02:17:07.457000,0 days 02:17:30.824000,235.0,264.0,282.0,297.0,False,SOFT,11.0,True,Red Bull Racing,0 days 02:15:56.453000,,1,1.0,False,,False,True,2024-01,Bahrain Grand Prix,2024,1,2024-03-02,train,94.35,True,
0 days 02:19:05.206000,VER,1,0 days 00:01:34.403000,49.0,3.0,,,0 days 00:00:30.246000,0 days 00:00:40.804000,0 days 00:00:23.353000,0 days 02:18:01.070000,0 days 02:18:41.874000,0 days 02:19:05.227000,235.0,261.0,282.0,298.0,False,SOFT,12.0,True,Red Bull Racing,0 days 02:17:30.803000,,1,1.0,False,,False,True,2024-01,Bahrain Grand Prix,2024,1,2024-03-02,train,94.403,True,
0 days 02:20:39.989000,VER,1,0 days 00:01:34.783000,50.0,3.0,,,0 days 00:00:30.229000,0 days 00:00:40.928000,0 days 00:00:23.626000,0 days 02:19:35.456000,0 days 02:20:16.384000,0 days 02:20:40.010000,236.0,265.0,289.0,298.0,False,SOFT,13.0,True,Red Bull Racing,0 days 02:19:05.206000,,1,1.0,False,,False,True,2024-01,Bahrain Grand Prix,2024,1,2024-03-02,train,94.783,True,
0 days 02:22:14.329000,VER,1,0 days 00:01:34.340000,51.0,3.0,,,0 days 00:00:30.003000,0 days 00:00:40.834000,0 days 00:00:23.503000,0 days 02:21:10.013000,0 days 02:21:50.847000,0 days 02:22:14.350000,236.0,267.0,282.0,314.0,False,SOFT,14.0,True,Red Bull Racing,0 days 02:20:39.989000,,1,1.0,False,,False,True,2024-01,Bahrain Grand Prix,2024,1,2024-03-02,train,94.34,True,
0 days 02:23:49.235000,VER,1,0 days 00:01:34.906000,52.0,3.0,,,0 days 00:00:30.333000,0 days 00:00:40.919000,0 days 00:00:23.654000,0 days 02:22:44.683000,0 days 02:23:25.602000,0 days 02:23:49.256000,235.0,266.0,284.0,299.0,False,SOFT,15.0,True,Red Bull Racing,0 days 02:22:14.329000,,1,1.0,False,,False,True,2024-01,Bahrain Grand Prix,2024,1,2024-03-02,train,94.906,True,
0 days 02:25:24.835000,VER,1,0 days 00:01:35.600000,53.0,3.0,,,0 days 00:00:30.528000,0 days 00:00:41.382000,0 days 00:00:23.690000,0 days 02:24:19.784000,0 days 02:25:01.166000,0 days 02:25:24.856000,237.0,270.0,284.0,300.0,False,SOFT,16.0,True,Red Bull Racing,0 days 02:23:49.235000,,1,1.0,False,,False,True,2024-01,Bahrain Grand Prix,2024,1,2024-03-02,train,95.6,True,
0 days 02:27:00.169000,VER,1,0 days 00:01:35.334000,54.0,3.0,,,0 days 00:00:30.427000,0 days 00:00:41.227000,0 days 00:00:23.680000,0 days 02:25:55.283000,0 days 02:26:36.510000,0 days 02:27:00.190000,236.0,270.0,283.0,301.0,False,SOFT,17.0,True,Red Bull Racing,0 days 02:25:24.835000,,1,1.0,False,,False,True,2024-01,Bahrain Grand Prix,2024,1,2024-03-02,train,95.334,True,
0 days 02:28:35.353000,VER,1,0 days 00:01:35.184000,55.0,3.0,,,0 days 00:00:30.493000,0 days 00:00:41.220000,0 days 00:00:23.471000,0 days 02:27:30.683000,0 days 02:28:11.903000,0 days 02:28:35.374000,236.0,267.0,281.0,296.0,False,SOFT,18.0,True,Red Bull Racing,0 days 02:27:00.169000,,1,1.0,False,,False,True,2024-01,Bahrain Grand Prix,2024,1,2024-03-02,train,95.184,True,
0 days 02:30:10.024000,VER,1,0 days 00:01:34.671000,56.0,3.0,,,0 days 00:00:30.256000,0 days 00:00:40.870000,0 days 00:00:23.545000,0 days 02:29:05.630000,0 days 02:29:46.500000,0 days 02:30:10.045000,236.0,267.0,281.0,297.0,False,SOFT,19.0,True,Red Bull Racing,0 days 02:28:35.353000,,1,1.0,False,,False,True,2024-01,Bahrain Grand Prix,2024,1,2024-03-02,train,94.671,True,
0 days 02:31:44.947000,VER,1,0 days 00:01:34.923000,57.0,3.0,,,0 days 00:00:30.384000,0 days 00:00:40.910000,0 days 00:00:23.629000,0 days 02:30:40.429000,0 days 02:31:21.339000,0 days 02:31:44.968000,236.0,267.0,275.0,296.0,False,SOFT,20.0,True,Red Bull Racing,0 days 02:30:10.024000,,1,1.0,False,,False,True,2024-01,Bahrain Grand Prix,2024,1,2024-03-02,train,94.923,True,
0 days 01:00:03.174000,HAM,44,0 days 00:01:33.688000,1.0,1.0,,,,0 days 00:00:18.674000,0 days 00:00:36.983000,,0 days 00:59:26.244000,0 days 01:00:03.352000,266.0,311.0,290.0,231.0,False,SOFT,1.0,True,Mercedes,0 days 00:58:29.232000,,1,10.0,False,,False,False,2024-03,Australian Grand Prix,2024,3,2024-03-24,train,93.688,False,opening_lap;timing_not_accurate
0 days 01:01:27.229000,HAM,44,0 days 00:01:24.055000,2.0,1.0,,,0 days 00:00:29.971000,0 days 00:00:18.028000,0 days 00:00:36.056000,0 days 01:00:33.196000,0 days 01:00:51.224000,0 days 01:01:27.280000,270.0,319.0,304.0,273.0,True,SOFT,2.0,True,Mercedes,0 days 01:00:03.174000,,1,10.0,False,,False,True,2024-03,Australian Grand Prix,2024,3,2024-03-24,train,84.055,True,
0 days 01:02:50.299000,HAM,44,0 days 00:01:23.070000,3.0,1.0,,,0 days 00:00:29.083000,0 days 00:00:18.050000,0 days 00:00:35.937000,0 days 01:01:56.363000,0 days 01:02:14.413000,0 days 01:02:50.350000,264.0,317.0,304.0,298.0,True,SOFT,3.0,True,Mercedes,0 days 01:01:27.229000,,1,10.0,False,,False,True,2024-03,Australian Grand Prix,2024,3,2024-03-24,train,83.07,True,
0 days 01:04:13.735000,HAM,44,0 days 00:01:23.436000,4.0,1.0,,,0 days 00:00:29.088000,0 days 00:00:18.015000,0 days 00:00:36.333000,0 days 01:03:19.438000,0 days 01:03:37.453000,0 days 01:04:13.786000,270.0,322.0,303.0,303.0,False,SOFT,4.0,True,Mercedes,0 days 01:02:50.299000,,1,9.0,False,,False,True,2024-03,Australian Grand Prix,2024,3,2024-03-24,train,83.436,True,
0 days 01:05:37.291000,HAM,44,0 days 00:01:23.556000,5.0,1.0,,,0 days 00:00:28.930000,0 days 00:00:18.561000,0 days 00:00:36.065000,0 days 01:04:42.716000,0 days 01:05:01.277000,0 days 01:05:37.342000,276.0,326.0,304.0,314.0,False,SOFT,5.0,True,Mercedes,0 days 01:04:13.735000,,1,9.0,False,,False,True,2024-03,Australian Grand Prix,2024,3,2024-03-24,train,83.556,True,
0 days 01:07:00.456000,HAM,44,0 days 00:01:23.165000,6.0,1.0,,,0 days 00:00:29.165000,0 days 00:00:18.154000,0 days 00:00:35.846000,0 days 01:06:06.507000,0 days 01:06:24.661000,0 days 01:07:00.507000,268.0,319.0,302.0,299.0,False,SOFT,6.0,True,Mercedes,0 days 01:05:37.291000,,1,9.0,False,,False,True,2024-03,Australian Grand Prix,2024,3,2024-03-24,train,83.165,True,
0 days 01:08:37.314000,HAM,44,0 days 00:01:36.858000,7.0,1.0,,0 days 01:08:21.933000,0 days 00:00:28.973000,0 days 00:00:17.875000,0 days 00:00:50.010000,0 days 01:07:29.480000,0 days 01:07:47.355000,0 days 01:08:37.365000,275.0,325.0,,316.0,False,SOFT,7.0,True,Mercedes,0 days 01:07:00.456000,,1,14.0,False,,False,False,2024-03,Australian Grand Prix,2024,3,2024-03-24,train,96.858,False,pit_in;timing_not_accurate
0 days 01:10:05.478000,HAM,44,0 days 00:01:28.164000,8.0,2.0,0 days 01:08:39.476000,,0 days 00:00:34.166000,0 days 00:00:18.449000,0 days 00:00:35.549000,0 days 01:09:11.531000,0 days 01:09:29.980000,0 days 01:10:05.529000,267.0,297.0,288.0,229.0,False,HARD,1.0,True,Mercedes,0 days 01:08:37.314000,,1,13.0,False,,False,False,2024-03,Australian Grand Prix,2024,3,2024-03-24,train,88.164,False,pit_out;timing_not_accurate
0 days 01:11:28.033000,HAM,44,0 days 00:01:22.555000,9.0,2.0,,,0 days 00:00:28.842000,0 days 00:00:17.977000,0 days 00:00:35.736000,0 days 01:10:34.371000,0 days 01:10:52.348000,0 days 01:11:28.084000,272.0,313.0,301.0,300.0,True,HARD,2.0,True,Mercedes,0 days 01:10:05.478000,,1,12.0,False,,False,True,2024-03,Australian Grand Prix,2024,3,2024-03-24,train,82.555,True,
0 days 01:12:52.328000,HAM,44,0 days 00:01:24.295000,10.0,2.0,,,0 days 00:00:30.157000,0 days 00:00:18.345000,0 days 00:00:35.793000,0 days 01:11:58.241000,0 days 01:12:16.586000,0 days 01:12:52.379000,269.0,297.0,291.0,318.0,False,HARD,3.0,True,Mercedes,0 days 01:11:28.033000,,1,11.0,True,TRACK LIMITS AT TURN 2 LAP 10 ,False,True,2024-03,Australian Grand Prix,2024,3,2024-03-24,train,84.295,False,deleted_or_unknown
0 days 01:14:14.772000,HAM,44,0 days 00:01:22.444000,11.0,2.0,,,0 days 00:00:28.718000,0 days 00:00:18.168000,0 days 00:00:35.558000,0 days 01:13:21.097000,0 days 01:13:39.265000,0 days 01:14:14.823000,273.0,301.0,293.0,301.0,True,HARD,4.0,True,Mercedes,0 days 01:12:52.328000,,1,11.0,False,,False,True,2024-03,Australian Grand Prix,2024,3,2024-03-24,train,82.444,True,
0 days 01:15:37.813000,HAM,44,0 days 00:01:23.041000,12.0,2.0,,,0 days 00:00:29.006000,0 days 00:00:18.193000,0 days 00:00:35.842000,0 days 01:14:43.829000,0 days 01:15:02.022000,0 days 01:15:37.864000,268.0,300.0,291.0,303.0,False,HARD,5.0,True,Mercedes,0 days 01:14:14.772000,,1,11.0,False,,False,True,2024-03,Australian Grand Prix,2024,3,2024-03-24,train,83.041,True,
0 days 01:17:01.059000,HAM,44,0 days 00:01:23.246000,13.0,2.0,,,0 days 00:00:28.911000,0 days 00:00:18.146000,0 days 00:00:36.189000,0 days 01:16:06.775000,0 days 01:16:24.921000,0 days 01:17:01.110000,272.0,302.0,290.0,291.0,False,HARD,6.0,True,Mercedes,0 days 01:15:37.813000,,1,11.0,False,,False,True,2024-03,Australian Grand Prix,2024,3,2024-03-24,train,83.246,True,
0 days 01:18:23.771000,HAM,44,0 days 00:01:22.712000,14.0,2.0,,,0 days 00:00:28.876000,0 days 00:00:18.088000,0 days 00:00:35.748000,0 days 01:17:29.986000,0 days 01:17:48.074000,0 days 01:18:23.822000,273.0,302.0,291.0,293.0,False,HARD,7.0,True,Mercedes,0 days 01:17:01.059000,,1,11.0,False,,False,True,2024-03,Australian Grand Prix,2024,3,2024-03-24,train,82.712,True,
0 days 01:19:47.912000,HAM,44,0 days 00:01:24.141000,15.0,2.0,,,0 days 00:00:29.861000,0 days 00:00:17.993000,0 days 00:00:36.287000,0 days 01:18:53.683000,0 days 01:19:11.676000,0 days 01:19:47.963000,273.0,319.0,294.0,307.0,False,HARD,8.0,True,Mercedes,0 days 01:18:23.771000,,1,11.0,False,,False,True,2024-03,Australian Grand Prix,2024,3,2024-03-24,train,84.141,True,
0 days 01:22:17.912000,HAM,44,,16.0,2.0,,,,,,,,,,,,,,HARD,9.0,True,Mercedes,0 days 01:19:47.912000,,126,,False,,True,False,2024-03,Australian Grand Prix,2024,3,2024-03-24,train,,False,invalid_lap_time;not_green_only;timing_not_accurate;generated_or_unknown
0 days 01:00:00.006000,LEC,16,0 days 00:01:30.520000,1.0,1.0,,,,0 days 00:00:18.405000,0 days 00:00:36.383000,,0 days 00:59:23.837000,0 days 01:00:00.222000,268.0,303.0,289.0,241.0,False,MEDIUM,1.0,True,Ferrari,0 days 00:58:29.232000,,1,4.0,False,,False,False,2024-03,Australian Grand Prix,2024,3,2024-03-24,train,90.52,False,opening_lap;timing_not_accurate
0 days 01:01:23.020000,LEC,16,0 days 00:01:23.014000,2.0,1.0,,,0 days 00:00:28.731000,0 days 00:00:17.982000,0 days 00:00:36.301000,0 days 01:00:28.802000,0 days 01:00:46.784000,0 days 01:01:23.085000,273.0,319.0,301.0,291.0,True,MEDIUM,2.0,True,Ferrari,0 days 01:00:00.006000,,1,4.0,False,,False,True,2024-03,Australian Grand Prix,2024,3,2024-03-24,train,83.014,True,
0 days 01:02:45.796000,LEC,16,0 days 00:01:22.776000,3.0,1.0,,,0 days 00:00:28.753000,0 days 00:00:17.912000,0 days 00:00:36.111000,0 days 01:01:51.838000,0 days 01:02:09.750000,0 days 01:02:45.861000,272.0,316.0,303.0,310.0,True,MEDIUM,3.0,True,Ferrari,0 days 01:01:23.020000,,1,4.0,False,,False,True,2024-03,Australian Grand Prix,2024,3,2024-03-24,train,82.776,True,
0 days 01:04:08.315000,LEC,16,0 days 00:01:22.519000,4.0,1.0,,,0 days 00:00:28.753000,0 days 00:00:18.015000,0 days 00:00:35.751000,,0 days 01:03:32.629000,0 days 01:04:08.380000,273.0,322.0,299.0,312.0,True,MEDIUM,4.0,True,Ferrari,0 days 01:02:45.796000,,1,3.0,False,,False,True,2024-03,Australian Grand Prix,2024,3,2024-03-24,train,82.519,True,
0 days 01:05:30.947000,LEC,16,0 days 00:01:22.632000,5.0,1.0,,,0 days 00:00:28.895000,0 days 00:00:17.930000,0 days 00:00:35.807000,0 days 01:04:37.275000,0 days 01:04:55.205000,0 days 01:05:31.012000,278.0,317.0,300.0,307.0,False,MEDIUM,5.0,True,Ferrari,0 days 01:04:08.315000,,1,3.0,False,,False,True,2024-03,Australian Grand Prix,2024,3,2024-03-24,train,82.632,True,
0 days 01:06:53.620000,LEC,16,0 days 00:01:22.673000,6.0,1.0,,,0 days 00:00:28.817000,0 days 00:00:17.824000,0 days 00:00:36.032000,0 days 01:05:59.829000,0 days 01:06:17.653000,0 days 01:06:53.685000,280.0,323.0,299.0,302.0,False,MEDIUM,6.0,True,Ferrari,0 days 01:05:30.947000,,1,3.0,False,,False,True,2024-03,Australian Grand Prix,2024,3,2024-03-24,train,82.673,True,
0 days 01:08:16.304000,LEC,16,0 days 00:01:22.684000,7.0,1.0,,,0 days 00:00:28.963000,0 days 00:00:17.949000,0 days 00:00:35.772000,0 days 01:07:22.648000,0 days 01:07:40.597000,0 days 01:08:16.369000,278.0,315.0,300.0,308.0,False,MEDIUM,7.0,True,Ferrari,0 days 01:06:53.620000,,1,3.0,False,,False,True,2024-03,Australian Grand Prix,2024,3,2024-03-24,train,82.684,True,
0 days 01:09:39.287000,LEC,16,0 days 00:01:22.983000,8.0,1.0,,,0 days 00:00:28.769000,0 days 00:00:17.823000,0 days 00:00:36.391000,0 days 01:08:45.138000,0 days 01:09:02.961000,0 days 01:09:39.352000,283.0,327.0,299.0,308.0,False,MEDIUM,8.0,True,Ferrari,0 days 01:08:16.304000,,1,3.0,False,,False,True,2024-03,Australian Grand Prix,2024,3,2024-03-24,train,82.983,True,
0 days 01:11:15.323000,LEC,16,0 days 00:01:36.036000,9.0,1.0,,0 days 01:11:00.168000,0 days 00:00:28.769000,0 days 00:00:17.994000,0 days 00:00:49.273000,,0 days 01:10:26.115000,0 days 01:11:15.388000,271.0,315.0,,307.0,False,MEDIUM,9.0,True,Ferrari,0 days 01:09:39.287000,,1,5.0,False,,False,False,2024-03,Australian Grand Prix,2024,3,2024-03-24,train,96.036,False,pit_in;timing_not_accurate
0 days 01:12:43.184000,LEC,16,0 days 00:01:27.861000,10.0,2.0,0 days 01:11:17.342000,,0 days 00:00:33.912000,0 days 00:00:18.358000,0 days 00:00:35.591000,0 days 01:11:49.300000,0 days 01:12:07.658000,0 days 01:12:43.249000,271.0,298.0,292.0,232.0,False,HARD,1.0,True,Ferrari,0 days 01:11:15.323000,,1,7.0,False,,False,False,2024-03,Australian Grand Prix,2024,3,2024-03-24,train,87.861,False,pit_out;timing_not_accurate
0 days 01:14:05.831000,LEC,16,0 days 00:01:22.647000,11.0,2.0,,,0 days 00:00:28.900000,0 days 00:00:18.018000,0 days 00:00:35.729000,0 days 01:13:12.149000,0 days 01:13:30.167000,0 days 01:14:05.896000,273.0,320.0,288.0,296.0,False,HARD,2.0,True,Ferrari,0 days 01:12:43.184000,,1,5.0,False,,False,True,2024-03,Australian Grand Prix,2024,3,2024-03-24,train,82.647,True,
0 days 01:15:27.672000,LEC,16,0 days 00:01:21.841000,12.0,2.0,,,0 days 00:00:28.454000,0 days 00:00:18.244000,0 days 00:00:35.143000,0 days 01:14:34.350000,0 days 01:14:52.594000,0 days 01:15:27.737000,272.0,294.0,288.0,291.0,True,HARD,3.0,True,Ferrari,0 days 01:14:05.831000,,1,5.0,False,,False,True,2024-03,Australian Grand Prix,2024,3,2024-03-24,train,81.841,True,
0 days 01:16:49.894000,LEC,16,0 days 00:01:22.222000,13.0,2.0,,,0 days 00:00:28.716000,0 days 00:00:18.198000,0 days 00:00:35.308000,0 days 01:15:56.453000,0 days 01:16:14.651000,0 days 01:16:49.959000,270.0,295.0,288.0,289.0,False,HARD,4.0,True,Ferrari,0 days 01:15:27.672000,,1,5.0,False,,False,True,2024-03,Australian Grand Prix,2024,3,2024-03-24,train,82.222,True,
0 days 01:18:11.846000,LEC,16,0 days 00:01:21.952000,14.0,2.0,,,0 days 00:00:28.647000,0 days 00:00:18.127000,0 days 00:00:35.178000,0 days 01:17:18.606000,0 days 01:17:36.733000,0 days 01:18:11.911000,275.0,300.0,288.0,291.0,False,HARD,5.0,True,Ferrari,0 days 01:16:49.894000,,1,4.0,False,,False,True,2024-03,Australian Grand Prix,2024,3,2024-03-24,train,81.952,True,
0 days 01:19:33.581000,LEC,16,0 days 00:01:21.735000,15.0,2.0,,,0 days 00:00:28.447000,0 days 00:00:18.202000,0 days 00:00:35.086000,0 days 01:18:40.358000,0 days 01:18:58.560000,0 days 01:19:33.646000,276.0,299.0,288.0,293.0,True,HARD,6.0,True,Ferrari,0 days 01:18:11.846000,,1,3.0,False,,False,True,2024-03,Australian Grand Prix,2024,3,2024-03-24,train,81.735,True,
0 days 01:20:55.828000,LEC,16,0 days 00:01:22.247000,16.0,2.0,,,0 days 00:00:28.598000,0 days 00:00:18.349000,0 days 00:00:35.300000,0 days 01:20:02.244000,0 days 01:20:20.593000,0 days 01:20:55.893000,272.0,297.0,288.0,291.0,False,HARD,7.0,True,Ferrari,0 days 01:19:33.581000,,1,3.0,False,,False,True,2024-03,Australian Grand Prix,2024,3,2024-03-24,train,82.247,True,
0 days 01:22:33.263000,LEC,16,0 days 00:01:37.435000,17.0,2.0,,,0 days 00:00:28.508000,0 days 00:00:18.084000,0 days 00:00:50.843000,0 days 01:21:24.401000,0 days 01:21:42.485000,0 days 01:22:33.328000,274.0,302.0,239.0,292.0,False,HARD,8.0,True,Ferrari,0 days 01:20:55.828000,,126,2.0,False,,False,False,2024-03,Australian Grand Prix,2024,3,2024-03-24,train,97.435,False,not_green_only;timing_not_accurate
0 days 01:24:02.159000,LEC,16,0 days 00:01:28.896000,18.0,2.0,,,0 days 00:00:35.361000,0 days 00:00:18.174000,0 days 00:00:35.361000,0 days 01:23:08.689000,0 days 01:23:26.863000,0 days 01:24:02.224000,277.0,299.0,300.0,186.0,False,HARD,9.0,True,Ferrari,0 days 01:22:33.263000,,671,2.0,False,,False,False,2024-03,Australian Grand Prix,2024,3,2024-03-24,train,88.896,False,not_green_only;timing_not_accurate
0 days 01:25:24.040000,LEC,16,0 days 00:01:21.881000,19.0,2.0,,,0 days 00:00:28.197000,0 days 00:00:18.205000,0 days 00:00:35.479000,0 days 01:24:30.421000,0 days 01:24:48.626000,0 days 01:25:24.105000,283.0,301.0,290.0,309.0,False,HARD,10.0,True,Ferrari,0 days 01:24:02.159000,,1,2.0,False,,False,True,2024-03,Australian Grand Prix,2024,3,2024-03-24,train,81.881,True,
0 days 01:26:45.925000,LEC,16,0 days 00:01:21.885000,20.0,2.0,,,0 days 00:00:28.409000,0 days 00:00:18.110000,0 days 00:00:35.366000,0 days 01:25:52.514000,0 days 01:26:10.624000,0 days 01:26:45.990000,276.0,301.0,289.0,295.0,False,HARD,11.0,True,Ferrari,0 days 01:25:24.040000,,1,2.0,False,,False,True,2024-03,Australian Grand Prix,2024,3,2024-03-24,train,81.885,True,
0 days 01:28:07.983000,LEC,16,0 days 00:01:22.058000,21.0,2.0,,,0 days 00:00:28.477000,0 days 00:00:18.114000,0 days 00:00:35.467000,0 days 01:27:14.467000,0 days 01:27:32.581000,0 days 01:28:08.048000,276.0,301.0,289.0,293.0,False,HARD,12.0,True,Ferrari,0 days 01:26:45.925000,,1,2.0,False,,False,True,2024-03,Australian Grand Prix,2024,3,2024-03-24,train,82.058,True,
0 days 01:29:29.705000,LEC,16,0 days 00:01:21.722000,22.0,2.0,,,0 days 00:00:28.368000,0 days 00:00:18.072000,0 days 00:00:35.282000,0 days 01:28:36.416000,0 days 01:28:54.488000,0 days 01:29:29.770000,276.0,300.0,289.0,293.0,True,HARD,13.0,True,Ferrari,0 days 01:28:07.983000,,1,2.0,False,,False,True,2024-03,Australian Grand Prix,2024,3,2024-03-24,train,81.722,True,
0 days 01:30:51.637000,LEC,16,0 days 00:01:21.932000,23.0,2.0,,,0 days 00:00:28.419000,0 days 00:00:18.062000,0 days 00:00:35.451000,0 days 01:29:58.189000,0 days 01:30:16.251000,0 days 01:30:51.702000,275.0,300.0,289.0,292.0,False,HARD,14.0,True,Ferrari,0 days 01:29:29.705000,,1,2.0,False,,False,True,2024-03,Australian Grand Prix,2024,3,2024-03-24,train,81.932,True,
0 days 01:32:13.489000,LEC,16,0 days 00:01:21.852000,24.0,2.0,,,0 days 00:00:28.455000,0 days 00:00:18.042000,0 days 00:00:35.355000,0 days 01:31:20.157000,0 days 01:31:38.199000,0 days 01:32:13.554000,275.0,300.0,289.0,291.0,False,HARD,15.0,True,Ferrari,0 days 01:30:51.637000,,1,2.0,False,,False,True,2024-03,Australian Grand Prix,2024,3,2024-03-24,train,81.852,True,
0 days 01:33:35.440000,LEC,16,0 days 00:01:21.951000,25.0,2.0,,,0 days 00:00:28.587000,0 days 00:00:18.078000,0 days 00:00:35.286000,0 days 01:32:42.141000,0 days 01:33:00.219000,0 days 01:33:35.505000,275.0,299.0,287.0,290.0,False,HARD,16.0,True,Ferrari,0 days 01:32:13.489000,,1,2.0,False,,False,True,2024-03,Australian Grand Prix,2024,3,2024-03-24,train,81.951,True,
0 days 01:34:57.482000,LEC,16,0 days 00:01:22.042000,26.0,2.0,,,0 days 00:00:28.596000,0 days 00:00:18.091000,0 days 00:00:35.355000,0 days 01:34:04.101000,0 days 01:34:22.192000,0 days 01:34:57.547000,272.0,298.0,289.0,291.0,False,HARD,17.0,True,Ferrari,0 days 01:33:35.440000,,1,2.0,False,,False,True,2024-03,Australian Grand Prix,2024,3,2024-03-24,train,82.042,True,
0 days 01:36:19.304000,LEC,16,0 days 00:01:21.822000,27.0,2.0,,,0 days 00:00:28.590000,0 days 00:00:18.059000,0 days 00:00:35.173000,0 days 01:35:26.137000,0 days 01:35:44.196000,0 days 01:36:19.369000,277.0,302.0,288.0,295.0,False,HARD,18.0,True,Ferrari,0 days 01:34:57.482000,,1,2.0,False,,False,True,2024-03,Australian Grand Prix,2024,3,2024-03-24,train,81.822,True,
0 days 01:37:41.273000,LEC,16,0 days 00:01:21.969000,28.0,2.0,,,0 days 00:00:28.496000,0 days 00:00:18.164000,0 days 00:00:35.309000,0 days 01:36:47.865000,0 days 01:37:06.029000,0 days 01:37:41.338000,276.0,299.0,288.0,293.0,False,HARD,19.0,True,Ferrari,0 days 01:36:19.304000,,1,2.0,False,,False,True,2024-03,Australian Grand Prix,2024,3,2024-03-24,train,81.969,True,
0 days 01:39:03.706000,LEC,16,0 days 00:01:22.433000,29.0,2.0,,,0 days 00:00:28.845000,0 days 00:00:18.259000,0 days 00:00:35.329000,0 days 01:38:10.183000,0 days 01:38:28.442000,0 days 01:39:03.771000,277.0,301.0,288.0,294.0,False,HARD,20.0,True,Ferrari,0 days 01:37:41.273000,,1,2.0,False,,False,True,2024-03,Australian Grand Prix,2024,3,2024-03-24,train,82.433,True,
0 days 01:40:25.990000,LEC,16,0 days 00:01:22.284000,30.0,2.0,,,0 days 00:00:28.708000,0 days 00:00:18.276000,0 days 00:00:35.300000,0 days 01:39:32.479000,0 days 01:39:50.755000,0 days 01:40:26.055000,276.0,300.0,288.0,293.0,False,HARD,21.0,True,Ferrari,0 days 01:39:03.706000,,1,2.0,False,,False,True,2024-03,Australian Grand Prix,2024,3,2024-03-24,train,82.284,True,
0 days 01:41:47.986000,LEC,16,0 days 00:01:21.996000,31.0,2.0,,,0 days 00:00:28.587000,0 days 00:00:18.184000,0 days 00:00:35.225000,0 days 01:40:54.642000,0 days 01:41:12.826000,0 days 01:41:48.051000,276.0,299.0,289.0,291.0,False,HARD,22.0,True,Ferrari,0 days 01:40:25.990000,,1,2.0,False,,False,True,2024-03,Australian Grand Prix,2024,3,2024-03-24,train,81.996,True,
0 days 01:43:09.827000,LEC,16,0 days 00:01:21.841000,32.0,2.0,,,0 days 00:00:28.706000,0 days 00:00:18.130000,0 days 00:00:35.005000,0 days 01:42:16.757000,0 days 01:42:34.887000,0 days 01:43:09.892000,276.0,298.0,288.0,293.0,False,HARD,23.0,True,Ferrari,0 days 01:41:47.986000,,1,2.0,False,,False,True,2024-03,Australian Grand Prix,2024,3,2024-03-24,train,81.841,True,
0 days 01:44:31.849000,LEC,16,0 days 00:01:22.022000,33.0,2.0,,,0 days 00:00:28.743000,0 days 00:00:18.172000,0 days 00:00:35.107000,0 days 01:43:38.635000,0 days 01:43:56.807000,0 days 01:44:31.914000,274.0,295.0,289.0,290.0,False,HARD,24.0,True,Ferrari,0 days 01:43:09.827000,,1,2.0,False,,False,True,2024-03,Australian Grand Prix,2024,3,2024-03-24,train,82.022,True,
0 days 01:46:07.811000,LEC,16,0 days 00:01:35.962000,34.0,2.0,,0 days 01:45:52.771000,0 days 00:00:28.835000,0 days 00:00:18.205000,0 days 00:00:48.922000,0 days 01:45:00.749000,0 days 01:45:18.954000,0 days 01:46:07.876000,275.0,298.0,,292.0,False,HARD,25.0,True,Ferrari,0 days 01:44:31.849000,,1,4.0,False,,False,False,2024-03,Australian Grand Prix,2024,3,2024-03-24,train,95.962,False,pit_in;timing_not_accurate
0 days 01:47:35.762000,LEC,16,0 days 00:01:27.951000,35.0,3.0,0 days 01:46:09.984000,,0 days 00:00:34.283000,0 days 00:00:18.437000,0 days 00:00:35.231000,0 days 01:46:42.159000,0 days 01:47:00.596000,0 days 01:47:35.827000,272.0,291.0,288.0,234.0,False,HARD,1.0,True,Ferrari,0 days 01:46:07.811000,,1,4.0,False,,False,False,2024-03,Australian Grand Prix,2024,3,2024-03-24,train,87.951,False,pit_out;timing_not_accurate
0 days 01:48:57.704000,LEC,16,0 days 00:01:21.942000,36.0,3.0,,,0 days 00:00:28.493000,0 days 00:00:18.231000,0 days 00:00:35.218000,0 days 01:48:04.320000,0 days 01:48:22.551000,0 days 01:48:57.769000,271.0,299.0,288.0,289.0,False,HARD,2.0,True,Ferrari,0 days 01:47:35.762000,,1,4.0,False,,False,True,2024-03,Australian Grand Prix,2024,3,2024-03-24,train,81.942,True,
0 days 01:50:18.392000,LEC,16,0 days 00:01:20.688000,37.0,3.0,,,0 days 00:00:28.238000,0 days 00:00:18.085000,0 days 00:00:34.365000,0 days 01:49:26.007000,0 days 01:49:44.092000,0 days 01:50:18.457000,276.0,299.0,291.0,290.0,True,HARD,3.0,True,Ferrari,0 days 01:48:57.704000,,1,4.0,False,,False,True,2024-03,Australian Grand Prix,2024,3,2024-03-24,train,80.688,True,
0 days 01:51:39.341000,LEC,16,0 days 00:01:20.949000,38.0,3.0,,,0 days 00:00:28.100000,0 days 00:00:17.966000,0 days 00:00:34.883000,0 days 01:50:46.557000,0 days 01:51:04.523000,0 days 01:51:39.406000,276.0,300.0,290.0,291.0,False,HARD,4.0,True,Ferrari,0 days 01:50:18.392000,,1,4.0,False,,False,True,2024-03,Australian Grand Prix,2024,3,2024-03-24,train,80.949,True,
0 days 01:53:00.250000,LEC,16,0 days 00:01:20.909000,39.0,3.0,,,0 days 00:00:28.184000,0 days 00:00:17.887000,0 days 00:00:34.838000,0 days 01:52:07.590000,0 days 01:52:25.477000,0 days 01:53:00.315000,278.0,302.0,291.0,294.0,False,HARD,5.0,True,Ferrari,0 days 01:51:39.341000,,1,3.0,False,,False,True,2024-03,Australian Grand Prix,2024,3,2024-03-24,train,80.909,True,
0 days 01:54:21.203000,LEC,16,0 days 00:01:20.953000,40.0,3.0,,,0 days 00:00:28.187000,0 days 00:00:17.895000,0 days 00:00:34.871000,0 days 01:53:28.502000,0 days 01:53:46.397000,0 days 01:54:21.268000,277.0,302.0,291.0,294.0,False,HARD,6.0,True,Ferrari,0 days 01:53:00.250000,,1,3.0,False,,False,True,2024-03,Australian Grand Prix,2024,3,2024-03-24,train,80.953,True,
0 days 01:55:41.878000,LEC,16,0 days 00:01:20.675000,41.0,3.0,,,0 days 00:00:28.107000,0 days 00:00:17.871000,0 days 00:00:34.697000,0 days 01:54:49.375000,0 days 01:55:07.246000,0 days 01:55:41.943000,279.0,306.0,292.0,297.0,True,HARD,7.0,True,Ferrari,0 days 01:54:21.203000,,1,2.0,False,,False,True,2024-03,Australian Grand Prix,2024,3,2024-03-24,train,80.675,True,
0 days 01:57:02.727000,LEC,16,0 days 00:01:20.849000,42.0,3.0,,,0 days 00:00:28.366000,0 days 00:00:17.866000,0 days 00:00:34.617000,0 days 01:56:10.309000,0 days 01:56:28.175000,0 days 01:57:02.792000,277.0,304.0,291.0,295.0,False,HARD,8.0,True,Ferrari,0 days 01:55:41.878000,,1,2.0,False,,False,True,2024-03,Australian Grand Prix,2024,3,2024-03-24,train,80.849,True,
0 days 01:58:23.580000,LEC,16,0 days 00:01:20.853000,43.0,3.0,,,0 days 00:00:28.089000,0 days 00:00:17.823000,0 days 00:00:34.941000,0 days 01:57:30.881000,0 days 01:57:48.704000,0 days 01:58:23.645000,282.0,312.0,292.0,296.0,False,HARD,9.0,True,Ferrari,0 days 01:57:02.727000,,1,2.0,False,,False,True,2024-03,Australian Grand Prix,2024,3,2024-03-24,train,80.853,True,
0 days 01:59:44.140000,LEC,16,0 days 00:01:20.560000,44.0,3.0,,,0 days 00:00:28.069000,0 days 00:00:17.861000,0 days 00:00:34.630000,0 days 01:58:51.714000,0 days 01:59:09.575000,0 days 01:59:44.205000,287.0,315.0,290.0,294.0,True,HARD,10.0,True,Ferrari,0 days 01:58:23.580000,,1,2.0,False,,False,True,2024-03,Australian Grand Prix,2024,3,2024-03-24,train,80.56,True,
0 days 02:01:04.548000,LEC,16,0 days 00:01:20.408000,45.0,3.0,,,0 days 00:00:28.110000,0 days 00:00:17.800000,0 days 00:00:34.498000,0 days 02:00:12.315000,0 days 02:00:30.115000,0 days 02:01:04.613000,277.0,300.0,291.0,293.0,True,HARD,11.0,True,Ferrari,0 days 01:59:44.140000,,1,2.0,False,,False,True,2024-03,Australian Grand Prix,2024,3,2024-03-24,train,80.408,True,
0 days 02:02:25.308000,LEC,16,0 days 00:01:20.760000,46.0,3.0,,,0 days 00:00:28.049000,0 days 00:00:18.096000,0 days 00:00:34.615000,0 days 02:01:32.662000,0 days 02:01:50.758000,0 days 02:02:25.373000,278.0,298.0,291.0,292.0,False,HARD,12.0,True,Ferrari,0 days 02:01:04.548000,,1,2.0,False,,False,True,2024-03,Australian Grand Prix,2024,3,2024-03-24,train,80.76,True,
0 days 02:03:45.307000,LEC,16,0 days 00:01:19.999000,47.0,3.0,,,0 days 00:00:27.807000,0 days 00:00:17.791000,0 days 00:00:34.401000,0 days 02:02:53.180000,0 days 02:03:10.971000,0 days 02:03:45.372000,281.0,303.0,291.0,295.0,True,HARD,13.0,True,Ferrari,0 days 02:02:25.308000,,1,2.0,False,,False,True,2024-03,Australian Grand Prix,2024,3,2024-03-24,train,79.999,True,
0 days 02:05:05.656000,LEC,16,0 days 00:01:20.349000,48.0,3.0,,,0 days 00:00:28.125000,0 days 00:00:17.844000,0 days 00:00:34.380000,0 days 02:04:13.497000,0 days 02:04:31.341000,0 days 02:05:05.721000,277.0,299.0,290.0,291.0,False,HARD,14.0,True,Ferrari,0 days 02:03:45.307000,,1,2.0,False,,False,True,2024-03,Australian Grand Prix,2024,3,2024-03-24,train,80.349,True,
0 days 02:06:25.800000,LEC,16,0 days 00:01:20.144000,49.0,3.0,,,0 days 00:00:27.919000,0 days 00:00:17.844000,0 days 00:00:34.381000,0 days 02:05:33.640000,0 days 02:05:51.484000,0 days 02:06:25.865000,278.0,298.0,291.0,291.0,False,HARD,15.0,True,Ferrari,0 days 02:05:05.656000,,1,2.0,False,,False,True,2024-03,Australian Grand Prix,2024,3,2024-03-24,train,80.144,True,
0 days 02:07:45.725000,LEC,16,0 days 00:01:19.925000,50.0,3.0,,,0 days 00:00:27.895000,0 days 00:00:17.770000,0 days 00:00:34.260000,0 days 02:06:53.760000,0 days 02:07:11.530000,0 days 02:07:45.790000,280.0,303.0,291.0,293.0,True,HARD,16.0,True,Ferrari,0 days 02:06:25.800000,,1,2.0,False,,False,True,2024-03,Australian Grand Prix,2024,3,2024-03-24,train,79.925,True,
0 days 02:09:05.940000,LEC,16,0 days 00:01:20.215000,51.0,3.0,,,0 days 00:00:27.948000,0 days 00:00:17.857000,0 days 00:00:34.410000,0 days 02:08:13.738000,0 days 02:08:31.595000,0 days 02:09:06.005000,278.0,300.0,291.0,293.0,False,HARD,17.0,True,Ferrari,0 days 02:07:45.725000,,1,2.0,False,,False,True,2024-03,Australian Grand Prix,2024,3,2024-03-24,train,80.215,True,
0 days 02:10:26.271000,LEC,16,0 days 00:01:20.331000,52.0,3.0,,,0 days 00:00:27.976000,0 days 00:00:17.865000,0 days 00:00:34.490000,0 days 02:09:33.981000,0 days 02:09:51.846000,0 days 02:10:26.336000,279.0,300.0,291.0,292.0,False,HARD,18.0,True,Ferrari,0 days 02:09:05.940000,,1,2.0,False,,False,True,2024-03,Australian Grand Prix,2024,3,2024-03-24,train,80.331,True,
0 days 02:11:46.734000,LEC,16,0 days 00:01:20.463000,53.0,3.0,,,0 days 00:00:28.073000,0 days 00:00:17.852000,0 days 00:00:34.538000,0 days 02:10:54.409000,0 days 02:11:12.261000,0 days 02:11:46.799000,277.0,299.0,291.0,292.0,False,HARD,19.0,True,Ferrari,0 days 02:10:26.271000,,1,2.0,False,,False,True,2024-03,Australian Grand Prix,2024,3,2024-03-24,train,80.463,True,
0 days 02:13:07.054000,LEC,16,0 days 00:01:20.320000,54.0,3.0,,,0 days 00:00:28.019000,0 days 00:00:17.810000,0 days 00:00:34.491000,0 days 02:12:14.818000,0 days 02:12:32.628000,0 days 02:13:07.119000,277.0,300.0,292.0,292.0,False,HARD,20.0,True,Ferrari,0 days 02:11:46.734000,,1,2.0,False,,False,True,2024-03,Australian Grand Prix,2024,3,2024-03-24,train,80.32,True,
0 days 02:14:28.016000,LEC,16,0 days 00:01:20.962000,55.0,3.0,,,0 days 00:00:28.437000,0 days 00:00:17.832000,0 days 00:00:34.693000,0 days 02:13:35.556000,0 days 02:13:53.388000,0 days 02:14:28.081000,277.0,301.0,292.0,294.0,False,HARD,21.0,True,Ferrari,0 days 02:13:07.054000,,1,2.0,False,,False,True,2024-03,Australian Grand Prix,2024,3,2024-03-24,train,80.962,True,
0 days 02:15:47.829000,LEC,16,0 days 00:01:19.813000,56.0,3.0,,,0 days 00:00:28.044000,0 days 00:00:17.572000,0 days 00:00:34.197000,0 days 02:14:56.125000,0 days 02:15:13.697000,0 days 02:15:47.894000,287.0,325.0,294.0,298.0,True,HARD,22.0,True,Ferrari,0 days 02:14:28.016000,,1,2.0,False,,False,True,2024-03,Australian Grand Prix,2024,3,2024-03-24,train,79.813,True,
0 days 02:17:08.700000,LEC,16,0 days 00:01:20.871000,57.0,3.0,,,0 days 00:00:28.062000,0 days 00:00:17.781000,0 days 00:00:35.028000,0 days 02:16:15.956000,0 days 02:16:33.737000,0 days 02:17:08.765000,279.0,302.0,294.0,297.0,False,HARD,23.0,True,Ferrari,0 days 02:15:47.829000,,12,2.0,False,,False,True,2024-03,Australian Grand Prix,2024,3,2024-03-24,train,80.871,False,not_green_only
0 days 02:18:58.695000,LEC,16,0 days 00:01:49.995000,58.0,3.0,,,0 days 00:00:36.732000,0 days 00:00:29.762000,0 days 00:00:43.501000,0 days 02:17:45.497000,0 days 02:18:15.259000,0 days 02:18:58.760000,145.0,271.0,156.0,299.0,False,HARD,24.0,True,Ferrari,0 days 02:17:08.700000,,26,2.0,False,,False,False,2024-03,Australian Grand Prix,2024,3,2024-03-24,train,109.995,False,not_green_only;timing_not_accurate
0 days 01:00:01.914000,PER,11,0 days 00:01:32.428000,1.0,1.0,,,,0 days 00:00:18.273000,0 days 00:00:37.250000,,0 days 00:59:24.837000,0 days 01:00:02.203000,276.0,305.0,290.0,248.0,False,MEDIUM,1.0,True,Red Bull Racing,0 days 00:58:29.232000,,1,7.0,False,,False,False,2024-03,Australian Grand Prix,2024,3,2024-03-24,train,92.428,False,opening_lap;timing_not_accurate
0 days 01:01:25.295000,PER,11,0 days 00:01:23.381000,2.0,1.0,,,0 days 00:00:29.370000,0 days 00:00:17.903000,0 days 00:00:36.108000,0 days 01:00:31.284000,0 days 01:00:49.187000,0 days 01:01:25.295000,273.0,324.0,304.0,290.0,True,MEDIUM,2.0,True,Red Bull Racing,0 days 01:00:01.914000,,1,7.0,False,,False,True,2024-03,Australian Grand Prix,2024,3,2024-03-24,train,83.381,True,
0 days 01:02:48.460000,PER,11,0 days 00:01:23.165000,3.0,1.0,,,0 days 00:00:29.005000,0 days 00:00:17.939000,0 days 00:00:36.221000,0 days 01:01:54.300000,0 days 01:02:12.239000,0 days 01:02:48.460000,269.0,323.0,301.0,307.0,True,MEDIUM,3.0,True,Red Bull Racing,0 days 01:01:25.295000,,1,7.0,False,,False,True,2024-03,Australian Grand Prix,2024,3,2024-03-24,train,83.165,True,
0 days 01:04:11.858000,PER,11,0 days 00:01:23.398000,4.0,1.0,,,0 days 00:00:28.848000,0 days 00:00:18.020000,0 days 00:00:36.530000,0 days 01:03:17.308000,0 days 01:03:35.328000,0 days 01:04:11.858000,273.0,324.0,301.0,310.0,False,MEDIUM,4.0,True,Red Bull Racing,0 days 01:02:48.460000,,1,6.0,False,,False,True,2024-03,Australian Grand Prix,2024,3,2024-03-24,train,83.398,True,
0 days 01:05:35.222000,PER,11,0 days 00:01:23.364000,5.0,1.0,,,0 days 00:00:28.964000,0 days 00:00:17.747000,0 days 00:00:36.653000,0 days 01:04:40.822000,0 days 01:04:58.569000,0 days 01:05:35.222000,272.0,322.0,301.0,302.0,False,MEDIUM,5.0,True,Red Bull Racing,0 days 01:04:11.858000,,1,6.0,False,,False,True,2024-03,Australian Grand Prix,2024,3,2024-03-24,train,83.364,True,
0 days 01:06:58.246000,PER,11,0 days 00:01:23.024000,6.0,1.0,,,0 days 00:00:28.808000,0 days 00:00:17.868000,0 days 00:00:36.348000,0 days 01:06:04.030000,0 days 01:06:21.898000,0 days 01:06:58.246000,272.0,320.0,301.0,312.0,True,MEDIUM,6.0,True,Red Bull Racing,0 days 01:05:35.222000,,1,6.0,False,,False,True,2024-03,Australian Grand Prix,2024,3,2024-03-24,train,83.024,True,
0 days 01:08:21.050000,PER,11,0 days 00:01:22.804000,7.0,1.0,,,0 days 00:00:28.962000,0 days 00:00:17.896000,0 days 00:00:35.946000,0 days 01:07:27.208000,0 days 01:07:45.104000,0 days 01:08:21.050000,271.0,320.0,302.0,311.0,True,MEDIUM,7.0,True,Red Bull Racing,0 days 01:06:58.246000,,1,6.0,False,,False,True,2024-03,Australian Grand Prix,2024,3,2024-03-24,train,82.804,True,
0 days 01:09:44.098000,PER,11,0 days 00:01:23.048000,8.0,1.0,,,0 days 00:00:28.744000,0 days 00:00:17.746000,0 days 00:00:36.558000,0 days 01:08:49.794000,0 days 01:09:07.540000,0 days 01:09:44.098000,281.0,328.0,300.0,316.0,False,MEDIUM,8.0,True,Red Bull Racing,0 days 01:08:21.050000,,1,5.0,False,,False,True,2024-03,Australian Grand Prix,2024,3,2024-03-24,train,83.048,True,
0 days 01:11:07.068000,PER,11,0 days 00:01:22.970000,9.0,1.0,,,0 days 00:00:28.758000,0 days 00:00:18.147000,0 days 00:00:36.065000,0 days 01:10:12.856000,0 days 01:10:31.003000,0 days 01:11:07.068000,273.0,302.0,289.0,311.0,False,MEDIUM,9.0,True,Red Bull Racing,0 days 01:09:44.098000,,1,3.0,False,,False,True,2024-03,Australian Grand Prix,2024,3,2024-03-24,train,82.97,True,
0 days 01:12:29.748000,PER,11,0 days 00:01:22.680000,10.0,1.0,,,0 days 00:00:28.928000,0 days 00:00:18.188000,0 days 00:00:35.564000,0 days 01:11:35.996000,0 days 01:11:54.184000,0 days 01:12:29.748000,274.0,301.0,290.0,295.0,True,MEDIUM,10.0,True,Red Bull Racing,0 days 01:11:07.068000,,1,3.0,False,,False,True,2024-03,Australian Grand Prix,2024,3,2024-03-24,train,82.68,True,
0 days 01:13:52.669000,PER,11,0 days 00:01:22.921000,11.0,1.0,,,0 days 00:00:29.025000,0 days 00:00:18.117000,0 days 00:00:35.779000,0 days 01:12:58.773000,0 days 01:13:16.890000,0 days 01:13:52.669000,273.0,302.0,289.0,296.0,False,MEDIUM,11.0,True,Red Bull Racing,0 days 01:12:29.748000,,1,3.0,False,,False,True,2024-03,Australian Grand Prix,2024,3,2024-03-24,train,82.921,True,
0 days 01:15:16.373000,PER,11,0 days 00:01:23.704000,12.0,1.0,,,0 days 00:00:29.511000,0 days 00:00:18.198000,0 days 00:00:35.995000,0 days 01:14:22.180000,0 days 01:14:40.378000,0 days 01:15:16.373000,273.0,304.0,288.0,300.0,False,MEDIUM,12.0,True,Red Bull Racing,0 days 01:13:52.669000,,1,3.0,False,,False,True,2024-03,Australian Grand Prix,2024,3,2024-03-24,train,83.704,True,
0 days 01:16:40.037000,PER,11,0 days 00:01:23.664000,13.0,1.0,,,0 days 00:00:29.259000,0 days 00:00:18.263000,0 days 00:00:36.142000,0 days 01:15:45.632000,0 days 01:16:03.895000,0 days 01:16:40.037000,275.0,304.0,288.0,301.0,False,MEDIUM,13.0,True,Red Bull Racing,0 days 01:15:16.373000,,1,3.0,False,,False,True,2024-03,Australian Grand Prix,2024,3,2024-03-24,train,83.664,True,
0 days 01:18:18.730000,PER,11,0 days 00:01:38.693000,14.0,1.0,,0 days 01:18:02.904000,0 days 00:00:29.415000,0 days 00:00:18.259000,0 days 00:00:51.019000,0 days 01:17:09.452000,0 days 01:17:27.711000,0 days 01:18:18.730000,273.0,303.0,,299.0,False,MEDIUM,14.0,True,Red Bull Racing,0 days 01:16:40.037000,,1,6.0,False,,False,False,2024-03,Australian Grand Prix,2024,3,2024-03-24,train,98.693,False,pit_in;timing_not_accurate
0 days 01:19:46.639000,PER,11,0 days 00:01:27.909000,15.0,2.0,0 days 01:18:20.864000,,0 days 00:00:34.380000,0 days 00:00:18.040000,0 days 00:00:35.489000,0 days 01:18:53.110000,0 days 01:19:11.150000,0 days 01:19:46.639000,276.0,307.0,305.0,228.0,False,HARD,1.0,True,Red Bull Racing,0 days 01:18:18.730000,,1,10.0,False,,False,False,2024-03,Australian Grand Prix,2024,3,2024-03-24,train,87.909,False,pit_out;timing_not_accurate
0 days 01:21:10.761000,PER,11,0 days 00:01:24.122000,16.0,2.0,,,0 days 00:00:28.669000,0 days 00:00:17.803000,0 days 00:00:37.650000,0 days 01:20:15.308000,0 days 01:20:33.111000,0 days 01:21:10.761000,277.0,318.0,304.0,317.0,False,HARD,2.0,True,Red Bull Racing,0 days 01:19:46.639000,,1,10.0,False,,False,True,2024-03,Australian Grand Prix,2024,3,2024-03-24,train,84.122,True,
0 days 01:22:54.597000,PER,11,0 days 00:01:43.836000,17.0,2.0,,,0 days 00:00:29.895000,0 days 00:00:28.248000,0 days 00:00:45.693000,0 days 01:21:40.656000,0 days 01:22:08.904000,0 days 01:22:54.597000,273.0,252.0,225.0,289.0,False,HARD,3.0,True,Red Bull Racing,0 days 01:21:10.761000,,1267,8.0,False,,False,False,2024-03,Australian Grand Prix,2024,3,2024-03-24,train,103.836,False,not_green_only;timing_not_accurate
0 days 01:24:18.866000,PER,11,0 days 00:01:24.269000,18.0,2.0,,,0 days 00:00:31.212000,0 days 00:00:17.742000,0 days 00:00:35.315000,0 days 01:23:25.809000,0 days 01:23:43.551000,0 days 01:24:18.866000,277.0,325.0,291.0,269.0,False,HARD,4.0,True,Red Bull Racing,0 days 01:22:54.597000,,71,7.0,False,,False,False,2024-03,Australian Grand Prix,2024,3,2024-03-24,train,84.269,False,not_green_only;timing_not_accurate
0 days 01:25:40.706000,PER,11,0 days 00:01:21.840000,19.0,2.0,,,0 days 00:00:28.441000,0 days 00:00:17.929000,0 days 00:00:35.470000,0 days 01:24:47.307000,0 days 01:25:05.236000,0 days 01:25:40.706000,277.0,306.0,291.0,300.0,True,HARD,5.0,True,Red Bull Racing,0 days 01:24:18.866000,,1,7.0,False,,False,True,2024-03,Australian Grand Prix,2024,3,2024-03-24,train,81.84,True,
0 days 01:27:02.417000,PER,11,0 days 00:01:21.711000,20.0,2.0,,,0 days 00:00:28.353000,0 days 00:00:17.751000,0 days 00:00:35.607000,0 days 01:26:09.059000,0 days 01:26:26.810000,0 days 01:27:02.417000,287.0,322.0,303.0,299.0,True,HARD,6.0,True,Red Bull Racing,0 days 01:25:40.706000,,1,7.0,False,,False,True,2024-03,Australian Grand Prix,2024,3,2024-03-24,train,81.711,True,
0 days 01:28:24.468000,PER,11,0 days 00:01:22.051000,21.0,2.0,,,0 days 00:00:28.506000,0 days 00:00:17.651000,0 days 00:00:35.894000,0 days 01:27:30.923000,0 days 01:27:48.574000,0 days 01:28:24.468000,285.0,332.0,291.0,310.0,False,HARD,7.0,True,Red Bull Racing,0 days 01:27:02.417000,,1,6.0,False,,False,True,2024-03,Australian Grand Prix,2024,3,2024-03-24,train,82.051,True,
0 days 01:29:46.337000,PER,11,0 days 00:01:21.869000,22.0,2.0,,,0 days 00:00:28.590000,0 days 00:00:17.918000,0 days 00:00:35.361000,0 days 01:28:53.058000,0 days 01:29:10.976000,0 days 01:29:46.337000,276.0,301.0,291.0,297.0,False,HARD,8.0,True,Red Bull Racing,0 days 01:28:24.468000,,1,6.0,False,,False,True,2024-03,Australian Grand Prix,2024,3,2024-03-24,train,81.869,True,
0 days 01:31:08.186000,PER,11,0 days 00:01:21.849000,23.0,2.0,,,0 days 00:00:28.617000,0 days 00:00:18.014000,0 days 00:00:35.218000,0 days 01:30:14.954000,0 days 01:30:32.968000,0 days 01:31:08.186000,276.0,303.0,291.0,296.0,False,HARD,9.0,True,Red Bull Racing,0 days 01:29:46.337000,,1,6.0,False,,False,True,2024-03,Australian Grand Prix,2024,3,2024-03-24,train,81.849,True,
0 days 01:32:29.713000,PER,11,0 days 00:01:21.527000,24.0,2.0,,,0 days 00:00:28.583000,0 days 00:00:17.881000,0 days 00:00:35.063000,0 days 01:31:36.769000,0 days 01:31:54.650000,0 days 01:32:29.713000,278.0,303.0,292.0,294.0,True,HARD,10.0,True,Red Bull Racing,0 days 01:31:08.186000,,1,6.0,False,,False,True,2024-03,Australian Grand Prix,2024,3,2024-03-24,train,81.527,True,
0 days 01:33:51.208000,PER,11,0 days 00:01:21.495000,25.0,2.0,,,0 days 00:00:28.513000,0 days 00:00:17.809000,0 days 00:00:35.173000,0 days 01:32:58.226000,0 days 01:33:16.035000,0 days 01:33:51.208000,277.0,303.0,291.0,295.0,True,HARD,11.0,True,Red Bull Racing,0 days 01:32:29.713000,,1,6.0,False,,False,True,2024-03,Australian Grand Prix,2024,3,2024-03-24,train,81.495,True,
0 days 01:35:13.454000,PER,11,0 days 00:01:22.246000,26.0,2.0,,,0 days 00:00:28.587000,0 days 00:00:17.932000,0 days 00:00:35.727000,0 days 01:34:19.795000,0 days 01:34:37.727000,0 days 01:35:13.454000,275.0,301.0,304.0,295.0,False,HARD,12.0,True,Red Bull Racing,0 days 01:33:51.208000,,1,6.0,False,,False,True,2024-03,Australian Grand Prix,2024,3,2024-03-24,train,82.246,True,
0 days 01:36:35.011000,PER,11,0 days 00:01:21.557000,27.0,2.0,,,0 days 00:00:28.521000,0 days 00:00:17.600000,0 days 00:00:35.436000,0 days 01:35:41.975000,0 days 01:35:59.575000,0 days 01:36:35.011000,284.0,329.0,291.0,312.0,False,HARD,13.0,True,Red Bull Racing,0 days 01:35:13.454000,,1,5.0,False,,False,True,2024-03,Australian Grand Prix,2024,3,2024-03-24,train,81.557,True,
0 days 01:37:57.163000,PER,11,0 days 00:01:22.152000,28.0,2.0,,,0 days 00:00:28.742000,0 days 00:00:18.141000,0 days 00:00:35.269000,0 days 01:37:03.753000,0 days 01:37:21.894000,0 days 01:37:57.163000,273.0,296.0,291.0,292.0,False,HARD,14.0,True,Red Bull Racing,0 days 01:36:35.011000,,1,5.0,False,,False,True,2024-03,Australian Grand Prix,2024,3,2024-03-24,train,82.152,True,
0 days 01:39:19.289000,PER,11,0 days 00:01:22.126000,29.0,2.0,,,0 days 00:00:28.645000,0 days 00:00:18.042000,0 days 00:00:35.439000,0 days 01:38:25.808000,0 days 01:38:43.850000,0 days 01:39:19.289000,274.0,298.0,291.0,293.0,False,HARD,15.0,True,Red Bull Racing,0 days 01:37:57.163000,,1,5.0,False,,False,True,2024-03,Australian Grand Prix,2024,3,2024-03-24,train,82.126,True,
0 days 01:40:41.469000,PER,11,0 days 00:01:22.180000,30.0,2.0,,,0 days 00:00:28.599000,0 days 00:00:17.955000,0 days 00:00:35.626000,0 days 01:39:47.888000,0 days 01:40:05.843000,0 days 01:40:41.469000,275.0,301.0,290.0,295.0,False,HARD,16.0,True,Red Bull Racing,0 days 01:39:19.289000,,1,5.0,False,,False,True,2024-03,Australian Grand Prix,2024,3,2024-03-24,train,82.18,True,
0 days 01:42:03.828000,PER,11,0 days 00:01:22.359000,31.0,2.0,,,0 days 00:00:28.718000,0 days 00:00:18.013000,0 days 00:00:35.628000,0 days 01:41:10.187000,0 days 01:41:28.200000,0 days 01:42:03.828000,275.0,299.0,290.0,296.0,False,HARD,17.0,True,Red Bull Racing,0 days 01:40:41.469000,,1,5.0,False,,False,True,2024-03,Australian Grand Prix,2024,3,2024-03-24,train,82.359,True,
0 days 01:43:26.269000,PER,11,0 days 00:01:22.441000,32.0,2.0,,,0 days 00:00:28.807000,0 days 00:00:18.016000,0 days 00:00:35.618000,0 days 01:42:32.635000,0 days 01:42:50.651000,0 days 01:43:26.269000,278.0,299.0,290.0,295.0,False,HARD,18.0,True,Red Bull Racing,0 days 01:42:03.828000,,1,5.0,False,,False,True,2024-03,Australian Grand Prix,2024,3,2024-03-24,train,82.441,True,
0 days 01:44:48.835000,PER,11,0 days 00:01:22.566000,33.0,2.0,,,0 days 00:00:28.869000,0 days 00:00:18.127000,0 days 00:00:35.570000,0 days 01:43:55.138000,0 days 01:44:13.265000,0 days 01:44:48.835000,276.0,299.0,290.0,293.0,False,HARD,19.0,True,Red Bull Racing,0 days 01:43:26.269000,,1,5.0,False,,False,True,2024-03,Australian Grand Prix,2024,3,2024-03-24,train,82.566,True,
0 days 01:46:11.797000,PER,11,0 days 00:01:22.962000,34.0,2.0,,,0 days 00:00:28.911000,0 days 00:00:18.114000,0 days 00:00:35.937000,0 days 01:45:17.746000,0 days 01:45:35.860000,0 days 01:46:11.797000,276.0,300.0,290.0,295.0,False,HARD,20.0,True,Red Bull Racing,0 days 01:44:48.835000,,1,5.0,False,,False,True,2024-03,Australian Grand Prix,2024,3,2024-03-24,train,82.962,True,
0 days 01:47:51.237000,PER,11,0 days 00:01:39.440000,35.0,2.0,,0 days 01:47:36.252000,0 days 00:00:31.486000,0 days 00:00:18.229000,0 days 00:00:49.725000,0 days 01:46:43.283000,0 days 01:47:01.512000,0 days 01:47:51.237000,275.0,304.0,,294.0,False,HARD,21.0,True,Red Bull Racing,0 days 01:46:11.797000,,1,7.0,False,,False,False,2024-03,Australian Grand Prix,2024,3,2024-03-24,train,99.44,False,pit_in;timing_not_accurate
0 days 01:49:18.909000,PER,11,0 days 00:01:27.672000,36.0,3.0,0 days 01:47:53.442000,,0 days 00:00:34.252000,0 days 00:00:18.108000,0 days 00:00:35.312000,0 days 01:48:25.489000,0 days 01:48:43.597000,0 days 01:49:18.909000,271.0,306.0,292.0,232.0,False,HARD,1.0,True,Red Bull Racing,0 days 01:47:51.237000,,1,8.0,False,,False,False,2024-03,Australian Grand Prix,2024,3,2024-03-24,train,87.672,False,pit_out;timing_not_accurate
0 days 01:50:40.127000,PER,11,0 days 00:01:21.218000,37.0,3.0,,,0 days 00:00:28.323000,0 days 00:00:17.862000,0 days 00:00:35.033000,0 days 01:49:47.232000,0 days 01:50:05.094000,0 days 01:50:40.127000,277.0,303.0,293.0,294.0,True,HARD,2.0,True,Red Bull Racing,0 days 01:49:18.909000,,1,7.0,False,,False,True,2024-03,Australian Grand Prix,2024,3,2024-03-24,train,81.218,True,
0 days 01:52:01.372000,PER,11,0 days 00:01:21.245000,38.0,3.0,,,0 days 00:00:28.319000,0 days 00:00:18.045000,0 days 00:00:34.881000,0 days 01:51:08.446000,0 days 01:51:26.491000,0 days 01:52:01.372000,274.0,298.0,292.0,295.0,False,HARD,3.0,True,Red Bull Racing,0 days 01:50:40.127000,,1,7.0,False,,False,True,2024-03,Australian Grand Prix,2024,3,2024-03-24,train,81.245,True,
0 days 01:53:22.820000,PER,11,0 days 00:01:21.448000,39.0,3.0,,,0 days 00:00:28.423000,0 days 00:00:17.834000,0 days 00:00:35.191000,0 days 01:52:29.795000,0 days 01:52:47.629000,0 days 01:53:22.820000,275.0,300.0,292.0,294.0,False,HARD,4.0,True,Red Bull Racing,0 days 01:52:01.372000,,1,7.0,False,,False,True,2024-03,Australian Grand Prix,2024,3,2024-03-24,train,81.448,True,
0 days 01:54:43.865000,PER,11,0 days 00:01:21.045000,40.0,3.0,,,0 days 00:00:28.400000,0 days 00:00:17.836000,0 days 00:00:34.809000,0 days 01:53:51.220000,0 days 01:54:09.056000,0 days 01:54:43.865000,276.0,302.0,292.0,294.0,True,HARD,5.0,True,Red Bull Racing,0 days 01:53:22.820000,,1,7.0,False,,False,True,2024-03,Australian Grand Prix,2024,3,2024-03-24,train,81.045,True,
0 days 01:56:04.863000,PER,11,0 days 00:01:20.998000,41.0,3.0,,,0 days 00:00:28.268000,0 days 00:00:17.817000,0 days 00:00:34.913000,0 days 01:55:12.133000,0 days 01:55:29.950000,0 days 01:56:04.863000,278.0,302.0,292.0,295.0,True,HARD,6.0,True,Red Bull Racing,0 days 01:54:43.865000,,1,6.0,False,,False,True,2024-03,Australian Grand Prix,2024,3,2024-03-24,train,80.998,True,
0 days 01:57:26.213000,PER,11,0 days 00:01:21.350000,42.0,3.0,,,0 days 00:00:28.442000,0 days 00:00:17.795000,0 days 00:00:35.113000,0 days 01:56:33.305000,0 days 01:56:51.100000,0 days 01:57:26.213000,275.0,302.0,292.0,296.0,False,HARD,7.0,True,Red Bull Racing,0 days 01:56:04.863000,,1,6.0,False,,False,True,2024-03,Australian Grand Prix,2024,3,2024-03-24,train,81.35,True,
0 days 01:58:47.011000,PER,11,0 days 00:01:20.798000,43.0,3.0,,,0 days 00:00:28.267000,0 days 00:00:17.739000,0 days 00:00:34.792000,0 days 01:57:54.480000,0 days 01:58:12.219000,0 days 01:58:47.011000,280.0,305.0,293.0,298.0,True,HARD,8.0,True,Red Bull Racing,0 days 01:57:26.213000,,1,6.0,False,,False,True,2024-03,Australian Grand Prix,2024,3,2024-03-24,train,80.798,True,
0 days 02:00:07.717000,PER,11,0 days 00:01:20.706000,44.0,3.0,,,0 days 00:00:28.222000,0 days 00:00:17.702000,0 days 00:00:34.782000,0 days 01:59:15.233000,0 days 01:59:32.935000,0 days 02:00:07.717000,279.0,304.0,293.0,297.0,True,HARD,9.0,True,Red Bull Racing,0 days 01:58:47.011000,,1,6.0,False,,False,True,2024-03,Australian Grand Prix,2024,3,2024-03-24,train,80.706,True,
0 days 02:01:28.486000,PER,11,0 days 00:01:20.769000,45.0,3.0,,,0 days 00:00:28.262000,0 days 00:00:17.736000,0 days 00:00:34.771000,0 days 02:00:35.979000,0 days 02:00:53.715000,0 days 02:01:28.486000,279.0,302.0,293.0,294.0,False,HARD,10.0,True,Red Bull Racing,0 days 02:00:07.717000,,1,5.0,False,,False,True,2024-03,Australian Grand Prix,2024,3,2024-03-24,train,80.769,True,
0 days 02:02:48.914000,PER,11,0 days 00:01:20.428000,46.0,3.0,,,0 days 00:00:28.204000,0 days 00:00:17.718000,0 days 00:00:34.506000,0 days 02:01:56.690000,0 days 02:02:14.408000,0 days 02:02:48.914000,278.0,300.0,293.0,297.0,True,HARD,11.0,True,Red Bull Racing,0 days 02:01:28.486000,,1,5.0,False,,False,True,2024-03,Australian Grand Prix,2024,3,2024-03-24,train,80.428,True,
0 days 02:04:09.302000,PER,11,0 days 00:01:20.388000,47.0,3.0,,,0 days 00:00:28.091000,0 days 00:00:17.734000,0 days 00:00:34.563000,0 days 02:03:17.005000,0 days 02:03:34.739000,0 days 02:04:09.302000,278.0,302.0,293.0,295.0,True,HARD,12.0,True,Red Bull Racing,0 days 02:02:48.914000,,1,5.0,False,,False,True,2024-03,Australian Grand Prix,2024,3,2024-03-24,train,80.388,True,
0 days 02:05:30.138000,PER,11,0 days 00:01:20.836000,48.0,3.0,,,0 days 00:00:28.191000,0 days 00:00:17.724000,0 days 00:00:34.921000,0 days 02:04:37.493000,0 days 02:04:55.217000,0 days 02:05:30.138000,277.0,302.0,293.0,295.0,False,HARD,13.0,True,Red Bull Racing,0 days 02:04:09.302000,,1,5.0,False,,False,True,2024-03,Australian Grand Prix,2024,3,2024-03-24,train,80.836,True,
0 days 02:06:50.898000,PER,11,0 days 00:01:20.760000,49.0,3.0,,,0 days 00:00:28.140000,0 days 00:00:17.803000,0 days 00:00:34.817000,0 days 02:05:58.278000,0 days 02:06:16.081000,0 days 02:06:50.898000,281.0,304.0,293.0,297.0,False,HARD,14.0,True,Red Bull Racing,0 days 02:05:30.138000,,1,5.0,False,,False,True,2024-03,Australian Grand Prix,2024,3,2024-03-24,train,80.76,True,
0 days 02:08:11.769000,PER,11,0 days 00:01:20.871000,50.0,3.0,,,0 days 00:00:28.244000,0 days 00:00:17.792000,0 days 00:00:34.835000,0 days 02:07:19.142000,0 days 02:07:36.934000,0 days 02:08:11.769000,277.0,300.0,293.0,293.0,False,HARD,15.0,True,Red Bull Racing,0 days 02:06:50.898000,,1,5.0,False,,False,True,2024-03,Australian Grand Prix,2024,3,2024-03-24,train,80.871,True,
0 days 02:09:32.807000,PER,11,0 days 00:01:21.038000,51.0,3.0,,,0 days 00:00:28.284000,0 days 00:00:17.866000,0 days 00:00:34.888000,0 days 02:08:40.053000,0 days 02:08:57.919000,0 days 02:09:32.807000,278.0,300.0,293.0,296.0,False,HARD,16.0,True,Red Bull Racing,0 days 02:08:11.769000,,1,5.0,False,,False,True,2024-03,Australian Grand Prix,2024,3,2024-03-24,train,81.038,True,
0 days 02:10:53.957000,PER,11,0 days 00:01:21.150000,52.0,3.0,,,0 days 00:00:28.380000,0 days 00:00:17.743000,0 days 00:00:35.027000,0 days 02:10:01.187000,0 days 02:10:18.930000,0 days 02:10:53.957000,278.0,301.0,293.0,296.0,False,HARD,17.0,True,Red Bull Racing,0 days 02:09:32.807000,,1,5.0,False,,False,True,2024-03,Australian Grand Prix,2024,3,2024-03-24,train,81.15,True,
0 days 02:12:15.501000,PER,11,0 days 00:01:21.544000,53.0,3.0,,,0 days 00:00:28.466000,0 days 00:00:17.814000,0 days 00:00:35.264000,0 days 02:11:22.423000,0 days 02:11:40.237000,0 days 02:12:15.501000,278.0,303.0,293.0,296.0,False,HARD,18.0,True,Red Bull Racing,0 days 02:10:53.957000,,1,5.0,False,,False,True,2024-03,Australian Grand Prix,2024,3,2024-03-24,train,81.544,True,
0 days 02:13:37.131000,PER,11,0 days 00:01:21.630000,54.0,3.0,,,0 days 00:00:28.537000,0 days 00:00:17.969000,0 days 00:00:35.124000,0 days 02:12:44.038000,0 days 02:13:02.007000,0 days 02:13:37.131000,276.0,301.0,293.0,297.0,False,HARD,19.0,True,Red Bull Racing,0 days 02:12:15.501000,,1,5.0,False,,False,True,2024-03,Australian Grand Prix,2024,3,2024-03-24,train,81.63,True,
0 days 02:14:58.747000,PER,11,0 days 00:01:21.616000,55.0,3.0,,,0 days 00:00:28.522000,0 days 00:00:17.986000,0 days 00:00:35.108000,0 days 02:14:05.653000,0 days 02:14:23.639000,0 days 02:14:58.747000,278.0,302.0,293.0,300.0,False,HARD,20.0,True,Red Bull Racing,0 days 02:13:37.131000,,1,5.0,False,,False,True,2024-03,Australian Grand Prix,2024,3,2024-03-24,train,81.616,True,
0 days 02:16:20.596000,PER,11,0 days 00:01:21.849000,56.0,3.0,,,0 days 00:00:28.564000,0 days 00:00:17.943000,0 days 00:00:35.342000,0 days 02:15:27.311000,0 days 02:15:45.254000,0 days 02:16:20.596000,277.0,302.0,293.0,298.0,False,HARD,21.0,True,Red Bull Racing,0 days 02:14:58.747000,,1,5.0,False,,False,True,2024-03,Australian Grand Prix,2024,3,2024-03-24,train,81.849,True,
0 days 02:17:50.896000,PER,11,0 days 00:01:30.300000,57.0,3.0,,,0 days 00:00:28.769000,0 days 00:00:17.883000,0 days 00:00:43.648000,0 days 02:16:49.365000,0 days 02:17:07.248000,0 days 02:17:50.896000,278.0,303.0,227.0,296.0,False,HARD,22.0,True,Red Bull Racing,0 days 02:16:20.596000,,126,5.0,False,,False,False,2024-03,Australian Grand Prix,2024,3,2024-03-24,train,90.3,False,not_green_only;timing_not_accurate
0 days 02:19:52.638000,PER,11,0 days 00:02:01.742000,58.0,3.0,,,0 days 00:00:42.725000,0 days 00:00:40.289000,0 days 00:00:38.728000,0 days 02:18:33.621000,0 days 02:19:13.910000,0 days 02:19:52.638000,125.0,294.0,284.0,204.0,False,HARD,23.0,True,Red Bull Racing,0 days 02:17:50.896000,,6,5.0,False,,False,False,2024-03,Australian Grand Prix,2024,3,2024-03-24,train,121.742,False,not_green_only;timing_not_accurate
0 days 01:00:01.396000,RUS,63,0 days 00:01:31.910000,1.0,1.0,,,,0 days 00:00:18.460000,0 days 00:00:36.821000,,0 days 00:59:24.741000,0 days 01:00:01.524000,275.0,304.0,289.0,235.0,False,MEDIUM,1.0,True,Mercedes,0 days 00:58:29.232000,,1,6.0,False,,False,False,2024-03,Australian Grand Prix,2024,3,2024-03-24,train,91.91,False,opening_lap;timing_not_accurate
0 days 01:01:24.743000,RUS,63,0 days 00:01:23.347000,2.0,1.0,,,0 days 00:00:29.070000,0 days 00:00:18.099000,0 days 00:00:36.178000,0 days 01:00:30.495000,0 days 01:00:48.594000,0 days 01:01:24.772000,273.0,320.0,301.0,300.0,True,MEDIUM,2.0,True,Mercedes,0 days 01:00:01.396000,,1,6.0,False,,False,True,2024-03,Australian Grand Prix,2024,3,2024-03-24,train,83.347,True,
0 days 01:02:47.780000,RUS,63,0 days 00:01:23.037000,3.0,1.0,,,0 days 00:00:28.745000,0 days 00:00:18.137000,0 days 00:00:36.155000,0 days 01:01:53.517000,0 days 01:02:11.654000,0 days 01:02:47.809000,274.0,316.0,292.0,308.0,True,MEDIUM,3.0,True,Mercedes,0 days 01:01:24.743000,,1,6.0,False,,False,True,2024-03,Australian Grand Prix,2024,3,2024-03-24,train,83.037,True,
0 days 01:04:11.351000,RUS,63,0 days 00:01:23.571000,4.0,1.0,,,0 days 00:00:28.894000,0 days 00:00:18.318000,0 days 00:00:36.359000,0 days 01:03:16.703000,0 days 01:03:35.021000,0 days 01:04:11.380000,270.0,304.0,289.0,293.0,False,MEDIUM,4.0,True,Mercedes,0 days 01:02:47.780000,,1,5.0,False,,False,True,2024-03,Australian Grand Prix,2024,3,2024-03-24,train,83.571,True,
0 days 01:05:34.523000,RUS,63,0 days 00:01:23.172000,5.0,1.0,,,0 days 00:00:28.763000,0 days 00:00:18.297000,0 days 00:00:36.112000,0 days 01:04:40.143000,0 days 01:04:58.440000,0 days 01:05:34.552000,275.0,307.0,290.0,291.0,False,MEDIUM,5.0,True,Mercedes,0 days 01:04:11.351000,,1,5.0,False,,False,True,2024-03,Australian Grand Prix,2024,3,2024-03-24,train,83.172,True,
0 days 01:06:57.642000,RUS,63,0 days 00:01:23.119000,6.0,1.0,,,0 days 00:00:28.725000,0 days 00:00:18.354000,0 days 00:00:36.040000,0 days 01:06:03.277000,0 days 01:06:21.631000,0 days 01:06:57.671000,271.0,296.0,290.0,299.0,False,MEDIUM,6.0,True,Mercedes,0 days 01:05:34.523000,,1,5.0,False,,False,True,2024-03,Australian Grand Prix,2024,3,2024-03-24,train,83.119,True,
0 days 01:08:20.406000,RUS,63,0 days 00:01:22.764000,7.0,1.0,,,0 days 00:00:28.797000,0 days 00:00:18.279000,0 days 00:00:35.688000,0 days 01:07:26.468000,0 days 01:07:44.747000,0 days 01:08:20.435000,279.0,299.0,290.0,293.0,True,MEDIUM,7.0,True,Mercedes,0 days 01:06:57.642000,,1,5.0,False,,False,True,2024-03,Australian Grand Prix,2024,3,2024-03-24,train,82.764,True,
0 days 01:09:57.326000,RUS,63,0 days 00:01:36.920000,8.0,1.0,,0 days 01:09:41.471000,0 days 00:00:28.679000,0 days 00:00:18.251000,0 days 00:00:49.990000,0 days 01:08:49.114000,0 days 01:09:07.365000,0 days 01:09:57.355000,277.0,306.0,,304.0,False,MEDIUM,8.0,True,Mercedes,0 days 01:08:20.406000,,1,11.0,False,,False,False,2024-03,Australian Grand Prix,2024,3,2024-03-24,train,96.92,False,pit_in;timing_not_accurate
0 days 01:11:25.657000,RUS,63,0 days 00:01:28.331000,9.0,2.0,0 days 01:09:59.414000,,0 days 00:00:34.115000,0 days 00:00:18.468000,0 days 00:00:35.748000,0 days 01:10:31.470000,0 days 01:10:49.938000,0 days 01:11:25.686000,270.0,298.0,289.0,230.0,False,HARD,1.0,True,Mercedes,0 days 01:09:57.326000,,1,10.0,False,,False,False,2024-03,Australian Grand Prix,2024,3,2024-03-24,train,88.331,False,pit_out;timing_not_accurate
0 days 01:12:48.394000,RUS,63,0 days 00:01:22.737000,10.0,2.0,,,0 days 00:00:28.814000,0 days 00:00:18.308000,0 days 00:00:35.615000,0 days 01:11:54.500000,0 days 01:12:12.808000,0 days 01:12:48.423000,267.0,296.0,290.0,295.0,True,HARD,2.0,True,Mercedes,0 days 01:11:25.657000,,1,9.0,False,,False,True,2024-03,Australian Grand Prix,2024,3,2024-03-24,train,82.737,True,
0 days 01:14:11.110000,RUS,63,0 days 00:01:22.716000,11.0,2.0,,,0 days 00:00:28.731000,0 days 00:00:18.303000,0 days 00:00:35.682000,0 days 01:13:17.154000,0 days 01:13:35.457000,0 days 01:14:11.139000,269.0,299.0,293.0,294.0,True,HARD,3.0,True,Mercedes,0 days 01:12:48.394000,,1,9.0,False,,False,True,2024-03,Australian Grand Prix,2024,3,2024-03-24,train,82.716,True,
0 days 01:15:34.132000,RUS,63,0 days 00:01:23.022000,12.0,2.0,,,0 days 00:00:28.851000,0 days 00:00:18.243000,0 days 00:00:35.928000,0 days 01:14:39.990000,0 days 01:14:58.233000,0 days 01:15:34.161000,269.0,300.0,291.0,301.0,False,HARD,4.0,True,Mercedes,0 days 01:14:11.110000,,1,9.0,False,,False,True,2024-03,Australian Grand Prix,2024,3,2024-03-24,train,83.022,True,
0 days 01:16:57.570000,RUS,63,0 days 00:01:23.438000,13.0,2.0,,,0 days 00:00:28.946000,0 days 00:00:18.222000,0 days 00:00:36.270000,0 days 01:16:03.107000,0 days 01:16:21.329000,0 days 01:16:57.599000,269.0,303.0,292.0,298.0,False,HARD,5.0,True,Mercedes,0 days 01:15:34.132000,,1,9.0,False,,False,True,2024-03,Australian Grand Prix,2024,3,2024-03-24,train,83.438,True,
0 days 01:18:20.960000,RUS,63,0 days 00:01:23.390000,14.0,2.0,,,0 days 00:00:29.168000,0 days 00:00:17.923000,0 days 00:00:36.299000,0 days 01:17:26.767000,0 days 01:17:44.690000,0 days 01:18:20.989000,280.0,321.0,303.0,299.0,False,HARD,6.0,True,Mercedes,0 days 01:16:57.570000,,1,9.0,False,,False,True,2024-03,Australian Grand Prix,2024,3,2024-03-24,train,83.39,True,
0 days 01:19:45.046000,RUS,63,0 days 00:01:24.086000,15.0,2.0,,,0 days 00:00:29.392000,0 days 00:00:18.140000,0 days 00:00:36.554000,0 days 01:18:50.381000,0 days 01:19:08.521000,0 days 01:19:45.075000,278.0,327.0,303.0,302.0,False,HARD,7.0,True,Mercedes,0 days 01:18:20.960000,,1,8.0,False,,False,True,2024-03,Australian Grand Prix,2024,3,2024-03-24,train,84.086,True,
0 days 01:21:08.412000,RUS,63,0 days 00:01:23.366000,16.0,2.0,,,0 days 00:00:28.959000,0 days 00:00:17.999000,0 days 00:00:36.408000,0 days 01:20:14.034000,0 days 01:20:32.033000,0 days 01:21:08.441000,279.0,320.0,301.0,295.0,False,HARD,8.0,True,Mercedes,0 days 01:19:45.046000,,1,7.0,False,,False,True,2024-03,Australian Grand Prix,2024,3,2024-03-24,train,83.366,True,
0 days 01:22:49.897000,RUS,63,0 days 00:01:41.485000,17.0,2.0,,,0 days 00:00:28.891000,0 days 00:00:25.542000,0 days 00:00:47.052000,0 days 01:21:37.332000,0 days 01:22:02.874000,0 days 01:22:49.926000,273.0,126.0,197.0,300.0,False,HARD,9.0,True,Mercedes,0 days 01:21:08.412000,,1267,6.0,False,,False,False,2024-03,Australian Grand Prix,2024,3,2024-03-24,train,101.485,False,not_green_only;timing_not_accurate
0 days 01:24:17.063000,RUS,63,0 days 00:01:27.166000,18.0,2.0,,,0 days 00:00:33.098000,0 days 00:00:18.270000,0 days 00:00:35.798000,0 days 01:23:23.024000,0 days 01:23:41.294000,0 days 01:24:17.092000,277.0,297.0,289.0,209.0,False,HARD,10.0,True,Mercedes,0 days 01:22:49.897000,,71,6.0,False,,False,False,2024-03,Australian Grand Prix,2024,3,2024-03-24,train,87.166,False,not_green_only;timing_not_accurate
0 days 01:25:39.463000,RUS,63,0 days 00:01:22.400000,19.0,2.0,,,0 days 00:00:28.473000,0 days 00:00:18.213000,0 days 00:00:35.714000,0 days 01:24:45.565000,0 days 01:25:03.778000,0 days 01:25:39.492000,276.0,304.0,289.0,304.0,True,HARD,11.0,True,Mercedes,0 days 01:24:17.063000,,1,6.0,False,,False,True,2024-03,Australian Grand Prix,2024,3,2024-03-24,train,82.4,True,
0 days 01:27:01.897000,RUS,63,0 days 00:01:22.434000,20.0,2.0,,,0 days 00:00:28.564000,0 days 00:00:18.253000,0 days 00:00:35.617000,0 days 01:26:08.056000,0 days 01:26:26.309000,0 days 01:27:01.926000,276.0,303.0,289.0,298.0,False,HARD,12.0,True,Mercedes,0 days 01:25:39.463000,,1,6.0,False,,False,True,2024-03,Australian Grand Prix,2024,3,2024-03-24,train,82.434,True,
0 days 01:28:25.326000,RUS,63,0 days 00:01:23.429000,21.0,2.0,,,0 days 00:00:28.421000,0 days 00:00:18.160000,0 days 00:00:36.848000,0 days 01:27:30.347000,0 days 01:27:48.507000,0 days 01:28:25.355000,276.0,305.0,300.0,296.0,False,HARD,13.0,True,Mercedes,0 days 01:27:01.897000,,1,7.0,False,,False,True,2024-03,Australian Grand Prix,2024,3,2024-03-24,train,83.429,True,
0 days 01:29:48.164000,RUS,63,0 days 00:01:22.838000,22.0,2.0,,,0 days 00:00:28.819000,0 days 00:00:18.206000,0 days 00:00:35.813000,0 days 01:28:54.174000,0 days 01:29:12.380000,0 days 01:29:48.193000,278.0,304.0,290.0,307.0,False,HARD,14.0,True,Mercedes,0 days 01:28:25.326000,,1,7.0,False,,False,True,2024-03,Australian Grand Prix,2024,3,2024-03-24,train,82.838,True,
0 days 01:31:11.176000,RUS,63,0 days 00:01:23.012000,23.0,2.0,,,0 days 00:00:28.852000,0 days 00:00:18.200000,0 days 00:00:35.960000,0 days 01:30:17.045000,0 days 01:30:35.245000,0 days 01:31:11.205000,276.0,307.0,289.0,296.0,False,HARD,15.0,True,Mercedes,0 days 01:29:48.164000,,1,7.0,False,,False,True,2024-03,Australian Grand Prix,2024,3,2024-03-24,train,83.012,True,
0 days 01:32:34.118000,RUS,63,0 days 00:01:22.942000,24.0,2.0,,,0 days 00:00:28.776000,0 days 00:00:18.226000,0 days 00:00:35.940000,0 days 01:31:39.981000,0 days 01:31:58.207000,0 days 01:32:34.147000,277.0,306.0,289.0,298.0,False,HARD,16.0,True,Mercedes,0 days 01:31:11.176000,,1,7.0,False,,False,True,2024-03,Australian Grand Prix,2024,3,2024-03-24,train,82.942,True,
0 days 01:33:56.821000,RUS,63,0 days 00:01:22.703000,25.0,2.0,,,0 days 00:00:28.600000,0 days 00:00:18.194000,0 days 00:00:35.909000,0 days 01:33:02.747000,0 days 01:33:20.941000,0 days 01:33:56.850000,275.0,304.0,289.0,298.0,False,HARD,17.0,True,Mercedes,0 days 01:32:34.118000,,1,7.0,False,,False,True,2024-03,Australian Grand Prix,2024,3,2024-03-24,train,82.703,True,
0 days 01:35:19.706000,RUS,63,0 days 00:01:22.885000,26.0,2.0,,,0 days 00:00:28.744000,0 days 00:00:18.305000,0 days 00:00:35.836000,0 days 01:34:25.594000,0 days 01:34:43.899000,0 days 01:35:19.735000,274.0,300.0,290.0,297.0,False,HARD,18.0,True,Mercedes,0 days 01:33:56.821000,,1,7.0,False,,False,True,2024-03,Australian Grand Prix,2024,3,2024-03-24,train,82.885,True,
0 days 01:36:42.844000,RUS,63,0 days 00:01:23.138000,27.0,2.0,,,0 days 00:00:28.879000,0 days 00:00:18.293000,0 days 00:00:35.966000,0 days 01:35:48.614000,0 days 01:36:06.907000,0 days 01:36:42.873000,274.0,301.0,289.0,299.0,False,HARD,19.0,True,Mercedes,0 days 01:35:19.706000,,1,7.0,False,,False,True,2024-03,Australian Grand Prix,2024,3,2024-03-24,train,83.138,True,
0 days 01:38:05.940000,RUS,63,0 days 00:01:23.096000,28.0,2.0,,,0 days 00:00:28.885000,0 days 00:00:18.342000,0 days 00:00:35.869000,0 days 01:37:11.758000,0 days 01:37:30.100000,0 days 01:38:05.969000,276.0,301.0,290.0,298.0,False,HARD,20.0,True,Mercedes,0 days 01:36:42.844000,,1,7.0,False,,False,True,2024-03,Australian Grand Prix,2024,3,2024-03-24,train,83.096,True,
0 days 01:39:28.603000,RUS,63,0 days 00:01:22.663000,29.0,2.0,,,0 days 00:00:28.822000,0 days 00:00:18.238000,0 days 00:00:35.603000,0 days 01:38:34.791000,0 days 01:38:53.029000,0 days 01:39:28.632000,277.0,302.0,289.0,297.0,False,HARD,21.0,True,Mercedes,0 days 01:38:05.940000,,1,7.0,False,,False,True,2024-03,Australian Grand Prix,2024,3,2024-03-24,train,82.663,True,
0 days 01:40:51.266000,RUS,63,0 days 00:01:22.663000,30.0,2.0,,,0 days 00:00:28.614000,0 days 00:00:18.224000,0 days 00:00:35.825000,0 days 01:39:57.246000,0 days 01:40:15.470000,0 days 01:40:51.295000,274.0,298.0,289.0,292.0,False,HARD,22.0,True,Mercedes,0 days 01:39:28.603000,,1,7.0,False,,False,True,2024-03,Australian Grand Prix,2024,3,2024-03-24,train,82.663,True,
0 days 01:42:13.781000,RUS,63,0 days 00:01:22.515000,31.0,2.0,,,0 days 00:00:28.718000,0 days 00:00:18.249000,0 days 00:00:35.548000,0 days 01:41:20.013000,0 days 01:41:38.262000,0 days 01:42:13.810000,276.0,300.0,290.0,303.0,False,HARD,23.0,True,Mercedes,0 days 01:40:51.266000,,1,7.0,False,,False,True,2024-03,Australian Grand Prix,2024,3,2024-03-24,train,82.515,True,
0 days 01:43:36.491000,RUS,63,0 days 00:01:22.710000,32.0,2.0,,,0 days 00:00:28.773000,0 days 00:00:18.307000,0 days 00:00:35.630000,0 days 01:42:42.583000,0 days 01:43:00.890000,0 days 01:43:36.520000,274.0,297.0,289.0,298.0,False,HARD,24.0,True,Mercedes,0 days 01:42:13.781000,,1,7.0,False,,False,True,2024-03,Australian Grand Prix,2024,3,2024-03-24,train,82.71,True,
0 days 01:44:58.952000,RUS,63,0 days 00:01:22.461000,33.0,2.0,,,0 days 00:00:28.591000,0 days 00:00:18.249000,0 days 00:00:35.621000,0 days 01:44:05.111000,0 days 01:44:23.360000,0 days 01:44:58.981000,276.0,298.0,289.0,296.0,False,HARD,25.0,True,Mercedes,0 days 01:43:36.491000,,1,7.0,False,,False,True,2024-03,Australian Grand Prix,2024,3,2024-03-24,train,82.461,True,
0 days 01:46:21.305000,RUS,63,0 days 00:01:22.353000,34.0,2.0,,,0 days 00:00:28.601000,0 days 00:00:18.210000,0 days 00:00:35.542000,0 days 01:45:27.582000,0 days 01:45:45.792000,0 days 01:46:21.334000,277.0,300.0,290.0,297.0,True,HARD,26.0,True,Mercedes,0 days 01:44:58.952000,,1,7.0,False,,False,True,2024-03,Australian Grand Prix,2024,3,2024-03-24,train,82.353,True,
0 days 01:47:43.896000,RUS,63,0 days 00:01:22.591000,35.0,2.0,,,0 days 00:00:28.764000,0 days 00:00:18.197000,0 days 00:00:35.630000,0 days 01:46:50.098000,0 days 01:47:08.295000,0 days 01:47:43.925000,275.0,299.0,290.0,297.0,False,HARD,27.0,True,Mercedes,0 days 01:46:21.305000,,1,6.0,False,,False,True,2024-03,Australian Grand Prix,2024,3,2024-03-24,train,82.591,True,
0 days 01:49:06.433000,RUS,63,0 days 00:01:22.537000,36.0,2.0,,,0 days 00:00:28.607000,0 days 00:00:18.165000,0 days 00:00:35.765000,0 days 01:48:12.532000,0 days 01:48:30.697000,0 days 01:49:06.462000,274.0,301.0,289.0,301.0,False,HARD,28.0,True,Mercedes,0 days 01:47:43.896000,,1,6.0,False,,False,True,2024-03,Australian Grand Prix,2024,3,2024-03-24,train,82.537,True,
0 days 01:50:28.841000,RUS,63,0 days 00:01:22.408000,37.0,2.0,,,0 days 00:00:28.510000,0 days 00:00:18.147000,0 days 00:00:35.751000,0 days 01:49:34.972000,0 days 01:49:53.119000,0 days 01:50:28.870000,277.0,303.0,290.0,298.0,False,HARD,29.0,True,Mercedes,0 days 01:49:06.433000,,1,6.0,False,,False,True,2024-03,Australian Grand Prix,2024,3,2024-03-24,train,82.408,True,
0 days 01:51:51.016000,RUS,63,0 days 00:01:22.175000,38.0,2.0,,,0 days 00:00:28.493000,0 days 00:00:18.082000,0 days 00:00:35.600000,0 days 01:50:57.363000,0 days 01:51:15.445000,0 days 01:51:51.045000,277.0,304.0,290.0,298.0,True,HARD,30.0,True,Mercedes,0 days 01:50:28.841000,,1,6.0,False,,False,True,2024-03,Australian Grand Prix,2024,3,2024-03-24,train,82.175,True,
0 days 01:53:13.183000,RUS,63,0 days 00:01:22.167000,39.0,2.0,,,0 days 00:00:28.472000,0 days 00:00:18.104000,0 days 00:00:35.591000,0 days 01:52:19.517000,0 days 01:52:37.621000,0 days 01:53:13.212000,277.0,304.0,291.0,297.0,True,HARD,31.0,True,Mercedes,0 days 01:51:51.016000,,1,6.0,False,,False,True,2024-03,Australian Grand Prix,2024,3,2024-03-24,train,82.167,True,
0 days 01:54:35.656000,RUS,63,0 days 00:01:22.473000,40.0,2.0,,,0 days 00:00:28.756000,0 days 00:00:18.009000,0 days 00:00:35.708000,0 days 01:53:41.968000,0 days 01:53:59.977000,0 days 01:54:35.685000,277.0,308.0,290.0,306.0,False,HARD,32.0,True,Mercedes,0 days 01:53:13.183000,,1,6.0,False,,False,True,2024-03,Australian Grand Prix,2024,3,2024-03-24,train,82.473,True,
0 days 01:55:57.975000,RUS,63,0 days 00:01:22.319000,41.0,2.0,,,0 days 00:00:28.561000,0 days 00:00:17.981000,0 days 00:00:35.777000,0 days 01:55:04.246000,0 days 01:55:22.227000,0 days 01:55:58.004000,275.0,304.0,291.0,301.0,False,HARD,33.0,True,Mercedes,0 days 01:54:35.656000,,1,5.0,False,,False,True,2024-03,Australian Grand Prix,2024,3,2024-03-24,train,82.319,True,
0 days 01:57:20.232000,RUS,63,0 days 00:01:22.257000,42.0,2.0,,,0 days 00:00:28.651000,0 days 00:00:18.023000,0 days 00:00:35.583000,0 days 01:56:26.655000,0 days 01:56:44.678000,0 days 01:57:20.261000,278.0,305.0,290.0,293.0,False,HARD,34.0,True,Mercedes,0 days 01:55:57.975000,,1,5.0,False,,False,True,2024-03,Australian Grand Prix,2024,3,2024-03-24,train,82.257,True,
0 days 01:58:42.343000,RUS,63,0 days 00:01:22.111000,43.0,2.0,,,0 days 00:00:28.479000,0 days 00:00:18.027000,0 days 00:00:35.605000,0 days 01:57:48.740000,0 days 01:58:06.767000,0 days 01:58:42.372000,278.0,303.0,290.0,298.0,True,HARD,35.0,True,Mercedes,0 days 01:57:20.232000,,1,5.0,False,,False,True,2024-03,Australian Grand Prix,2024,3,2024-03-24,train,82.111,True,
0 days 02:00:04.440000,RUS,63,0 days 00:01:22.097000,44.0,2.0,,,0 days 00:00:28.459000,0 days 00:00:18.060000,0 days 00:00:35.578000,0 days 01:59:10.831000,0 days 01:59:28.891000,0 days 02:00:04.469000,278.0,301.0,289.0,299.0,True,HARD,36.0,True,Mercedes,0 days 01:58:42.343000,,1,5.0,False,,False,True,2024-03,Australian Grand Prix,2024,3,2024-03-24,train,82.097,True,
0 days 02:01:40.783000,RUS,63,0 days 00:01:36.343000,45.0,2.0,,0 days 02:01:25.030000,0 days 00:00:28.436000,0 days 00:00:18.042000,0 days 00:00:49.865000,0 days 02:00:32.905000,0 days 02:00:50.947000,0 days 02:01:40.812000,278.0,302.0,,298.0,False,HARD,37.0,True,Mercedes,0 days 02:00:04.440000,,1,6.0,False,,False,False,2024-03,Australian Grand Prix,2024,3,2024-03-24,train,96.343,False,pit_in;timing_not_accurate
0 days 02:03:07.217000,RUS,63,0 days 00:01:26.434000,46.0,3.0,0 days 02:01:42.825000,,0 days 00:00:33.556000,0 days 00:00:17.996000,0 days 00:00:34.882000,0 days 02:02:14.368000,0 days 02:02:32.364000,0 days 02:03:07.246000,276.0,299.0,293.0,234.0,False,HARD,1.0,True,Mercedes,0 days 02:01:40.783000,,1,7.0,False,,False,False,2024-03,Australian Grand Prix,2024,3,2024-03-24,train,86.434,False,pit_out;timing_not_accurate
0 days 02:04:27.543000,RUS,63,0 days 00:01:20.326000,47.0,3.0,,,0 days 00:00:27.721000,0 days 00:00:17.919000,0 days 00:00:34.686000,0 days 02:03:34.967000,0 days 02:03:52.886000,0 days 02:04:27.572000,278.0,301.0,293.0,302.0,True,HARD,2.0,True,Mercedes,0 days 02:03:07.217000,,1,7.0,False,,False,True,2024-03,Australian Grand Prix,2024,3,2024-03-24,train,80.326,True,
0 days 02:05:48.282000,RUS,63,0 days 00:01:20.739000,48.0,3.0,,,0 days 00:00:27.983000,0 days 00:00:17.916000,0 days 00:00:34.840000,0 days 02:04:55.555000,0 days 02:05:13.471000,0 days 02:05:48.311000,278.0,302.0,293.0,295.0,False,HARD,3.0,True,Mercedes,0 days 02:04:27.543000,,1,7.0,False,,False,True,2024-03,Australian Grand Prix,2024,3,2024-03-24,train,80.739,True,
0 days 02:07:09.090000,RUS,63,0 days 00:01:20.808000,49.0,3.0,,,0 days 00:00:27.856000,0 days 00:00:17.993000,0 days 00:00:34.959000,0 days 02:06:16.167000,0 days 02:06:34.160000,0 days 02:07:09.119000,282.0,305.0,294.0,301.0,False,HARD,4.0,True,Mercedes,0 days 02:05:48.282000,,1,7.0,False,,False,True,2024-03,Australian Grand Prix,2024,3,2024-03-24,train,80.808,True,
0 days 02:08:30.072000,RUS,63,0 days 00:01:20.982000,50.0,3.0,,,0 days 00:00:28.097000,0 days 00:00:17.951000,0 days 00:00:34.934000,0 days 02:07:37.216000,0 days 02:07:55.167000,0 days 02:08:30.101000,278.0,297.0,294.0,308.0,False,HARD,5.0,True,Mercedes,0 days 02:07:09.090000,,1,7.0,False,,False,True,2024-03,Australian Grand Prix,2024,3,2024-03-24,train,80.982,True,
0 days 02:09:50.767000,RUS,63,0 days 00:01:20.695000,51.0,3.0,,,0 days 00:00:27.913000,0 days 00:00:17.919000,0 days 00:00:34.863000,0 days 02:08:58.014000,0 days 02:09:15.933000,0 days 02:09:50.796000,282.0,306.0,294.0,295.0,False,HARD,6.0,True,Mercedes,0 days 02:08:30.072000,,1,7.0,False,,False,True,2024-03,Australian Grand Prix,2024,3,2024-03-24,train,80.695,True,
0 days 02:11:11.296000,RUS,63,0 days 00:01:20.529000,52.0,3.0,,,0 days 00:00:27.848000,0 days 00:00:17.927000,0 days 00:00:34.754000,0 days 02:10:18.644000,0 days 02:10:36.571000,0 days 02:11:11.325000,288.0,302.0,295.0,309.0,False,HARD,7.0,True,Mercedes,0 days 02:09:50.767000,,1,7.0,False,,False,True,2024-03,Australian Grand Prix,2024,3,2024-03-24,train,80.529,True,
0 days 02:12:31.580000,RUS,63,0 days 00:01:20.284000,53.0,3.0,,,0 days 00:00:27.824000,0 days 00:00:17.716000,0 days 00:00:34.744000,0 days 02:11:39.149000,0 days 02:11:56.865000,0 days 02:12:31.609000,287.0,315.0,304.0,296.0,True,HARD,8.0,True,Mercedes,0 days 02:11:11.296000,,1,7.0,False,,False,True,2024-03,Australian Grand Prix,2024,3,2024-03-24,train,80.284,True,
0 days 02:13:52.774000,RUS,63,0 days 00:01:21.194000,54.0,3.0,,,0 days 00:00:28.025000,0 days 00:00:17.764000,0 days 00:00:35.405000,0 days 02:12:59.634000,0 days 02:13:17.398000,0 days 02:13:52.803000,277.0,314.0,301.0,324.0,False,HARD,9.0,True,Mercedes,0 days 02:12:31.580000,,1,7.0,False,,False,True,2024-03,Australian Grand Prix,2024,3,2024-03-24,train,81.194,True,
0 days 02:15:13.565000,RUS,63,0 days 00:01:20.791000,55.0,3.0,,,0 days 00:00:28.079000,0 days 00:00:17.783000,0 days 00:00:34.929000,0 days 02:14:20.882000,0 days 02:14:38.665000,0 days 02:15:13.594000,286.0,309.0,306.0,308.0,False,HARD,10.0,True,Mercedes,0 days 02:13:52.774000,,1,7.0,False,,False,True,2024-03,Australian Grand Prix,2024,3,2024-03-24,train,80.791,True,
0 days 02:16:34.220000,RUS,63,0 days 00:01:20.655000,56.0,3.0,,,0 days 00:00:27.884000,0 days 00:00:17.610000,0 days 00:00:35.161000,0 days 02:15:41.478000,0 days 02:15:59.088000,0 days 02:16:34.249000,288.0,323.0,305.0,321.0,False,HARD,11.0,True,Mercedes,0 days 02:15:13.565000,,1,7.0,False,,False,True,2024-03,Australian Grand Prix,2024,3,2024-03-24,train,80.655,True,
0 days 02:19:04.220000,RUS,63,,57.0,3.0,,,,,,,,,,,,,,HARD,12.0,True,Mercedes,0 days 02:16:34.220000,,126,,False,,True,False,2024-03,Australian Grand Prix,2024,3,2024-03-24,train,,False,invalid_lap_time;not_green_only;timing_not_accurate;generated_or_unknown
0 days 00:59:57.861000,SAI,55,0 days 00:01:28.375000,1.0,1.0,,,,0 days 00:00:18.533000,0 days 00:00:35.573000,,0 days 00:59:22.453000,0 days 00:59:57.933000,269.0,293.0,288.0,242.0,False,MEDIUM,1.0,True,Ferrari,0 days 00:58:29.232000,,1,2.0,False,,False,False,2024-03,Australian Grand Prix,2024,3,2024-03-24,train,88.375,False,opening_lap;timing_not_accurate
0 days 01:01:20.461000,SAI,55,0 days 00:01:22.600000,2.0,1.0,,,0 days 00:00:29.006000,0 days 00:00:18.026000,0 days 00:00:35.568000,0 days 01:00:26.928000,0 days 01:00:44.954000,0 days 01:01:20.522000,277.0,320.0,286.0,302.0,True,MEDIUM,2.0,True,Ferrari,0 days 00:59:57.861000,,1,1.0,False,,False,True,2024-03,Australian Grand Prix,2024,3,2024-03-24,train,82.6,True,
0 days 01:02:43.467000,SAI,55,0 days 00:01:23.006000,3.0,1.0,,,0 days 00:00:29.002000,0 days 00:00:18.548000,0 days 00:00:35.456000,0 days 01:01:49.524000,0 days 01:02:08.072000,0 days 01:02:43.528000,266.0,288.0,287.0,285.0,False,MEDIUM,3.0,True,Ferrari,0 days 01:01:20.461000,,1,1.0,False,,False,True,2024-03,Australian Grand Prix,2024,3,2024-03-24,train,83.006,True,
0 days 01:04:05.900000,SAI,55,0 days 00:01:22.433000,4.0,1.0,,,0 days 00:00:28.643000,0 days 00:00:18.497000,0 days 00:00:35.293000,0 days 01:03:12.171000,0 days 01:03:30.668000,0 days 01:04:05.961000,270.0,291.0,286.0,287.0,True,MEDIUM,4.0,True,Ferrari,0 days 01:02:43.467000,,1,1.0,False,,False,True,2024-03,Australian Grand Prix,2024,3,2024-03-24,train,82.433,True,
0 days 01:05:28.529000,SAI,55,0 days 00:01:22.629000,5.0,1.0,,,0 days 00:00:28.705000,0 days 00:00:18.504000,0 days 00:00:35.420000,0 days 01:04:34.666000,0 days 01:04:53.170000,0 days 01:05:28.590000,270.0,292.0,287.0,287.0,False,MEDIUM,5.0,True,Ferrari,0 days 01:04:05.900000,,1,1.0,False,,False,True,2024-03,Australian Grand Prix,2024,3,2024-03-24,train,82.629,True,
0 days 01:06:51.101000,SAI,55,0 days 00:01:22.572000,6.0,1.0,,,0 days 00:00:28.648000,0 days 00:00:18.453000,0 days 00:00:35.471000,0 days 01:05:57.238000,0 days 01:06:15.691000,0 days 01:06:51.162000,270.0,293.0,287.0,289.0,False,MEDIUM,6.0,True,Ferrari,0 days 01:05:28.529000,,1,1.0,False,,False,True,2024-03,Australian Grand Prix,2024,3,2024-03-24,train,82.572,True,
0 days 01:08:13.535000,SAI,55,0 days 00:01:22.434000,7.0,1.0,,,0 days 00:00:28.670000,0 days 00:00:18.462000,0 days 00:00:35.302000,0 days 01:07:19.832000,0 days 01:07:38.294000,0 days 01:08:13.596000,272.0,295.0,287.0,290.0,False,MEDIUM,7.0,True,Ferrari,0 days 01:06:51.101000,,1,1.0,False,,False,True,2024-03,Australian Grand Prix,2024,3,2024-03-24,train,82.434,True,
0 days 01:09:35.838000,SAI,55,0 days 00:01:22.303000,8.0,1.0,,,0 days 00:00:28.562000,0 days 00:00:18.397000,0 days 00:00:35.344000,0 days 01:08:42.158000,0 days 01:09:00.555000,0 days 01:09:35.899000,274.0,296.0,287.0,291.0,True,MEDIUM,8.0,True,Ferrari,0 days 01:08:13.535000,,1,1.0,False,,False,True,2024-03,Australian Grand Prix,2024,3,2024-03-24,train,82.303,True,
0 days 01:10:57.863000,SAI,55,0 days 00:01:22.025000,9.0,1.0,,,0 days 00:00:28.594000,0 days 00:00:18.290000,0 days 00:00:35.141000,0 days 01:10:04.493000,0 days 01:10:22.783000,0 days 01:10:57.924000,273.0,295.0,288.0,290.0,True,MEDIUM,9.0,True,Ferrari,0 days 01:09:35.838000,,1,1.0,False,,False,True,2024-03,Australian Grand Prix,2024,3,2024-03-24,train,82.025,True,
0 days 01:12:19.578000,SAI,55,0 days 00:01:21.715000,10.0,1.0,,,0 days 00:00:28.426000,0 days 00:00:18.281000,0 days 00:00:35.008000,0 days 01:11:26.350000,0 days 01:11:44.631000,0 days 01:12:19.639000,274.0,295.0,289.0,291.0,True,MEDIUM,10.0,True,Ferrari,0 days 01:10:57.863000,,1,1.0,False,,False,True,2024-03,Australian Grand Prix,2024,3,2024-03-24,train,81.715,True,
0 days 01:13:41.516000,SAI,55,0 days 00:01:21.938000,11.0,1.0,,,0 days 00:00:28.460000,0 days 00:00:18.272000,0 days 00:00:35.206000,0 days 01:12:48.099000,0 days 01:13:06.371000,0 days 01:13:41.577000,275.0,299.0,288.0,294.0,False,MEDIUM,11.0,True,Ferrari,0 days 01:12:19.578000,,1,1.0,False,,False,True,2024-03,Australian Grand Prix,2024,3,2024-03-24,train,81.938,True,
0 days 01:15:03.691000,SAI,55,0 days 00:01:22.175000,12.0,1.0,,,0 days 00:00:28.592000,0 days 00:00:18.284000,0 days 00:00:35.299000,0 days 01:14:10.169000,0 days 01:14:28.453000,0 days 01:15:03.752000,273.0,297.0,287.0,291.0,False,MEDIUM,12.0,True,Ferrari,0 days 01:13:41.516000,,1,1.0,False,,False,True,2024-03,Australian Grand Prix,2024,3,2024-03-24,train,82.175,True,
0 days 01:16:25.896000,SAI,55,0 days 00:01:22.205000,13.0,1.0,,,0 days 00:00:28.595000,0 days 00:00:18.317000,0 days 00:00:35.293000,0 days 01:15:32.347000,0 days 01:15:50.664000,0 days 01:16:25.957000,273.0,297.0,288.0,291.0,False,MEDIUM,13.0,True,Ferrari,0 days 01:15:03.691000,,1,1.0,False,,False,True,2024-03,Australian Grand Prix,2024,3,2024-03-24,train,82.205,True,
0 days 01:17:48.383000,SAI,55,0 days 00:01:22.487000,14.0,1.0,,,0 days 00:00:28.815000,0 days 00:00:18.261000,0 days 00:00:35.411000,0 days 01:16:54.772000,0 days 01:17:13.033000,0 days 01:17:48.444000,272.0,302.0,287.0,290.0,False,MEDIUM,14.0,True,Ferrari,0 days 01:16:25.896000,,1,1.0,False,,False,True,2024-03,Australian Grand Prix,2024,3,2024-03-24,train,82.487,True,
0 days 01:19:11.003000,SAI,55,0 days 00:01:22.620000,15.0,1.0,,,0 days 00:00:28.688000,0 days 00:00:18.274000,0 days 00:00:35.658000,0 days 01:18:17.132000,0 days 01:18:35.406000,0 days 01:19:11.064000,273.0,302.0,286.0,289.0,False,MEDIUM,15.0,True,Ferrari,0 days 01:17:48.383000,,1,1.0,False,,False,True,2024-03,Australian Grand Prix,2024,3,2024-03-24,train,82.62,True,
0 days 01:20:47.313000,SAI,55,0 days 00:01:36.310000,16.0,1.0,,0 days 01:20:31.925000,0 days 00:00:28.715000,0 days 00:00:18.274000,0 days 00:00:49.321000,0 days 01:19:39.779000,0 days 01:19:58.053000,0 days 01:20:47.374000,278.0,301.0,,295.0,False,MEDIUM,16.0,True,Ferrari,0 days 01:19:11.003000,,1,1.0,False,,False,False,2024-03,Australian Grand Prix,2024,3,2024-03-24,train,96.31,False,pit_in;timing_not_accurate
0 days 01:22:31.078000,SAI,55,0 days 00:01:43.765000,17.0,2.0,0 days 01:20:49.444000,,0 days 00:00:34.907000,0 days 00:00:18.380000,0 days 00:00:50.478000,0 days 01:21:22.281000,0 days 01:21:40.661000,0 days 01:22:31.139000,279.0,315.0,233.0,233.0,False,HARD,1.0,True,Ferrari,0 days 01:20:47.313000,,126,1.0,False,,False,False,2024-03,Australian Grand Prix,2024,3,2024-03-24,train,103.765,False,pit_out;not_green_only;timing_not_accurate
0 days 01:24:01.008000,SAI,55,0 days 00:01:29.930000,18.0,2.0,,,0 days 00:00:36.108000,0 days 00:00:18.529000,0 days 00:00:35.293000,0 days 01:23:07.247000,0 days 01:23:25.776000,0 days 01:24:01.069000,271.0,289.0,288.0,253.0,False,HARD,2.0,True,Ferrari,0 days 01:22:31.078000,,671,1.0,False,,False,False,2024-03,Australian Grand Prix,2024,3,2024-03-24,train,89.93,False,not_green_only;timing_not_accurate
0 days 01:25:22.819000,SAI,55,0 days 00:01:21.811000,19.0,2.0,,,0 days 00:00:28.284000,0 days 00:00:18.342000,0 days 00:00:35.185000,0 days 01:24:29.353000,0 days 01:24:47.695000,0 days 01:25:22.880000,273.0,293.0,288.0,288.0,False,HARD,3.0,True,Ferrari,0 days 01:24:01.008000,,1,1.0,False,,False,True,2024-03,Australian Grand Prix,2024,3,2024-03-24,train,81.811,True,
0 days 01:26:44.421000,SAI,55,0 days 00:01:21.602000,20.0,2.0,,,0 days 00:00:28.321000,0 days 00:00:18.274000,0 days 00:00:35.007000,0 days 01:25:51.201000,0 days 01:26:09.475000,0 days 01:26:44.482000,274.0,294.0,288.0,290.0,True,HARD,4.0,True,Ferrari,0 days 01:25:22.819000,,1,1.0,False,,False,True,2024-03,Australian Grand Prix,2024,3,2024-03-24,train,81.602,True,
0 days 01:28:06.352000,SAI,55,0 days 00:01:21.931000,21.0,2.0,,,0 days 00:00:28.376000,0 days 00:00:18.292000,0 days 00:00:35.263000,0 days 01:27:12.858000,0 days 01:27:31.150000,0 days 01:28:06.413000,273.0,294.0,287.0,289.0,False,HARD,5.0,True,Ferrari,0 days 01:26:44.421000,,1,1.0,False,,False,True,2024-03,Australian Grand Prix,2024,3,2024-03-24,train,81.931,True,
0 days 01:29:27.823000,SAI,55,0 days 00:01:21.471000,22.0,2.0,,,0 days 00:00:28.277000,0 days 00:00:18.216000,0 days 00:00:34.978000,0 days 01:28:34.690000,0 days 01:28:52.906000,0 days 01:29:27.884000,277.0,300.0,288.0,293.0,True,HARD,6.0,True,Ferrari,0 days 01:28:06.352000,,1,1.0,False,,False,True,2024-03,Australian Grand Prix,2024,3,2024-03-24,train,81.471,True,
0 days 01:30:49.354000,SAI,55,0 days 00:01:21.531000,23.0,2.0,,,0 days 00:00:28.345000,0 days 00:00:18.162000,0 days 00:00:35.024000,0 days 01:29:56.229000,0 days 01:30:14.391000,0 days 01:30:49.415000,273.0,297.0,288.0,290.0,False,HARD,7.0,True,Ferrari,0 days 01:29:27.823000,,1,1.0,False,,False,True,2024-03,Australian Grand Prix,2024,3,2024-03-24,train,81.531,True,
0 days 01:32:10.812000,SAI,55,0 days 00:01:21.458000,24.0,2.0,,,0 days 00:00:28.329000,0 days 00:00:18.173000,0 days 00:00:34.956000,0 days 01:31:17.744000,0 days 01:31:35.917000,0 days 01:32:10.873000,274.0,296.0,288.0,288.0,True,HARD,8.0,True,Ferrari,0 days 01:30:49.354000,,1,1.0,False,,False,True,2024-03,Australian Grand Prix,2024,3,2024-03-24,train,81.458,True,
0 days 01:33:32.055000,SAI,55,0 days 00:01:21.243000,25.0,2.0,,,0 days 00:00:28.229000,0 days 00:00:18.081000,0 days 00:00:34.933000,0 days 01:32:39.102000,0 days 01:32:57.183000,0 days 01:33:32.116000,273.0,296.0,288.0,288.0,True,HARD,9.0,True,Ferrari,0 days 01:32:10.812000,,1,1.0,False,,False,True,2024-03,Australian Grand Prix,2024,3,2024-03-24,train,81.243,True,
0 days 01:34:53.133000,SAI,55,0 days 00:01:21.078000,26.0,2.0,,,0 days 00:00:28.144000,0 days 00:00:18.086000,0 days 00:00:34.848000,0 days 01:34:00.260000,0 days 01:34:18.346000,0 days 01:34:53.194000,275.0,295.0,289.0,290.0,True,HARD,10.0,True,Ferrari,0 days 01:33:32.055000,,1,1.0,False,,False,True,2024-03,Australian Grand Prix,2024,3,2024-03-24,train,81.078,True,
0 days 01:36:14.590000,SAI,55,0 days 00:01:21.457000,27.0,2.0,,,0 days 00:00:28.388000,0 days 00:00:18.153000,0 days 00:00:34.916000,0 days 01:35:21.582000,0 days 01:35:39.735000,0 days 01:36:14.651000,276.0,297.0,288.0,293.0,False,HARD,11.0,True,Ferrari,0 days 01:34:53.133000,,1,1.0,False,,False,True,2024-03,Australian Grand Prix,2024,3,2024-03-24,train,81.457,True,
0 days 01:37:36.030000,SAI,55,0 days 00:01:21.440000,28.0,2.0,,,0 days 00:00:28.279000,0 days 00:00:18.153000,0 days 00:00:35.008000,0 days 01:36:42.930000,0 days 01:37:01.083000,0 days 01:37:36.091000,274.0,294.0,289.0,290.0,False,HARD,12.0,True,Ferrari,0 days 01:36:14.590000,,1,1.0,False,,False,True,2024-03,Australian Grand Prix,2024,3,2024-03-24,train,81.44,True,
0 days 01:38:57.519000,SAI,55,0 days 00:01:21.489000,29.0,2.0,,,0 days 00:00:28.336000,0 days 00:00:18.131000,0 days 00:00:35.022000,0 days 01:38:04.427000,0 days 01:38:22.558000,0 days 01:38:57.580000,278.0,299.0,289.0,292.0,False,HARD,13.0,True,Ferrari,0 days 01:37:36.030000,,1,1.0,False,,False,True,2024-03,Australian Grand Prix,2024,3,2024-03-24,train,81.489,True,
0 days 01:40:19.142000,SAI,55,0 days 00:01:21.623000,30.0,2.0,,,0 days 00:00:28.468000,0 days 00:00:18.196000,0 days 00:00:34.959000,0 days 01:39:26.048000,0 days 01:39:44.244000,0 days 01:40:19.203000,274.0,296.0,289.0,289.0,False,HARD,14.0,True,Ferrari,0 days 01:38:57.519000,,1,1.0,False,,False,True,2024-03,Australian Grand Prix,2024,3,2024-03-24,train,81.623,True,
0 days 01:41:40.424000,SAI,55,0 days 00:01:21.282000,31.0,2.0,,,0 days 00:00:28.215000,0 days 00:00:18.059000,0 days 00:00:35.008000,0 days 01:40:47.418000,0 days 01:41:05.477000,0 days 01:41:40.485000,276.0,300.0,289.0,291.0,False,HARD,15.0,True,Ferrari,0 days 01:40:19.142000,,1,1.0,False,,False,True,2024-03,Australian Grand Prix,2024,3,2024-03-24,train,81.282,True,
0 days 01:43:01.629000,SAI,55,0 days 00:01:21.205000,32.0,2.0,,,0 days 00:00:28.209000,0 days 00:00:18.107000,0 days 00:00:34.889000,0 days 01:42:08.694000,0 days 01:42:26.801000,0 days 01:43:01.690000,278.0,300.0,289.0,293.0,False,HARD,16.0,True,Ferrari,0 days 01:41:40.424000,,1,1.0,False,,False,True,2024-03,Australian Grand Prix,2024,3,2024-03-24,train,81.205,True,
0 days 01:44:23.124000,SAI,55,0 days 00:01:21.495000,33.0,2.0,,,0 days 00:00:28.398000,0 days 00:00:18.086000,0 days 00:00:35.011000,0 days 01:43:30.088000,0 days 01:43:48.174000,0 days 01:44:23.185000,275.0,296.0,290.0,290.0,False,HARD,17.0,True,Ferrari,0 days 01:43:01.629000,,1,1.0,False,,False,True,2024-03,Australian Grand Prix,2024,3,2024-03-24,train,81.495,True,
0 days 01:45:44.841000,SAI,55,0 days 00:01:21.717000,34.0,2.0,,,0 days 00:00:28.512000,0 days 00:00:18.103000,0 days 00:00:35.102000,0 days 01:44:51.697000,0 days 01:45:09.800000,0 days 01:45:44.902000,276.0,303.0,289.0,295.0,False,HARD,18.0,True,Ferrari,0 days 01:44:23.124000,,1,1.0,False,,False,True,2024-03,Australian Grand Prix,2024,3,2024-03-24,train,81.717,True,
0 days 01:47:06.562000,SAI,55,0 days 00:01:21.721000,35.0,2.0,,,0 days 00:00:28.432000,0 days 00:00:18.105000,0 days 00:00:35.184000,0 days 01:46:13.334000,0 days 01:46:31.439000,0 days 01:47:06.623000,277.0,303.0,291.0,293.0,False,HARD,19.0,True,Ferrari,0 days 01:45:44.841000,,1,1.0,False,,False,True,2024-03,Australian Grand Prix,2024,3,2024-03-24,train,81.721,True,
0 days 01:48:28.580000,SAI,55,0 days 00:01:22.018000,36.0,2.0,,,0 days 00:00:28.557000,0 days 00:00:18.086000,0 days 00:00:35.375000,0 days 01:47:35.180000,0 days 01:47:53.266000,0 days 01:48:28.641000,275.0,306.0,292.0,294.0,False,HARD,20.0,True,Ferrari,0 days 01:47:06.562000,,1,1.0,False,,False,True,2024-03,Australian Grand Prix,2024,3,2024-03-24,train,82.018,True,
0 days 01:49:50.551000,SAI,55,0 days 00:01:21.971000,37.0,2.0,,,0 days 00:00:28.542000,0 days 00:00:18.047000,0 days 00:00:35.382000,0 days 01:48:57.183000,0 days 01:49:15.230000,0 days 01:49:50.612000,281.0,310.0,289.0,301.0,False,HARD,21.0,True,Ferrari,0 days 01:48:28.580000,,1,1.0,False,,False,True,2024-03,Australian Grand Prix,2024,3,2024-03-24,train,81.971,True,
0 days 01:51:11.963000,SAI,55,0 days 00:01:21.412000,38.0,2.0,,,0 days 00:00:28.380000,0 days 00:00:18.048000,0 days 00:00:34.984000,0 days 01:50:18.992000,0 days 01:50:37.040000,0 days 01:51:12.024000,281.0,307.0,291.0,296.0,False,HARD,22.0,True,Ferrari,0 days 01:49:50.551000,,1,1.0,False,,False,True,2024-03,Australian Grand Prix,2024,3,2024-03-24,train,81.412,True,
0 days 01:52:33.517000,SAI,55,0 days 00:01:21.554000,39.0,2.0,,,0 days 00:00:28.367000,0 days 00:00:18.153000,0 days 00:00:35.034000,0 days 01:51:40.391000,0 days 01:51:58.544000,0 days 01:52:33.578000,275.0,301.0,290.0,292.0,False,HARD,23.0,True,Ferrari,0 days 01:51:11.963000,,1,1.0,False,,False,True,2024-03,Australian Grand Prix,2024,3,2024-03-24,train,81.554,True,
0 days 01:53:54.960000,SAI,55,0 days 00:01:21.443000,40.0,2.0,,,0 days 00:00:28.400000,0 days 00:00:18.024000,0 days 00:00:35.019000,0 days 01:53:01.978000,0 days 01:53:20.002000,0 days 01:53:55.021000,275.0,301.0,291.0,292.0,False,HARD,24.0,True,Ferrari,0 days 01:52:33.517000,,1,1.0,False,,False,True,2024-03,Australian Grand Prix,2024,3,2024-03-24,train,81.443,True,
0 days 01:55:30.470000,SAI,55,0 days 00:01:35.510000,41.0,2.0,,0 days 01:55:14.881000,0 days 00:00:28.241000,0 days 00:00:18.016000,0 days 00:00:49.253000,0 days 01:54:23.262000,0 days 01:54:41.278000,0 days 01:55:30.531000,280.0,306.0,,297.0,False,HARD,25.0,True,Ferrari,0 days 01:53:54.960000,,1,1.0,False,,False,False,2024-03,Australian Grand Prix,2024,3,2024-03-24,train,95.51,False,pit_in;timing_not_accurate
0 days 01:56:57.685000,SAI,55,0 days 00:01:27.215000,42.0,3.0,0 days 01:55:32.586000,,0 days 00:00:33.986000,0 days 00:00:18.315000,0 days 00:00:34.914000,0 days 01:56:04.517000,0 days 01:56:22.832000,0 days 01:56:57.746000,268.0,295.0,290.0,235.0,False,HARD,1.0,True,Ferrari,0 days 01:55:30.470000,,1,1.0,False,,False,False,2024-03,Australian Grand Prix,2024,3,2024-03-24,train,87.215,False,pit_out;timing_not_accurate
0 days 01:58:18.415000,SAI,55,0 days 00:01:20.730000,43.0,3.0,,,0 days 00:00:27.993000,0 days 00:00:18.040000,0 days 00:00:34.697000,0 days 01:57:25.739000,0 days 01:57:43.779000,0 days 01:58:18.476000,275.0,295.0,290.0,290.0,True,HARD,2.0,True,Ferrari,0 days 01:56:57.685000,,1,1.0,False,,False,True,2024-03,Australian Grand Prix,2024,3,2024-03-24,train,80.73,True,
0 days 01:59:39.182000,SAI,55,0 days 00:01:20.767000,44.0,3.0,,,0 days 00:00:28.014000,0 days 00:00:18.073000,0 days 00:00:34.680000,0 days 01:58:46.490000,0 days 01:59:04.563000,0 days 01:59:39.243000,274.0,295.0,290.0,290.0,False,HARD,3.0,True,Ferrari,0 days 01:58:18.415000,,1,1.0,False,,False,True,2024-03,Australian Grand Prix,2024,3,2024-03-24,train,80.767,True,
0 days 02:00:59.405000,SAI,55,0 days 00:01:20.223000,45.0,3.0,,,0 days 00:00:27.853000,0 days 00:00:17.961000,0 days 00:00:34.409000,0 days 02:00:07.096000,0 days 02:00:25.057000,0 days 02:00:59.466000,276.0,297.0,291.0,292.0,True,HARD,4.0,True,Ferrari,0 days 01:59:39.182000,,1,1.0,False,,False,True,2024-03,Australian Grand Prix,2024,3,2024-03-24,train,80.223,True,
0 days 02:02:19.779000,SAI,55,0 days 00:01:20.374000,46.0,3.0,,,0 days 00:00:27.945000,0 days 00:00:17.998000,0 days 00:00:34.431000,0 days 02:01:27.411000,0 days 02:01:45.409000,0 days 02:02:19.840000,275.0,295.0,291.0,291.0,False,HARD,5.0,True,Ferrari,0 days 02:00:59.405000,,1,1.0,False,,False,True,2024-03,Australian Grand Prix,2024,3,2024-03-24,train,80.374,True,
0 days 02:03:39.982000,SAI,55,0 days 00:01:20.203000,47.0,3.0,,,0 days 00:00:27.870000,0 days 00:00:17.958000,0 days 00:00:34.375000,0 days 02:02:47.710000,0 days 02:03:05.668000,0 days 02:03:40.043000,276.0,297.0,291.0,292.0,True,HARD,6.0,True,Ferrari,0 days 02:02:19.779000,,1,1.0,False,,False,True,2024-03,Australian Grand Prix,2024,3,2024-03-24,train,80.203,True,
0 days 02:05:00.013000,SAI,55,0 days 00:01:20.031000,48.0,3.0,,,0 days 00:00:27.935000,0 days 00:00:17.884000,0 days 00:00:34.212000,0 days 02:04:07.978000,0 days 02:04:25.862000,0 days 02:05:00.074000,277.0,298.0,291.0,292.0,True,HARD,7.0,True,Ferrari,0 days 02:03:39.982000,,1,1.0,False,,False,True,2024-03,Australian Grand Prix,2024,3,2024-03-24,train,80.031,True,
0 days 02:06:20.294000,SAI,55,0 days 00:01:20.281000,49.0,3.0,,,0 days 00:00:28.046000,0 days 00:00:17.897000,0 days 00:00:34.338000,0 days 02:05:28.120000,0 days 02:05:46.017000,0 days 02:06:20.355000,277.0,298.0,292.0,289.0,False,HARD,8.0,True,Ferrari,0 days 02:05:00.013000,,1,1.0,False,,False,True,2024-03,Australian Grand Prix,2024,3,2024-03-24,train,80.281,True,
0 days 02:07:40.744000,SAI,55,0 days 00:01:20.450000,50.0,3.0,,,0 days 00:00:28.157000,0 days 00:00:17.919000,0 days 00:00:34.374000,0 days 02:06:48.512000,0 days 02:07:06.431000,0 days 02:07:40.805000,277.0,298.0,292.0,286.0,False,HARD,9.0,True,Ferrari,0 days 02:06:20.294000,,1,1.0,False,,False,True,2024-03,Australian Grand Prix,2024,3,2024-03-24,train,80.45,True,
0 days 02:09:00.827000,SAI,55,0 days 00:01:20.083000,51.0,3.0,,,0 days 00:00:27.905000,0 days 00:00:17.821000,0 days 00:00:34.357000,0 days 02:08:08.710000,0 days 02:08:26.531000,0 days 02:09:00.888000,279.0,301.0,292.0,292.0,False,HARD,10.0,True,Ferrari,0 days 02:07:40.744000,,1,1.0,False,,False,True,2024-03,Australian Grand Prix,2024,3,2024-03-24,train,80.083,True,
0 days 02:10:21.036000,SAI,55,0 days 00:01:20.209000,52.0,3.0,,,0 days 00:00:27.963000,0 days 00:00:17.912000,0 days 00:00:34.334000,0 days 02:09:28.851000,0 days 02:09:46.763000,0 days 02:10:21.097000,279.0,301.0,292.0,293.0,False,HARD,11.0,True,Ferrari,0 days 02:09:00.827000,,1,1.0,False,,False,True,2024-03,Australian Grand Prix,2024,3,2024-03-24,train,80.209,True,
0 days 02:11:41.651000,SAI,55,0 days 00:01:20.615000,53.0,3.0,,,0 days 00:00:27.962000,0 days 00:00:17.926000,0 days 00:00:34.727000,0 days 02:10:49.059000,0 days 02:11:06.985000,0 days 02:11:41.712000,278.0,305.0,291.0,292.0,False,HARD,12.0,True,Ferrari,0 days 02:10:21.036000,,1,1.0,False,,False,True,2024-03,Australian Grand Prix,2024,3,2024-03-24,train,80.615,True,
0 days 02:13:02.233000,SAI,55,0 days 00:01:20.582000,54.0,3.0,,,0 days 00:00:28.193000,0 days 00:00:17.922000,0 days 00:00:34.467000,0 days 02:12:09.905000,0 days 02:12:27.827000,0 days 02:13:02.294000,278.0,302.0,293.0,297.0,False,HARD,13.0,True,Ferrari,0 days 02:11:41.651000,,1,1.0,False,,False,True,2024-03,Australian Grand Prix,2024,3,2024-03-24,train,80.582,True,
0 days 02:14:22.986000,SAI,55,0 days 00:01:20.753000,55.0,3.0,,,0 days 00:00:28.132000,0 days 00:00:17.897000,0 days 00:00:34.724000,0 days 02:13:30.426000,0 days 02:13:48.323000,0 days 02:14:23.047000,285.0,298.0,291.0,292.0,False,HARD,14.0,True,Ferrari,0 days 02:13:02.233000,,1,1.0,False,,False,True,2024-03,Australian Grand Prix,2024,3,2024-03-24,train,80.753,True,
0 days 02:15:44.084000,SAI,55,0 days 00:01:21.098000,56.0,3.0,,,0 days 00:00:28.091000,0 days 00:00:18,0 days 00:00:35.007000,0 days 02:14:51.138000,0 days 02:15:09.138000,0 days 02:15:44.145000,276.0,299.0,291.0,292.0,False,HARD,15.0,True,Ferrari,0 days 02:14:22.986000,,1,1.0,False,,False,True,2024-03,Australian Grand Prix,2024,3,2024-03-24,train,81.098,True,
0 days 02:17:04.966000,SAI,55,0 days 00:01:20.882000,57.0,3.0,,,0 days 00:00:28.011000,0 days 00:00:18.062000,0 days 00:00:34.809000,0 days 02:16:12.156000,0 days 02:16:30.218000,0 days 02:17:05.027000,279.0,300.0,292.0,293.0,False,HARD,16.0,True,Ferrari,0 days 02:15:44.084000,,1,1.0,False,,False,True,2024-03,Australian Grand Prix,2024,3,2024-03-24,train,80.882,True,
0 days 02:18:56.329000,SAI,55,0 days 00:01:51.363000,58.0,3.0,,,0 days 00:00:35.021000,0 days 00:00:33.818000,0 days 00:00:42.524000,0 days 02:17:40.048000,0 days 02:18:13.866000,0 days 02:18:56.390000,185.0,272.0,175.0,304.0,False,HARD,17.0,True,Ferrari,0 days 02:17:04.966000,,126,1.0,False,,False,False,2024-03,Australian Grand Prix,2024,3,2024-03-24,train,111.363,False,not_green_only;timing_not_accurate
0 days 00:59:56.944000,VER,1,0 days 00:01:27.458000,1.0,1.0,,,,0 days 00:00:18.462000,0 days 00:00:35.518000,,0 days 00:59:21.516000,0 days 00:59:57.152000,278.0,285.0,283.0,238.0,False,MEDIUM,1.0,True,Red Bull Racing,0 days 00:58:29.232000,,1,1.0,False,,False,False,2024-03,Australian Grand Prix,2024,3,2024-03-24,train,87.458,False,opening_lap;timing_not_accurate
0 days 01:01:21.043000,VER,1,0 days 00:01:24.099000,2.0,1.0,,,0 days 00:00:29.623000,0 days 00:00:18.375000,0 days 00:00:36.101000,0 days 01:00:26.657000,0 days 01:00:45.032000,0 days 01:01:21.133000,273.0,297.0,298.0,281.0,True,MEDIUM,2.0,True,Red Bull Racing,0 days 00:59:56.944000,,1,2.0,False,,False,True,2024-03,Australian Grand Prix,2024,3,2024-03-24,train,84.099,True,
0 days 01:02:44.158000,VER,1,0 days 00:01:23.115000,3.0,1.0,,,0 days 00:00:28.793000,0 days 00:00:18.573000,0 days 00:00:35.749000,0 days 01:01:49.926000,0 days 01:02:08.499000,0 days 01:02:44.248000,275.0,314.0,295.0,305.0,True,MEDIUM,3.0,True,Red Bull Racing,0 days 01:01:21.043000,,1,2.0,False,,False,True,2024-03,Australian Grand Prix,2024,3,2024-03-24,train,83.115,True,
0 days 01:04:24.523000,VER,1,,4.0,1.0,,0 days 01:04:24.613000,0 days 00:00:28.756000,0 days 00:00:18.353000,,0 days 01:03:13.063000,0 days 01:03:31.408000,,270.0,308.0,,302.0,False,MEDIUM,4.0,True,Red Bull Racing,0 days 01:02:44.158000,,1,19.0,False,,False,False,2024-03,Australian Grand Prix,2024,3,2024-03-24,train,,False,invalid_lap_time;pit_in;timing_not_accurate
0 days 01:05:13.546000,HAM,44,0 days 00:02:32.716000,1.0,1.0,,0 days 01:05:11.331000,,0 days 00:01:17.160000,0 days 00:00:37.060000,,0 days 01:04:36.486000,0 days 01:05:13.594000,278.0,176.0,,153.0,False,MEDIUM,1.0,True,Mercedes,0 days 01:02:40.422000,,125,7.0,False,,False,False,2024-04,Japanese Grand Prix,2024,4,2024-04-07,train,152.716,False,opening_lap;pit_in;not_green_only;timing_not_accurate
0 days 01:33:43.439000,HAM,44,,2.0,2.0,0 days 01:31:32.133000,,,0 days 00:00:49.281000,0 days 00:00:46.041000,,0 days 01:32:57.398000,0 days 01:33:43.516000,271.0,209.0,39.0,130.0,False,HARD,1.0,True,Mercedes,0 days 01:30:58.774000,,1,7.0,False,,False,False,2024-04,Japanese Grand Prix,2024,4,2024-04-07,train,,False,invalid_lap_time;pit_out;timing_not_accurate
0 days 01:36:20.503000,HAM,44,,3.0,2.0,,,0 days 00:01:34.401000,0 days 00:00:43.993000,0 days 00:00:18.759000,0 days 01:35:17.906000,0 days 01:36:01.962000,0 days 01:36:20.649000,278.0,298.0,254.0,298.0,False,HARD,2.0,True,Mercedes,0 days 01:33:43.439000,,1,8.0,False,,False,False,2024-04,Japanese Grand Prix,2024,4,2024-04-07,train,,False,invalid_lap_time;timing_not_accurate
0 days 01:37:58.806000,HAM,44,0 days 00:01:38.303000,4.0,2.0,,,0 days 00:00:35.858000,0 days 00:00:43.823000,0 days 00:00:18.622000,0 days 01:36:56.361000,0 days 01:37:40.184000,0 days 01:37:58.806000,276.0,298.0,258.0,299.0,True,HARD,3.0,True,Mercedes,0 days 01:36:20.503000,,1,8.0,False,,False,True,2024-04,Japanese Grand Prix,2024,4,2024-04-07,train,98.303,True,
0 days 01:39:36.945000,HAM,44,0 days 00:01:38.139000,5.0,2.0,,,0 days 00:00:35.536000,0 days 00:00:43.844000,0 days 00:00:18.759000,0 days 01:38:34.342000,0 days 01:39:18.186000,0 days 01:39:36.945000,277.0,299.0,257.0,298.0,True,HARD,4.0,True,Mercedes,0 days 01:37:58.806000,,1,8.0,False,,False,True,2024-04,Japanese Grand Prix,2024,4,2024-04-07,train,98.139,True,
0 days 01:41:15.135000,HAM,44,0 days 00:01:38.190000,6.0,2.0,,,0 days 00:00:35.579000,0 days 00:00:43.867000,0 days 00:00:18.744000,0 days 01:40:12.524000,0 days 01:40:56.391000,0 days 01:41:15.135000,273.0,299.0,254.0,301.0,False,HARD,5.0,True,Mercedes,0 days 01:39:36.945000,,1,8.0,False,,False,True,2024-04,Japanese Grand Prix,2024,4,2024-04-07,train,98.19,True,
0 days 01:42:53.509000,HAM,44,0 days 00:01:38.374000,7.0,2.0,,,0 days 00:00:35.608000,0 days 00:00:43.999000,0 days 00:00:18.767000,0 days 01:41:50.743000,0 days 01:42:34.742000,0 days 01:42:53.509000,273.0,298.0,254.0,299.0,False,HARD,6.0,True,Mercedes,0 days 01:41:15.135000,,1,8.0,False,,False,True,2024-04,Japanese Grand Prix,2024,4,2024-04-07,train,98.374,True,
0 days 01:44:31.605000,HAM,44,0 days 00:01:38.096000,8.0,2.0,,,0 days 00:00:35.574000,0 days 00:00:43.767000,0 days 00:00:18.755000,0 days 01:43:29.083000,0 days 01:44:12.850000,0 days 01:44:31.605000,275.0,299.0,254.0,301.0,True,HARD,7.0,True,Mercedes,0 days 01:42:53.509000,,1,8.0,False,,False,True,2024-04,Japanese Grand Prix,2024,4,2024-04-07,train,98.096,True,
0 days 01:46:10.138000,HAM,44,0 days 00:01:38.533000,9.0,2.0,,,0 days 00:00:35.734000,0 days 00:00:43.914000,0 days 00:00:18.885000,0 days 01:45:07.339000,0 days 01:45:51.253000,0 days 01:46:10.138000,273.0,298.0,252.0,299.0,False,HARD,8.0,True,Mercedes,0 days 01:44:31.605000,,1,8.0,False,,False,True,2024-04,Japanese Grand Prix,2024,4,2024-04-07,train,98.533,True,
0 days 01:47:48.841000,HAM,44,0 days 00:01:38.703000,10.0,2.0,,,0 days 00:00:35.851000,0 days 00:00:44.070000,0 days 00:00:18.782000,0 days 01:46:45.989000,0 days 01:47:30.059000,0 days 01:47:48.841000,272.0,298.0,253.0,297.0,False,HARD,9.0,True,Mercedes,0 days 01:46:10.138000,,1,8.0,False,,False,True,2024-04,Japanese Grand Prix,2024,4,2024-04-07,train,98.703,True,
0 days 01:49:28.133000,HAM,44,0 days 00:01:39.292000,11.0,2.0,,,0 days 00:00:35.838000,0 days 00:00:44.473000,0 days 00:00:18.981000,0 days 01:48:24.679000,0 days 01:49:09.152000,0 days 01:49:28.133000,274.0,297.0,253.0,300.0,False,HARD,10.0,True,Mercedes,0 days 01:47:48.841000,,1,8.0,False,,False,True,2024-04,Japanese Grand Prix,2024,4,2024-04-07,train,99.292,True,
0 days 01:51:07.335000,HAM,44,0 days 00:01:39.202000,12.0,2.0,,,0 days 00:00:35.899000,0 days 00:00:44.422000,0 days 00:00:18.881000,0 days 01:50:04.032000,0 days 01:50:48.454000,0 days 01:51:07.335000,275.0,296.0,254.0,298.0,False,HARD,11.0,True,Mercedes,0 days 01:49:28.133000,,1,7.0,False,,False,True,2024-04,Japanese Grand Prix,2024,4,2024-04-07,train,99.202,True,
0 days 01:52:47.575000,HAM,44,0 days 00:01:40.240000,13.0,2.0,,,0 days 00:00:35.824000,0 days 00:00:44.247000,0 days 00:00:20.169000,0 days 01:51:43.159000,0 days 01:52:27.406000,0 days 01:52:47.575000,277.0,296.0,255.0,298.0,False,HARD,12.0,True,Mercedes,0 days 01:51:07.335000,,1,7.0,False,,False,True,2024-04,Japanese Grand Prix,2024,4,2024-04-07,train,100.24,True,
0 days 01:54:26.628000,HAM,44,0 days 00:01:39.053000,14.0,2.0,,,0 days 00:00:35.984000,0 days 00:00:44.192000,0 days 00:00:18.877000,0 days 01:53:23.559000,0 days 01:54:07.751000,0 days 01:54:26.628000,275.0,296.0,254.0,299.0,False,HARD,13.0,True,Mercedes,0 days 01:52:47.575000,,1,6.0,False,,False,True,2024-04,Japanese Grand Prix,2024,4,2024-04-07,train,99.053,True,
0 days 01:56:05.543000,HAM,44,0 days 00:01:38.915000,15.0,2.0,,,0 days 00:00:35.941000,0 days 00:00:44.095000,0 days 00:00:18.879000,0 days 01:55:02.569000,0 days 01:55:46.664000,0 days 01:56:05.543000,275.0,298.0,254.0,299.0,False,HARD,14.0,True,Mercedes,0 days 01:54:26.628000,,1,6.0,False,,False,True,2024-04,Japanese Grand Prix,2024,4,2024-04-07,train,98.915,True,
0 days 01:57:44.236000,HAM,44,0 days 00:01:38.693000,16.0,2.0,,,0 days 00:00:35.818000,0 days 00:00:43.958000,0 days 00:00:18.917000,0 days 01:56:41.361000,0 days 01:57:25.319000,0 days 01:57:44.236000,277.0,297.0,255.0,299.0,False,HARD,15.0,True,Mercedes,0 days 01:56:05.543000,,1,4.0,False,,False,True,2024-04,Japanese Grand Prix,2024,4,2024-04-07,train,98.693,True,
0 days 01:59:24.766000,HAM,44,0 days 00:01:40.530000,17.0,2.0,,,0 days 00:00:36.398000,0 days 00:00:44.256000,0 days 00:00:19.876000,0 days 01:58:20.634000,0 days 01:59:04.890000,0 days 01:59:24.766000,278.0,299.0,257.0,250.0,False,HARD,16.0,True,Mercedes,0 days 01:57:44.236000,,1,6.0,False,,False,True,2024-04,Japanese Grand Prix,2024,4,2024-04-07,train,100.53,True,
0 days 02:01:04.070000,HAM,44,0 days 00:01:39.304000,18.0,2.0,,,0 days 00:00:36.162000,0 days 00:00:44.270000,0 days 00:00:18.872000,0 days 02:00:00.928000,0 days 02:00:45.198000,0 days 02:01:04.070000,276.0,298.0,254.0,298.0,False,HARD,17.0,True,Mercedes,0 days 01:59:24.766000,,1,6.0,False,,False,True,2024-04,Japanese Grand Prix,2024,4,2024-04-07,train,99.304,True,
0 days 02:02:43.422000,HAM,44,0 days 00:01:39.352000,19.0,2.0,,,0 days 00:00:35.728000,0 days 00:00:44.662000,0 days 00:00:18.962000,0 days 02:01:39.798000,0 days 02:02:24.460000,0 days 02:02:43.422000,277.0,301.0,256.0,302.0,False,HARD,18.0,True,Mercedes,0 days 02:01:04.070000,,1,7.0,False,,False,True,2024-04,Japanese Grand Prix,2024,4,2024-04-07,train,99.352,True,
0 days 02:04:22.041000,HAM,44,0 days 00:01:38.619000,20.0,2.0,,,0 days 00:00:35.668000,0 days 00:00:44.172000,0 days 00:00:18.779000,0 days 02:03:19.090000,0 days 02:04:03.262000,0 days 02:04:22.041000,276.0,298.0,254.0,299.0,False,HARD,19.0,True,Mercedes,0 days 02:02:43.422000,,1,7.0,False,,False,True,2024-04,Japanese Grand Prix,2024,4,2024-04-07,train,98.619,True,
0 days 02:06:00.683000,HAM,44,0 days 00:01:38.642000,21.0,2.0,,,0 days 00:00:35.841000,0 days 00:00:43.997000,0 days 00:00:18.804000,0 days 02:04:57.882000,0 days 02:05:41.879000,0 days 02:06:00.683000,276.0,297.0,255.0,298.0,False,HARD,20.0,True,Mercedes,0 days 02:04:22.041000,,1,7.0,False,,False,True,2024-04,Japanese Grand Prix,2024,4,2024-04-07,train,98.642,True,
0 days 02:07:40.506000,HAM,44,0 days 00:01:39.823000,22.0,2.0,,,0 days 00:00:36.660000,0 days 00:00:44.270000,0 days 00:00:18.893000,0 days 02:06:37.343000,0 days 02:07:21.613000,0 days 02:07:40.506000,276.0,298.0,254.0,300.0,False,HARD,21.0,True,Mercedes,0 days 02:06:00.683000,,1,8.0,False,,False,True,2024-04,Japanese Grand Prix,2024,4,2024-04-07,train,99.823,True,
0 days 02:09:21.972000,HAM,44,0 days 00:01:41.466000,23.0,2.0,,0 days 02:09:20.721000,0 days 00:00:35.820000,0 days 00:00:44.201000,0 days 00:00:21.445000,0 days 02:08:16.326000,0 days 02:09:00.527000,0 days 02:09:21.972000,275.0,298.0,,298.0,False,HARD,22.0,True,Mercedes,0 days 02:07:40.506000,,1,8.0,False,,False,False,2024-04,Japanese Grand Prix,2024,4,2024-04-07,train,101.466,False,pit_in;timing_not_accurate
0 days 02:11:17.099000,HAM,44,0 days 00:01:55.127000,24.0,3.0,0 days 02:09:44.066000,,0 days 00:00:54.358000,0 days 00:00:42.356000,0 days 00:00:18.413000,0 days 02:10:16.330000,0 days 02:10:58.686000,0 days 02:11:17.099000,280.0,295.0,256.0,291.0,False,HARD,1.0,True,Mercedes,0 days 02:09:21.972000,,1,9.0,False,,False,False,2024-04,Japanese Grand Prix,2024,4,2024-04-07,train,115.127,False,pit_out;timing_not_accurate
0 days 02:12:52.531000,HAM,44,0 days 00:01:35.432000,25.0,3.0,,,0 days 00:00:34.524000,0 days 00:00:42.559000,0 days 00:00:18.349000,0 days 02:11:51.623000,0 days 02:12:34.182000,0 days 02:12:52.531000,279.0,297.0,255.0,296.0,True,HARD,2.0,True,Mercedes,0 days 02:11:17.099000,,1,9.0,False,,False,True,2024-04,Japanese Grand Prix,2024,4,2024-04-07,train,95.432,True,
0 days 02:14:27.978000,HAM,44,0 days 00:01:35.447000,26.0,3.0,,,0 days 00:00:34.170000,0 days 00:00:42.728000,0 days 00:00:18.549000,0 days 02:13:26.701000,0 days 02:14:09.429000,0 days 02:14:27.978000,279.0,297.0,254.0,295.0,False,HARD,3.0,True,Mercedes,0 days 02:12:52.531000,,1,9.0,False,,False,True,2024-04,Japanese Grand Prix,2024,4,2024-04-07,train,95.447,True,
0 days 02:16:04.113000,HAM,44,0 days 00:01:36.135000,27.0,3.0,,,0 days 00:00:34.746000,0 days 00:00:42.943000,0 days 00:00:18.446000,0 days 02:15:02.724000,0 days 02:15:45.667000,0 days 02:16:04.113000,279.0,299.0,256.0,297.0,False,HARD,4.0,True,Mercedes,0 days 02:14:27.978000,,1,9.0,False,,False,True,2024-04,Japanese Grand Prix,2024,4,2024-04-07,train,96.135,True,
0 days 02:17:40.408000,HAM,44,0 days 00:01:36.295000,28.0,3.0,,,0 days 00:00:34.843000,0 days 00:00:42.959000,0 days 00:00:18.493000,0 days 02:16:38.956000,0 days 02:17:21.915000,0 days 02:17:40.408000,277.0,299.0,254.0,299.0,False,HARD,5.0,True,Mercedes,0 days 02:16:04.113000,,1,9.0,False,,False,True,2024-04,Japanese Grand Prix,2024,4,2024-04-07,train,96.295,True,
0 days 02:19:17.154000,HAM,44,0 days 00:01:36.746000,29.0,3.0,,,0 days 00:00:34.932000,0 days 00:00:43.149000,0 days 00:00:18.665000,0 days 02:18:15.340000,0 days 02:18:58.489000,0 days 02:19:17.154000,280.0,299.0,255.0,298.0,False,HARD,6.0,True,Mercedes,0 days 02:17:40.408000,,1,9.0,False,,False,True,2024-04,Japanese Grand Prix,2024,4,2024-04-07,train,96.746,True,
0 days 02:20:53.553000,HAM,44,0 days 00:01:36.399000,30.0,3.0,,,0 days 00:00:34.825000,0 days 00:00:42.982000,0 days 00:00:18.592000,0 days 02:19:51.979000,0 days 02:20:34.961000,0 days 02:20:53.553000,277.0,300.0,255.0,299.0,False,HARD,7.0,True,Mercedes,0 days 02:19:17.154000,,1,9.0,False,,False,True,2024-04,Japanese Grand Prix,2024,4,2024-04-07,train,96.399,True,
0 days 02:22:30.139000,HAM,44,0 days 00:01:36.586000,31.0,3.0,,,0 days 00:00:35.010000,0 days 00:00:43.081000,0 days 00:00:18.495000,0 days 02:21:28.563000,0 days 02:22:11.644000,0 days 02:22:30.139000,278.0,299.0,256.0,297.0,False,HARD,8.0,True,Mercedes,0 days 02:20:53.553000,,1,9.0,False,,False,True,2024-04,Japanese Grand Prix,2024,4,2024-04-07,train,96.586,True,
0 days 02:24:06.740000,HAM,44,0 days 00:01:36.601000,32.0,3.0,,,0 days 00:00:34.864000,0 days 00:00:43.096000,0 days 00:00:18.641000,0 days 02:23:05.003000,0 days 02:23:48.099000,0 days 02:24:06.740000,280.0,300.0,255.0,299.0,False,HARD,9.0,True,Mercedes,0 days 02:22:30.139000,,1,9.0,False,,False,True,2024-04,Japanese Grand Prix,2024,4,2024-04-07,train,96.601,True,
0 days 02:25:43.184000,HAM,44,0 days 00:01:36.444000,33.0,3.0,,,0 days 00:00:34.902000,0 days 00:00:43.011000,0 days 00:00:18.531000,0 days 02:24:41.642000,0 days 02:25:24.653000,0 days 02:25:43.184000,278.0,300.0,255.0,299.0,False,HARD,10.0,True,Mercedes,0 days 02:24:06.740000,,1,8.0,False,,False,True,2024-04,Japanese Grand Prix,2024,4,2024-04-07,train,96.444,True,
0 days 02:27:19.891000,HAM,44,0 days 00:01:36.707000,34.0,3.0,,,0 days 00:00:34.966000,0 days 00:00:43.168000,0 days 00:00:18.573000,0 days 02:26:18.150000,0 days 02:27:01.318000,0 days 02:27:19.891000,280.0,301.0,257.0,298.0,False,HARD,11.0,True,Mercedes,0 days 02:25:43.184000,,1,7.0,False,,False,True,2024-04,Japanese Grand Prix,2024,4,2024-04-07,train,96.707,True,
0 days 02:28:56.405000,HAM,44,0 days 00:01:36.514000,35.0,3.0,,,0 days 00:00:34.839000,0 days 00:00:43.130000,0 days 00:00:18.545000,0 days 02:27:54.730000,0 days 02:28:37.860000,0 days 02:28:56.405000,277.0,300.0,257.0,300.0,False,HARD,12.0,True,Mercedes,0 days 02:27:19.891000,,1,7.0,False,,False,True,2024-04,Japanese Grand Prix,2024,4,2024-04-07,train,96.514,True,
0 days 02:30:32.596000,HAM,44,0 days 00:01:36.191000,36.0,3.0,,,0 days 00:00:34.637000,0 days 00:00:43.020000,0 days 00:00:18.534000,0 days 02:29:31.042000,0 days 02:30:14.062000,0 days 02:30:32.596000,280.0,300.0,257.0,299.0,False,HARD,13.0,True,Mercedes,0 days 02:28:56.405000,,1,7.0,False,,False,True,2024-04,Japanese Grand Prix,2024,4,2024-04-07,train,96.191,True,
0 days 02:32:09.218000,HAM,44,0 days 00:01:36.622000,37.0,3.0,,,0 days 00:00:34.803000,0 days 00:00:43.279000,0 days 00:00:18.540000,0 days 02:31:07.399000,0 days 02:31:50.678000,0 days 02:32:09.218000,277.0,300.0,257.0,300.0,False,HARD,14.0,True,Mercedes,0 days 02:30:32.596000,,1,6.0,False,,False,True,2024-04,Japanese Grand Prix,2024,4,2024-04-07,train,96.622,True,
0 days 02:33:46.676000,HAM,44,0 days 00:01:37.458000,38.0,3.0,,,0 days 00:00:35.605000,0 days 00:00:43.258000,0 days 00:00:18.595000,0 days 02:32:44.823000,0 days 02:33:28.081000,0 days 02:33:46.676000,281.0,300.0,256.0,299.0,False,HARD,15.0,True,Mercedes,0 days 02:32:09.218000,,1,6.0,False,,False,True,2024-04,Japanese Grand Prix,2024,4,2024-04-07,train,97.458,True,
0 days 02:35:25.706000,HAM,44,0 days 00:01:39.030000,39.0,3.0,,0 days 02:35:24.495000,0 days 00:00:34.938000,0 days 00:00:43.183000,0 days 00:00:20.909000,0 days 02:34:21.614000,0 days 02:35:04.797000,0 days 02:35:25.706000,281.0,300.0,,299.0,False,HARD,16.0,True,Mercedes,0 days 02:33:46.676000,,1,6.0,False,,False,False,2024-04,Japanese Grand Prix,2024,4,2024-04-07,train,99.03,False,pit_in;timing_not_accurate
0 days 02:37:20.115000,HAM,44,0 days 00:01:54.409000,40.0,4.0,0 days 02:35:48.309000,,0 days 00:00:54.183000,0 days 00:00:41.851000,0 days 00:00:18.375000,0 days 02:36:19.889000,0 days 02:37:01.740000,0 days 02:37:20.115000,283.0,298.0,258.0,293.0,False,MEDIUM,2.0,False,Mercedes,0 days 02:35:25.706000,,1,9.0,False,,False,False,2024-04,Japanese Grand Prix,2024,4,2024-04-07,train,114.409,False,pit_out;timing_not_accurate
0 days 02:38:54.067000,HAM,44,0 days 00:01:33.952000,41.0,4.0,,,0 days 00:00:33.633000,0 days 00:00:42.033000,0 days 00:00:18.286000,0 days 02:37:53.748000,0 days 02:38:35.781000,0 days 02:38:54.067000,283.0,299.0,258.0,296.0,True,MEDIUM,3.0,False,Mercedes,0 days 02:37:20.115000,,12,9.0,False,,False,True,2024-04,Japanese Grand Prix,2024,4,2024-04-07,train,93.952,False,not_green_only
0 days 02:40:28.305000,HAM,44,0 days 00:01:34.238000,42.0,4.0,,,0 days 00:00:33.805000,0 days 00:00:42.220000,0 days 00:00:18.213000,0 days 02:39:27.872000,0 days 02:40:10.092000,0 days 02:40:28.305000,279.0,299.0,258.0,297.0,False,MEDIUM,4.0,False,Mercedes,0 days 02:38:54.067000,,21,9.0,False,,False,True,2024-04,Japanese Grand Prix,2024,4,2024-04-07,train,94.238,False,not_green_only
0 days 02:42:02.387000,HAM,44,0 days 00:01:34.082000,43.0,4.0,,,0 days 00:00:33.727000,0 days 00:00:42.033000,0 days 00:00:18.322000,0 days 02:41:02.032000,0 days 02:41:44.065000,0 days 02:42:02.387000,281.0,300.0,257.0,297.0,False,MEDIUM,5.0,False,Mercedes,0 days 02:40:28.305000,,1,9.0,False,,False,True,2024-04,Japanese Grand Prix,2024,4,2024-04-07,train,94.082,True,
0 days 02:43:36.724000,HAM,44,0 days 00:01:34.337000,44.0,4.0,,,0 days 00:00:33.907000,0 days 00:00:42.172000,0 days 00:00:18.258000,0 days 02:42:36.294000,0 days 02:43:18.466000,0 days 02:43:36.724000,280.0,300.0,257.0,298.0,False,MEDIUM,6.0,False,Mercedes,0 days 02:42:02.387000,,1,9.0,False,,False,True,2024-04,Japanese Grand Prix,2024,4,2024-04-07,train,94.337,True,
0 days 02:45:11.515000,HAM,44,0 days 00:01:34.791000,45.0,4.0,,,0 days 00:00:34.053000,0 days 00:00:42.355000,0 days 00:00:18.383000,0 days 02:44:10.777000,0 days 02:44:53.132000,0 days 02:45:11.515000,280.0,300.0,256.0,298.0,False,MEDIUM,7.0,False,Mercedes,0 days 02:43:36.724000,,1,9.0,True,TRACK LIMITS AT TURN 14 LAP 45 ,False,True,2024-04,Japanese Grand Prix,2024,4,2024-04-07,train,94.791,False,deleted_or_unknown
0 days 02:46:46.313000,HAM,44,0 days 00:01:34.798000,46.0,4.0,,,0 days 00:00:34.144000,0 days 00:00:42.357000,0 days 00:00:18.297000,0 days 02:45:45.659000,0 days 02:46:28.016000,0 days 02:46:46.313000,281.0,300.0,258.0,298.0,False,MEDIUM,8.0,False,Mercedes,0 days 02:45:11.515000,,1,9.0,False,,False,True,2024-04,Japanese Grand Prix,2024,4,2024-04-07,train,94.798,True,
0 days 02:48:20.992000,HAM,44,0 days 00:01:34.679000,47.0,4.0,,,0 days 00:00:33.889000,0 days 00:00:42.469000,0 days 00:00:18.321000,0 days 02:47:20.202000,0 days 02:48:02.671000,0 days 02:48:20.992000,281.0,300.0,257.0,299.0,False,MEDIUM,9.0,False,Mercedes,0 days 02:46:46.313000,,1,9.0,False,,False,True,2024-04,Japanese Grand Prix,2024,4,2024-04-07,train,94.679,True,
0 days 02:49:55.892000,HAM,44,0 days 00:01:34.900000,48.0,4.0,,,0 days 00:00:33.944000,0 days 00:00:42.585000,0 days 00:00:18.371000,0 days 02:48:54.936000,0 days 02:49:37.521000,0 days 02:49:55.892000,281.0,300.0,257.0,299.0,False,MEDIUM,10.0,False,Mercedes,0 days 02:48:20.992000,,1,9.0,False,,False,True,2024-04,Japanese Grand Prix,2024,4,2024-04-07,train,94.9,True,
0 days 02:51:30.939000,HAM,44,0 days 00:01:35.047000,49.0,4.0,,,0 days 00:00:34.013000,0 days 00:00:42.648000,0 days 00:00:18.386000,0 days 02:50:29.905000,0 days 02:51:12.553000,0 days 02:51:30.939000,281.0,300.0,258.0,300.0,False,MEDIUM,11.0,False,Mercedes,0 days 02:49:55.892000,,1,9.0,False,,False,True,2024-04,Japanese Grand Prix,2024,4,2024-04-07,train,95.047,True,
0 days 02:53:06.369000,HAM,44,0 days 00:01:35.430000,50.0,4.0,,,0 days 00:00:34.170000,0 days 00:00:42.831000,0 days 00:00:18.429000,0 days 02:52:05.109000,0 days 02:52:47.940000,0 days 02:53:06.369000,279.0,301.0,259.0,302.0,False,MEDIUM,12.0,False,Mercedes,0 days 02:51:30.939000,,1,9.0,False,,False,True,2024-04,Japanese Grand Prix,2024,4,2024-04-07,train,95.43,True,
0 days 02:54:41.845000,HAM,44,0 days 00:01:35.476000,51.0,4.0,,,0 days 00:00:34.439000,0 days 00:00:42.639000,0 days 00:00:18.398000,0 days 02:53:40.808000,0 days 02:54:23.447000,0 days 02:54:41.845000,282.0,303.0,258.0,302.0,False,MEDIUM,13.0,False,Mercedes,0 days 02:53:06.369000,,1,9.0,False,,False,True,2024-04,Japanese Grand Prix,2024,4,2024-04-07,train,95.476,True,
0 days 02:56:17.080000,HAM,44,0 days 00:01:35.235000,52.0,4.0,,,0 days 00:00:34.100000,0 days 00:00:42.675000,0 days 00:00:18.460000,0 days 02:55:15.945000,0 days 02:55:58.620000,0 days 02:56:17.080000,283.0,303.0,259.0,301.0,False,MEDIUM,14.0,False,Mercedes,0 days 02:54:41.845000,,1,9.0,False,,False,True,2024-04,Japanese Grand Prix,2024,4,2024-04-07,train,95.235,True,
0 days 02:57:52.853000,HAM,44,0 days 00:01:35.773000,53.0,4.0,,,0 days 00:00:34.410000,0 days 00:00:42.789000,0 days 00:00:18.574000,0 days 02:56:51.490000,0 days 02:57:34.279000,0 days 02:57:52.853000,282.0,304.0,251.0,303.0,False,MEDIUM,15.0,False,Mercedes,0 days 02:56:17.080000,,1,9.0,False,,False,True,2024-04,Japanese Grand Prix,2024,4,2024-04-07,train,95.773,True,
0 days 01:05:15.209000,LEC,16,0 days 00:02:34.543000,1.0,1.0,,0 days 01:05:12.799000,,0 days 00:01:17.828000,0 days 00:00:37.701000,,0 days 01:04:37.567000,0 days 01:05:15.480000,275.0,174.0,,151.0,False,MEDIUM,1.0,True,Ferrari,0 days 01:02:40.422000,,125,8.0,False,,False,False,2024-04,Japanese Grand Prix,2024,4,2024-04-07,train,154.543,False,opening_lap;pit_in;not_green_only;timing_not_accurate
0 days 01:33:46.870000,LEC,16,,2.0,2.0,0 days 01:31:36.027000,,,0 days 00:00:47.727000,0 days 00:00:46.919000,,0 days 01:33:00.010000,0 days 01:33:47.016000,254.0,260.0,57.0,148.0,False,MEDIUM,1.0,True,Ferrari,0 days 01:30:58.774000,,1,8.0,False,,False,False,2024-04,Japanese Grand Prix,2024,4,2024-04-07,train,,False,invalid_lap_time;pit_out;timing_not_accurate
0 days 01:36:19.875000,LEC,16,,3.0,2.0,,,0 days 00:01:30.624000,0 days 00:00:43.564000,0 days 00:00:18.878000,0 days 01:35:17.765000,0 days 01:36:01.186000,0 days 01:36:20.001000,275.0,298.0,253.0,293.0,False,MEDIUM,2.0,True,Ferrari,0 days 01:33:46.870000,,1,7.0,False,,False,False,2024-04,Japanese Grand Prix,2024,4,2024-04-07,train,,False,invalid_lap_time;timing_not_accurate
0 days 01:37:58.143000,LEC,16,0 days 00:01:38.268000,4.0,2.0,,,0 days 00:00:35.805000,0 days 00:00:43.656000,0 days 00:00:18.807000,0 days 01:36:55.739000,0 days 01:37:39.395000,0 days 01:37:58.202000,275.0,297.0,254.0,301.0,True,MEDIUM,3.0,True,Ferrari,0 days 01:36:19.875000,,1,7.0,False,,False,True,2024-04,Japanese Grand Prix,2024,4,2024-04-07,train,98.268,True,
0 days 01:39:35.955000,LEC,16,0 days 00:01:37.812000,5.0,2.0,,,0 days 00:00:35.265000,0 days 00:00:43.755000,0 days 00:00:18.792000,0 days 01:38:33.467000,0 days 01:39:17.222000,0 days 01:39:36.014000,271.0,297.0,251.0,295.0,True,MEDIUM,4.0,True,Ferrari,0 days 01:37:58.143000,,1,7.0,False,,False,True,2024-04,Japanese Grand Prix,2024,4,2024-04-07,train,97.812,True,
0 days 01:41:13.976000,LEC,16,0 days 00:01:38.021000,6.0,2.0,,,0 days 00:00:35.450000,0 days 00:00:43.788000,0 days 00:00:18.783000,0 days 01:40:11.464000,0 days 01:40:55.252000,0 days 01:41:14.035000,273.0,297.0,252.0,297.0,False,MEDIUM,5.0,True,Ferrari,0 days 01:39:35.955000,,1,7.0,False,,False,True,2024-04,Japanese Grand Prix,2024,4,2024-04-07,train,98.021,True,
0 days 01:42:52.163000,LEC,16,0 days 00:01:38.187000,7.0,2.0,,,0 days 00:00:35.725000,0 days 00:00:43.707000,0 days 00:00:18.755000,0 days 01:41:49.760000,0 days 01:42:33.467000,0 days 01:42:52.222000,271.0,297.0,252.0,298.0,False,MEDIUM,6.0,True,Ferrari,0 days 01:41:13.976000,,1,7.0,False,,False,True,2024-04,Japanese Grand Prix,2024,4,2024-04-07,train,98.187,True,
0 days 01:44:30.083000,LEC,16,0 days 00:01:37.920000,8.0,2.0,,,0 days 00:00:35.499000,0 days 00:00:43.706000,0 days 00:00:18.715000,0 days 01:43:27.721000,0 days 01:44:11.427000,0 days 01:44:30.142000,273.0,299.0,256.0,302.0,False,MEDIUM,7.0,True,Ferrari,0 days 01:42:52.163000,,1,7.0,False,,False,True,2024-04,Japanese Grand Prix,2024,4,2024-04-07,train,97.92,True,
0 days 01:46:08.296000,LEC,16,0 days 00:01:38.213000,9.0,2.0,,,0 days 00:00:35.682000,0 days 00:00:43.768000,0 days 00:00:18.763000,0 days 01:45:05.824000,0 days 01:45:49.592000,0 days 01:46:08.355000,272.0,300.0,256.0,301.0,False,MEDIUM,8.0,True,Ferrari,0 days 01:44:30.083000,,1,7.0,False,,False,True,2024-04,Japanese Grand Prix,2024,4,2024-04-07,train,98.213,True,
0 days 01:47:47.330000,LEC,16,0 days 00:01:39.034000,10.0,2.0,,,0 days 00:00:36.074000,0 days 00:00:44.059000,0 days 00:00:18.901000,0 days 01:46:44.429000,0 days 01:47:28.488000,0 days 01:47:47.389000,272.0,299.0,257.0,301.0,False,MEDIUM,9.0,True,Ferrari,0 days 01:46:08.296000,,1,7.0,False,,False,True,2024-04,Japanese Grand Prix,2024,4,2024-04-07,train,99.034,True,
0 days 01:49:26.523000,LEC,16,0 days 00:01:39.193000,11.0,2.0,,,0 days 00:00:36.228000,0 days 00:00:44.179000,0 days 00:00:18.786000,0 days 01:48:23.617000,0 days 01:49:07.796000,0 days 01:49:26.582000,270.0,298.0,258.0,297.0,False,MEDIUM,10.0,True,Ferrari,0 days 01:47:47.330000,,1,7.0,False,,False,True,2024-04,Japanese Grand Prix,2024,4,2024-04-07,train,99.193,True,
0 days 01:51:05.406000,LEC,16,0 days 00:01:38.883000,12.0,2.0,,,0 days 00:00:35.996000,0 days 00:00:43.969000,0 days 00:00:18.918000,0 days 01:50:02.578000,0 days 01:50:46.547000,0 days 01:51:05.465000,271.0,298.0,256.0,297.0,False,MEDIUM,11.0,True,Ferrari,0 days 01:49:26.523000,,1,5.0,False,,False,True,2024-04,Japanese Grand Prix,2024,4,2024-04-07,train,98.883,True,
0 days 01:52:43.885000,LEC,16,0 days 00:01:38.479000,13.0,2.0,,,0 days 00:00:35.607000,0 days 00:00:43.981000,0 days 00:00:18.891000,0 days 01:51:41.072000,0 days 01:52:25.053000,0 days 01:52:43.944000,269.0,294.0,252.0,292.0,False,MEDIUM,12.0,True,Ferrari,0 days 01:51:05.406000,,1,4.0,False,,False,True,2024-04,Japanese Grand Prix,2024,4,2024-04-07,train,98.479,True,
0 days 01:54:22.480000,LEC,16,0 days 00:01:38.595000,14.0,2.0,,,0 days 00:00:35.883000,0 days 00:00:43.792000,0 days 00:00:18.920000,0 days 01:53:19.827000,0 days 01:54:03.619000,0 days 01:54:22.539000,272.0,291.0,251.0,293.0,False,MEDIUM,13.0,True,Ferrari,0 days 01:52:43.885000,,1,4.0,False,,False,True,2024-04,Japanese Grand Prix,2024,4,2024-04-07,train,98.595,True,
0 days 01:56:00.652000,LEC,16,0 days 00:01:38.172000,15.0,2.0,,,0 days 00:00:35.721000,0 days 00:00:43.614000,0 days 00:00:18.837000,0 days 01:54:58.260000,0 days 01:55:41.874000,0 days 01:56:00.711000,273.0,294.0,252.0,294.0,False,MEDIUM,14.0,True,Ferrari,0 days 01:54:22.480000,,1,4.0,False,,False,True,2024-04,Japanese Grand Prix,2024,4,2024-04-07,train,98.172,True,
0 days 01:57:38.528000,LEC,16,0 days 00:01:37.876000,16.0,2.0,,,0 days 00:00:35.533000,0 days 00:00:43.482000,0 days 00:00:18.861000,0 days 01:56:36.244000,0 days 01:57:19.726000,0 days 01:57:38.587000,275.0,292.0,252.0,293.0,False,MEDIUM,15.0,True,Ferrari,0 days 01:56:00.652000,,1,2.0,False,,False,True,2024-04,Japanese Grand Prix,2024,4,2024-04-07,train,97.876,True,
0 days 01:59:16.384000,LEC,16,0 days 00:01:37.856000,17.0,2.0,,,0 days 00:00:35.435000,0 days 00:00:43.554000,0 days 00:00:18.867000,0 days 01:58:14.022000,0 days 01:58:57.576000,0 days 01:59:16.443000,274.0,292.0,253.0,295.0,False,MEDIUM,16.0,True,Ferrari,0 days 01:57:38.528000,,1,1.0,False,,False,True,2024-04,Japanese Grand Prix,2024,4,2024-04-07,train,97.856,True,
0 days 02:00:54.144000,LEC,16,0 days 00:01:37.760000,18.0,2.0,,,0 days 00:00:35.551000,0 days 00:00:43.501000,0 days 00:00:18.708000,0 days 01:59:51.994000,0 days 02:00:35.495000,0 days 02:00:54.203000,274.0,292.0,252.0,295.0,True,MEDIUM,17.0,True,Ferrari,0 days 01:59:16.384000,,1,1.0,False,,False,True,2024-04,Japanese Grand Prix,2024,4,2024-04-07,train,97.76,True,
0 days 02:02:31.667000,LEC,16,0 days 00:01:37.523000,19.0,2.0,,,0 days 00:00:35.393000,0 days 00:00:43.470000,0 days 00:00:18.660000,0 days 02:01:29.596000,0 days 02:02:13.066000,0 days 02:02:31.726000,275.0,293.0,253.0,295.0,True,MEDIUM,18.0,True,Ferrari,0 days 02:00:54.144000,,1,1.0,False,,False,True,2024-04,Japanese Grand Prix,2024,4,2024-04-07,train,97.523,True,
0 days 02:04:09.147000,LEC,16,0 days 00:01:37.480000,20.0,2.0,,,0 days 00:00:35.344000,0 days 00:00:43.542000,0 days 00:00:18.594000,0 days 02:03:07.070000,0 days 02:03:50.612000,0 days 02:04:09.206000,274.0,293.0,254.0,294.0,True,MEDIUM,19.0,True,Ferrari,0 days 02:02:31.667000,,1,1.0,False,,False,True,2024-04,Japanese Grand Prix,2024,4,2024-04-07,train,97.48,True,
0 days 02:05:47.350000,LEC,16,0 days 00:01:38.203000,21.0,2.0,,,0 days 00:00:35.888000,0 days 00:00:43.624000,0 days 00:00:18.691000,0 days 02:04:45.094000,0 days 02:05:28.718000,0 days 02:05:47.409000,275.0,295.0,254.0,298.0,False,MEDIUM,20.0,True,Ferrari,0 days 02:04:09.147000,,1,2.0,False,,False,True,2024-04,Japanese Grand Prix,2024,4,2024-04-07,train,98.203,True,
0 days 02:07:25.094000,LEC,16,0 days 00:01:37.744000,22.0,2.0,,,0 days 00:00:35.399000,0 days 00:00:43.593000,0 days 00:00:18.752000,0 days 02:06:22.808000,0 days 02:07:06.401000,0 days 02:07:25.153000,275.0,295.0,253.0,295.0,False,MEDIUM,21.0,True,Ferrari,0 days 02:05:47.350000,,1,2.0,False,,False,True,2024-04,Japanese Grand Prix,2024,4,2024-04-07,train,97.744,True,
0 days 02:09:02.849000,LEC,16,0 days 00:01:37.755000,23.0,2.0,,,0 days 00:00:35.460000,0 days 00:00:43.550000,0 days 00:00:18.745000,0 days 02:08:00.613000,0 days 02:08:44.163000,0 days 02:09:02.908000,274.0,295.0,252.0,296.0,False,MEDIUM,22.0,True,Ferrari,0 days 02:07:25.094000,,1,2.0,False,,False,True,2024-04,Japanese Grand Prix,2024,4,2024-04-07,train,97.755,True,
0 days 02:10:40.920000,LEC,16,0 days 00:01:38.071000,24.0,2.0,,,0 days 00:00:35.654000,0 days 00:00:43.621000,0 days 00:00:18.796000,0 days 02:09:38.562000,0 days 02:10:22.183000,0 days 02:10:40.979000,273.0,294.0,253.0,295.0,False,MEDIUM,23.0,True,Ferrari,0 days 02:09:02.849000,,1,2.0,False,,False,True,2024-04,Japanese Grand Prix,2024,4,2024-04-07,train,98.071,True,
0 days 02:12:18.838000,LEC,16,0 days 00:01:37.918000,25.0,2.0,,,0 days 00:00:35.498000,0 days 00:00:43.731000,0 days 00:00:18.689000,0 days 02:11:16.477000,0 days 02:12:00.208000,0 days 02:12:18.897000,275.0,295.0,254.0,295.0,False,MEDIUM,24.0,True,Ferrari,0 days 02:10:40.920000,,1,2.0,False,,False,True,2024-04,Japanese Grand Prix,2024,4,2024-04-07,train,97.918,True,
0 days 02:14:02.013000,LEC,16,0 days 00:01:43.175000,26.0,2.0,,0 days 02:14:00.746000,0 days 00:00:35.536000,0 days 00:00:46.559000,0 days 00:00:21.080000,0 days 02:12:54.433000,0 days 02:13:40.992000,0 days 02:14:02.072000,273.0,297.0,,298.0,False,MEDIUM,25.0,True,Ferrari,0 days 02:12:18.838000,,1,4.0,True,TRACK LIMITS AT TURN 9 LAP 26 ,False,False,2024-04,Japanese Grand Prix,2024,4,2024-04-07,train,103.175,False,pit_in;timing_not_accurate;deleted_or_unknown
0 days 02:15:57.636000,LEC,16,0 days 00:01:55.623000,27.0,3.0,0 days 02:14:24.012000,,0 days 00:00:54.455000,0 days 00:00:42.624000,0 days 00:00:18.544000,0 days 02:14:56.527000,0 days 02:15:39.151000,0 days 02:15:57.695000,276.0,295.0,254.0,293.0,False,HARD,1.0,True,Ferrari,0 days 02:14:02.013000,,1,6.0,False,,False,False,2024-04,Japanese Grand Prix,2024,4,2024-04-07,train,115.623,False,pit_out;timing_not_accurate
0 days 02:17:33.726000,LEC,16,0 days 00:01:36.090000,28.0,3.0,,,0 days 00:00:34.766000,0 days 00:00:42.802000,0 days 00:00:18.522000,0 days 02:16:32.461000,0 days 02:17:15.263000,0 days 02:17:33.785000,275.0,297.0,254.0,293.0,True,HARD,2.0,True,Ferrari,0 days 02:15:57.636000,,1,6.0,False,,False,True,2024-04,Japanese Grand Prix,2024,4,2024-04-07,train,96.09,True,
0 days 02:19:10.083000,LEC,16,0 days 00:01:36.357000,29.0,3.0,,,0 days 00:00:34.918000,0 days 00:00:42.806000,0 days 00:00:18.633000,0 days 02:18:08.703000,0 days 02:18:51.509000,0 days 02:19:10.142000,275.0,296.0,253.0,295.0,False,HARD,3.0,True,Ferrari,0 days 02:17:33.726000,,1,6.0,False,,False,True,2024-04,Japanese Grand Prix,2024,4,2024-04-07,train,96.357,True,
0 days 02:20:46.308000,LEC,16,0 days 00:01:36.225000,30.0,3.0,,,0 days 00:00:34.913000,0 days 00:00:42.847000,0 days 00:00:18.465000,0 days 02:19:45.055000,0 days 02:20:27.902000,0 days 02:20:46.367000,275.0,297.0,254.0,296.0,False,HARD,4.0,True,Ferrari,0 days 02:19:10.083000,,1,6.0,False,,False,True,2024-04,Japanese Grand Prix,2024,4,2024-04-07,train,96.225,True,
0 days 02:22:22.509000,LEC,16,0 days 00:01:36.201000,31.0,3.0,,,0 days 00:00:34.794000,0 days 00:00:42.878000,0 days 00:00:18.529000,0 days 02:21:21.161000,0 days 02:22:04.039000,0 days 02:22:22.568000,275.0,299.0,254.0,297.0,False,HARD,5.0,True,Ferrari,0 days 02:20:46.308000,,1,6.0,False,,False,True,2024-04,Japanese Grand Prix,2024,4,2024-04-07,train,96.201,True,
0 days 02:23:58.653000,LEC,16,0 days 00:01:36.144000,32.0,3.0,,,0 days 00:00:34.901000,0 days 00:00:42.737000,0 days 00:00:18.506000,0 days 02:22:57.469000,0 days 02:23:40.206000,0 days 02:23:58.712000,279.0,300.0,258.0,301.0,False,HARD,6.0,True,Ferrari,0 days 02:22:22.509000,,1,5.0,False,,False,True,2024-04,Japanese Grand Prix,2024,4,2024-04-07,train,96.144,True,
0 days 02:25:34.531000,LEC,16,0 days 00:01:35.878000,33.0,3.0,,,0 days 00:00:34.376000,0 days 00:00:42.930000,0 days 00:00:18.572000,0 days 02:24:33.088000,0 days 02:25:16.018000,0 days 02:25:34.590000,276.0,298.0,254.0,298.0,True,HARD,7.0,True,Ferrari,0 days 02:23:58.653000,,1,5.0,False,,False,True,2024-04,Japanese Grand Prix,2024,4,2024-04-07,train,95.878,True,
0 days 02:27:10.851000,LEC,16,0 days 00:01:36.320000,34.0,3.0,,,0 days 00:00:34.925000,0 days 00:00:42.872000,0 days 00:00:18.523000,0 days 02:26:09.515000,0 days 02:26:52.387000,0 days 02:27:10.910000,277.0,296.0,255.0,297.0,False,HARD,8.0,True,Ferrari,0 days 02:25:34.531000,,1,3.0,False,,False,True,2024-04,Japanese Grand Prix,2024,4,2024-04-07,train,96.32,True,
0 days 02:28:46.907000,LEC,16,0 days 00:01:36.056000,35.0,3.0,,,0 days 00:00:34.740000,0 days 00:00:42.872000,0 days 00:00:18.444000,0 days 02:27:45.650000,0 days 02:28:28.522000,0 days 02:28:46.966000,278.0,297.0,256.0,299.0,False,HARD,9.0,True,Ferrari,0 days 02:27:10.851000,,1,3.0,False,,False,True,2024-04,Japanese Grand Prix,2024,4,2024-04-07,train,96.056,True,
0 days 02:30:23.588000,LEC,16,0 days 00:01:36.681000,36.0,3.0,,,0 days 00:00:35.315000,0 days 00:00:42.850000,0 days 00:00:18.516000,0 days 02:29:22.281000,0 days 02:30:05.131000,0 days 02:30:23.647000,276.0,300.0,257.0,298.0,False,HARD,10.0,True,Ferrari,0 days 02:28:46.907000,,1,4.0,False,,False,True,2024-04,Japanese Grand Prix,2024,4,2024-04-07,train,96.681,True,
0 days 02:31:59.723000,LEC,16,0 days 00:01:36.135000,37.0,3.0,,,0 days 00:00:34.712000,0 days 00:00:42.789000,0 days 00:00:18.634000,0 days 02:30:58.359000,0 days 02:31:41.148000,0 days 02:31:59.782000,276.0,298.0,256.0,297.0,False,HARD,11.0,True,Ferrari,0 days 02:30:23.588000,,1,3.0,False,,False,True,2024-04,Japanese Grand Prix,2024,4,2024-04-07,train,96.135,True,
0 days 02:33:35.752000,LEC,16,0 days 00:01:36.029000,38.0,3.0,,,0 days 00:00:34.752000,0 days 00:00:42.737000,0 days 00:00:18.540000,0 days 02:32:34.534000,0 days 02:33:17.271000,0 days 02:33:35.811000,277.0,299.0,256.0,300.0,False,HARD,12.0,True,Ferrari,0 days 02:31:59.723000,,1,3.0,False,,False,True,2024-04,Japanese Grand Prix,2024,4,2024-04-07,train,96.029,True,
0 days 02:35:11.445000,LEC,16,0 days 00:01:35.693000,39.0,3.0,,,0 days 00:00:34.610000,0 days 00:00:42.582000,0 days 00:00:18.501000,0 days 02:34:10.421000,0 days 02:34:53.003000,0 days 02:35:11.504000,280.0,301.0,255.0,303.0,True,HARD,13.0,True,Ferrari,0 days 02:33:35.752000,,1,3.0,False,,False,True,2024-04,Japanese Grand Prix,2024,4,2024-04-07,train,95.693,True,
0 days 02:36:47.786000,LEC,16,0 days 00:01:36.341000,40.0,3.0,,,0 days 00:00:34.998000,0 days 00:00:42.799000,0 days 00:00:18.544000,0 days 02:35:46.502000,0 days 02:36:29.301000,0 days 02:36:47.845000,275.0,298.0,256.0,297.0,False,HARD,14.0,True,Ferrari,0 days 02:35:11.445000,,1,3.0,False,,False,True,2024-04,Japanese Grand Prix,2024,4,2024-04-07,train,96.341,True,
0 days 02:38:23.237000,LEC,16,0 days 00:01:35.451000,41.0,3.0,,,0 days 00:00:34.356000,0 days 00:00:42.553000,0 days 00:00:18.542000,0 days 02:37:22.201000,0 days 02:38:04.754000,0 days 02:38:23.296000,277.0,298.0,256.0,298.0,True,HARD,15.0,True,Ferrari,0 days 02:36:47.786000,,1,3.0,False,,False,True,2024-04,Japanese Grand Prix,2024,4,2024-04-07,train,95.451,True,
0 days 02:39:59.034000,LEC,16,0 days 00:01:35.797000,42.0,3.0,,,0 days 00:00:34.362000,0 days 00:00:43.019000,0 days 00:00:18.416000,0 days 02:38:57.658000,0 days 02:39:40.677000,0 days 02:39:59.093000,278.0,297.0,257.0,299.0,False,HARD,16.0,True,Ferrari,0 days 02:38:23.237000,,12,3.0,False,,False,True,2024-04,Japanese Grand Prix,2024,4,2024-04-07,train,95.797,False,not_green_only
0 days 02:41:34.747000,LEC,16,0 days 00:01:35.713000,43.0,3.0,,,0 days 00:00:34.546000,0 days 00:00:42.666000,0 days 00:00:18.501000,0 days 02:40:33.639000,0 days 02:41:16.305000,0 days 02:41:34.806000,277.0,299.0,256.0,298.0,False,HARD,17.0,True,Ferrari,0 days 02:39:59.034000,,1,3.0,False,,False,True,2024-04,Japanese Grand Prix,2024,4,2024-04-07,train,95.713,True,
0 days 02:43:10.432000,LEC,16,0 days 00:01:35.685000,44.0,3.0,,,0 days 00:00:34.483000,0 days 00:00:42.776000,0 days 00:00:18.426000,0 days 02:42:09.289000,0 days 02:42:52.065000,0 days 02:43:10.491000,279.0,301.0,257.0,301.0,False,HARD,18.0,True,Ferrari,0 days 02:41:34.747000,,1,3.0,False,,False,True,2024-04,Japanese Grand Prix,2024,4,2024-04-07,train,95.685,True,
0 days 02:44:46.171000,LEC,16,0 days 00:01:35.739000,45.0,3.0,,,0 days 00:00:34.489000,0 days 00:00:42.616000,0 days 00:00:18.634000,0 days 02:43:44.980000,0 days 02:44:27.596000,0 days 02:44:46.230000,276.0,297.0,256.0,296.0,False,HARD,19.0,True,Ferrari,0 days 02:43:10.432000,,1,3.0,False,,False,True,2024-04,Japanese Grand Prix,2024,4,2024-04-07,train,95.739,True,
0 days 02:46:22.949000,LEC,16,0 days 00:01:36.778000,46.0,3.0,,,0 days 00:00:35.285000,0 days 00:00:42.882000,0 days 00:00:18.611000,0 days 02:45:21.515000,0 days 02:46:04.397000,0 days 02:46:23.008000,277.0,298.0,256.0,299.0,False,HARD,20.0,True,Ferrari,0 days 02:44:46.171000,,1,4.0,False,,False,True,2024-04,Japanese Grand Prix,2024,4,2024-04-07,train,96.778,True,
0 days 02:47:58.871000,LEC,16,0 days 00:01:35.922000,47.0,3.0,,,0 days 00:00:34.607000,0 days 00:00:42.757000,0 days 00:00:18.558000,0 days 02:46:57.615000,0 days 02:47:40.372000,0 days 02:47:58.930000,275.0,299.0,256.0,297.0,False,HARD,21.0,True,Ferrari,0 days 02:46:22.949000,,1,4.0,False,,False,True,2024-04,Japanese Grand Prix,2024,4,2024-04-07,train,95.922,True,
0 days 02:49:34.373000,LEC,16,0 days 00:01:35.502000,48.0,3.0,,,0 days 00:00:34.429000,0 days 00:00:42.600000,0 days 00:00:18.473000,0 days 02:48:33.359000,0 days 02:49:15.959000,0 days 02:49:34.432000,277.0,298.0,256.0,299.0,False,HARD,22.0,True,Ferrari,0 days 02:47:58.871000,,1,4.0,False,,False,True,2024-04,Japanese Grand Prix,2024,4,2024-04-07,train,95.502,True,
0 days 02:51:09.916000,LEC,16,0 days 00:01:35.543000,49.0,3.0,,,0 days 00:00:34.412000,0 days 00:00:42.697000,0 days 00:00:18.434000,0 days 02:50:08.844000,0 days 02:50:51.541000,0 days 02:51:09.975000,276.0,298.0,256.0,298.0,False,HARD,23.0,True,Ferrari,0 days 02:49:34.373000,,1,4.0,False,,False,True,2024-04,Japanese Grand Prix,2024,4,2024-04-07,train,95.543,True,
0 days 02:52:45.190000,LEC,16,0 days 00:01:35.274000,50.0,3.0,,,0 days 00:00:34.352000,0 days 00:00:42.548000,0 days 00:00:18.374000,0 days 02:51:44.327000,0 days 02:52:26.875000,0 days 02:52:45.249000,280.0,298.0,257.0,299.0,True,HARD,24.0,True,Ferrari,0 days 02:51:09.916000,,1,4.0,False,,False,True,2024-04,Japanese Grand Prix,2024,4,2024-04-07,train,95.274,True,
0 days 02:54:20.389000,LEC,16,0 days 00:01:35.199000,51.0,3.0,,,0 days 00:00:34.245000,0 days 00:00:42.492000,0 days 00:00:18.462000,0 days 02:53:19.494000,0 days 02:54:01.986000,0 days 02:54:20.448000,282.0,299.0,256.0,300.0,True,HARD,25.0,True,Ferrari,0 days 02:52:45.190000,,1,4.0,False,,False,True,2024-04,Japanese Grand Prix,2024,4,2024-04-07,train,95.199,True,
0 days 02:55:55.705000,LEC,16,0 days 00:01:35.316000,52.0,3.0,,,0 days 00:00:34.299000,0 days 00:00:42.573000,0 days 00:00:18.444000,0 days 02:54:54.747000,0 days 02:55:37.320000,0 days 02:55:55.764000,281.0,299.0,256.0,299.0,False,HARD,26.0,True,Ferrari,0 days 02:54:20.389000,,1,4.0,False,,False,True,2024-04,Japanese Grand Prix,2024,4,2024-04-07,train,95.316,True,
0 days 02:57:30.749000,LEC,16,0 days 00:01:35.044000,53.0,3.0,,,0 days 00:00:34.141000,0 days 00:00:42.505000,0 days 00:00:18.398000,0 days 02:56:29.905000,0 days 02:57:12.410000,0 days 02:57:30.808000,282.0,299.0,255.0,301.0,True,HARD,27.0,True,Ferrari,0 days 02:55:55.705000,,1,4.0,False,,False,True,2024-04,Japanese Grand Prix,2024,4,2024-04-07,train,95.044,True,
0 days 01:04:53.504000,PER,11,0 days 00:02:12.767000,1.0,1.0,,0 days 01:04:51.966000,,0 days 00:01:05.032000,0 days 00:00:31.841000,,0 days 01:04:21.723000,0 days 01:04:53.614000,278.0,223.0,,169.0,False,MEDIUM,1.0,True,Red Bull Racing,0 days 01:02:40.422000,,125,2.0,False,,False,False,2024-04,Japanese Grand Prix,2024,4,2024-04-07,train,132.767,False,opening_lap;pit_in;not_green_only;timing_not_accurate
0 days 01:33:24.869000,PER,11,,2.0,2.0,0 days 01:31:09.531000,,,0 days 00:00:56.894000,0 days 00:00:40.221000,,0 days 01:32:44.708000,0 days 01:33:25.035000,189.0,268.0,39.0,152.0,False,MEDIUM,2.0,False,Red Bull Racing,0 days 01:30:58.774000,,1,2.0,False,,False,False,2024-04,Japanese Grand Prix,2024,4,2024-04-07,train,,False,invalid_lap_time;pit_out;timing_not_accurate
0 days 01:36:16.440000,PER,11,,3.0,2.0,,,,0 days 00:00:42.877000,0 days 00:00:18.696000,,0 days 01:35:57.906000,0 days 01:36:16.719000,280.0,294.0,254.0,290.0,False,MEDIUM,3.0,False,Red Bull Racing,0 days 01:33:24.869000,,1,2.0,False,,False,False,2024-04,Japanese Grand Prix,2024,4,2024-04-07,train,,False,invalid_lap_time;timing_not_accurate
0 days 01:37:53.013000,PER,11,0 days 00:01:36.573000,4.0,2.0,,,0 days 00:00:34.694000,0 days 00:00:43.203000,0 days 00:00:18.676000,0 days 01:36:51.194000,0 days 01:37:34.397000,0 days 01:37:53.073000,275.0,295.0,257.0,296.0,True,MEDIUM,4.0,False,Red Bull Racing,0 days 01:36:16.440000,,1,2.0,False,,False,True,2024-04,Japanese Grand Prix,2024,4,2024-04-07,train,96.573,True,
0 days 01:39:29.581000,PER,11,0 days 00:01:36.568000,5.0,2.0,,,0 days 00:00:34.558000,0 days 00:00:43.311000,0 days 00:00:18.699000,0 days 01:38:27.631000,0 days 01:39:10.942000,0 days 01:39:29.641000,276.0,295.0,254.0,297.0,True,MEDIUM,5.0,False,Red Bull Racing,0 days 01:37:53.013000,,1,2.0,False,,False,True,2024-04,Japanese Grand Prix,2024,4,2024-04-07,train,96.568,True,
0 days 01:41:07.274000,PER,11,0 days 00:01:37.693000,6.0,2.0,,,0 days 00:00:35.008000,0 days 00:00:43.981000,0 days 00:00:18.704000,0 days 01:40:04.649000,0 days 01:40:48.630000,0 days 01:41:07.334000,275.0,295.0,253.0,290.0,False,MEDIUM,6.0,False,Red Bull Racing,0 days 01:39:29.581000,,1,2.0,True,TRACK LIMITS AT TURN 9 LAP 6 ,False,True,2024-04,Japanese Grand Prix,2024,4,2024-04-07,train,97.693,False,deleted_or_unknown
0 days 01:42:44.582000,PER,11,0 days 00:01:37.308000,7.0,2.0,,,0 days 00:00:35.091000,0 days 00:00:43.396000,0 days 00:00:18.821000,0 days 01:41:42.425000,0 days 01:42:25.821000,0 days 01:42:44.642000,277.0,295.0,254.0,286.0,False,MEDIUM,7.0,False,Red Bull Racing,0 days 01:41:07.274000,,1,2.0,False,,False,True,2024-04,Japanese Grand Prix,2024,4,2024-04-07,train,97.308,True,
0 days 01:44:21.802000,PER,11,0 days 00:01:37.220000,8.0,2.0,,,0 days 00:00:35.093000,0 days 00:00:43.381000,0 days 00:00:18.746000,0 days 01:43:19.735000,0 days 01:44:03.116000,0 days 01:44:21.862000,278.0,295.0,253.0,295.0,False,MEDIUM,8.0,False,Red Bull Racing,0 days 01:42:44.582000,,1,2.0,False,,False,True,2024-04,Japanese Grand Prix,2024,4,2024-04-07,train,97.22,True,
0 days 01:45:59.640000,PER,11,0 days 00:01:37.838000,9.0,2.0,,,0 days 00:00:35.370000,0 days 00:00:43.600000,0 days 00:00:18.868000,0 days 01:44:57.232000,0 days 01:45:40.832000,0 days 01:45:59.700000,273.0,294.0,253.0,293.0,False,MEDIUM,9.0,False,Red Bull Racing,0 days 01:44:21.802000,,1,2.0,False,,False,True,2024-04,Japanese Grand Prix,2024,4,2024-04-07,train,97.838,True,
0 days 01:47:37.566000,PER,11,0 days 00:01:37.926000,10.0,2.0,,,0 days 00:00:35.593000,0 days 00:00:43.554000,0 days 00:00:18.779000,0 days 01:46:35.293000,0 days 01:47:18.847000,0 days 01:47:37.626000,277.0,294.0,253.0,295.0,False,MEDIUM,10.0,False,Red Bull Racing,0 days 01:45:59.640000,,1,2.0,False,,False,True,2024-04,Japanese Grand Prix,2024,4,2024-04-07,train,97.926,True,
0 days 01:49:15.782000,PER,11,0 days 00:01:38.216000,11.0,2.0,,,0 days 00:00:35.512000,0 days 00:00:43.802000,0 days 00:00:18.902000,0 days 01:48:13.138000,0 days 01:48:56.940000,0 days 01:49:15.842000,277.0,294.0,252.0,292.0,False,MEDIUM,11.0,False,Red Bull Racing,0 days 01:47:37.566000,,1,2.0,False,,False,True,2024-04,Japanese Grand Prix,2024,4,2024-04-07,train,98.216,True,
0 days 01:50:53.938000,PER,11,0 days 00:01:38.156000,12.0,2.0,,,0 days 00:00:35.539000,0 days 00:00:43.770000,0 days 00:00:18.847000,0 days 01:49:51.381000,0 days 01:50:35.151000,0 days 01:50:53.998000,277.0,294.0,253.0,293.0,False,MEDIUM,12.0,False,Red Bull Racing,0 days 01:49:15.782000,,1,2.0,False,,False,True,2024-04,Japanese Grand Prix,2024,4,2024-04-07,train,98.156,True,
0 days 01:52:32.063000,PER,11,0 days 00:01:38.125000,13.0,2.0,,,0 days 00:00:35.462000,0 days 00:00:43.857000,0 days 00:00:18.806000,0 days 01:51:29.460000,0 days 01:52:13.317000,0 days 01:52:32.123000,271.0,294.0,253.0,295.0,False,MEDIUM,13.0,False,Red Bull Racing,0 days 01:50:53.938000,,1,2.0,False,,False,True,2024-04,Japanese Grand Prix,2024,4,2024-04-07,train,98.125,True,
0 days 01:54:10.568000,PER,11,0 days 00:01:38.505000,14.0,2.0,,,0 days 00:00:35.721000,0 days 00:00:43.889000,0 days 00:00:18.895000,0 days 01:53:07.844000,0 days 01:53:51.733000,0 days 01:54:10.628000,277.0,292.0,252.0,292.0,False,MEDIUM,14.0,False,Red Bull Racing,0 days 01:52:32.063000,,1,2.0,False,,False,True,2024-04,Japanese Grand Prix,2024,4,2024-04-07,train,98.505,True,
0 days 01:55:51.474000,PER,11,0 days 00:01:40.906000,15.0,2.0,,0 days 01:55:50.225000,0 days 00:00:35.617000,0 days 00:00:43.864000,0 days 00:00:21.425000,0 days 01:54:46.245000,0 days 01:55:30.109000,0 days 01:55:51.534000,277.0,293.0,,294.0,False,MEDIUM,15.0,False,Red Bull Racing,0 days 01:54:10.568000,,1,2.0,False,,False,False,2024-04,Japanese Grand Prix,2024,4,2024-04-07,train,100.906,False,pit_in;timing_not_accurate
0 days 01:57:46.300000,PER,11,0 days 00:01:54.826000,16.0,3.0,0 days 01:56:13.153000,,0 days 00:00:53.869000,0 days 00:00:42.481000,0 days 00:00:18.476000,0 days 01:56:45.403000,0 days 01:57:27.884000,0 days 01:57:46.360000,277.0,297.0,256.0,291.0,False,MEDIUM,1.0,True,Red Bull Racing,0 days 01:55:51.474000,,1,6.0,False,,False,False,2024-04,Japanese Grand Prix,2024,4,2024-04-07,train,114.826,False,pit_out;timing_not_accurate
0 days 01:59:23.728000,PER,11,0 days 00:01:37.428000,17.0,3.0,,,0 days 00:00:34.678000,0 days 00:00:43.951000,0 days 00:00:18.799000,0 days 01:58:21.038000,0 days 01:59:04.989000,0 days 01:59:23.788000,280.0,304.0,254.0,284.0,False,MEDIUM,2.0,True,Red Bull Racing,0 days 01:57:46.300000,,1,5.0,False,,False,True,2024-04,Japanese Grand Prix,2024,4,2024-04-07,train,97.428,True,
0 days 02:01:01.572000,PER,11,0 days 00:01:37.844000,18.0,3.0,,,0 days 00:00:35.342000,0 days 00:00:43.801000,0 days 00:00:18.701000,0 days 01:59:59.130000,0 days 02:00:42.931000,0 days 02:01:01.632000,279.0,307.0,253.0,293.0,False,MEDIUM,3.0,True,Red Bull Racing,0 days 01:59:23.728000,,1,4.0,False,,False,True,2024-04,Japanese Grand Prix,2024,4,2024-04-07,train,97.844,True,
0 days 02:02:38.008000,PER,11,0 days 00:01:36.436000,19.0,3.0,,,0 days 00:00:34.925000,0 days 00:00:42.989000,0 days 00:00:18.522000,0 days 02:01:36.557000,0 days 02:02:19.546000,0 days 02:02:38.068000,279.0,298.0,254.0,296.0,True,MEDIUM,4.0,True,Red Bull Racing,0 days 02:01:01.572000,,1,4.0,False,,False,True,2024-04,Japanese Grand Prix,2024,4,2024-04-07,train,96.436,True,
0 days 02:04:14.214000,PER,11,0 days 00:01:36.206000,20.0,3.0,,,0 days 00:00:34.808000,0 days 00:00:42.946000,0 days 00:00:18.452000,0 days 02:03:12.876000,0 days 02:03:55.822000,0 days 02:04:14.274000,277.0,298.0,256.0,298.0,True,MEDIUM,5.0,True,Red Bull Racing,0 days 02:02:38.008000,,1,4.0,False,,False,True,2024-04,Japanese Grand Prix,2024,4,2024-04-07,train,96.206,True,
0 days 02:05:50.772000,PER,11,0 days 00:01:36.558000,21.0,3.0,,,0 days 00:00:34.994000,0 days 00:00:43.049000,0 days 00:00:18.515000,0 days 02:04:49.268000,0 days 02:05:32.317000,0 days 02:05:50.832000,279.0,299.0,256.0,298.0,False,MEDIUM,6.0,True,Red Bull Racing,0 days 02:04:14.214000,,1,4.0,False,,False,True,2024-04,Japanese Grand Prix,2024,4,2024-04-07,train,96.558,True,
0 days 02:07:28.036000,PER,11,0 days 00:01:37.264000,22.0,3.0,,,0 days 00:00:34.920000,0 days 00:00:43.437000,0 days 00:00:18.907000,0 days 02:06:25.752000,0 days 02:07:09.189000,0 days 02:07:28.096000,280.0,302.0,258.0,305.0,False,MEDIUM,7.0,True,Red Bull Racing,0 days 02:05:50.772000,,1,3.0,False,,False,True,2024-04,Japanese Grand Prix,2024,4,2024-04-07,train,97.264,True,
0 days 02:09:04.692000,PER,11,0 days 00:01:36.656000,23.0,3.0,,,0 days 00:00:34.723000,0 days 00:00:43.265000,0 days 00:00:18.668000,0 days 02:08:02.819000,0 days 02:08:46.084000,0 days 02:09:04.752000,279.0,297.0,255.0,297.0,False,MEDIUM,8.0,True,Red Bull Racing,0 days 02:07:28.036000,,1,3.0,False,,False,True,2024-04,Japanese Grand Prix,2024,4,2024-04-07,train,96.656,True,
0 days 02:10:41.613000,PER,11,0 days 00:01:36.921000,24.0,3.0,,,0 days 00:00:34.839000,0 days 00:00:43.391000,0 days 00:00:18.691000,0 days 02:09:39.591000,0 days 02:10:22.982000,0 days 02:10:41.673000,278.0,298.0,259.0,300.0,False,MEDIUM,9.0,True,Red Bull Racing,0 days 02:09:04.692000,,1,3.0,False,,False,True,2024-04,Japanese Grand Prix,2024,4,2024-04-07,train,96.921,True,
0 days 02:12:19.373000,PER,11,0 days 00:01:37.760000,25.0,3.0,,,0 days 00:00:35.304000,0 days 00:00:43.717000,0 days 00:00:18.739000,0 days 02:11:16.977000,0 days 02:12:00.694000,0 days 02:12:19.433000,280.0,300.0,260.0,302.0,False,MEDIUM,10.0,True,Red Bull Racing,0 days 02:10:41.613000,,1,3.0,False,,False,True,2024-04,Japanese Grand Prix,2024,4,2024-04-07,train,97.76,True,
0 days 02:13:57.062000,PER,11,0 days 00:01:37.689000,26.0,3.0,,,0 days 00:00:35.496000,0 days 00:00:43.536000,0 days 00:00:18.657000,0 days 02:12:54.929000,0 days 02:13:38.465000,0 days 02:13:57.122000,281.0,296.0,255.0,291.0,False,MEDIUM,11.0,True,Red Bull Racing,0 days 02:12:19.373000,,1,2.0,False,,False,True,2024-04,Japanese Grand Prix,2024,4,2024-04-07,train,97.689,True,
0 days 02:15:33.905000,PER,11,0 days 00:01:36.843000,27.0,3.0,,,0 days 00:00:34.947000,0 days 00:00:43.279000,0 days 00:00:18.617000,0 days 02:14:32.069000,0 days 02:15:15.348000,0 days 02:15:33.965000,280.0,296.0,255.0,295.0,False,MEDIUM,12.0,True,Red Bull Racing,0 days 02:13:57.062000,,1,2.0,False,,False,True,2024-04,Japanese Grand Prix,2024,4,2024-04-07,train,96.843,True,
0 days 02:17:10.638000,PER,11,0 days 00:01:36.733000,28.0,3.0,,,0 days 00:00:34.875000,0 days 00:00:43.263000,0 days 00:00:18.595000,0 days 02:16:08.840000,0 days 02:16:52.103000,0 days 02:17:10.698000,279.0,297.0,254.0,295.0,False,MEDIUM,13.0,True,Red Bull Racing,0 days 02:15:33.905000,,1,2.0,False,,False,True,2024-04,Japanese Grand Prix,2024,4,2024-04-07,train,96.733,True,
0 days 02:18:47.607000,PER,11,0 days 00:01:36.969000,29.0,3.0,,,0 days 00:00:35.035000,0 days 00:00:43.263000,0 days 00:00:18.671000,0 days 02:17:45.733000,0 days 02:18:28.996000,0 days 02:18:47.667000,280.0,296.0,254.0,296.0,False,MEDIUM,14.0,True,Red Bull Racing,0 days 02:17:10.638000,,1,2.0,False,,False,True,2024-04,Japanese Grand Prix,2024,4,2024-04-07,train,96.969,True,
0 days 02:20:24.704000,PER,11,0 days 00:01:37.097000,30.0,3.0,,,0 days 00:00:35.201000,0 days 00:00:43.289000,0 days 00:00:18.607000,0 days 02:19:22.868000,0 days 02:20:06.157000,0 days 02:20:24.764000,280.0,296.0,255.0,296.0,False,MEDIUM,15.0,True,Red Bull Racing,0 days 02:18:47.607000,,1,2.0,False,,False,True,2024-04,Japanese Grand Prix,2024,4,2024-04-07,train,97.097,True,
0 days 02:22:01.822000,PER,11,0 days 00:01:37.118000,31.0,3.0,,,0 days 00:00:35.150000,0 days 00:00:43.356000,0 days 00:00:18.612000,0 days 02:20:59.914000,0 days 02:21:43.270000,0 days 02:22:01.882000,279.0,296.0,255.0,295.0,False,MEDIUM,16.0,True,Red Bull Racing,0 days 02:20:24.704000,,1,2.0,False,,False,True,2024-04,Japanese Grand Prix,2024,4,2024-04-07,train,97.118,True,
0 days 02:23:38.928000,PER,11,0 days 00:01:37.106000,32.0,3.0,,,0 days 00:00:35.061000,0 days 00:00:43.365000,0 days 00:00:18.680000,0 days 02:22:36.943000,0 days 02:23:20.308000,0 days 02:23:38.988000,279.0,296.0,254.0,297.0,False,MEDIUM,17.0,True,Red Bull Racing,0 days 02:22:01.822000,,1,2.0,False,,False,True,2024-04,Japanese Grand Prix,2024,4,2024-04-07,train,97.106,True,
0 days 02:25:18.337000,PER,11,0 days 00:01:39.409000,33.0,3.0,,0 days 02:25:17.143000,0 days 00:00:35.006000,0 days 00:00:43.257000,0 days 00:00:21.146000,0 days 02:24:13.994000,0 days 02:24:57.251000,0 days 02:25:18.397000,280.0,297.0,,297.0,False,MEDIUM,18.0,True,Red Bull Racing,0 days 02:23:38.928000,,1,2.0,False,,False,False,2024-04,Japanese Grand Prix,2024,4,2024-04-07,train,99.409,False,pit_in;timing_not_accurate
0 days 02:27:13.283000,PER,11,0 days 00:01:54.946000,34.0,4.0,0 days 02:25:40.047000,,0 days 00:00:53.934000,0 days 00:00:42.674000,0 days 00:00:18.338000,0 days 02:26:12.331000,0 days 02:26:55.005000,0 days 02:27:13.343000,280.0,304.0,265.0,305.0,False,HARD,1.0,True,Red Bull Racing,0 days 02:25:18.337000,,1,5.0,False,,False,False,2024-04,Japanese Grand Prix,2024,4,2024-04-07,train,114.946,False,pit_out;timing_not_accurate
0 days 02:28:47.228000,PER,11,0 days 00:01:33.945000,35.0,4.0,,,0 days 00:00:33.433000,0 days 00:00:42.191000,0 days 00:00:18.321000,0 days 02:27:46.776000,0 days 02:28:28.967000,0 days 02:28:47.288000,278.0,303.0,263.0,305.0,True,HARD,2.0,True,Red Bull Racing,0 days 02:27:13.283000,,1,4.0,False,,False,True,2024-04,Japanese Grand Prix,2024,4,2024-04-07,train,93.945,True,
0 days 02:30:21.707000,PER,11,0 days 00:01:34.479000,36.0,4.0,,,0 days 00:00:33.662000,0 days 00:00:42.278000,0 days 00:00:18.539000,0 days 02:29:20.950000,0 days 02:30:03.228000,0 days 02:30:21.767000,279.0,299.0,257.0,291.0,False,HARD,3.0,True,Red Bull Racing,0 days 02:28:47.228000,,1,3.0,False,,False,True,2024-04,Japanese Grand Prix,2024,4,2024-04-07,train,94.479,True,
0 days 02:31:56.515000,PER,11,0 days 00:01:34.808000,37.0,4.0,,,0 days 00:00:34.020000,0 days 00:00:42.307000,0 days 00:00:18.481000,0 days 02:30:55.787000,0 days 02:31:38.094000,0 days 02:31:56.575000,276.0,300.0,257.0,298.0,False,HARD,4.0,True,Red Bull Racing,0 days 02:30:21.707000,,1,2.0,False,,False,True,2024-04,Japanese Grand Prix,2024,4,2024-04-07,train,94.808,True,
0 days 02:33:31.760000,PER,11,0 days 00:01:35.245000,38.0,4.0,,,0 days 00:00:34.413000,0 days 00:00:42.385000,0 days 00:00:18.447000,0 days 02:32:30.988000,0 days 02:33:13.373000,0 days 02:33:31.820000,279.0,299.0,257.0,298.0,False,HARD,5.0,True,Red Bull Racing,0 days 02:31:56.515000,,1,2.0,False,,False,True,2024-04,Japanese Grand Prix,2024,4,2024-04-07,train,95.245,True,
0 days 02:35:06.750000,PER,11,0 days 00:01:34.990000,39.0,4.0,,,0 days 00:00:34.223000,0 days 00:00:42.294000,0 days 00:00:18.473000,0 days 02:34:06.043000,0 days 02:34:48.337000,0 days 02:35:06.810000,281.0,300.0,256.0,296.0,False,HARD,6.0,True,Red Bull Racing,0 days 02:33:31.760000,,1,2.0,False,,False,True,2024-04,Japanese Grand Prix,2024,4,2024-04-07,train,94.99,True,
0 days 02:36:41.488000,PER,11,0 days 00:01:34.738000,40.0,4.0,,,0 days 00:00:34.051000,0 days 00:00:42.417000,0 days 00:00:18.270000,0 days 02:35:40.861000,0 days 02:36:23.278000,0 days 02:36:41.548000,282.0,300.0,258.0,300.0,False,HARD,7.0,True,Red Bull Racing,0 days 02:35:06.750000,,1,2.0,False,,False,True,2024-04,Japanese Grand Prix,2024,4,2024-04-07,train,94.738,True,
0 days 02:38:16.518000,PER,11,0 days 00:01:35.030000,41.0,4.0,,,0 days 00:00:34.136000,0 days 00:00:42.423000,0 days 00:00:18.471000,0 days 02:37:15.684000,0 days 02:37:58.107000,0 days 02:38:16.578000,281.0,301.0,258.0,301.0,False,HARD,8.0,True,Red Bull Racing,0 days 02:36:41.488000,,1,2.0,False,,False,True,2024-04,Japanese Grand Prix,2024,4,2024-04-07,train,95.03,True,
0 days 02:39:51.951000,PER,11,0 days 00:01:35.433000,42.0,4.0,,,0 days 00:00:34.020000,0 days 00:00:43.077000,0 days 00:00:18.336000,0 days 02:38:50.598000,0 days 02:39:33.675000,0 days 02:39:52.011000,280.0,298.0,258.0,298.0,False,HARD,9.0,True,Red Bull Racing,0 days 02:38:16.518000,,12,2.0,False,,False,True,2024-04,Japanese Grand Prix,2024,4,2024-04-07,train,95.433,False,not_green_only
0 days 02:41:27.050000,PER,11,0 days 00:01:35.099000,43.0,4.0,,,0 days 00:00:33.973000,0 days 00:00:42.725000,0 days 00:00:18.401000,0 days 02:40:25.984000,0 days 02:41:08.709000,0 days 02:41:27.110000,282.0,298.0,257.0,297.0,False,HARD,10.0,True,Red Bull Racing,0 days 02:39:51.951000,,1,2.0,False,,False,True,2024-04,Japanese Grand Prix,2024,4,2024-04-07,train,95.099,True,
0 days 02:43:01.751000,PER,11,0 days 00:01:34.701000,44.0,4.0,,,0 days 00:00:34.015000,0 days 00:00:42.339000,0 days 00:00:18.347000,0 days 02:42:01.125000,0 days 02:42:43.464000,0 days 02:43:01.811000,281.0,299.0,257.0,297.0,False,HARD,11.0,True,Red Bull Racing,0 days 02:41:27.050000,,1,2.0,False,,False,True,2024-04,Japanese Grand Prix,2024,4,2024-04-07,train,94.701,True,
0 days 02:44:36.747000,PER,11,0 days 00:01:34.996000,45.0,4.0,,,0 days 00:00:34.100000,0 days 00:00:42.464000,0 days 00:00:18.432000,0 days 02:43:35.911000,0 days 02:44:18.375000,0 days 02:44:36.807000,282.0,298.0,257.0,295.0,False,HARD,12.0,True,Red Bull Racing,0 days 02:43:01.751000,,1,2.0,False,,False,True,2024-04,Japanese Grand Prix,2024,4,2024-04-07,train,94.996,True,
0 days 02:46:11.497000,PER,11,0 days 00:01:34.750000,46.0,4.0,,,0 days 00:00:33.927000,0 days 00:00:42.397000,0 days 00:00:18.426000,0 days 02:45:10.734000,0 days 02:45:53.131000,0 days 02:46:11.557000,282.0,297.0,258.0,297.0,False,HARD,13.0,True,Red Bull Racing,0 days 02:44:36.747000,,1,2.0,False,,False,True,2024-04,Japanese Grand Prix,2024,4,2024-04-07,train,94.75,True,
0 days 02:47:46.553000,PER,11,0 days 00:01:35.056000,47.0,4.0,,,0 days 00:00:34.058000,0 days 00:00:42.474000,0 days 00:00:18.524000,0 days 02:46:45.615000,0 days 02:47:28.089000,0 days 02:47:46.613000,282.0,298.0,257.0,298.0,False,HARD,14.0,True,Red Bull Racing,0 days 02:46:11.497000,,1,2.0,False,,False,True,2024-04,Japanese Grand Prix,2024,4,2024-04-07,train,95.056,True,
0 days 02:49:21.936000,PER,11,0 days 00:01:35.383000,48.0,4.0,,,0 days 00:00:34.198000,0 days 00:00:42.525000,0 days 00:00:18.660000,0 days 02:48:20.811000,0 days 02:49:03.336000,0 days 02:49:21.996000,282.0,298.0,256.0,290.0,False,HARD,15.0,True,Red Bull Racing,0 days 02:47:46.553000,,1,2.0,False,,False,True,2024-04,Japanese Grand Prix,2024,4,2024-04-07,train,95.383,True,
0 days 02:50:56.971000,PER,11,0 days 00:01:35.035000,49.0,4.0,,,0 days 00:00:34.003000,0 days 00:00:42.537000,0 days 00:00:18.495000,0 days 02:49:55.999000,0 days 02:50:38.536000,0 days 02:50:57.031000,280.0,299.0,257.0,295.0,False,HARD,16.0,True,Red Bull Racing,0 days 02:49:21.936000,,1,2.0,False,,False,True,2024-04,Japanese Grand Prix,2024,4,2024-04-07,train,95.035,True,
0 days 02:52:32.215000,PER,11,0 days 00:01:35.244000,50.0,4.0,,,0 days 00:00:34.117000,0 days 00:00:42.587000,0 days 00:00:18.540000,0 days 02:51:31.148000,0 days 02:52:13.735000,0 days 02:52:32.275000,279.0,300.0,258.0,293.0,False,HARD,17.0,True,Red Bull Racing,0 days 02:50:56.971000,,1,2.0,False,,False,True,2024-04,Japanese Grand Prix,2024,4,2024-04-07,train,95.244,True,
0 days 02:54:07.105000,PER,11,0 days 00:01:34.890000,51.0,4.0,,,0 days 00:00:33.957000,0 days 00:00:42.550000,0 days 00:00:18.383000,0 days 02:53:06.232000,0 days 02:53:48.782000,0 days 02:54:07.165000,282.0,303.0,258.0,300.0,False,HARD,18.0,True,Red Bull Racing,0 days 02:52:32.215000,,1,2.0,False,,False,True,2024-04,Japanese Grand Prix,2024,4,2024-04-07,train,94.89,True,
0 days 02:55:42.034000,PER,11,0 days 00:01:34.929000,52.0,4.0,,,0 days 00:00:34.130000,0 days 00:00:42.407000,0 days 00:00:18.392000,0 days 02:54:41.295000,0 days 02:55:23.702000,0 days 02:55:42.094000,280.0,300.0,258.0,299.0,False,HARD,19.0,True,Red Bull Racing,0 days 02:54:07.105000,,1,2.0,False,,False,True,2024-04,Japanese Grand Prix,2024,4,2024-04-07,train,94.929,True,
0 days 02:57:16.762000,PER,11,0 days 00:01:34.728000,53.0,4.0,,,0 days 00:00:33.931000,0 days 00:00:42.384000,0 days 00:00:18.413000,0 days 02:56:16.025000,0 days 02:56:58.409000,0 days 02:57:16.822000,279.0,301.0,258.0,301.0,False,HARD,20.0,True,Red Bull Racing,0 days 02:55:42.034000,,1,2.0,False,,False,True,2024-04,Japanese Grand Prix,2024,4,2024-04-07,train,94.728,True,
0 days 01:05:20.283000,RUS,63,0 days 00:02:39.587000,1.0,1.0,,0 days 01:05:17.166000,,0 days 00:01:18.942000,0 days 00:00:41.309000,,0 days 01:04:39.002000,0 days 01:05:20.450000,273.0,119.0,,142.0,False,MEDIUM,1.0,True,Mercedes,0 days 01:02:40.422000,,125,9.0,False,,False,False,2024-04,Japanese Grand Prix,2024,4,2024-04-07,train,159.587,False,opening_lap;pit_in;not_green_only;timing_not_accurate
0 days 01:33:49.253000,RUS,63,,2.0,2.0,0 days 01:31:38.368000,,,0 days 00:00:46.712000,0 days 00:00:47.765000,,0 days 01:33:01.518000,0 days 01:33:49.281000,259.0,255.0,47.0,167.0,False,HARD,1.0,True,Mercedes,0 days 01:30:58.774000,,1,9.0,False,,False,False,2024-04,Japanese Grand Prix,2024,4,2024-04-07,train,,False,invalid_lap_time;pit_out;timing_not_accurate
0 days 01:36:21.841000,RUS,63,,3.0,2.0,,,0 days 00:01:29.261000,0 days 00:00:44.660000,0 days 00:00:18.853000,0 days 01:35:18.555000,0 days 01:36:03.078000,0 days 01:36:22.119000,283.0,299.0,256.0,296.0,False,HARD,2.0,True,Mercedes,0 days 01:33:49.253000,,1,10.0,False,,False,False,2024-04,Japanese Grand Prix,2024,4,2024-04-07,train,,False,invalid_lap_time;timing_not_accurate
0 days 01:38:00.817000,RUS,63,0 days 00:01:38.976000,4.0,2.0,,,0 days 00:00:36.014000,0 days 00:00:43.918000,0 days 00:00:19.044000,0 days 01:36:57.883000,0 days 01:37:41.801000,0 days 01:38:00.845000,277.0,301.0,263.0,305.0,True,HARD,3.0,True,Mercedes,0 days 01:36:21.841000,,1,10.0,False,,False,True,2024-04,Japanese Grand Prix,2024,4,2024-04-07,train,98.976,True,
0 days 01:39:38.554000,RUS,63,0 days 00:01:37.737000,5.0,2.0,,,0 days 00:00:35.486000,0 days 00:00:43.610000,0 days 00:00:18.641000,0 days 01:38:36.331000,0 days 01:39:19.941000,0 days 01:39:38.582000,275.0,298.0,255.0,298.0,True,HARD,4.0,True,Mercedes,0 days 01:38:00.817000,,1,9.0,False,,False,True,2024-04,Japanese Grand Prix,2024,4,2024-04-07,train,97.737,True,
0 days 01:41:16.946000,RUS,63,0 days 00:01:38.392000,6.0,2.0,,,0 days 00:00:35.689000,0 days 00:00:43.805000,0 days 00:00:18.898000,0 days 01:40:14.271000,0 days 01:40:58.076000,0 days 01:41:16.974000,269.0,297.0,255.0,298.0,False,HARD,5.0,True,Mercedes,0 days 01:39:38.554000,,1,9.0,False,,False,True,2024-04,Japanese Grand Prix,2024,4,2024-04-07,train,98.392,True,
0 days 01:42:55.016000,RUS,63,0 days 00:01:38.070000,7.0,2.0,,,0 days 00:00:35.576000,0 days 00:00:43.679000,0 days 00:00:18.815000,0 days 01:41:52.550000,0 days 01:42:36.229000,0 days 01:42:55.044000,273.0,298.0,254.0,299.0,False,HARD,6.0,True,Mercedes,0 days 01:41:16.946000,,1,9.0,False,,False,True,2024-04,Japanese Grand Prix,2024,4,2024-04-07,train,98.07,True,
0 days 01:44:33.208000,RUS,63,0 days 00:01:38.192000,8.0,2.0,,,0 days 00:00:35.712000,0 days 00:00:43.769000,0 days 00:00:18.711000,0 days 01:43:30.756000,0 days 01:44:14.525000,0 days 01:44:33.236000,275.0,298.0,254.0,299.0,False,HARD,7.0,True,Mercedes,0 days 01:42:55.016000,,1,9.0,False,,False,True,2024-04,Japanese Grand Prix,2024,4,2024-04-07,train,98.192,True,
0 days 01:46:11.461000,RUS,63,0 days 00:01:38.253000,9.0,2.0,,,0 days 00:00:35.718000,0 days 00:00:43.680000,0 days 00:00:18.855000,0 days 01:45:08.954000,0 days 01:45:52.634000,0 days 01:46:11.489000,275.0,298.0,254.0,298.0,False,HARD,8.0,True,Mercedes,0 days 01:44:33.208000,,1,9.0,False,,False,True,2024-04,Japanese Grand Prix,2024,4,2024-04-07,train,98.253,True,
0 days 01:47:49.829000,RUS,63,0 days 00:01:38.368000,10.0,2.0,,,0 days 00:00:35.700000,0 days 00:00:43.824000,0 days 00:00:18.844000,0 days 01:46:47.189000,0 days 01:47:31.013000,0 days 01:47:49.857000,275.0,299.0,258.0,301.0,False,HARD,9.0,True,Mercedes,0 days 01:46:11.461000,,1,9.0,False,,False,True,2024-04,Japanese Grand Prix,2024,4,2024-04-07,train,98.368,True,
0 days 01:49:28.778000,RUS,63,0 days 00:01:38.949000,11.0,2.0,,,0 days 00:00:35.861000,0 days 00:00:44.209000,0 days 00:00:18.879000,0 days 01:48:25.718000,0 days 01:49:09.927000,0 days 01:49:28.806000,275.0,299.0,259.0,301.0,False,HARD,10.0,True,Mercedes,0 days 01:47:49.829000,,1,9.0,False,,False,True,2024-04,Japanese Grand Prix,2024,4,2024-04-07,train,98.949,True,
0 days 01:51:07.990000,RUS,63,0 days 00:01:39.212000,12.0,2.0,,,0 days 00:00:35.925000,0 days 00:00:44.315000,0 days 00:00:18.972000,0 days 01:50:04.731000,0 days 01:50:49.046000,0 days 01:51:08.018000,275.0,300.0,258.0,301.0,False,HARD,11.0,True,Mercedes,0 days 01:49:28.778000,,1,8.0,False,,False,True,2024-04,Japanese Grand Prix,2024,4,2024-04-07,train,99.212,True,
0 days 01:52:46.979000,RUS,63,0 days 00:01:38.989000,13.0,2.0,,,0 days 00:00:35.848000,0 days 00:00:44.313000,0 days 00:00:18.828000,0 days 01:51:43.866000,0 days 01:52:28.179000,0 days 01:52:47.007000,276.0,299.0,257.0,301.0,False,HARD,12.0,True,Mercedes,0 days 01:51:07.990000,,1,6.0,False,,False,True,2024-04,Japanese Grand Prix,2024,4,2024-04-07,train,98.989,True,
0 days 01:54:25.407000,RUS,63,0 days 00:01:38.428000,14.0,2.0,,,0 days 00:00:35.474000,0 days 00:00:44.065000,0 days 00:00:18.889000,0 days 01:53:22.481000,0 days 01:54:06.546000,0 days 01:54:25.435000,275.0,294.0,254.0,295.0,False,HARD,13.0,True,Mercedes,0 days 01:52:46.979000,,1,5.0,False,,False,True,2024-04,Japanese Grand Prix,2024,4,2024-04-07,train,98.428,True,
0 days 01:56:03.972000,RUS,63,0 days 00:01:38.565000,15.0,2.0,,,0 days 00:00:35.730000,0 days 00:00:43.920000,0 days 00:00:18.915000,0 days 01:55:01.165000,0 days 01:55:45.085000,0 days 01:56:04,276.0,297.0,254.0,296.0,False,HARD,14.0,True,Mercedes,0 days 01:54:25.407000,,1,5.0,False,,False,True,2024-04,Japanese Grand Prix,2024,4,2024-04-07,train,98.565,True,
0 days 01:57:42.630000,RUS,63,0 days 00:01:38.658000,16.0,2.0,,,0 days 00:00:35.693000,0 days 00:00:44.042000,0 days 00:00:18.923000,0 days 01:56:39.693000,0 days 01:57:23.735000,0 days 01:57:42.658000,276.0,295.0,254.0,294.0,False,HARD,15.0,True,Mercedes,0 days 01:56:03.972000,,1,3.0,False,,False,True,2024-04,Japanese Grand Prix,2024,4,2024-04-07,train,98.658,True,
0 days 01:59:22.047000,RUS,63,0 days 00:01:39.417000,17.0,2.0,,,0 days 00:00:36.016000,0 days 00:00:44.411000,0 days 00:00:18.990000,0 days 01:58:18.674000,0 days 01:59:03.085000,0 days 01:59:22.075000,277.0,297.0,255.0,297.0,False,HARD,16.0,True,Mercedes,0 days 01:57:42.630000,,1,3.0,False,,False,True,2024-04,Japanese Grand Prix,2024,4,2024-04-07,train,99.417,True,
0 days 02:01:02.364000,RUS,63,0 days 00:01:40.317000,18.0,2.0,,,0 days 00:00:36.537000,0 days 00:00:44.194000,0 days 00:00:19.586000,0 days 01:59:58.612000,0 days 02:00:42.806000,0 days 02:01:02.392000,276.0,291.0,258.0,276.0,False,HARD,17.0,True,Mercedes,0 days 01:59:22.047000,,1,5.0,False,,False,True,2024-04,Japanese Grand Prix,2024,4,2024-04-07,train,100.317,True,
0 days 02:02:40.756000,RUS,63,0 days 00:01:38.392000,19.0,2.0,,,0 days 00:00:35.636000,0 days 00:00:43.882000,0 days 00:00:18.874000,0 days 02:01:38.028000,0 days 02:02:21.910000,0 days 02:02:40.784000,277.0,298.0,255.0,296.0,False,HARD,18.0,True,Mercedes,0 days 02:01:02.364000,,1,5.0,False,,False,True,2024-04,Japanese Grand Prix,2024,4,2024-04-07,train,98.392,True,
0 days 02:04:19.219000,RUS,63,0 days 00:01:38.463000,20.0,2.0,,,0 days 00:00:35.591000,0 days 00:00:44.024000,0 days 00:00:18.848000,0 days 02:03:16.375000,0 days 02:04:00.399000,0 days 02:04:19.247000,276.0,296.0,257.0,296.0,False,HARD,19.0,True,Mercedes,0 days 02:02:40.756000,,1,5.0,False,,False,True,2024-04,Japanese Grand Prix,2024,4,2024-04-07,train,98.463,True,
0 days 02:05:58.711000,RUS,63,0 days 00:01:39.492000,21.0,2.0,,,0 days 00:00:36.048000,0 days 00:00:44.456000,0 days 00:00:18.988000,0 days 02:04:55.295000,0 days 02:05:39.751000,0 days 02:05:58.739000,277.0,299.0,259.0,300.0,False,HARD,20.0,True,Mercedes,0 days 02:04:19.219000,,1,6.0,False,,False,True,2024-04,Japanese Grand Prix,2024,4,2024-04-07,train,99.492,True,
0 days 02:07:39.606000,RUS,63,0 days 00:01:40.895000,22.0,2.0,,0 days 02:07:38.477000,0 days 00:00:35.758000,0 days 00:00:44.026000,0 days 00:00:21.111000,0 days 02:06:34.497000,0 days 02:07:18.523000,0 days 02:07:39.634000,277.0,297.0,,297.0,False,HARD,21.0,True,Mercedes,0 days 02:05:58.711000,,1,7.0,False,,False,False,2024-04,Japanese Grand Prix,2024,4,2024-04-07,train,100.895,False,pit_in;timing_not_accurate
0 days 02:09:35.158000,RUS,63,0 days 00:01:55.552000,23.0,3.0,0 days 02:08:01.873000,,0 days 00:00:54.686000,0 days 00:00:42.375000,0 days 00:00:18.491000,0 days 02:08:34.320000,0 days 02:09:16.695000,0 days 02:09:35.186000,276.0,295.0,256.0,293.0,False,HARD,1.0,True,Mercedes,0 days 02:07:39.606000,,1,9.0,False,,False,False,2024-04,Japanese Grand Prix,2024,4,2024-04-07,train,115.552,False,pit_out;timing_not_accurate
0 days 02:11:10.307000,RUS,63,0 days 00:01:35.149000,24.0,3.0,,,0 days 00:00:34.356000,0 days 00:00:42.322000,0 days 00:00:18.471000,0 days 02:10:09.542000,0 days 02:10:51.864000,0 days 02:11:10.335000,277.0,295.0,255.0,292.0,True,HARD,2.0,True,Mercedes,0 days 02:09:35.158000,,1,8.0,False,,False,True,2024-04,Japanese Grand Prix,2024,4,2024-04-07,train,95.149,True,
0 days 02:12:45.980000,RUS,63,0 days 00:01:35.673000,25.0,3.0,,,0 days 00:00:34.380000,0 days 00:00:42.769000,0 days 00:00:18.524000,0 days 02:11:44.715000,0 days 02:12:27.484000,0 days 02:12:46.008000,279.0,296.0,255.0,294.0,False,HARD,3.0,True,Mercedes,0 days 02:11:10.307000,,1,8.0,False,,False,True,2024-04,Japanese Grand Prix,2024,4,2024-04-07,train,95.673,True,
0 days 02:14:21.755000,RUS,63,0 days 00:01:35.775000,26.0,3.0,,,0 days 00:00:34.524000,0 days 00:00:42.725000,0 days 00:00:18.526000,0 days 02:13:20.532000,0 days 02:14:03.257000,0 days 02:14:21.783000,279.0,296.0,255.0,295.0,False,HARD,4.0,True,Mercedes,0 days 02:12:45.980000,,1,8.0,False,,False,True,2024-04,Japanese Grand Prix,2024,4,2024-04-07,train,95.775,True,
0 days 02:15:59.035000,RUS,63,0 days 00:01:37.280000,27.0,3.0,,,0 days 00:00:35.722000,0 days 00:00:43.012000,0 days 00:00:18.546000,0 days 02:14:57.505000,0 days 02:15:40.517000,0 days 02:15:59.063000,281.0,300.0,259.0,299.0,False,HARD,5.0,True,Mercedes,0 days 02:14:21.755000,,1,7.0,False,,False,True,2024-04,Japanese Grand Prix,2024,4,2024-04-07,train,97.28,True,
0 days 02:17:36.599000,RUS,63,0 days 00:01:37.564000,28.0,3.0,,,0 days 00:00:35.752000,0 days 00:00:43.178000,0 days 00:00:18.634000,0 days 02:16:34.815000,0 days 02:17:17.993000,0 days 02:17:36.627000,278.0,302.0,256.0,298.0,False,HARD,6.0,True,Mercedes,0 days 02:15:59.035000,,1,8.0,False,,False,True,2024-04,Japanese Grand Prix,2024,4,2024-04-07,train,97.564,True,
0 days 02:19:13.298000,RUS,63,0 days 00:01:36.699000,29.0,3.0,,,0 days 00:00:35.090000,0 days 00:00:42.956000,0 days 00:00:18.653000,0 days 02:18:11.717000,0 days 02:18:54.673000,0 days 02:19:13.326000,277.0,301.0,257.0,300.0,False,HARD,7.0,True,Mercedes,0 days 02:17:36.599000,,1,8.0,False,,False,True,2024-04,Japanese Grand Prix,2024,4,2024-04-07,train,96.699,True,
0 days 02:20:49.791000,RUS,63,0 days 00:01:36.493000,30.0,3.0,,,0 days 00:00:34.974000,0 days 00:00:42.949000,0 days 00:00:18.570000,0 days 02:19:48.300000,0 days 02:20:31.249000,0 days 02:20:49.819000,279.0,300.0,257.0,299.0,False,HARD,8.0,True,Mercedes,0 days 02:19:13.298000,,1,8.0,False,,False,True,2024-04,Japanese Grand Prix,2024,4,2024-04-07,train,96.493,True,
0 days 02:22:26.567000,RUS,63,0 days 00:01:36.776000,31.0,3.0,,,0 days 00:00:35.019000,0 days 00:00:43.110000,0 days 00:00:18.647000,0 days 02:21:24.838000,0 days 02:22:07.948000,0 days 02:22:26.595000,279.0,300.0,256.0,298.0,False,HARD,9.0,True,Mercedes,0 days 02:20:49.791000,,1,8.0,False,,False,True,2024-04,Japanese Grand Prix,2024,4,2024-04-07,train,96.776,True,
0 days 02:24:03.311000,RUS,63,0 days 00:01:36.744000,32.0,3.0,,,0 days 00:00:34.984000,0 days 00:00:42.930000,0 days 00:00:18.830000,0 days 02:23:01.579000,0 days 02:23:44.509000,0 days 02:24:03.339000,279.0,299.0,255.0,299.0,False,HARD,10.0,True,Mercedes,0 days 02:22:26.567000,,1,8.0,False,,False,True,2024-04,Japanese Grand Prix,2024,4,2024-04-07,train,96.744,True,
0 days 02:25:39.694000,RUS,63,0 days 00:01:36.383000,33.0,3.0,,,0 days 00:00:34.868000,0 days 00:00:42.900000,0 days 00:00:18.615000,0 days 02:24:38.207000,0 days 02:25:21.107000,0 days 02:25:39.722000,278.0,301.0,256.0,299.0,False,HARD,11.0,True,Mercedes,0 days 02:24:03.311000,,1,7.0,False,,False,True,2024-04,Japanese Grand Prix,2024,4,2024-04-07,train,96.383,True,
0 days 02:27:16.398000,RUS,63,0 days 00:01:36.704000,34.0,3.0,,,0 days 00:00:35.021000,0 days 00:00:42.991000,0 days 00:00:18.692000,0 days 02:26:14.743000,0 days 02:26:57.734000,0 days 02:27:16.426000,277.0,300.0,257.0,298.0,False,HARD,12.0,True,Mercedes,0 days 02:25:39.694000,,1,6.0,False,,False,True,2024-04,Japanese Grand Prix,2024,4,2024-04-07,train,96.704,True,
0 days 02:28:52.868000,RUS,63,0 days 00:01:36.470000,35.0,3.0,,,0 days 00:00:34.850000,0 days 00:00:42.992000,0 days 00:00:18.628000,0 days 02:27:51.276000,0 days 02:28:34.268000,0 days 02:28:52.896000,279.0,300.0,257.0,299.0,False,HARD,13.0,True,Mercedes,0 days 02:27:16.398000,,1,6.0,False,,False,True,2024-04,Japanese Grand Prix,2024,4,2024-04-07,train,96.47,True,
0 days 02:30:29.336000,RUS,63,0 days 00:01:36.468000,36.0,3.0,,,0 days 00:00:34.718000,0 days 00:00:43.105000,0 days 00:00:18.645000,0 days 02:29:27.614000,0 days 02:30:10.719000,0 days 02:30:29.364000,279.0,300.0,258.0,298.0,False,HARD,14.0,True,Mercedes,0 days 02:28:52.868000,,1,6.0,False,,False,True,2024-04,Japanese Grand Prix,2024,4,2024-04-07,train,96.468,True,
0 days 02:32:08.166000,RUS,63,0 days 00:01:38.830000,37.0,3.0,,0 days 02:32:06.931000,0 days 00:00:34.759000,0 days 00:00:43.260000,0 days 00:00:20.811000,0 days 02:31:04.123000,0 days 02:31:47.383000,0 days 02:32:08.194000,280.0,299.0,,298.0,False,HARD,15.0,True,Mercedes,0 days 02:30:29.336000,,1,5.0,False,,False,False,2024-04,Japanese Grand Prix,2024,4,2024-04-07,train,98.83,False,pit_in;timing_not_accurate
0 days 02:34:02.091000,RUS,63,0 days 00:01:53.925000,38.0,4.0,0 days 02:32:29.899000,,0 days 00:00:53.528000,0 days 00:00:41.902000,0 days 00:00:18.495000,0 days 02:33:01.722000,0 days 02:33:43.624000,0 days 02:34:02.119000,278.0,298.0,258.0,294.0,False,MEDIUM,2.0,False,Mercedes,0 days 02:32:08.166000,,1,9.0,False,,False,False,2024-04,Japanese Grand Prix,2024,4,2024-04-07,train,113.925,False,pit_out;timing_not_accurate
0 days 02:35:36.495000,RUS,63,0 days 00:01:34.404000,39.0,4.0,,,0 days 00:00:34.005000,0 days 00:00:42.106000,0 days 00:00:18.293000,0 days 02:34:36.124000,0 days 02:35:18.230000,0 days 02:35:36.523000,281.0,299.0,258.0,296.0,True,MEDIUM,3.0,False,Mercedes,0 days 02:34:02.091000,,1,9.0,False,,False,True,2024-04,Japanese Grand Prix,2024,4,2024-04-07,train,94.404,True,
0 days 02:37:11.032000,RUS,63,0 days 00:01:34.537000,40.0,4.0,,,0 days 00:00:33.931000,0 days 00:00:42.253000,0 days 00:00:18.353000,0 days 02:36:10.454000,0 days 02:36:52.707000,0 days 02:37:11.060000,279.0,299.0,259.0,296.0,False,MEDIUM,4.0,False,Mercedes,0 days 02:35:36.495000,,1,8.0,False,,False,True,2024-04,Japanese Grand Prix,2024,4,2024-04-07,train,94.537,True,
0 days 02:38:45.573000,RUS,63,0 days 00:01:34.541000,41.0,4.0,,,0 days 00:00:34.130000,0 days 00:00:42.024000,0 days 00:00:18.387000,0 days 02:37:45.190000,0 days 02:38:27.214000,0 days 02:38:45.601000,279.0,299.0,258.0,296.0,False,MEDIUM,5.0,False,Mercedes,0 days 02:37:11.032000,,12,8.0,False,,False,True,2024-04,Japanese Grand Prix,2024,4,2024-04-07,train,94.541,False,not_green_only
0 days 02:40:20.872000,RUS,63,0 days 00:01:35.299000,42.0,4.0,,,0 days 00:00:34.104000,0 days 00:00:42.758000,0 days 00:00:18.437000,0 days 02:39:19.705000,0 days 02:40:02.463000,0 days 02:40:20.900000,280.0,300.0,258.0,297.0,False,MEDIUM,6.0,False,Mercedes,0 days 02:38:45.573000,,21,8.0,False,,False,True,2024-04,Japanese Grand Prix,2024,4,2024-04-07,train,95.299,False,not_green_only
0 days 02:41:56.013000,RUS,63,0 days 00:01:35.141000,43.0,4.0,,,0 days 00:00:34.286000,0 days 00:00:42.430000,0 days 00:00:18.425000,0 days 02:40:55.186000,0 days 02:41:37.616000,0 days 02:41:56.041000,280.0,300.0,258.0,298.0,False,MEDIUM,7.0,False,Mercedes,0 days 02:40:20.872000,,1,8.0,False,,False,True,2024-04,Japanese Grand Prix,2024,4,2024-04-07,train,95.141,True,
0 days 02:43:30.847000,RUS,63,0 days 00:01:34.834000,44.0,4.0,,,0 days 00:00:34.142000,0 days 00:00:42.290000,0 days 00:00:18.402000,0 days 02:42:30.183000,0 days 02:43:12.473000,0 days 02:43:30.875000,281.0,301.0,258.0,299.0,False,MEDIUM,8.0,False,Mercedes,0 days 02:41:56.013000,,1,8.0,False,,False,True,2024-04,Japanese Grand Prix,2024,4,2024-04-07,train,94.834,True,
0 days 02:45:05.760000,RUS,63,0 days 00:01:34.913000,45.0,4.0,,,0 days 00:00:34.097000,0 days 00:00:42.322000,0 days 00:00:18.494000,0 days 02:44:04.972000,0 days 02:44:47.294000,0 days 02:45:05.788000,279.0,301.0,258.0,300.0,False,MEDIUM,9.0,False,Mercedes,0 days 02:43:30.847000,,1,8.0,False,,False,True,2024-04,Japanese Grand Prix,2024,4,2024-04-07,train,94.913,True,
0 days 02:46:40.875000,RUS,63,0 days 00:01:35.115000,46.0,4.0,,,0 days 00:00:34.155000,0 days 00:00:42.443000,0 days 00:00:18.517000,0 days 02:45:39.943000,0 days 02:46:22.386000,0 days 02:46:40.903000,280.0,302.0,259.0,301.0,False,MEDIUM,10.0,False,Mercedes,0 days 02:45:05.760000,,1,8.0,False,,False,True,2024-04,Japanese Grand Prix,2024,4,2024-04-07,train,95.115,True,
0 days 02:48:16.192000,RUS,63,0 days 00:01:35.317000,47.0,4.0,,,0 days 00:00:34.285000,0 days 00:00:42.544000,0 days 00:00:18.488000,0 days 02:47:15.188000,0 days 02:47:57.732000,0 days 02:48:16.220000,282.0,302.0,259.0,302.0,False,MEDIUM,11.0,False,Mercedes,0 days 02:46:40.875000,,1,8.0,False,,False,True,2024-04,Japanese Grand Prix,2024,4,2024-04-07,train,95.317,True,
0 days 02:49:51.615000,RUS,63,0 days 00:01:35.423000,48.0,4.0,,,0 days 00:00:34.368000,0 days 00:00:42.505000,0 days 00:00:18.550000,0 days 02:48:50.588000,0 days 02:49:33.093000,0 days 02:49:51.643000,282.0,305.0,264.0,306.0,False,MEDIUM,12.0,False,Mercedes,0 days 02:48:16.192000,,1,8.0,False,,False,True,2024-04,Japanese Grand Prix,2024,4,2024-04-07,train,95.423,True,
0 days 02:51:27.639000,RUS,63,0 days 00:01:36.024000,49.0,4.0,,,0 days 00:00:34.458000,0 days 00:00:42.609000,0 days 00:00:18.957000,0 days 02:50:26.101000,0 days 02:51:08.710000,0 days 02:51:27.667000,279.0,307.0,265.0,307.0,False,MEDIUM,13.0,False,Mercedes,0 days 02:49:51.615000,,1,8.0,False,,False,True,2024-04,Japanese Grand Prix,2024,4,2024-04-07,train,96.024,True,
0 days 02:53:04.104000,RUS,63,0 days 00:01:36.465000,50.0,4.0,,,0 days 00:00:34.683000,0 days 00:00:43.167000,0 days 00:00:18.615000,0 days 02:52:02.350000,0 days 02:52:45.517000,0 days 02:53:04.132000,284.0,303.0,264.0,304.0,False,MEDIUM,14.0,False,Mercedes,0 days 02:51:27.639000,,1,8.0,False,,False,True,2024-04,Japanese Grand Prix,2024,4,2024-04-07,train,96.465,True,
0 days 02:54:39.533000,RUS,63,0 days 00:01:35.429000,51.0,4.0,,,0 days 00:00:34.260000,0 days 00:00:42.550000,0 days 00:00:18.619000,0 days 02:53:38.392000,0 days 02:54:20.942000,0 days 02:54:39.561000,280.0,306.0,264.0,305.0,False,MEDIUM,15.0,False,Mercedes,0 days 02:53:04.104000,,1,8.0,False,,False,True,2024-04,Japanese Grand Prix,2024,4,2024-04-07,train,95.429,True,
0 days 02:56:15.276000,RUS,63,0 days 00:01:35.743000,52.0,4.0,,,0 days 00:00:34.392000,0 days 00:00:42.708000,0 days 00:00:18.643000,0 days 02:55:13.953000,0 days 02:55:56.661000,0 days 02:56:15.304000,283.0,305.0,267.0,304.0,False,MEDIUM,16.0,False,Mercedes,0 days 02:54:39.533000,,1,8.0,False,,False,True,2024-04,Japanese Grand Prix,2024,4,2024-04-07,train,95.743,True,
0 days 02:57:50.178000,RUS,63,0 days 00:01:34.902000,53.0,4.0,,,0 days 00:00:33.810000,0 days 00:00:42.590000,0 days 00:00:18.502000,0 days 02:56:49.114000,0 days 02:57:31.704000,0 days 02:57:50.206000,280.0,303.0,259.0,301.0,False,MEDIUM,17.0,False,Mercedes,0 days 02:56:15.276000,,1,7.0,False,,False,True,2024-04,Japanese Grand Prix,2024,4,2024-04-07,train,94.902,True,
0 days 01:04:58.353000,SAI,55,0 days 00:02:17.613000,1.0,1.0,,0 days 01:04:56.098000,,0 days 00:01:07.997000,0 days 00:00:32.076000,,0 days 01:04:26.329000,0 days 01:04:58.504000,279.0,243.0,,180.0,False,MEDIUM,1.0,True,Ferrari,0 days 01:02:40.422000,,125,4.0,False,,False,False,2024-04,Japanese Grand Prix,2024,4,2024-04-07,train,137.613,False,opening_lap;pit_in;not_green_only;timing_not_accurate
0 days 01:33:30.557000,SAI,55,,2.0,2.0,0 days 01:31:16.209000,,,0 days 00:00:55.565000,0 days 00:00:41.069000,,0 days 01:32:49.649000,0 days 01:33:30.609000,253.0,259.0,44.0,244.0,False,MEDIUM,1.0,True,Ferrari,0 days 01:30:58.774000,,1,4.0,False,,False,False,2024-04,Japanese Grand Prix,2024,4,2024-04-07,train,,False,invalid_lap_time;pit_out;timing_not_accurate
0 days 01:36:17.814000,SAI,55,,3.0,2.0,,,,0 days 00:00:43.105000,0 days 00:00:18.553000,,0 days 01:35:59.498000,0 days 01:36:18.095000,282.0,298.0,256.0,301.0,False,MEDIUM,2.0,True,Ferrari,0 days 01:33:30.557000,,1,4.0,False,,False,False,2024-04,Japanese Grand Prix,2024,4,2024-04-07,train,,False,invalid_lap_time;timing_not_accurate
0 days 01:37:55.039000,SAI,55,0 days 00:01:37.225000,4.0,2.0,,,0 days 00:00:35.406000,0 days 00:00:43.259000,0 days 00:00:18.560000,0 days 01:36:53.272000,0 days 01:37:36.531000,0 days 01:37:55.091000,277.0,298.0,258.0,300.0,True,MEDIUM,3.0,True,Ferrari,0 days 01:36:17.814000,,1,4.0,False,,False,True,2024-04,Japanese Grand Prix,2024,4,2024-04-07,train,97.225,True,
0 days 01:39:32.361000,SAI,55,0 days 00:01:37.322000,5.0,2.0,,,0 days 00:00:35.099000,0 days 00:00:43.533000,0 days 00:00:18.690000,0 days 01:38:30.190000,0 days 01:39:13.723000,0 days 01:39:32.413000,275.0,296.0,254.0,299.0,False,MEDIUM,4.0,True,Ferrari,0 days 01:37:55.039000,,1,4.0,False,,False,True,2024-04,Japanese Grand Prix,2024,4,2024-04-07,train,97.322,True,
0 days 01:41:10.082000,SAI,55,0 days 00:01:37.721000,6.0,2.0,,,0 days 00:00:35.423000,0 days 00:00:43.562000,0 days 00:00:18.736000,0 days 01:40:07.836000,0 days 01:40:51.398000,0 days 01:41:10.134000,272.0,298.0,254.0,297.0,False,MEDIUM,5.0,True,Ferrari,0 days 01:39:32.361000,,1,4.0,False,,False,True,2024-04,Japanese Grand Prix,2024,4,2024-04-07,train,97.721,True,
0 days 01:42:47.838000,SAI,55,0 days 00:01:37.756000,7.0,2.0,,,0 days 00:00:35.530000,0 days 00:00:43.673000,0 days 00:00:18.553000,0 days 01:41:45.664000,0 days 01:42:29.337000,0 days 01:42:47.890000,272.0,296.0,254.0,297.0,False,MEDIUM,6.0,True,Ferrari,0 days 01:41:10.082000,,1,4.0,False,,False,True,2024-04,Japanese Grand Prix,2024,4,2024-04-07,train,97.756,True,
0 days 01:44:25.574000,SAI,55,0 days 00:01:37.736000,8.0,2.0,,,0 days 00:00:35.544000,0 days 00:00:43.610000,0 days 00:00:18.582000,0 days 01:43:23.434000,0 days 01:44:07.044000,0 days 01:44:25.626000,272.0,297.0,254.0,299.0,False,MEDIUM,7.0,True,Ferrari,0 days 01:42:47.838000,,1,4.0,False,,False,True,2024-04,Japanese Grand Prix,2024,4,2024-04-07,train,97.736,True,
0 days 01:46:03.554000,SAI,55,0 days 00:01:37.980000,9.0,2.0,,,0 days 00:00:35.633000,0 days 00:00:43.626000,0 days 00:00:18.721000,0 days 01:45:01.259000,0 days 01:45:44.885000,0 days 01:46:03.606000,274.0,297.0,253.0,299.0,False,MEDIUM,8.0,True,Ferrari,0 days 01:44:25.574000,,1,4.0,False,,False,True,2024-04,Japanese Grand Prix,2024,4,2024-04-07,train,97.98,True,
0 days 01:47:41.858000,SAI,55,0 days 00:01:38.304000,10.0,2.0,,,0 days 00:00:35.782000,0 days 00:00:43.746000,0 days 00:00:18.776000,0 days 01:46:39.388000,0 days 01:47:23.134000,0 days 01:47:41.910000,273.0,297.0,253.0,298.0,False,MEDIUM,9.0,True,Ferrari,0 days 01:46:03.554000,,1,4.0,False,,False,True,2024-04,Japanese Grand Prix,2024,4,2024-04-07,train,98.304,True,
0 days 01:49:20.131000,SAI,55,0 days 00:01:38.273000,11.0,2.0,,,0 days 00:00:35.648000,0 days 00:00:43.930000,0 days 00:00:18.695000,0 days 01:48:17.558000,0 days 01:49:01.488000,0 days 01:49:20.183000,274.0,297.0,253.0,298.0,False,MEDIUM,10.0,True,Ferrari,0 days 01:47:41.858000,,1,3.0,False,,False,True,2024-04,Japanese Grand Prix,2024,4,2024-04-07,train,98.273,True,
0 days 01:50:57.978000,SAI,55,0 days 00:01:37.847000,12.0,2.0,,,0 days 00:00:35.511000,0 days 00:00:43.617000,0 days 00:00:18.719000,0 days 01:49:55.694000,0 days 01:50:39.311000,0 days 01:50:58.030000,274.0,294.0,253.0,296.0,False,MEDIUM,11.0,True,Ferrari,0 days 01:49:20.131000,,1,3.0,False,,False,True,2024-04,Japanese Grand Prix,2024,4,2024-04-07,train,97.847,True,
0 days 01:52:36.311000,SAI,55,0 days 00:01:38.333000,13.0,2.0,,,0 days 00:00:35.776000,0 days 00:00:43.833000,0 days 00:00:18.724000,0 days 01:51:33.806000,0 days 01:52:17.639000,0 days 01:52:36.363000,275.0,293.0,253.0,295.0,False,MEDIUM,12.0,True,Ferrari,0 days 01:50:57.978000,,1,3.0,False,,False,True,2024-04,Japanese Grand Prix,2024,4,2024-04-07,train,98.333,True,
0 days 01:54:14.815000,SAI,55,0 days 00:01:38.504000,14.0,2.0,,,0 days 00:00:35.794000,0 days 00:00:43.861000,0 days 00:00:18.849000,0 days 01:53:12.157000,0 days 01:53:56.018000,0 days 01:54:14.867000,276.0,292.0,253.0,294.0,False,MEDIUM,13.0,True,Ferrari,0 days 01:52:36.311000,,1,3.0,False,,False,True,2024-04,Japanese Grand Prix,2024,4,2024-04-07,train,98.504,True,
0 days 01:55:55.254000,SAI,55,0 days 00:01:40.439000,15.0,2.0,,0 days 01:55:54.071000,0 days 00:00:35.661000,0 days 00:00:43.689000,0 days 00:00:21.089000,0 days 01:54:50.528000,0 days 01:55:34.217000,0 days 01:55:55.306000,278.0,294.0,,295.0,False,MEDIUM,14.0,True,Ferrari,0 days 01:54:14.815000,,1,3.0,False,,False,False,2024-04,Japanese Grand Prix,2024,4,2024-04-07,train,100.439,False,pit_in;timing_not_accurate
0 days 01:57:51.413000,SAI,55,0 days 00:01:56.159000,16.0,3.0,0 days 01:56:17.184000,,0 days 00:00:54.516000,0 days 00:00:43.041000,0 days 00:00:18.602000,0 days 01:56:49.822000,0 days 01:57:32.863000,0 days 01:57:51.465000,279.0,294.0,255.0,293.0,False,MEDIUM,2.0,False,Ferrari,0 days 01:55:55.254000,,1,7.0,False,,False,False,2024-04,Japanese Grand Prix,2024,4,2024-04-07,train,116.159,False,pit_out;timing_not_accurate
0 days 01:59:27.882000,SAI,55,0 days 00:01:36.469000,17.0,3.0,,,0 days 00:00:35.106000,0 days 00:00:42.875000,0 days 00:00:18.488000,0 days 01:58:26.571000,0 days 01:59:09.446000,0 days 01:59:27.934000,275.0,295.0,255.0,296.0,True,MEDIUM,3.0,False,Ferrari,0 days 01:57:51.413000,,1,7.0,False,,False,True,2024-04,Japanese Grand Prix,2024,4,2024-04-07,train,96.469,True,
0 days 02:01:04.580000,SAI,55,0 days 00:01:36.698000,18.0,3.0,,,0 days 00:00:35.072000,0 days 00:00:43.179000,0 days 00:00:18.447000,0 days 02:00:03.006000,0 days 02:00:46.185000,0 days 02:01:04.632000,275.0,299.0,260.0,301.0,False,MEDIUM,4.0,False,Ferrari,0 days 01:59:27.882000,,1,7.0,False,,False,True,2024-04,Japanese Grand Prix,2024,4,2024-04-07,train,96.698,True,
0 days 02:02:42.366000,SAI,55,0 days 00:01:37.786000,19.0,3.0,,,0 days 00:00:35.622000,0 days 00:00:43.580000,0 days 00:00:18.584000,0 days 02:01:40.254000,0 days 02:02:23.834000,0 days 02:02:42.418000,274.0,297.0,254.0,292.0,False,MEDIUM,5.0,False,Ferrari,0 days 02:01:04.580000,,1,6.0,False,,False,True,2024-04,Japanese Grand Prix,2024,4,2024-04-07,train,97.786,True,
0 days 02:04:19.680000,SAI,55,0 days 00:01:37.314000,20.0,3.0,,,0 days 00:00:35.072000,0 days 00:00:43.475000,0 days 00:00:18.767000,0 days 02:03:17.490000,0 days 02:04:00.965000,0 days 02:04:19.732000,273.0,299.0,261.0,299.0,False,MEDIUM,6.0,False,Ferrari,0 days 02:02:42.366000,,1,6.0,False,,False,True,2024-04,Japanese Grand Prix,2024,4,2024-04-07,train,97.314,True,
0 days 02:05:57.675000,SAI,55,0 days 00:01:37.995000,21.0,3.0,,,0 days 00:00:35.980000,0 days 00:00:43.429000,0 days 00:00:18.586000,0 days 02:04:55.712000,0 days 02:05:39.141000,0 days 02:05:57.727000,271.0,294.0,256.0,286.0,False,MEDIUM,7.0,False,Ferrari,0 days 02:04:19.680000,,1,5.0,False,,False,True,2024-04,Japanese Grand Prix,2024,4,2024-04-07,train,97.995,True,
0 days 02:07:34.250000,SAI,55,0 days 00:01:36.575000,22.0,3.0,,,0 days 00:00:34.861000,0 days 00:00:43.148000,0 days 00:00:18.566000,0 days 02:06:32.588000,0 days 02:07:15.736000,0 days 02:07:34.302000,273.0,295.0,255.0,293.0,False,MEDIUM,8.0,False,Ferrari,0 days 02:05:57.675000,,1,5.0,False,,False,True,2024-04,Japanese Grand Prix,2024,4,2024-04-07,train,96.575,True,
0 days 02:09:11.029000,SAI,55,0 days 00:01:36.779000,23.0,3.0,,,0 days 00:00:34.988000,0 days 00:00:43.269000,0 days 00:00:18.522000,0 days 02:08:09.290000,0 days 02:08:52.559000,0 days 02:09:11.081000,274.0,296.0,255.0,296.0,False,MEDIUM,9.0,False,Ferrari,0 days 02:07:34.250000,,1,5.0,False,,False,True,2024-04,Japanese Grand Prix,2024,4,2024-04-07,train,96.779,True,
0 days 02:10:47.834000,SAI,55,0 days 00:01:36.805000,24.0,3.0,,,0 days 00:00:35.020000,0 days 00:00:43.226000,0 days 00:00:18.559000,0 days 02:09:46.101000,0 days 02:10:29.327000,0 days 02:10:47.886000,275.0,295.0,255.0,296.0,False,MEDIUM,10.0,False,Ferrari,0 days 02:09:11.029000,,1,5.0,False,,False,True,2024-04,Japanese Grand Prix,2024,4,2024-04-07,train,96.805,True,
0 days 02:12:24.779000,SAI,55,0 days 00:01:36.945000,25.0,3.0,,,0 days 00:00:35,0 days 00:00:43.395000,0 days 00:00:18.550000,0 days 02:11:22.886000,0 days 02:12:06.281000,0 days 02:12:24.831000,276.0,298.0,254.0,297.0,False,MEDIUM,11.0,False,Ferrari,0 days 02:10:47.834000,,1,5.0,False,,False,True,2024-04,Japanese Grand Prix,2024,4,2024-04-07,train,96.945,True,
0 days 02:14:01.916000,SAI,55,0 days 00:01:37.137000,26.0,3.0,,,0 days 00:00:35.136000,0 days 00:00:43.448000,0 days 00:00:18.553000,0 days 02:12:59.967000,0 days 02:13:43.415000,0 days 02:14:01.968000,277.0,298.0,254.0,300.0,False,MEDIUM,12.0,False,Ferrari,0 days 02:12:24.779000,,1,3.0,False,,False,True,2024-04,Japanese Grand Prix,2024,4,2024-04-07,train,97.137,True,
0 days 02:15:38.984000,SAI,55,0 days 00:01:37.068000,27.0,3.0,,,0 days 00:00:35.134000,0 days 00:00:43.321000,0 days 00:00:18.613000,0 days 02:14:37.102000,0 days 02:15:20.423000,0 days 02:15:39.036000,278.0,297.0,254.0,296.0,False,MEDIUM,13.0,False,Ferrari,0 days 02:14:01.916000,,1,3.0,False,,False,True,2024-04,Japanese Grand Prix,2024,4,2024-04-07,train,97.068,True,
0 days 02:17:15.829000,SAI,55,0 days 00:01:36.845000,28.0,3.0,,,0 days 00:00:35.048000,0 days 00:00:43.195000,0 days 00:00:18.602000,0 days 02:16:14.084000,0 days 02:16:57.279000,0 days 02:17:15.881000,277.0,297.0,255.0,296.0,False,MEDIUM,14.0,False,Ferrari,0 days 02:15:38.984000,,1,3.0,False,,False,True,2024-04,Japanese Grand Prix,2024,4,2024-04-07,train,96.845,True,
0 days 02:18:53.005000,SAI,55,0 days 00:01:37.176000,29.0,3.0,,,0 days 00:00:35.255000,0 days 00:00:43.195000,0 days 00:00:18.726000,0 days 02:17:51.136000,0 days 02:18:34.331000,0 days 02:18:53.057000,276.0,296.0,254.0,297.0,False,MEDIUM,15.0,False,Ferrari,0 days 02:17:15.829000,,1,3.0,False,,False,True,2024-04,Japanese Grand Prix,2024,4,2024-04-07,train,97.176,True,
0 days 02:20:30.015000,SAI,55,0 days 00:01:37.010000,30.0,3.0,,,0 days 00:00:35.234000,0 days 00:00:43.204000,0 days 00:00:18.572000,0 days 02:19:28.291000,0 days 02:20:11.495000,0 days 02:20:30.067000,279.0,297.0,255.0,296.0,False,MEDIUM,16.0,False,Ferrari,0 days 02:18:53.005000,,1,3.0,False,,False,True,2024-04,Japanese Grand Prix,2024,4,2024-04-07,train,97.01,True,
0 days 02:22:06.916000,SAI,55,0 days 00:01:36.901000,31.0,3.0,,,0 days 00:00:35.184000,0 days 00:00:43.163000,0 days 00:00:18.554000,0 days 02:21:05.251000,0 days 02:21:48.414000,0 days 02:22:06.968000,278.0,297.0,255.0,296.0,False,MEDIUM,17.0,False,Ferrari,0 days 02:20:30.015000,,1,3.0,False,,False,True,2024-04,Japanese Grand Prix,2024,4,2024-04-07,train,96.901,True,
0 days 02:23:44.022000,SAI,55,0 days 00:01:37.106000,32.0,3.0,,,0 days 00:00:35.216000,0 days 00:00:43.238000,0 days 00:00:18.652000,0 days 02:22:42.184000,0 days 02:23:25.422000,0 days 02:23:44.074000,277.0,297.0,255.0,297.0,False,MEDIUM,18.0,False,Ferrari,0 days 02:22:06.916000,,1,3.0,False,,False,True,2024-04,Japanese Grand Prix,2024,4,2024-04-07,train,97.106,True,
0 days 02:25:21.255000,SAI,55,0 days 00:01:37.233000,33.0,3.0,,,0 days 00:00:35.178000,0 days 00:00:43.424000,0 days 00:00:18.631000,0 days 02:24:19.252000,0 days 02:25:02.676000,0 days 02:25:21.307000,279.0,297.0,254.0,298.0,False,MEDIUM,19.0,False,Ferrari,0 days 02:23:44.022000,,1,3.0,False,,False,True,2024-04,Japanese Grand Prix,2024,4,2024-04-07,train,97.233,True,
0 days 02:26:58.156000,SAI,55,0 days 00:01:36.901000,34.0,3.0,,,0 days 00:00:35.252000,0 days 00:00:43.177000,0 days 00:00:18.472000,0 days 02:25:56.559000,0 days 02:26:39.736000,0 days 02:26:58.208000,277.0,296.0,256.0,297.0,False,MEDIUM,20.0,False,Ferrari,0 days 02:25:21.255000,,1,2.0,False,,False,True,2024-04,Japanese Grand Prix,2024,4,2024-04-07,train,96.901,True,
0 days 02:28:35.104000,SAI,55,0 days 00:01:36.948000,35.0,3.0,,,0 days 00:00:35.136000,0 days 00:00:43.110000,0 days 00:00:18.702000,0 days 02:27:33.344000,0 days 02:28:16.454000,0 days 02:28:35.156000,280.0,298.0,247.0,299.0,False,MEDIUM,21.0,False,Ferrari,0 days 02:26:58.156000,,1,1.0,True,TRACK LIMITS AT TURN 17 LAP 35 ,False,True,2024-04,Japanese Grand Prix,2024,4,2024-04-07,train,96.948,False,deleted_or_unknown
0 days 02:30:14.414000,SAI,55,0 days 00:01:39.310000,36.0,3.0,,0 days 02:30:13.275000,0 days 00:00:35.183000,0 days 00:00:43.170000,0 days 00:00:20.957000,0 days 02:29:10.339000,0 days 02:29:53.509000,0 days 02:30:14.466000,281.0,299.0,,300.0,False,MEDIUM,22.0,False,Ferrari,0 days 02:28:35.104000,,1,2.0,False,,False,False,2024-04,Japanese Grand Prix,2024,4,2024-04-07,train,99.31,False,pit_in;timing_not_accurate
0 days 02:32:09.477000,SAI,55,0 days 00:01:55.063000,37.0,4.0,0 days 02:30:36.682000,,0 days 00:00:54.094000,0 days 00:00:42.463000,0 days 00:00:18.506000,0 days 02:31:08.560000,0 days 02:31:51.023000,0 days 02:32:09.529000,281.0,303.0,264.0,307.0,False,HARD,1.0,True,Ferrari,0 days 02:30:14.414000,,1,7.0,False,,False,False,2024-04,Japanese Grand Prix,2024,4,2024-04-07,train,115.063,False,pit_out;timing_not_accurate
0 days 02:33:43.472000,SAI,55,0 days 00:01:33.995000,38.0,4.0,,,0 days 00:00:33.588000,0 days 00:00:42.107000,0 days 00:00:18.300000,0 days 02:32:43.117000,0 days 02:33:25.224000,0 days 02:33:43.524000,280.0,297.0,258.0,296.0,True,HARD,2.0,True,Ferrari,0 days 02:32:09.477000,,1,5.0,False,,False,True,2024-04,Japanese Grand Prix,2024,4,2024-04-07,train,93.995,True,
0 days 02:35:17.891000,SAI,55,0 days 00:01:34.419000,39.0,4.0,,,0 days 00:00:34.056000,0 days 00:00:42.174000,0 days 00:00:18.189000,0 days 02:34:17.580000,0 days 02:34:59.754000,0 days 02:35:17.943000,277.0,299.0,257.0,297.0,False,HARD,3.0,True,Ferrari,0 days 02:33:43.472000,,1,5.0,False,,False,True,2024-04,Japanese Grand Prix,2024,4,2024-04-07,train,94.419,True,
0 days 02:36:52.287000,SAI,55,0 days 00:01:34.396000,40.0,4.0,,,0 days 00:00:33.977000,0 days 00:00:42.111000,0 days 00:00:18.308000,0 days 02:35:51.920000,0 days 02:36:34.031000,0 days 02:36:52.339000,278.0,301.0,258.0,299.0,False,HARD,4.0,True,Ferrari,0 days 02:35:17.891000,,1,5.0,False,,False,True,2024-04,Japanese Grand Prix,2024,4,2024-04-07,train,94.396,True,
0 days 02:38:27.150000,SAI,55,0 days 00:01:34.863000,41.0,4.0,,,0 days 00:00:34.232000,0 days 00:00:42.342000,0 days 00:00:18.289000,0 days 02:37:26.571000,0 days 02:38:08.913000,0 days 02:38:27.202000,280.0,301.0,258.0,300.0,False,HARD,5.0,True,Ferrari,0 days 02:36:52.287000,,1,5.0,False,,False,True,2024-04,Japanese Grand Prix,2024,4,2024-04-07,train,94.863,True,
0 days 02:40:02.443000,SAI,55,0 days 00:01:35.293000,42.0,4.0,,,0 days 00:00:34.066000,0 days 00:00:43.003000,0 days 00:00:18.224000,0 days 02:39:01.268000,0 days 02:39:44.271000,0 days 02:40:02.495000,278.0,301.0,258.0,302.0,False,HARD,6.0,True,Ferrari,0 days 02:38:27.150000,,12,5.0,False,,False,True,2024-04,Japanese Grand Prix,2024,4,2024-04-07,train,95.293,False,not_green_only
0 days 02:41:37.193000,SAI,55,0 days 00:01:34.750000,43.0,4.0,,,0 days 00:00:33.970000,0 days 00:00:42.434000,0 days 00:00:18.346000,0 days 02:40:36.465000,0 days 02:41:18.899000,0 days 02:41:37.245000,285.0,304.0,264.0,306.0,False,HARD,7.0,True,Ferrari,0 days 02:40:02.443000,,1,5.0,False,,False,True,2024-04,Japanese Grand Prix,2024,4,2024-04-07,train,94.75,True,
0 days 02:43:11.529000,SAI,55,0 days 00:01:34.336000,44.0,4.0,,,0 days 00:00:33.784000,0 days 00:00:42.143000,0 days 00:00:18.409000,0 days 02:42:11.029000,0 days 02:42:53.172000,0 days 02:43:11.581000,277.0,303.0,257.0,302.0,False,HARD,8.0,True,Ferrari,0 days 02:41:37.193000,,1,4.0,False,,False,True,2024-04,Japanese Grand Prix,2024,4,2024-04-07,train,94.336,True,
0 days 02:44:46.535000,SAI,55,0 days 00:01:35.006000,45.0,4.0,,,0 days 00:00:34.293000,0 days 00:00:42.343000,0 days 00:00:18.370000,0 days 02:43:45.874000,0 days 02:44:28.217000,0 days 02:44:46.587000,282.0,302.0,264.0,302.0,False,HARD,9.0,True,Ferrari,0 days 02:43:11.529000,,1,4.0,False,,False,True,2024-04,Japanese Grand Prix,2024,4,2024-04-07,train,95.006,True,
0 days 02:46:20.376000,SAI,55,0 days 00:01:33.841000,46.0,4.0,,,0 days 00:00:33.310000,0 days 00:00:42.225000,0 days 00:00:18.306000,0 days 02:45:19.897000,0 days 02:46:02.122000,0 days 02:46:20.428000,279.0,297.0,257.0,297.0,True,HARD,10.0,True,Ferrari,0 days 02:44:46.535000,,1,3.0,False,,False,True,2024-04,Japanese Grand Prix,2024,4,2024-04-07,train,93.841,True,
0 days 02:47:55.439000,SAI,55,0 days 00:01:35.063000,47.0,4.0,,,0 days 00:00:34.257000,0 days 00:00:42.398000,0 days 00:00:18.408000,0 days 02:46:54.685000,0 days 02:47:37.083000,0 days 02:47:55.491000,277.0,298.0,257.0,295.0,False,HARD,11.0,True,Ferrari,0 days 02:46:20.376000,,1,3.0,False,,False,True,2024-04,Japanese Grand Prix,2024,4,2024-04-07,train,95.063,True,
0 days 02:49:30.401000,SAI,55,0 days 00:01:34.962000,48.0,4.0,,,0 days 00:00:34.153000,0 days 00:00:42.399000,0 days 00:00:18.410000,0 days 02:48:29.644000,0 days 02:49:12.043000,0 days 02:49:30.453000,280.0,297.0,256.0,297.0,False,HARD,12.0,True,Ferrari,0 days 02:47:55.439000,,1,3.0,False,,False,True,2024-04,Japanese Grand Prix,2024,4,2024-04-07,train,94.962,True,
0 days 02:51:05.153000,SAI,55,0 days 00:01:34.752000,49.0,4.0,,,0 days 00:00:33.935000,0 days 00:00:42.487000,0 days 00:00:18.330000,0 days 02:50:04.388000,0 days 02:50:46.875000,0 days 02:51:05.205000,278.0,298.0,257.0,296.0,False,HARD,13.0,True,Ferrari,0 days 02:49:30.401000,,1,3.0,False,,False,True,2024-04,Japanese Grand Prix,2024,4,2024-04-07,train,94.752,True,
0 days 02:52:39.789000,SAI,55,0 days 00:01:34.636000,50.0,4.0,,,0 days 00:00:33.972000,0 days 00:00:42.405000,0 days 00:00:18.259000,0 days 02:51:39.177000,0 days 02:52:21.582000,0 days 02:52:39.841000,278.0,298.0,258.0,298.0,False,HARD,14.0,True,Ferrari,0 days 02:51:05.153000,,1,3.0,False,,False,True,2024-04,Japanese Grand Prix,2024,4,2024-04-07,train,94.636,True,
0 days 02:54:14.666000,SAI,55,0 days 00:01:34.877000,51.0,4.0,,,0 days 00:00:34.124000,0 days 00:00:42.369000,0 days 00:00:18.384000,0 days 02:53:13.965000,0 days 02:53:56.334000,0 days 02:54:14.718000,279.0,299.0,258.0,298.0,False,HARD,15.0,True,Ferrari,0 days 02:52:39.789000,,1,3.0,False,,False,True,2024-04,Japanese Grand Prix,2024,4,2024-04-07,train,94.877,True,
0 days 02:55:49.869000,SAI,55,0 days 00:01:35.203000,52.0,4.0,,,0 days 00:00:33.978000,0 days 00:00:42.685000,0 days 00:00:18.540000,0 days 02:54:48.696000,0 days 02:55:31.381000,0 days 02:55:49.921000,279.0,300.0,258.0,298.0,False,HARD,16.0,True,Ferrari,0 days 02:54:14.666000,,1,3.0,False,,False,True,2024-04,Japanese Grand Prix,2024,4,2024-04-07,train,95.203,True,
0 days 02:57:25.093000,SAI,55,0 days 00:01:35.224000,53.0,4.0,,,0 days 00:00:34.164000,0 days 00:00:42.648000,0 days 00:00:18.412000,0 days 02:56:24.085000,0 days 02:57:06.733000,0 days 02:57:25.145000,281.0,301.0,258.0,303.0,False,HARD,17.0,True,Ferrari,0 days 02:55:49.869000,,1,3.0,False,,False,True,2024-04,Japanese Grand Prix,2024,4,2024-04-07,train,95.224,True,
0 days 01:04:51.506000,VER,1,0 days 00:02:10.735000,1.0,1.0,,0 days 01:04:49.856000,,0 days 00:01:04.045000,0 days 00:00:31.458000,,0 days 01:04:20.107000,0 days 01:04:51.657000,278.0,214.0,,184.0,False,MEDIUM,1.0,True,Red Bull Racing,0 days 01:02:40.422000,,125,1.0,False,,False,False,2024-04,Japanese Grand Prix,2024,4,2024-04-07,train,130.735,False,opening_lap;pit_in;not_green_only;timing_not_accurate
0 days 01:33:22.630000,VER,1,,2.0,2.0,0 days 01:31:05.329000,,,0 days 00:00:56.617000,0 days 00:00:39.032000,,0 days 01:32:43.657000,0 days 01:33:22.813000,179.0,245.0,48.0,126.0,False,MEDIUM,2.0,False,Red Bull Racing,0 days 01:30:58.774000,,1,1.0,False,,False,False,2024-04,Japanese Grand Prix,2024,4,2024-04-07,train,,False,invalid_lap_time;pit_out;timing_not_accurate
0 days 01:36:15.449000,VER,1,,3.0,2.0,,,,0 days 00:00:42.768000,0 days 00:00:18.603000,,0 days 01:35:57.085000,0 days 01:36:15.756000,279.0,291.0,253.0,285.0,False,MEDIUM,3.0,False,Red Bull Racing,0 days 01:33:22.630000,,1,1.0,False,,False,False,2024-04,Japanese Grand Prix,2024,4,2024-04-07,train,,False,invalid_lap_time;timing_not_accurate
0 days 01:37:51.921000,VER,1,0 days 00:01:36.472000,4.0,2.0,,,0 days 00:00:34.772000,0 days 00:00:43.042000,0 days 00:00:18.658000,0 days 01:36:50.280000,0 days 01:37:33.322000,0 days 01:37:51.980000,278.0,292.0,252.0,284.0,True,MEDIUM,4.0,False,Red Bull Racing,0 days 01:36:15.449000,,1,1.0,False,,False,True,2024-04,Japanese Grand Prix,2024,4,2024-04-07,train,96.472,True,
0 days 01:39:28.358000,VER,1,0 days 00:01:36.437000,5.0,2.0,,,0 days 00:00:34.690000,0 days 00:00:43.035000,0 days 00:00:18.712000,0 days 01:38:26.670000,0 days 01:39:09.705000,0 days 01:39:28.417000,279.0,293.0,253.0,286.0,True,MEDIUM,5.0,False,Red Bull Racing,0 days 01:37:51.921000,,1,1.0,False,,False,True,2024-04,Japanese Grand Prix,2024,4,2024-04-07,train,96.437,True,
0 days 01:41:05.213000,VER,1,0 days 00:01:36.855000,6.0,2.0,,,0 days 00:00:34.965000,0 days 00:00:43.196000,0 days 00:00:18.694000,0 days 01:40:03.382000,0 days 01:40:46.578000,0 days 01:41:05.272000,278.0,293.0,253.0,286.0,False,MEDIUM,6.0,False,Red Bull Racing,0 days 01:39:28.358000,,1,1.0,False,,False,True,2024-04,Japanese Grand Prix,2024,4,2024-04-07,train,96.855,True,
0 days 01:42:42.183000,VER,1,0 days 00:01:36.970000,7.0,2.0,,,0 days 00:00:34.987000,0 days 00:00:43.300000,0 days 00:00:18.683000,0 days 01:41:40.259000,0 days 01:42:23.559000,0 days 01:42:42.242000,278.0,293.0,253.0,284.0,False,MEDIUM,7.0,False,Red Bull Racing,0 days 01:41:05.213000,,1,1.0,False,,False,True,2024-04,Japanese Grand Prix,2024,4,2024-04-07,train,96.97,True,
0 days 01:44:19.512000,VER,1,0 days 00:01:37.329000,8.0,2.0,,,0 days 00:00:35.112000,0 days 00:00:43.412000,0 days 00:00:18.805000,0 days 01:43:17.354000,0 days 01:44:00.766000,0 days 01:44:19.571000,278.0,293.0,253.0,287.0,False,MEDIUM,8.0,False,Red Bull Racing,0 days 01:42:42.183000,,1,1.0,False,,False,True,2024-04,Japanese Grand Prix,2024,4,2024-04-07,train,97.329,True,
0 days 01:45:56.690000,VER,1,0 days 00:01:37.178000,9.0,2.0,,,0 days 00:00:35.132000,0 days 00:00:43.298000,0 days 00:00:18.748000,0 days 01:44:54.703000,0 days 01:45:38.001000,0 days 01:45:56.749000,278.0,293.0,252.0,288.0,False,MEDIUM,9.0,False,Red Bull Racing,0 days 01:44:19.512000,,1,1.0,False,,False,True,2024-04,Japanese Grand Prix,2024,4,2024-04-07,train,97.178,True,
0 days 01:47:34.280000,VER,1,0 days 00:01:37.590000,10.0,2.0,,,0 days 00:00:35.450000,0 days 00:00:43.353000,0 days 00:00:18.787000,0 days 01:46:32.199000,0 days 01:47:15.552000,0 days 01:47:34.339000,277.0,292.0,252.0,286.0,False,MEDIUM,10.0,False,Red Bull Racing,0 days 01:45:56.690000,,1,1.0,False,,False,True,2024-04,Japanese Grand Prix,2024,4,2024-04-07,train,97.59,True,
0 days 01:49:12.054000,VER,1,0 days 00:01:37.774000,11.0,2.0,,,0 days 00:00:35.320000,0 days 00:00:43.622000,0 days 00:00:18.832000,0 days 01:48:09.659000,0 days 01:48:53.281000,0 days 01:49:12.113000,276.0,293.0,252.0,287.0,False,MEDIUM,11.0,False,Red Bull Racing,0 days 01:47:34.280000,,1,1.0,False,,False,True,2024-04,Japanese Grand Prix,2024,4,2024-04-07,train,97.774,True,
0 days 01:50:49.807000,VER,1,0 days 00:01:37.753000,12.0,2.0,,,0 days 00:00:35.415000,0 days 00:00:43.468000,0 days 00:00:18.870000,0 days 01:49:47.528000,0 days 01:50:30.996000,0 days 01:50:49.866000,278.0,292.0,252.0,285.0,False,MEDIUM,12.0,False,Red Bull Racing,0 days 01:49:12.054000,,1,1.0,False,,False,True,2024-04,Japanese Grand Prix,2024,4,2024-04-07,train,97.753,True,
0 days 01:52:27.534000,VER,1,0 days 00:01:37.727000,13.0,2.0,,,0 days 00:00:35.365000,0 days 00:00:43.511000,0 days 00:00:18.851000,0 days 01:51:25.231000,0 days 01:52:08.742000,0 days 01:52:27.593000,278.0,292.0,253.0,288.0,False,MEDIUM,13.0,False,Red Bull Racing,0 days 01:50:49.807000,,1,1.0,False,,False,True,2024-04,Japanese Grand Prix,2024,4,2024-04-07,train,97.727,True,
0 days 01:54:05.444000,VER,1,0 days 00:01:37.910000,14.0,2.0,,,0 days 00:00:35.432000,0 days 00:00:43.612000,0 days 00:00:18.866000,0 days 01:53:03.025000,0 days 01:53:46.637000,0 days 01:54:05.503000,278.0,291.0,253.0,286.0,False,MEDIUM,14.0,False,Red Bull Racing,0 days 01:52:27.534000,,1,1.0,False,,False,True,2024-04,Japanese Grand Prix,2024,4,2024-04-07,train,97.91,True,
0 days 01:55:43.298000,VER,1,0 days 00:01:37.854000,15.0,2.0,,,0 days 00:00:35.465000,0 days 00:00:43.565000,0 days 00:00:18.824000,0 days 01:54:40.968000,0 days 01:55:24.533000,0 days 01:55:43.357000,278.0,292.0,253.0,285.0,False,MEDIUM,15.0,False,Red Bull Racing,0 days 01:54:05.444000,,1,1.0,False,,False,True,2024-04,Japanese Grand Prix,2024,4,2024-04-07,train,97.854,True,
0 days 01:57:23.570000,VER,1,0 days 00:01:40.272000,16.0,2.0,,0 days 01:57:22.319000,0 days 00:00:35.594000,0 days 00:00:43.595000,0 days 00:00:21.083000,0 days 01:56:18.951000,0 days 01:57:02.546000,0 days 01:57:23.629000,278.0,293.0,,286.0,False,MEDIUM,16.0,False,Red Bull Racing,0 days 01:55:43.298000,,1,1.0,False,,False,False,2024-04,Japanese Grand Prix,2024,4,2024-04-07,train,100.272,False,pit_in;timing_not_accurate
0 days 01:59:20.048000,VER,1,0 days 00:01:56.478000,17.0,3.0,0 days 01:57:45.444000,,0 days 00:00:54.634000,0 days 00:00:43.113000,0 days 00:00:18.731000,0 days 01:58:18.263000,0 days 01:59:01.376000,0 days 01:59:20.107000,274.0,294.0,255.0,280.0,False,MEDIUM,1.0,True,Red Bull Racing,0 days 01:57:23.570000,,1,2.0,False,,False,False,2024-04,Japanese Grand Prix,2024,4,2024-04-07,train,116.478,False,pit_out;timing_not_accurate
0 days 02:00:56.870000,VER,1,0 days 00:01:36.822000,18.0,3.0,,,0 days 00:00:34.981000,0 days 00:00:43.108000,0 days 00:00:18.733000,0 days 01:59:55.088000,0 days 02:00:38.196000,0 days 02:00:56.929000,279.0,295.0,253.0,283.0,False,MEDIUM,2.0,True,Red Bull Racing,0 days 01:59:20.048000,,1,2.0,False,,False,True,2024-04,Japanese Grand Prix,2024,4,2024-04-07,train,96.822,True,
0 days 02:02:33.122000,VER,1,0 days 00:01:36.252000,19.0,3.0,,,0 days 00:00:34.857000,0 days 00:00:42.769000,0 days 00:00:18.626000,0 days 02:01:31.786000,0 days 02:02:14.555000,0 days 02:02:33.181000,280.0,297.0,255.0,286.0,True,MEDIUM,3.0,True,Red Bull Racing,0 days 02:00:56.870000,,1,2.0,False,,False,True,2024-04,Japanese Grand Prix,2024,4,2024-04-07,train,96.252,True,
0 days 02:04:09.524000,VER,1,0 days 00:01:36.402000,20.0,3.0,,,0 days 00:00:34.885000,0 days 00:00:42.974000,0 days 00:00:18.543000,0 days 02:03:08.066000,0 days 02:03:51.040000,0 days 02:04:09.583000,279.0,298.0,261.0,297.0,False,MEDIUM,4.0,True,Red Bull Racing,0 days 02:02:33.122000,,1,2.0,False,,False,True,2024-04,Japanese Grand Prix,2024,4,2024-04-07,train,96.402,True,
0 days 02:05:45.141000,VER,1,0 days 00:01:35.617000,21.0,3.0,,,0 days 00:00:34.242000,0 days 00:00:42.833000,0 days 00:00:18.542000,0 days 02:04:43.825000,0 days 02:05:26.658000,0 days 02:05:45.200000,280.0,293.0,254.0,286.0,True,MEDIUM,5.0,True,Red Bull Racing,0 days 02:04:09.524000,,1,1.0,False,,False,True,2024-04,Japanese Grand Prix,2024,4,2024-04-07,train,95.617,True,
0 days 02:07:21.525000,VER,1,0 days 00:01:36.384000,22.0,3.0,,,0 days 00:00:34.914000,0 days 00:00:42.902000,0 days 00:00:18.568000,0 days 02:06:20.114000,0 days 02:07:03.016000,0 days 02:07:21.584000,280.0,293.0,255.0,286.0,False,MEDIUM,6.0,True,Red Bull Racing,0 days 02:05:45.141000,,1,1.0,False,,False,True,2024-04,Japanese Grand Prix,2024,4,2024-04-07,train,96.384,True,
0 days 02:08:57.730000,VER,1,0 days 00:01:36.205000,23.0,3.0,,,0 days 00:00:34.810000,0 days 00:00:42.855000,0 days 00:00:18.540000,0 days 02:07:56.394000,0 days 02:08:39.249000,0 days 02:08:57.789000,280.0,294.0,254.0,286.0,False,MEDIUM,7.0,True,Red Bull Racing,0 days 02:07:21.525000,,1,1.0,False,,False,True,2024-04,Japanese Grand Prix,2024,4,2024-04-07,train,96.205,True,
0 days 02:10:34.262000,VER,1,0 days 00:01:36.532000,24.0,3.0,,,0 days 00:00:34.895000,0 days 00:00:43.008000,0 days 00:00:18.629000,0 days 02:09:32.684000,0 days 02:10:15.692000,0 days 02:10:34.321000,279.0,294.0,255.0,286.0,False,MEDIUM,8.0,True,Red Bull Racing,0 days 02:08:57.730000,,1,1.0,False,,False,True,2024-04,Japanese Grand Prix,2024,4,2024-04-07,train,96.532,True,
0 days 02:12:10.599000,VER,1,0 days 00:01:36.337000,25.0,3.0,,,0 days 00:00:34.677000,0 days 00:00:43.075000,0 days 00:00:18.585000,0 days 02:11:08.998000,0 days 02:11:52.073000,0 days 02:12:10.658000,281.0,295.0,254.0,287.0,False,MEDIUM,9.0,True,Red Bull Racing,0 days 02:10:34.262000,,1,1.0,False,,False,True,2024-04,Japanese Grand Prix,2024,4,2024-04-07,train,96.337,True,
0 days 02:13:47.036000,VER,1,0 days 00:01:36.437000,26.0,3.0,,,0 days 00:00:34.874000,0 days 00:00:42.952000,0 days 00:00:18.611000,0 days 02:12:45.532000,0 days 02:13:28.484000,0 days 02:13:47.095000,281.0,295.0,255.0,287.0,False,MEDIUM,10.0,True,Red Bull Racing,0 days 02:12:10.599000,,1,1.0,False,,False,True,2024-04,Japanese Grand Prix,2024,4,2024-04-07,train,96.437,True,
0 days 02:15:23.690000,VER,1,0 days 00:01:36.654000,27.0,3.0,,,0 days 00:00:34.936000,0 days 00:00:42.975000,0 days 00:00:18.743000,0 days 02:14:22.031000,0 days 02:15:05.006000,0 days 02:15:23.749000,280.0,296.0,254.0,287.0,False,MEDIUM,11.0,True,Red Bull Racing,0 days 02:13:47.036000,,1,1.0,False,,False,True,2024-04,Japanese Grand Prix,2024,4,2024-04-07,train,96.654,True,
0 days 02:17:00.186000,VER,1,0 days 00:01:36.496000,28.0,3.0,,,0 days 00:00:34.883000,0 days 00:00:43.010000,0 days 00:00:18.603000,0 days 02:15:58.632000,0 days 02:16:41.642000,0 days 02:17:00.245000,280.0,297.0,255.0,287.0,False,MEDIUM,12.0,True,Red Bull Racing,0 days 02:15:23.690000,,1,1.0,False,,False,True,2024-04,Japanese Grand Prix,2024,4,2024-04-07,train,96.496,True,
0 days 02:18:36.841000,VER,1,0 days 00:01:36.655000,29.0,3.0,,,0 days 00:00:35.020000,0 days 00:00:43.016000,0 days 00:00:18.619000,0 days 02:17:35.265000,0 days 02:18:18.281000,0 days 02:18:36.900000,280.0,296.0,254.0,289.0,False,MEDIUM,13.0,True,Red Bull Racing,0 days 02:17:00.186000,,1,1.0,False,,False,True,2024-04,Japanese Grand Prix,2024,4,2024-04-07,train,96.655,True,
0 days 02:20:13.690000,VER,1,0 days 00:01:36.849000,30.0,3.0,,,0 days 00:00:35.050000,0 days 00:00:43.132000,0 days 00:00:18.667000,0 days 02:19:11.950000,0 days 02:19:55.082000,0 days 02:20:13.749000,280.0,296.0,255.0,288.0,False,MEDIUM,14.0,True,Red Bull Racing,0 days 02:18:36.841000,,1,1.0,False,,False,True,2024-04,Japanese Grand Prix,2024,4,2024-04-07,train,96.849,True,
0 days 02:21:50.451000,VER,1,0 days 00:01:36.761000,31.0,3.0,,,0 days 00:00:34.998000,0 days 00:00:43.147000,0 days 00:00:18.616000,0 days 02:20:48.747000,0 days 02:21:31.894000,0 days 02:21:50.510000,280.0,296.0,255.0,289.0,False,MEDIUM,15.0,True,Red Bull Racing,0 days 02:20:13.690000,,1,1.0,False,,False,True,2024-04,Japanese Grand Prix,2024,4,2024-04-07,train,96.761,True,
0 days 02:23:27.371000,VER,1,0 days 00:01:36.920000,32.0,3.0,,,0 days 00:00:35.134000,0 days 00:00:43.092000,0 days 00:00:18.694000,0 days 02:22:25.644000,0 days 02:23:08.736000,0 days 02:23:27.430000,279.0,296.0,254.0,291.0,False,MEDIUM,16.0,True,Red Bull Racing,0 days 02:21:50.451000,,1,1.0,False,,False,True,2024-04,Japanese Grand Prix,2024,4,2024-04-07,train,96.92,True,
0 days 02:25:04.419000,VER,1,0 days 00:01:37.048000,33.0,3.0,,,0 days 00:00:35.182000,0 days 00:00:43.181000,0 days 00:00:18.685000,0 days 02:24:02.612000,0 days 02:24:45.793000,0 days 02:25:04.478000,279.0,297.0,254.0,292.0,False,MEDIUM,17.0,True,Red Bull Racing,0 days 02:23:27.371000,,1,1.0,False,,False,True,2024-04,Japanese Grand Prix,2024,4,2024-04-07,train,97.048,True,
0 days 02:26:43.645000,VER,1,0 days 00:01:39.226000,34.0,3.0,,0 days 02:26:42.429000,0 days 00:00:35.038000,0 days 00:00:43.228000,0 days 00:00:20.960000,0 days 02:25:39.516000,0 days 02:26:22.744000,0 days 02:26:43.704000,278.0,296.0,,293.0,False,MEDIUM,18.0,True,Red Bull Racing,0 days 02:25:04.419000,,1,1.0,False,,False,False,2024-04,Japanese Grand Prix,2024,4,2024-04-07,train,99.226,False,pit_in;timing_not_accurate
0 days 02:28:39.148000,VER,1,0 days 00:01:55.503000,35.0,4.0,0 days 02:27:05.581000,,0 days 00:00:54.547000,0 days 00:00:42.486000,0 days 00:00:18.470000,0 days 02:27:38.251000,0 days 02:28:20.737000,0 days 02:28:39.207000,281.0,297.0,257.0,297.0,False,HARD,1.0,True,Red Bull Racing,0 days 02:26:43.645000,,1,2.0,False,,False,False,2024-04,Japanese Grand Prix,2024,4,2024-04-07,train,115.503,False,pit_out;timing_not_accurate
0 days 02:30:13.767000,VER,1,0 days 00:01:34.619000,36.0,4.0,,,0 days 00:00:34.203000,0 days 00:00:42.165000,0 days 00:00:18.251000,0 days 02:29:13.410000,0 days 02:29:55.575000,0 days 02:30:13.826000,281.0,300.0,258.0,296.0,True,HARD,2.0,True,Red Bull Racing,0 days 02:28:39.148000,,1,1.0,False,,False,True,2024-04,Japanese Grand Prix,2024,4,2024-04-07,train,94.619,True,
0 days 02:31:48.737000,VER,1,0 days 00:01:34.970000,37.0,4.0,,,0 days 00:00:34.373000,0 days 00:00:42.368000,0 days 00:00:18.229000,0 days 02:30:48.199000,0 days 02:31:30.567000,0 days 02:31:48.796000,282.0,298.0,258.0,298.0,False,HARD,3.0,True,Red Bull Racing,0 days 02:30:13.767000,,1,1.0,False,,False,True,2024-04,Japanese Grand Prix,2024,4,2024-04-07,train,94.97,True,
0 days 02:33:23.723000,VER,1,0 days 00:01:34.986000,38.0,4.0,,,0 days 00:00:34.217000,0 days 00:00:42.272000,0 days 00:00:18.497000,0 days 02:32:23.013000,0 days 02:33:05.285000,0 days 02:33:23.782000,282.0,296.0,257.0,295.0,False,HARD,4.0,True,Red Bull Racing,0 days 02:31:48.737000,,1,1.0,False,,False,True,2024-04,Japanese Grand Prix,2024,4,2024-04-07,train,94.986,True,
0 days 02:34:58.217000,VER,1,0 days 00:01:34.494000,39.0,4.0,,,0 days 00:00:34.097000,0 days 00:00:42.145000,0 days 00:00:18.252000,0 days 02:33:57.879000,0 days 02:34:40.024000,0 days 02:34:58.276000,282.0,298.0,257.0,294.0,True,HARD,5.0,True,Red Bull Racing,0 days 02:33:23.723000,,1,1.0,False,,False,True,2024-04,Japanese Grand Prix,2024,4,2024-04-07,train,94.494,True,
0 days 02:36:32.560000,VER,1,0 days 00:01:34.343000,40.0,4.0,,,0 days 00:00:33.952000,0 days 00:00:42.124000,0 days 00:00:18.267000,0 days 02:35:32.228000,0 days 02:36:14.352000,0 days 02:36:32.619000,282.0,298.0,257.0,295.0,True,HARD,6.0,True,Red Bull Racing,0 days 02:34:58.217000,,1,1.0,False,,False,True,2024-04,Japanese Grand Prix,2024,4,2024-04-07,train,94.343,True,
0 days 02:38:06.833000,VER,1,0 days 00:01:34.273000,41.0,4.0,,,0 days 00:00:33.997000,0 days 00:00:42.069000,0 days 00:00:18.207000,0 days 02:37:06.616000,0 days 02:37:48.685000,0 days 02:38:06.892000,282.0,298.0,257.0,297.0,True,HARD,7.0,True,Red Bull Racing,0 days 02:36:32.560000,,1,1.0,False,,False,True,2024-04,Japanese Grand Prix,2024,4,2024-04-07,train,94.273,True,
0 days 02:39:41.798000,VER,1,0 days 00:01:34.965000,42.0,4.0,,,0 days 00:00:33.901000,0 days 00:00:42.756000,0 days 00:00:18.308000,0 days 02:38:40.793000,0 days 02:39:23.549000,0 days 02:39:41.857000,283.0,298.0,257.0,297.0,False,HARD,8.0,True,Red Bull Racing,0 days 02:38:06.833000,,12,1.0,False,,False,True,2024-04,Japanese Grand Prix,2024,4,2024-04-07,train,94.965,False,not_green_only
0 days 02:41:16.101000,VER,1,0 days 00:01:34.303000,43.0,4.0,,,0 days 00:00:33.837000,0 days 00:00:42.139000,0 days 00:00:18.327000,0 days 02:40:15.694000,0 days 02:40:57.833000,0 days 02:41:16.160000,282.0,298.0,257.0,297.0,False,HARD,9.0,True,Red Bull Racing,0 days 02:39:41.798000,,1,1.0,False,,False,True,2024-04,Japanese Grand Prix,2024,4,2024-04-07,train,94.303,True,
0 days 02:42:50.556000,VER,1,0 days 00:01:34.455000,44.0,4.0,,,0 days 00:00:33.813000,0 days 00:00:42.303000,0 days 00:00:18.339000,0 days 02:41:49.973000,0 days 02:42:32.276000,0 days 02:42:50.615000,282.0,299.0,256.0,297.0,False,HARD,10.0,True,Red Bull Racing,0 days 02:41:16.101000,,1,1.0,False,,False,True,2024-04,Japanese Grand Prix,2024,4,2024-04-07,train,94.455,True,
0 days 02:44:25.162000,VER,1,0 days 00:01:34.606000,45.0,4.0,,,0 days 00:00:34.085000,0 days 00:00:42.138000,0 days 00:00:18.383000,0 days 02:43:24.700000,0 days 02:44:06.838000,0 days 02:44:25.221000,282.0,299.0,256.0,297.0,False,HARD,11.0,True,Red Bull Racing,0 days 02:42:50.556000,,1,1.0,False,,False,True,2024-04,Japanese Grand Prix,2024,4,2024-04-07,train,94.606,True,
0 days 02:45:59.772000,VER,1,0 days 00:01:34.610000,46.0,4.0,,,0 days 00:00:34.073000,0 days 00:00:42.272000,0 days 00:00:18.265000,0 days 02:44:59.294000,0 days 02:45:41.566000,0 days 02:45:59.831000,282.0,299.0,258.0,301.0,False,HARD,12.0,True,Red Bull Racing,0 days 02:44:25.162000,,1,1.0,False,,False,True,2024-04,Japanese Grand Prix,2024,4,2024-04-07,train,94.61,True,
0 days 02:47:34.885000,VER,1,0 days 00:01:35.113000,47.0,4.0,,,0 days 00:00:34.210000,0 days 00:00:42.527000,0 days 00:00:18.376000,0 days 02:46:34.041000,0 days 02:47:16.568000,0 days 02:47:34.944000,282.0,301.0,258.0,301.0,False,HARD,13.0,True,Red Bull Racing,0 days 02:45:59.772000,,1,1.0,False,,False,True,2024-04,Japanese Grand Prix,2024,4,2024-04-07,train,95.113,True,
0 days 02:49:10.635000,VER,1,0 days 00:01:35.750000,48.0,4.0,,,0 days 00:00:34.496000,0 days 00:00:42.871000,0 days 00:00:18.383000,0 days 02:48:09.440000,0 days 02:48:52.311000,0 days 02:49:10.694000,282.0,298.0,257.0,299.0,False,HARD,14.0,True,Red Bull Racing,0 days 02:47:34.885000,,1,1.0,False,,False,True,2024-04,Japanese Grand Prix,2024,4,2024-04-07,train,95.75,True,
0 days 02:50:45.520000,VER,1,0 days 00:01:34.885000,49.0,4.0,,,0 days 00:00:34.097000,0 days 00:00:42.487000,0 days 00:00:18.301000,0 days 02:49:44.791000,0 days 02:50:27.278000,0 days 02:50:45.579000,282.0,300.0,263.0,302.0,False,HARD,15.0,True,Red Bull Racing,0 days 02:49:10.635000,,1,1.0,False,,False,True,2024-04,Japanese Grand Prix,2024,4,2024-04-07,train,94.885,True,
0 days 02:52:19.226000,VER,1,0 days 00:01:33.706000,50.0,4.0,,,0 days 00:00:33.404000,0 days 00:00:42.141000,0 days 00:00:18.161000,0 days 02:51:18.983000,0 days 02:52:01.124000,0 days 02:52:19.285000,282.0,298.0,257.0,298.0,True,HARD,16.0,True,Red Bull Racing,0 days 02:50:45.520000,,1,1.0,False,,False,True,2024-04,Japanese Grand Prix,2024,4,2024-04-07,train,93.706,True,
0 days 02:53:53.994000,VER,1,0 days 00:01:34.768000,51.0,4.0,,,0 days 00:00:33.964000,0 days 00:00:42.405000,0 days 00:00:18.399000,0 days 02:52:53.249000,0 days 02:53:35.654000,0 days 02:53:54.053000,283.0,299.0,257.0,297.0,False,HARD,17.0,True,Red Bull Racing,0 days 02:52:19.226000,,1,1.0,False,,False,True,2024-04,Japanese Grand Prix,2024,4,2024-04-07,train,94.768,True,
0 days 02:55:28.964000,VER,1,0 days 00:01:34.970000,52.0,4.0,,,0 days 00:00:34.158000,0 days 00:00:42.422000,0 days 00:00:18.390000,0 days 02:54:28.211000,0 days 02:55:10.633000,0 days 02:55:29.023000,283.0,300.0,258.0,299.0,False,HARD,18.0,True,Red Bull Racing,0 days 02:53:53.994000,,1,1.0,False,,False,True,2024-04,Japanese Grand Prix,2024,4,2024-04-07,train,94.97,True,
0 days 02:57:04.227000,VER,1,0 days 00:01:35.263000,53.0,4.0,,,0 days 00:00:34.299000,0 days 00:00:42.417000,0 days 00:00:18.547000,0 days 02:56:03.322000,0 days 02:56:45.739000,0 days 02:57:04.286000,281.0,298.0,255.0,295.0,False,HARD,19.0,True,Red Bull Racing,0 days 02:55:28.964000,,1,1.0,False,,False,True,2024-04,Japanese Grand Prix,2024,4,2024-04-07,train,95.263,True,
0 days 00:57:09.937000,HAM,44,0 days 00:01:51.502000,1.0,1.0,,,,0 days 00:00:32.870000,0 days 00:00:45.826000,,0 days 00:56:24.259000,0 days 00:57:10.021000,277.0,270.0,248.0,321.0,False,SOFT,1.0,True,Mercedes,0 days 00:55:18.169000,,1,19.0,False,,False,False,2024-05,Chinese Grand Prix,2024,5,2024-04-21,validation,111.502,False,opening_lap;timing_not_accurate
0 days 00:58:54.072000,HAM,44,0 days 00:01:44.135000,2.0,1.0,,,0 days 00:00:27.777000,0 days 00:00:31.721000,0 days 00:00:44.637000,0 days 00:57:37.741000,0 days 00:58:09.462000,0 days 00:58:54.099000,275.0,267.0,260.0,341.0,True,SOFT,2.0,True,Mercedes,0 days 00:57:09.937000,,1,19.0,False,,False,True,2024-05,Chinese Grand Prix,2024,5,2024-04-21,validation,104.135,True,
0 days 01:00:36.978000,HAM,44,0 days 00:01:42.906000,3.0,1.0,,,0 days 00:00:27.516000,0 days 00:00:31.429000,0 days 00:00:43.961000,0 days 00:59:21.615000,0 days 00:59:53.044000,0 days 01:00:37.005000,277.0,266.0,260.0,337.0,True,SOFT,3.0,True,Mercedes,0 days 00:58:54.072000,,1,18.0,False,,False,True,2024-05,Chinese Grand Prix,2024,5,2024-04-21,validation,102.906,True,
0 days 01:02:19.991000,HAM,44,0 days 00:01:43.013000,4.0,1.0,,,0 days 00:00:27.290000,0 days 00:00:31.303000,0 days 00:00:44.420000,0 days 01:01:04.295000,0 days 01:01:35.598000,0 days 01:02:20.018000,271.0,264.0,252.0,319.0,False,SOFT,4.0,True,Mercedes,0 days 01:00:36.978000,,1,17.0,False,,False,True,2024-05,Chinese Grand Prix,2024,5,2024-04-21,validation,103.013,True,
0 days 01:04:03.490000,HAM,44,0 days 00:01:43.499000,5.0,1.0,,,0 days 00:00:27.586000,0 days 00:00:31.314000,0 days 00:00:44.599000,0 days 01:02:47.604000,0 days 01:03:18.918000,0 days 01:04:03.517000,272.0,265.0,256.0,333.0,False,SOFT,5.0,True,Mercedes,0 days 01:02:19.991000,,1,17.0,False,,False,True,2024-05,Chinese Grand Prix,2024,5,2024-04-21,validation,103.499,True,
0 days 01:05:46.957000,HAM,44,0 days 00:01:43.467000,6.0,1.0,,,0 days 00:00:27.510000,0 days 00:00:31.423000,0 days 00:00:44.534000,0 days 01:04:31.027000,0 days 01:05:02.450000,0 days 01:05:46.984000,267.0,265.0,258.0,332.0,False,SOFT,6.0,True,Mercedes,0 days 01:04:03.490000,,1,17.0,False,,False,True,2024-05,Chinese Grand Prix,2024,5,2024-04-21,validation,103.467,True,
0 days 01:07:31.013000,HAM,44,0 days 00:01:44.056000,7.0,1.0,,,0 days 00:00:27.593000,0 days 00:00:31.549000,0 days 00:00:44.914000,0 days 01:06:14.577000,0 days 01:06:46.126000,0 days 01:07:31.040000,271.0,266.0,256.0,330.0,False,SOFT,7.0,True,Mercedes,0 days 01:05:46.957000,,1,17.0,False,,False,True,2024-05,Chinese Grand Prix,2024,5,2024-04-21,validation,104.056,True,
0 days 01:09:14.782000,HAM,44,0 days 00:01:43.769000,8.0,1.0,,,0 days 00:00:27.507000,0 days 00:00:31.695000,0 days 00:00:44.567000,0 days 01:07:58.547000,0 days 01:08:30.242000,0 days 01:09:14.809000,273.0,264.0,257.0,329.0,False,SOFT,8.0,True,Mercedes,0 days 01:07:31.013000,,1,16.0,False,,False,True,2024-05,Chinese Grand Prix,2024,5,2024-04-21,validation,103.769,True,
0 days 01:11:02.724000,HAM,44,0 days 00:01:47.942000,9.0,1.0,,0 days 01:11:01.144000,0 days 00:00:27.422000,0 days 00:00:31.115000,0 days 00:00:49.405000,0 days 01:09:42.231000,0 days 01:10:13.346000,0 days 01:11:02.751000,268.0,264.0,,313.0,False,SOFT,9.0,True,Mercedes,0 days 01:09:14.782000,,1,17.0,False,,False,False,2024-05,Chinese Grand Prix,2024,5,2024-04-21,validation,107.942,False,pit_in;timing_not_accurate
0 days 01:13:01.633000,HAM,44,0 days 00:01:58.909000,10.0,2.0,0 days 01:11:23.492000,,0 days 00:00:45.205000,0 days 00:00:30.064000,0 days 00:00:43.640000,0 days 01:11:47.956000,0 days 01:12:18.020000,0 days 01:13:01.660000,272.0,265.0,255.0,314.0,False,MEDIUM,1.0,True,Mercedes,0 days 01:11:02.724000,,1,19.0,False,,False,False,2024-05,Chinese Grand Prix,2024,5,2024-04-21,validation,118.909,False,pit_out;timing_not_accurate
0 days 01:14:43.042000,HAM,44,0 days 00:01:41.409000,11.0,2.0,,,0 days 00:00:26.848000,0 days 00:00:30.842000,0 days 00:00:43.719000,0 days 01:13:28.508000,0 days 01:13:59.350000,0 days 01:14:43.069000,269.0,265.0,259.0,313.0,True,MEDIUM,2.0,True,Mercedes,0 days 01:13:01.633000,,1,18.0,False,,False,True,2024-05,Chinese Grand Prix,2024,5,2024-04-21,validation,101.409,True,
0 days 01:16:24.946000,HAM,44,0 days 00:01:41.904000,12.0,2.0,,,0 days 00:00:26.938000,0 days 00:00:30.884000,0 days 00:00:44.082000,0 days 01:15:10.007000,0 days 01:15:40.891000,0 days 01:16:24.973000,268.0,264.0,258.0,334.0,False,MEDIUM,3.0,True,Mercedes,0 days 01:14:43.042000,,1,17.0,False,,False,True,2024-05,Chinese Grand Prix,2024,5,2024-04-21,validation,101.904,True,
0 days 01:18:06.873000,HAM,44,0 days 00:01:41.927000,13.0,2.0,,,0 days 00:00:27.321000,0 days 00:00:30.655000,0 days 00:00:43.951000,0 days 01:16:52.294000,0 days 01:17:22.949000,0 days 01:18:06.900000,270.0,262.0,253.0,309.0,False,MEDIUM,4.0,True,Mercedes,0 days 01:16:24.946000,,1,15.0,False,,False,True,2024-05,Chinese Grand Prix,2024,5,2024-04-21,validation,101.927,True,
0 days 01:19:48.593000,HAM,44,0 days 00:01:41.720000,14.0,2.0,,,0 days 00:00:27.232000,0 days 00:00:30.537000,0 days 00:00:43.951000,0 days 01:18:34.132000,0 days 01:19:04.669000,0 days 01:19:48.620000,266.0,265.0,254.0,312.0,False,MEDIUM,5.0,True,Mercedes,0 days 01:18:06.873000,,1,15.0,False,,False,True,2024-05,Chinese Grand Prix,2024,5,2024-04-21,validation,101.72,True,
0 days 01:21:30.907000,HAM,44,0 days 00:01:42.314000,15.0,2.0,,,0 days 00:00:27.361000,0 days 00:00:30.746000,0 days 00:00:44.207000,0 days 01:20:15.981000,0 days 01:20:46.727000,0 days 01:21:30.934000,270.0,266.0,253.0,313.0,False,MEDIUM,6.0,True,Mercedes,0 days 01:19:48.593000,,1,14.0,False,,False,True,2024-05,Chinese Grand Prix,2024,5,2024-04-21,validation,102.314,True,
0 days 01:23:13.438000,HAM,44,0 days 00:01:42.531000,16.0,2.0,,,0 days 00:00:27.293000,0 days 00:00:30.770000,0 days 00:00:44.468000,0 days 01:21:58.227000,0 days 01:22:28.997000,0 days 01:23:13.465000,269.0,266.0,252.0,311.0,False,MEDIUM,7.0,True,Mercedes,0 days 01:21:30.907000,,1,14.0,False,,False,True,2024-05,Chinese Grand Prix,2024,5,2024-04-21,validation,102.531,True,
0 days 01:24:55.661000,HAM,44,0 days 00:01:42.223000,17.0,2.0,,,0 days 00:00:27.338000,0 days 00:00:30.584000,0 days 00:00:44.301000,0 days 01:23:40.803000,0 days 01:24:11.387000,0 days 01:24:55.688000,269.0,266.0,253.0,310.0,False,MEDIUM,8.0,True,Mercedes,0 days 01:23:13.438000,,1,13.0,False,,False,True,2024-05,Chinese Grand Prix,2024,5,2024-04-21,validation,102.223,True,
0 days 01:26:38.225000,HAM,44,0 days 00:01:42.564000,18.0,2.0,,,0 days 00:00:27.397000,0 days 00:00:30.752000,0 days 00:00:44.415000,0 days 01:25:23.085000,0 days 01:25:53.837000,0 days 01:26:38.252000,271.0,266.0,253.0,307.0,False,MEDIUM,9.0,True,Mercedes,0 days 01:24:55.661000,,1,13.0,False,,False,True,2024-05,Chinese Grand Prix,2024,5,2024-04-21,validation,102.564,True,
0 days 01:28:21.079000,HAM,44,0 days 00:01:42.854000,19.0,2.0,,,0 days 00:00:27.385000,0 days 00:00:30.912000,0 days 00:00:44.557000,0 days 01:27:05.637000,0 days 01:27:36.549000,0 days 01:28:21.106000,272.0,266.0,252.0,309.0,False,MEDIUM,10.0,True,Mercedes,0 days 01:26:38.225000,,1,13.0,False,,False,True,2024-05,Chinese Grand Prix,2024,5,2024-04-21,validation,102.854,True,
0 days 01:30:04.194000,HAM,44,0 days 00:01:43.115000,20.0,2.0,,,0 days 00:00:27.444000,0 days 00:00:30.921000,0 days 00:00:44.750000,0 days 01:28:48.550000,0 days 01:29:19.471000,0 days 01:30:04.221000,272.0,265.0,253.0,309.0,False,MEDIUM,11.0,True,Mercedes,0 days 01:28:21.079000,,12,12.0,False,,False,True,2024-05,Chinese Grand Prix,2024,5,2024-04-21,validation,103.115,False,not_green_only
0 days 01:32:06.973000,HAM,44,0 days 00:02:02.779000,21.0,2.0,,0 days 01:32:05.346000,0 days 00:00:27.428000,0 days 00:00:32.924000,0 days 00:01:02.427000,0 days 01:30:31.649000,0 days 01:31:04.573000,0 days 01:32:07,273.0,99.0,,207.0,False,MEDIUM,12.0,True,Mercedes,0 days 01:30:04.194000,,26,14.0,False,,False,False,2024-05,Chinese Grand Prix,2024,5,2024-04-21,validation,122.779,False,pit_in;not_green_only;timing_not_accurate
0 days 01:34:36.370000,HAM,44,0 days 00:02:29.397000,22.0,3.0,0 days 01:32:27.895000,,0 days 00:00:52.943000,0 days 00:00:41.990000,0 days 00:00:54.464000,0 days 01:32:59.943000,0 days 01:33:41.933000,0 days 01:34:36.397000,184.0,133.0,179.0,206.0,False,HARD,1.0,True,Mercedes,0 days 01:32:06.973000,,6,17.0,False,,False,False,2024-05,Chinese Grand Prix,2024,5,2024-04-21,validation,149.397,False,pit_out;not_green_only;timing_not_accurate
0 days 01:36:49.906000,HAM,44,0 days 00:02:13.536000,23.0,3.0,,,0 days 00:00:36.231000,0 days 00:00:39.784000,0 days 00:00:57.521000,0 days 01:35:12.628000,0 days 01:35:52.412000,0 days 01:36:49.933000,192.0,207.0,142.0,217.0,False,HARD,2.0,True,Mercedes,0 days 01:34:36.370000,,64,17.0,False,,False,False,2024-05,Chinese Grand Prix,2024,5,2024-04-21,validation,133.536,False,not_green_only;timing_not_accurate
0 days 01:39:03.023000,HAM,44,0 days 00:02:13.117000,24.0,3.0,,,0 days 00:00:38.804000,0 days 00:00:37.536000,0 days 00:00:56.777000,0 days 01:37:28.737000,0 days 01:38:06.273000,0 days 01:39:03.050000,207.0,212.0,245.0,233.0,False,HARD,3.0,True,Mercedes,0 days 01:36:49.906000,,4,14.0,False,,False,False,2024-05,Chinese Grand Prix,2024,5,2024-04-21,validation,133.117,False,not_green_only;timing_not_accurate
0 days 01:40:58,HAM,44,0 days 00:01:54.977000,25.0,3.0,,,0 days 00:00:27.786000,0 days 00:00:33.306000,0 days 00:00:53.885000,0 days 01:39:30.836000,0 days 01:40:04.142000,0 days 01:40:58.027000,256.0,229.0,125.0,286.0,False,HARD,4.0,True,Mercedes,0 days 01:39:03.023000,,4,13.0,False,,False,False,2024-05,Chinese Grand Prix,2024,5,2024-04-21,validation,114.977,False,not_green_only;timing_not_accurate
0 days 01:43:25.219000,HAM,44,0 days 00:02:27.219000,26.0,3.0,,,0 days 00:00:35.762000,0 days 00:00:41.631000,0 days 00:01:09.826000,0 days 01:41:33.789000,0 days 01:42:15.420000,0 days 01:43:25.246000,223.0,202.0,253.0,85.0,False,HARD,5.0,True,Mercedes,0 days 01:40:58,,41,12.0,False,,False,False,2024-05,Chinese Grand Prix,2024,5,2024-04-21,validation,147.219,False,not_green_only;timing_not_accurate
0 days 01:45:20.654000,HAM,44,0 days 00:01:55.435000,27.0,3.0,,,0 days 00:00:27.175000,0 days 00:00:30.710000,0 days 00:00:57.550000,0 days 01:43:52.421000,0 days 01:44:23.131000,0 days 01:45:20.681000,280.0,269.0,180.0,178.0,False,HARD,6.0,True,Mercedes,0 days 01:43:25.219000,,124,11.0,False,,False,False,2024-05,Chinese Grand Prix,2024,5,2024-04-21,validation,115.435,False,not_green_only;timing_not_accurate
0 days 01:47:48.252000,HAM,44,0 days 00:02:27.598000,28.0,3.0,,,0 days 00:00:32.116000,0 days 00:00:51.255000,0 days 00:01:04.227000,0 days 01:45:52.797000,0 days 01:46:44.052000,0 days 01:47:48.279000,200.0,214.0,102.0,258.0,False,HARD,7.0,True,Mercedes,0 days 01:45:20.654000,,4,11.0,False,,False,False,2024-05,Chinese Grand Prix,2024,5,2024-04-21,validation,147.598,False,not_green_only;timing_not_accurate
0 days 01:50:13.141000,HAM,44,0 days 00:02:24.889000,29.0,3.0,,,0 days 00:00:39.299000,0 days 00:00:46.869000,0 days 00:00:58.721000,0 days 01:48:27.578000,0 days 01:49:14.447000,0 days 01:50:13.168000,210.0,175.0,195.0,267.0,False,HARD,8.0,True,Mercedes,0 days 01:47:48.252000,,4,11.0,False,,False,False,2024-05,Chinese Grand Prix,2024,5,2024-04-21,validation,144.889,False,not_green_only;timing_not_accurate
0 days 01:52:34.241000,HAM,44,0 days 00:02:21.100000,30.0,3.0,,,0 days 00:00:37.311000,0 days 00:00:44.312000,0 days 00:00:59.477000,0 days 01:50:50.479000,0 days 01:51:34.791000,0 days 01:52:34.268000,229.0,172.0,224.0,207.0,False,HARD,9.0,True,Mercedes,0 days 01:50:13.141000,,4,11.0,False,,False,False,2024-05,Chinese Grand Prix,2024,5,2024-04-21,validation,141.1,False,not_green_only;timing_not_accurate
0 days 01:54:57.075000,HAM,44,0 days 00:02:22.834000,31.0,3.0,,,0 days 00:00:36.510000,0 days 00:00:44.378000,0 days 00:01:01.946000,0 days 01:53:10.778000,0 days 01:53:55.156000,0 days 01:54:57.102000,229.0,195.0,256.0,117.0,False,HARD,10.0,True,Mercedes,0 days 01:52:34.241000,,41,11.0,False,,False,False,2024-05,Chinese Grand Prix,2024,5,2024-04-21,validation,142.834,False,not_green_only;timing_not_accurate
0 days 01:56:38.193000,HAM,44,0 days 00:01:41.118000,32.0,3.0,,,0 days 00:00:27.031000,0 days 00:00:30.408000,0 days 00:00:43.679000,0 days 01:55:24.133000,0 days 01:55:54.541000,0 days 01:56:38.220000,277.0,268.0,256.0,314.0,True,HARD,11.0,True,Mercedes,0 days 01:54:57.075000,,1,10.0,False,,False,True,2024-05,Chinese Grand Prix,2024,5,2024-04-21,validation,101.118,True,
0 days 01:58:19.050000,HAM,44,0 days 00:01:40.857000,33.0,3.0,,,0 days 00:00:26.758000,0 days 00:00:30.465000,0 days 00:00:43.634000,0 days 01:57:04.978000,0 days 01:57:35.443000,0 days 01:58:19.077000,273.0,269.0,261.0,329.0,True,HARD,12.0,True,Mercedes,0 days 01:56:38.193000,,1,10.0,False,,False,True,2024-05,Chinese Grand Prix,2024,5,2024-04-21,validation,100.857,True,
0 days 01:59:59.885000,HAM,44,0 days 00:01:40.835000,34.0,3.0,,,0 days 00:00:26.615000,0 days 00:00:30.525000,0 days 00:00:43.695000,0 days 01:58:45.692000,0 days 01:59:16.217000,0 days 01:59:59.912000,276.0,270.0,259.0,332.0,True,HARD,13.0,True,Mercedes,0 days 01:58:19.050000,,1,10.0,False,,False,True,2024-05,Chinese Grand Prix,2024,5,2024-04-21,validation,100.835,True,
0 days 02:01:40.793000,HAM,44,0 days 00:01:40.908000,35.0,3.0,,,0 days 00:00:26.707000,0 days 00:00:30.558000,0 days 00:00:43.643000,0 days 02:00:26.619000,0 days 02:00:57.177000,0 days 02:01:40.820000,275.0,269.0,261.0,331.0,False,HARD,14.0,True,Mercedes,0 days 01:59:59.885000,,1,10.0,False,,False,True,2024-05,Chinese Grand Prix,2024,5,2024-04-21,validation,100.908,True,
0 days 02:03:22.082000,HAM,44,0 days 00:01:41.289000,36.0,3.0,,,0 days 00:00:26.845000,0 days 00:00:30.726000,0 days 00:00:43.718000,0 days 02:02:07.665000,0 days 02:02:38.391000,0 days 02:03:22.109000,270.0,268.0,263.0,330.0,False,HARD,15.0,True,Mercedes,0 days 02:01:40.793000,,1,10.0,False,,False,True,2024-05,Chinese Grand Prix,2024,5,2024-04-21,validation,101.289,True,
0 days 02:05:03.297000,HAM,44,0 days 00:01:41.215000,37.0,3.0,,,0 days 00:00:26.794000,0 days 00:00:30.790000,0 days 00:00:43.631000,0 days 02:03:48.903000,0 days 02:04:19.693000,0 days 02:05:03.324000,272.0,269.0,263.0,330.0,False,HARD,16.0,True,Mercedes,0 days 02:03:22.082000,,1,10.0,False,,False,True,2024-05,Chinese Grand Prix,2024,5,2024-04-21,validation,101.215,True,
0 days 02:06:44.271000,HAM,44,0 days 00:01:40.974000,38.0,3.0,,,0 days 00:00:26.745000,0 days 00:00:30.682000,0 days 00:00:43.547000,0 days 02:05:30.069000,0 days 02:06:00.751000,0 days 02:06:44.298000,271.0,269.0,263.0,330.0,False,HARD,17.0,True,Mercedes,0 days 02:05:03.297000,,1,10.0,False,,False,True,2024-05,Chinese Grand Prix,2024,5,2024-04-21,validation,100.974,True,
0 days 02:08:25.384000,HAM,44,0 days 00:01:41.113000,39.0,3.0,,,0 days 00:00:26.948000,0 days 00:00:30.643000,0 days 00:00:43.522000,0 days 02:07:11.246000,0 days 02:07:41.889000,0 days 02:08:25.411000,270.0,270.0,264.0,331.0,False,HARD,18.0,True,Mercedes,0 days 02:06:44.271000,,1,10.0,False,,False,True,2024-05,Chinese Grand Prix,2024,5,2024-04-21,validation,101.113,True,
0 days 02:10:06.884000,HAM,44,0 days 00:01:41.500000,40.0,3.0,,,0 days 00:00:26.915000,0 days 00:00:30.751000,0 days 00:00:43.834000,0 days 02:08:52.326000,0 days 02:09:23.077000,0 days 02:10:06.911000,272.0,270.0,260.0,334.0,False,HARD,19.0,True,Mercedes,0 days 02:08:25.384000,,1,10.0,False,,False,True,2024-05,Chinese Grand Prix,2024,5,2024-04-21,validation,101.5,True,
0 days 02:11:47.766000,HAM,44,0 days 00:01:40.882000,41.0,3.0,,,0 days 00:00:26.958000,0 days 00:00:30.425000,0 days 00:00:43.499000,0 days 02:10:33.869000,0 days 02:11:04.294000,0 days 02:11:47.793000,272.0,270.0,258.0,311.0,False,HARD,20.0,True,Mercedes,0 days 02:10:06.884000,,1,9.0,False,,False,True,2024-05,Chinese Grand Prix,2024,5,2024-04-21,validation,100.882,True,
0 days 02:13:28.834000,HAM,44,0 days 00:01:41.068000,42.0,3.0,,,0 days 00:00:27.094000,0 days 00:00:30.261000,0 days 00:00:43.713000,0 days 02:12:14.887000,0 days 02:12:45.148000,0 days 02:13:28.861000,272.0,269.0,258.0,311.0,False,HARD,21.0,True,Mercedes,0 days 02:11:47.766000,,1,9.0,False,,False,True,2024-05,Chinese Grand Prix,2024,5,2024-04-21,validation,101.068,True,
0 days 02:15:10.056000,HAM,44,0 days 00:01:41.222000,43.0,3.0,,,0 days 00:00:27.038000,0 days 00:00:30.454000,0 days 00:00:43.730000,0 days 02:13:55.899000,0 days 02:14:26.353000,0 days 02:15:10.083000,271.0,269.0,257.0,311.0,False,HARD,22.0,True,Mercedes,0 days 02:13:28.834000,,1,9.0,False,,False,True,2024-05,Chinese Grand Prix,2024,5,2024-04-21,validation,101.222,True,
0 days 02:16:50.971000,HAM,44,0 days 00:01:40.915000,44.0,3.0,,,0 days 00:00:26.942000,0 days 00:00:30.321000,0 days 00:00:43.652000,0 days 02:15:37.025000,0 days 02:16:07.346000,0 days 02:16:50.998000,270.0,270.0,258.0,310.0,False,HARD,23.0,True,Mercedes,0 days 02:15:10.056000,,1,8.0,False,,False,True,2024-05,Chinese Grand Prix,2024,5,2024-04-21,validation,100.915,True,
0 days 02:18:32.069000,HAM,44,0 days 00:01:41.098000,45.0,3.0,,,0 days 00:00:26.985000,0 days 00:00:30.492000,0 days 00:00:43.621000,0 days 02:17:17.983000,0 days 02:17:48.475000,0 days 02:18:32.096000,270.0,269.0,258.0,312.0,False,HARD,24.0,True,Mercedes,0 days 02:16:50.971000,,1,8.0,False,,False,True,2024-05,Chinese Grand Prix,2024,5,2024-04-21,validation,101.098,True,
0 days 02:20:13.410000,HAM,44,0 days 00:01:41.341000,46.0,3.0,,,0 days 00:00:27.014000,0 days 00:00:30.474000,0 days 00:00:43.853000,0 days 02:18:59.110000,0 days 02:19:29.584000,0 days 02:20:13.437000,270.0,269.0,257.0,312.0,False,HARD,25.0,True,Mercedes,0 days 02:18:32.069000,,1,8.0,False,,False,True,2024-05,Chinese Grand Prix,2024,5,2024-04-21,validation,101.341,True,
0 days 02:21:54.786000,HAM,44,0 days 00:01:41.376000,47.0,3.0,,,0 days 00:00:27.082000,0 days 00:00:30.487000,0 days 00:00:43.807000,0 days 02:20:40.519000,0 days 02:21:11.006000,0 days 02:21:54.813000,272.0,269.0,257.0,312.0,False,HARD,26.0,True,Mercedes,0 days 02:20:13.410000,,1,8.0,False,,False,True,2024-05,Chinese Grand Prix,2024,5,2024-04-21,validation,101.376,True,
0 days 02:23:36.101000,HAM,44,0 days 00:01:41.315000,48.0,3.0,,,0 days 00:00:26.972000,0 days 00:00:30.348000,0 days 00:00:43.995000,0 days 02:22:21.785000,0 days 02:22:52.133000,0 days 02:23:36.128000,272.0,270.0,259.0,310.0,False,HARD,27.0,True,Mercedes,0 days 02:21:54.786000,,1,8.0,False,,False,True,2024-05,Chinese Grand Prix,2024,5,2024-04-21,validation,101.315,True,
0 days 02:25:18.021000,HAM,44,0 days 00:01:41.920000,49.0,3.0,,,0 days 00:00:27.010000,0 days 00:00:31.133000,0 days 00:00:43.777000,0 days 02:24:03.138000,0 days 02:24:34.271000,0 days 02:25:18.048000,273.0,269.0,260.0,313.0,False,HARD,28.0,True,Mercedes,0 days 02:23:36.101000,,1,9.0,False,,False,True,2024-05,Chinese Grand Prix,2024,5,2024-04-21,validation,101.92,True,
0 days 02:26:59.327000,HAM,44,0 days 00:01:41.306000,50.0,3.0,,,0 days 00:00:27.041000,0 days 00:00:30.575000,0 days 00:00:43.690000,0 days 02:25:45.089000,0 days 02:26:15.664000,0 days 02:26:59.354000,275.0,269.0,259.0,313.0,False,HARD,29.0,True,Mercedes,0 days 02:25:18.021000,,1,9.0,False,,False,True,2024-05,Chinese Grand Prix,2024,5,2024-04-21,validation,101.306,True,
0 days 02:28:40.812000,HAM,44,0 days 00:01:41.485000,51.0,3.0,,,0 days 00:00:27.133000,0 days 00:00:30.628000,0 days 00:00:43.724000,0 days 02:27:26.487000,0 days 02:27:57.115000,0 days 02:28:40.839000,271.0,269.0,259.0,312.0,False,HARD,30.0,True,Mercedes,0 days 02:26:59.327000,,1,9.0,False,,False,True,2024-05,Chinese Grand Prix,2024,5,2024-04-21,validation,101.485,True,
0 days 02:30:22.273000,HAM,44,0 days 00:01:41.461000,52.0,3.0,,,0 days 00:00:27.058000,0 days 00:00:30.527000,0 days 00:00:43.876000,0 days 02:29:07.897000,0 days 02:29:38.424000,0 days 02:30:22.300000,275.0,270.0,257.0,312.0,False,HARD,31.0,True,Mercedes,0 days 02:28:40.812000,,1,9.0,False,,False,True,2024-05,Chinese Grand Prix,2024,5,2024-04-21,validation,101.461,True,
0 days 02:32:03.794000,HAM,44,0 days 00:01:41.521000,53.0,3.0,,,0 days 00:00:27.013000,0 days 00:00:30.603000,0 days 00:00:43.905000,0 days 02:30:49.313000,0 days 02:31:19.916000,0 days 02:32:03.821000,273.0,270.0,259.0,313.0,False,HARD,32.0,True,Mercedes,0 days 02:30:22.273000,,1,9.0,False,,False,True,2024-05,Chinese Grand Prix,2024,5,2024-04-21,validation,101.521,True,
0 days 02:33:45.287000,HAM,44,0 days 00:01:41.493000,54.0,3.0,,,0 days 00:00:27.053000,0 days 00:00:30.612000,0 days 00:00:43.828000,0 days 02:32:30.874000,0 days 02:33:01.486000,0 days 02:33:45.314000,274.0,270.0,257.0,315.0,False,HARD,33.0,True,Mercedes,0 days 02:32:03.794000,,1,9.0,False,,False,True,2024-05,Chinese Grand Prix,2024,5,2024-04-21,validation,101.493,True,
0 days 02:35:26.891000,HAM,44,0 days 00:01:41.604000,55.0,3.0,,,0 days 00:00:27.124000,0 days 00:00:30.622000,0 days 00:00:43.858000,0 days 02:34:12.438000,0 days 02:34:43.060000,0 days 02:35:26.918000,276.0,270.0,260.0,312.0,False,HARD,34.0,True,Mercedes,0 days 02:33:45.287000,,1,9.0,False,,False,True,2024-05,Chinese Grand Prix,2024,5,2024-04-21,validation,101.604,True,
0 days 02:37:08.975000,HAM,44,0 days 00:01:42.084000,56.0,3.0,,,0 days 00:00:27.114000,0 days 00:00:30.620000,0 days 00:00:44.350000,0 days 02:35:54.032000,0 days 02:36:24.652000,0 days 02:37:09.002000,272.0,270.0,255.0,311.0,False,HARD,35.0,True,Mercedes,0 days 02:35:26.891000,,1,9.0,False,,False,True,2024-05,Chinese Grand Prix,2024,5,2024-04-21,validation,102.084,True,
0 days 00:57:04.923000,LEC,16,0 days 00:01:46.488000,1.0,1.0,,,,0 days 00:00:31.934000,0 days 00:00:44.143000,,0 days 00:56:20.867000,0 days 00:57:05.092000,282.0,267.0,254.0,308.0,False,MEDIUM,1.0,True,Ferrari,0 days 00:55:18.169000,,1,7.0,False,,False,False,2024-05,Chinese Grand Prix,2024,5,2024-04-21,validation,106.488,False,opening_lap;timing_not_accurate
0 days 00:58:46.735000,LEC,16,0 days 00:01:41.812000,2.0,1.0,,,0 days 00:00:27.305000,0 days 00:00:30.812000,0 days 00:00:43.695000,0 days 00:57:32.250000,0 days 00:58:03.062000,0 days 00:58:46.757000,271.0,265.0,260.0,330.0,True,MEDIUM,2.0,True,Ferrari,0 days 00:57:04.923000,,1,7.0,False,,False,True,2024-05,Chinese Grand Prix,2024,5,2024-04-21,validation,101.812,True,
0 days 01:00:28.825000,LEC,16,0 days 00:01:42.090000,3.0,1.0,,,0 days 00:00:27.068000,0 days 00:00:31.135000,0 days 00:00:43.887000,0 days 00:59:13.825000,0 days 00:59:44.960000,0 days 01:00:28.847000,271.0,265.0,256.0,311.0,False,MEDIUM,3.0,True,Ferrari,0 days 00:58:46.735000,,1,7.0,False,,False,True,2024-05,Chinese Grand Prix,2024,5,2024-04-21,validation,102.09,True,
0 days 01:02:11.045000,LEC,16,0 days 00:01:42.220000,4.0,1.0,,,0 days 00:00:27.289000,0 days 00:00:30.941000,0 days 00:00:43.990000,0 days 01:00:56.136000,0 days 01:01:27.077000,0 days 01:02:11.067000,274.0,265.0,255.0,327.0,False,MEDIUM,4.0,True,Ferrari,0 days 01:00:28.825000,,1,7.0,False,,False,True,2024-05,Chinese Grand Prix,2024,5,2024-04-21,validation,102.22,True,
0 days 01:03:53.140000,LEC,16,0 days 00:01:42.095000,5.0,1.0,,,0 days 00:00:27.308000,0 days 00:00:30.886000,0 days 00:00:43.901000,0 days 01:02:38.375000,0 days 01:03:09.261000,0 days 01:03:53.162000,270.0,267.0,255.0,325.0,False,MEDIUM,5.0,True,Ferrari,0 days 01:02:11.045000,,1,7.0,False,,False,True,2024-05,Chinese Grand Prix,2024,5,2024-04-21,validation,102.095,True,
0 days 01:05:35.462000,LEC,16,0 days 00:01:42.322000,6.0,1.0,,,0 days 00:00:27.267000,0 days 00:00:31.156000,0 days 00:00:43.899000,0 days 01:04:20.429000,0 days 01:04:51.585000,0 days 01:05:35.484000,273.0,265.0,261.0,330.0,False,MEDIUM,6.0,True,Ferrari,0 days 01:03:53.140000,,1,7.0,False,,False,True,2024-05,Chinese Grand Prix,2024,5,2024-04-21,validation,102.322,True,
0 days 01:07:17.879000,LEC,16,0 days 00:01:42.417000,7.0,1.0,,,0 days 00:00:27.201000,0 days 00:00:31.213000,0 days 00:00:44.003000,0 days 01:06:02.685000,0 days 01:06:33.898000,0 days 01:07:17.901000,275.0,267.0,260.0,333.0,False,MEDIUM,7.0,True,Ferrari,0 days 01:05:35.462000,,1,7.0,False,,False,True,2024-05,Chinese Grand Prix,2024,5,2024-04-21,validation,102.417,True,
0 days 01:09:00.848000,LEC,16,0 days 00:01:42.969000,8.0,1.0,,,0 days 00:00:27.283000,0 days 00:00:31.480000,0 days 00:00:44.206000,0 days 01:07:45.184000,0 days 01:08:16.664000,0 days 01:09:00.870000,275.0,267.0,260.0,332.0,False,MEDIUM,8.0,True,Ferrari,0 days 01:07:17.879000,,1,7.0,False,,False,True,2024-05,Chinese Grand Prix,2024,5,2024-04-21,validation,102.969,True,
0 days 01:10:43.037000,LEC,16,0 days 00:01:42.189000,9.0,1.0,,,0 days 00:00:27.245000,0 days 00:00:30.805000,0 days 00:00:44.139000,0 days 01:09:28.115000,0 days 01:09:58.920000,0 days 01:10:43.059000,272.0,266.0,254.0,315.0,False,MEDIUM,9.0,True,Ferrari,0 days 01:09:00.848000,,1,6.0,False,,False,True,2024-05,Chinese Grand Prix,2024,5,2024-04-21,validation,102.189,True,
0 days 01:12:25.361000,LEC,16,0 days 00:01:42.324000,10.0,1.0,,,0 days 00:00:27.238000,0 days 00:00:31.145000,0 days 00:00:43.941000,0 days 01:11:10.297000,0 days 01:11:41.442000,0 days 01:12:25.383000,274.0,266.0,260.0,328.0,False,MEDIUM,10.0,True,Ferrari,0 days 01:10:43.037000,,1,6.0,False,,False,True,2024-05,Chinese Grand Prix,2024,5,2024-04-21,validation,102.324,True,
0 days 01:14:07.489000,LEC,16,0 days 00:01:42.128000,11.0,1.0,,,0 days 00:00:27.066000,0 days 00:00:31.372000,0 days 00:00:43.690000,0 days 01:12:52.449000,0 days 01:13:23.821000,0 days 01:14:07.511000,272.0,265.0,260.0,329.0,False,MEDIUM,11.0,True,Ferrari,0 days 01:12:25.361000,,1,4.0,False,,False,True,2024-05,Chinese Grand Prix,2024,5,2024-04-21,validation,102.128,True,
0 days 01:15:49.428000,LEC,16,0 days 00:01:41.939000,12.0,1.0,,,0 days 00:00:27.165000,0 days 00:00:30.859000,0 days 00:00:43.915000,0 days 01:14:34.676000,0 days 01:15:05.535000,0 days 01:15:49.450000,269.0,261.0,255.0,305.0,False,MEDIUM,12.0,True,Ferrari,0 days 01:14:07.489000,,1,4.0,False,,False,True,2024-05,Chinese Grand Prix,2024,5,2024-04-21,validation,101.939,True,
0 days 01:17:31.507000,LEC,16,0 days 00:01:42.079000,13.0,1.0,,,0 days 00:00:27.348000,0 days 00:00:30.754000,0 days 00:00:43.977000,0 days 01:16:16.798000,0 days 01:16:47.552000,0 days 01:17:31.529000,271.0,263.0,255.0,308.0,False,MEDIUM,13.0,True,Ferrari,0 days 01:15:49.428000,,1,4.0,False,,False,True,2024-05,Chinese Grand Prix,2024,5,2024-04-21,validation,102.079,True,
0 days 01:19:13.319000,LEC,16,0 days 00:01:41.812000,14.0,1.0,,,0 days 00:00:27.246000,0 days 00:00:30.685000,0 days 00:00:43.881000,0 days 01:17:58.775000,0 days 01:18:29.460000,0 days 01:19:13.341000,271.0,263.0,255.0,309.0,False,MEDIUM,14.0,True,Ferrari,0 days 01:17:31.507000,,1,2.0,False,,False,True,2024-05,Chinese Grand Prix,2024,5,2024-04-21,validation,101.812,True,
0 days 01:20:55.183000,LEC,16,0 days 00:01:41.864000,15.0,1.0,,,0 days 00:00:27.212000,0 days 00:00:30.784000,0 days 00:00:43.868000,0 days 01:19:40.553000,0 days 01:20:11.337000,0 days 01:20:55.205000,271.0,265.0,255.0,310.0,False,MEDIUM,15.0,True,Ferrari,0 days 01:19:13.319000,,1,2.0,False,,False,True,2024-05,Chinese Grand Prix,2024,5,2024-04-21,validation,101.864,True,
0 days 01:22:37.912000,LEC,16,0 days 00:01:42.729000,16.0,1.0,,,0 days 00:00:27.237000,0 days 00:00:31.529000,0 days 00:00:43.963000,0 days 01:21:22.442000,0 days 01:21:53.971000,0 days 01:22:37.934000,273.0,266.0,254.0,310.0,False,MEDIUM,16.0,True,Ferrari,0 days 01:20:55.183000,,1,3.0,False,,False,True,2024-05,Chinese Grand Prix,2024,5,2024-04-21,validation,102.729,True,
0 days 01:24:19.891000,LEC,16,0 days 00:01:41.979000,17.0,1.0,,,0 days 00:00:27.306000,0 days 00:00:30.845000,0 days 00:00:43.828000,0 days 01:23:05.240000,0 days 01:23:36.085000,0 days 01:24:19.913000,273.0,265.0,255.0,309.0,False,MEDIUM,17.0,True,Ferrari,0 days 01:22:37.912000,,1,3.0,False,,False,True,2024-05,Chinese Grand Prix,2024,5,2024-04-21,validation,101.979,True,
0 days 01:26:02.005000,LEC,16,0 days 00:01:42.114000,18.0,1.0,,,0 days 00:00:27.442000,0 days 00:00:30.799000,0 days 00:00:43.873000,0 days 01:24:47.355000,0 days 01:25:18.154000,0 days 01:26:02.027000,272.0,265.0,256.0,309.0,False,MEDIUM,18.0,True,Ferrari,0 days 01:24:19.891000,,1,3.0,False,,False,True,2024-05,Chinese Grand Prix,2024,5,2024-04-21,validation,102.114,True,
0 days 01:27:43.987000,LEC,16,0 days 00:01:41.982000,19.0,1.0,,,0 days 00:00:27.275000,0 days 00:00:30.764000,0 days 00:00:43.943000,0 days 01:26:29.302000,0 days 01:27:00.066000,0 days 01:27:44.009000,273.0,265.0,256.0,308.0,False,MEDIUM,19.0,True,Ferrari,0 days 01:26:02.005000,,1,3.0,False,,False,True,2024-05,Chinese Grand Prix,2024,5,2024-04-21,validation,101.982,True,
0 days 01:29:26.028000,LEC,16,0 days 00:01:42.041000,20.0,1.0,,,0 days 00:00:27.337000,0 days 00:00:30.746000,0 days 00:00:43.958000,0 days 01:28:11.346000,0 days 01:28:42.092000,0 days 01:29:26.050000,273.0,266.0,256.0,307.0,False,MEDIUM,20.0,True,Ferrari,0 days 01:27:43.987000,,12,3.0,False,,False,True,2024-05,Chinese Grand Prix,2024,5,2024-04-21,validation,102.041,False,not_green_only
0 days 01:31:17.997000,LEC,16,0 days 00:01:51.969000,21.0,1.0,,0 days 01:31:16.365000,0 days 00:00:27.352000,0 days 00:00:30.901000,0 days 00:00:53.716000,0 days 01:29:53.402000,0 days 01:30:24.303000,0 days 01:31:18.019000,272.0,252.0,,307.0,False,MEDIUM,21.0,True,Ferrari,0 days 01:29:26.028000,,26,4.0,False,,False,False,2024-05,Chinese Grand Prix,2024,5,2024-04-21,validation,111.969,False,pit_in;not_green_only;timing_not_accurate
0 days 01:33:48.238000,LEC,16,,22.0,2.0,0 days 01:31:38.575000,,0 days 00:00:52.152000,0 days 00:00:40.979000,0 days 00:00:57.074000,0 days 01:32:10.277000,0 days 01:32:51.249000,0 days 01:33:48.438000,203.0,176.0,226.0,212.0,False,HARD,1.0,True,Ferrari,0 days 01:31:17.997000,,6,5.0,False,,False,False,2024-05,Chinese Grand Prix,2024,5,2024-04-21,validation,,False,invalid_lap_time;pit_out;not_green_only;timing_not_accurate
0 days 01:36:01.149000,LEC,16,0 days 00:02:12.911000,23.0,2.0,,,0 days 00:00:37.046000,0 days 00:00:39.533000,0 days 00:00:56.332000,0 days 01:34:25.306000,0 days 01:35:04.839000,0 days 01:36:01.171000,187.0,144.0,228.0,271.0,False,HARD,2.0,True,Ferrari,0 days 01:33:48.238000,,64,4.0,False,,False,False,2024-05,Chinese Grand Prix,2024,5,2024-04-21,validation,132.911,False,not_green_only;timing_not_accurate
0 days 01:38:17.991000,LEC,16,0 days 00:02:16.842000,24.0,2.0,,,0 days 00:00:35.007000,0 days 00:00:38.685000,0 days 00:01:03.150000,0 days 01:36:36.178000,0 days 01:37:14.863000,0 days 01:38:18.013000,199.0,233.0,225.0,203.0,False,HARD,3.0,True,Ferrari,0 days 01:36:01.149000,,4,3.0,False,,False,False,2024-05,Chinese Grand Prix,2024,5,2024-04-21,validation,136.842,False,not_green_only;timing_not_accurate
0 days 01:40:43.200000,LEC,16,0 days 00:02:25.209000,25.0,2.0,,,0 days 00:00:36.693000,0 days 00:00:46.826000,0 days 00:01:01.690000,0 days 01:38:54.706000,0 days 01:39:41.532000,0 days 01:40:43.222000,234.0,196.0,185.0,268.0,False,HARD,4.0,True,Ferrari,0 days 01:38:17.991000,,4,3.0,False,,False,False,2024-05,Chinese Grand Prix,2024,5,2024-04-21,validation,145.209,False,not_green_only;timing_not_accurate
0 days 01:43:18.896000,LEC,16,,26.0,2.0,,,0 days 00:00:34.080000,0 days 00:00:44.478000,0 days 00:01:17.132000,0 days 01:41:17.308000,0 days 01:42:01.874000,0 days 01:43:19.083000,170.0,216.0,255.0,111.0,False,HARD,5.0,True,Ferrari,0 days 01:40:43.200000,,41,3.0,False,,False,False,2024-05,Chinese Grand Prix,2024,5,2024-04-21,validation,,False,invalid_lap_time;not_green_only;timing_not_accurate
0 days 01:45:07.620000,LEC,16,0 days 00:01:48.724000,27.0,2.0,,,0 days 00:00:26.655000,0 days 00:00:29.957000,0 days 00:00:52.112000,0 days 01:43:45.573000,0 days 01:44:15.530000,0 days 01:45:07.642000,272.0,265.0,210.0,310.0,False,HARD,6.0,True,Ferrari,0 days 01:43:18.896000,,124,3.0,False,,False,False,2024-05,Chinese Grand Prix,2024,5,2024-04-21,validation,108.724,False,not_green_only;timing_not_accurate
0 days 01:47:38.759000,LEC,16,,28.0,2.0,,,0 days 00:00:34.738000,0 days 00:00:51.235000,0 days 00:01:05.199000,0 days 01:45:42.574000,0 days 01:46:33.610000,0 days 01:47:38.844000,120.0,225.0,208.0,155.0,False,HARD,7.0,True,Ferrari,0 days 01:45:07.620000,,4,3.0,False,,False,False,2024-05,Chinese Grand Prix,2024,5,2024-04-21,validation,,False,invalid_lap_time;not_green_only;timing_not_accurate
0 days 01:50:05.093000,LEC,16,0 days 00:02:26.334000,29.0,2.0,,,0 days 00:00:39.650000,0 days 00:00:45.685000,0 days 00:01:00.999000,0 days 01:48:18.431000,0 days 01:49:04.116000,0 days 01:50:05.115000,228.0,225.0,170.0,264.0,False,HARD,8.0,True,Ferrari,0 days 01:47:38.759000,,4,3.0,False,,False,False,2024-05,Chinese Grand Prix,2024,5,2024-04-21,validation,146.334,False,not_green_only;timing_not_accurate
0 days 01:52:25.877000,LEC,16,0 days 00:02:20.784000,30.0,2.0,,,0 days 00:00:35.682000,0 days 00:00:43.965000,0 days 00:01:01.137000,0 days 01:50:40.797000,0 days 01:51:24.762000,0 days 01:52:25.899000,234.0,173.0,189.0,262.0,False,HARD,9.0,True,Ferrari,0 days 01:50:05.093000,,4,3.0,False,,False,False,2024-05,Chinese Grand Prix,2024,5,2024-04-21,validation,140.784,False,not_green_only;timing_not_accurate
0 days 01:54:52.643000,LEC,16,0 days 00:02:26.766000,31.0,2.0,,,0 days 00:00:34.005000,0 days 00:00:44.877000,0 days 00:01:07.884000,0 days 01:52:59.904000,0 days 01:53:44.781000,0 days 01:54:52.665000,158.0,228.0,257.0,128.0,False,HARD,10.0,True,Ferrari,0 days 01:52:25.877000,,41,3.0,False,,False,False,2024-05,Chinese Grand Prix,2024,5,2024-04-21,validation,146.766,False,not_green_only;timing_not_accurate
0 days 01:56:32.168000,LEC,16,0 days 00:01:39.525000,32.0,2.0,,,0 days 00:00:26.515000,0 days 00:00:29.931000,0 days 00:00:43.079000,0 days 01:55:19.180000,0 days 01:55:49.111000,0 days 01:56:32.190000,277.0,267.0,257.0,309.0,True,HARD,11.0,True,Ferrari,0 days 01:54:52.643000,,1,3.0,False,,False,True,2024-05,Chinese Grand Prix,2024,5,2024-04-21,validation,99.525,True,
0 days 01:58:11.552000,LEC,16,0 days 00:01:39.384000,33.0,2.0,,,0 days 00:00:26.529000,0 days 00:00:29.829000,0 days 00:00:43.026000,0 days 01:56:58.719000,0 days 01:57:28.548000,0 days 01:58:11.574000,275.0,268.0,257.0,309.0,True,HARD,12.0,True,Ferrari,0 days 01:56:32.168000,,1,3.0,False,,False,True,2024-05,Chinese Grand Prix,2024,5,2024-04-21,validation,99.384,True,
0 days 01:59:51.113000,LEC,16,0 days 00:01:39.561000,34.0,2.0,,,0 days 00:00:26.526000,0 days 00:00:29.914000,0 days 00:00:43.121000,0 days 01:58:38.100000,0 days 01:59:08.014000,0 days 01:59:51.135000,276.0,268.0,257.0,310.0,False,HARD,13.0,True,Ferrari,0 days 01:58:11.552000,,1,3.0,False,,False,True,2024-05,Chinese Grand Prix,2024,5,2024-04-21,validation,99.561,True,
0 days 02:01:30.820000,LEC,16,0 days 00:01:39.707000,35.0,2.0,,,0 days 00:00:26.680000,0 days 00:00:29.951000,0 days 00:00:43.076000,0 days 02:00:17.815000,0 days 02:00:47.766000,0 days 02:01:30.842000,275.0,269.0,257.0,309.0,False,HARD,14.0,True,Ferrari,0 days 01:59:51.113000,,1,3.0,False,,False,True,2024-05,Chinese Grand Prix,2024,5,2024-04-21,validation,99.707,True,
0 days 02:03:10.595000,LEC,16,0 days 00:01:39.775000,36.0,2.0,,,0 days 00:00:26.525000,0 days 00:00:30.025000,0 days 00:00:43.225000,0 days 02:01:57.367000,0 days 02:02:27.392000,0 days 02:03:10.617000,275.0,266.0,258.0,308.0,False,HARD,15.0,True,Ferrari,0 days 02:01:30.820000,,1,3.0,False,,False,True,2024-05,Chinese Grand Prix,2024,5,2024-04-21,validation,99.775,True,
0 days 02:04:50.635000,LEC,16,0 days 00:01:40.040000,37.0,2.0,,,0 days 00:00:26.585000,0 days 00:00:30.103000,0 days 00:00:43.352000,0 days 02:03:37.202000,0 days 02:04:07.305000,0 days 02:04:50.657000,273.0,265.0,259.0,309.0,False,HARD,16.0,True,Ferrari,0 days 02:03:10.595000,,1,3.0,False,,False,True,2024-05,Chinese Grand Prix,2024,5,2024-04-21,validation,100.04,True,
0 days 02:06:30.693000,LEC,16,0 days 00:01:40.058000,38.0,2.0,,,0 days 00:00:26.762000,0 days 00:00:30.046000,0 days 00:00:43.250000,0 days 02:05:17.419000,0 days 02:05:47.465000,0 days 02:06:30.715000,272.0,264.0,258.0,307.0,False,HARD,17.0,True,Ferrari,0 days 02:04:50.635000,,1,3.0,False,,False,True,2024-05,Chinese Grand Prix,2024,5,2024-04-21,validation,100.058,True,
0 days 02:08:11.482000,LEC,16,0 days 00:01:40.789000,39.0,2.0,,,0 days 00:00:26.666000,0 days 00:00:30.922000,0 days 00:00:43.201000,0 days 02:06:57.381000,0 days 02:07:28.303000,0 days 02:08:11.504000,273.0,265.0,264.0,324.0,False,HARD,18.0,True,Ferrari,0 days 02:06:30.693000,,1,4.0,False,,False,True,2024-05,Chinese Grand Prix,2024,5,2024-04-21,validation,100.789,True,
0 days 02:09:51.213000,LEC,16,0 days 00:01:39.731000,40.0,2.0,,,0 days 00:00:26.506000,0 days 00:00:30.181000,0 days 00:00:43.044000,0 days 02:08:38.010000,0 days 02:09:08.191000,0 days 02:09:51.235000,271.0,266.0,263.0,325.0,False,HARD,19.0,True,Ferrari,0 days 02:08:11.482000,,1,4.0,False,,False,True,2024-05,Chinese Grand Prix,2024,5,2024-04-21,validation,99.731,True,
0 days 02:11:30.838000,LEC,16,0 days 00:01:39.625000,41.0,2.0,,,0 days 00:00:26.415000,0 days 00:00:30.217000,0 days 00:00:42.993000,0 days 02:10:17.650000,0 days 02:10:47.867000,0 days 02:11:30.860000,275.0,269.0,265.0,327.0,False,HARD,20.0,True,Ferrari,0 days 02:09:51.213000,,1,4.0,False,,False,True,2024-05,Chinese Grand Prix,2024,5,2024-04-21,validation,99.625,True,
0 days 02:13:10.744000,LEC,16,0 days 00:01:39.906000,42.0,2.0,,,0 days 00:00:26.532000,0 days 00:00:30.169000,0 days 00:00:43.205000,0 days 02:11:57.392000,0 days 02:12:27.561000,0 days 02:13:10.766000,277.0,269.0,259.0,311.0,False,HARD,21.0,True,Ferrari,0 days 02:11:30.838000,,1,4.0,False,,False,True,2024-05,Chinese Grand Prix,2024,5,2024-04-21,validation,99.906,True,
0 days 02:14:50.652000,LEC,16,0 days 00:01:39.908000,43.0,2.0,,,0 days 00:00:26.691000,0 days 00:00:29.998000,0 days 00:00:43.219000,0 days 02:13:37.457000,0 days 02:14:07.455000,0 days 02:14:50.674000,276.0,269.0,258.0,310.0,False,HARD,22.0,True,Ferrari,0 days 02:13:10.744000,,1,4.0,False,,False,True,2024-05,Chinese Grand Prix,2024,5,2024-04-21,validation,99.908,True,
0 days 02:16:30.493000,LEC,16,0 days 00:01:39.841000,44.0,2.0,,,0 days 00:00:26.662000,0 days 00:00:30.010000,0 days 00:00:43.169000,0 days 02:15:17.336000,0 days 02:15:47.346000,0 days 02:16:30.515000,275.0,268.0,258.0,310.0,False,HARD,23.0,True,Ferrari,0 days 02:14:50.652000,,1,4.0,False,,False,True,2024-05,Chinese Grand Prix,2024,5,2024-04-21,validation,99.841,True,
0 days 02:18:10.518000,LEC,16,0 days 00:01:40.025000,45.0,2.0,,,0 days 00:00:26.729000,0 days 00:00:30.136000,0 days 00:00:43.160000,0 days 02:16:57.244000,0 days 02:17:27.380000,0 days 02:18:10.540000,277.0,268.0,258.0,311.0,False,HARD,24.0,True,Ferrari,0 days 02:16:30.493000,,1,4.0,False,,False,True,2024-05,Chinese Grand Prix,2024,5,2024-04-21,validation,100.025,True,
0 days 02:19:50.742000,LEC,16,0 days 00:01:40.224000,46.0,2.0,,,0 days 00:00:26.857000,0 days 00:00:30.073000,0 days 00:00:43.294000,0 days 02:18:37.397000,0 days 02:19:07.470000,0 days 02:19:50.764000,278.0,268.0,258.0,310.0,False,HARD,25.0,True,Ferrari,0 days 02:18:10.518000,,1,4.0,False,,False,True,2024-05,Chinese Grand Prix,2024,5,2024-04-21,validation,100.224,True,
0 days 02:21:31.058000,LEC,16,0 days 00:01:40.316000,47.0,2.0,,,0 days 00:00:26.713000,0 days 00:00:30.036000,0 days 00:00:43.567000,0 days 02:20:17.477000,0 days 02:20:47.513000,0 days 02:21:31.080000,276.0,269.0,258.0,310.0,False,HARD,26.0,True,Ferrari,0 days 02:19:50.742000,,1,4.0,False,,False,True,2024-05,Chinese Grand Prix,2024,5,2024-04-21,validation,100.316,True,
0 days 02:23:11.216000,LEC,16,0 days 00:01:40.158000,48.0,2.0,,,0 days 00:00:26.759000,0 days 00:00:30.021000,0 days 00:00:43.378000,0 days 02:21:57.839000,0 days 02:22:27.860000,0 days 02:23:11.238000,276.0,268.0,259.0,309.0,False,HARD,27.0,True,Ferrari,0 days 02:21:31.058000,,1,4.0,False,,False,True,2024-05,Chinese Grand Prix,2024,5,2024-04-21,validation,100.158,True,
0 days 02:24:51.639000,LEC,16,0 days 00:01:40.423000,49.0,2.0,,,0 days 00:00:26.786000,0 days 00:00:30.170000,0 days 00:00:43.467000,0 days 02:23:38.024000,0 days 02:24:08.194000,0 days 02:24:51.661000,276.0,269.0,258.0,308.0,False,HARD,28.0,True,Ferrari,0 days 02:23:11.216000,,1,4.0,False,,False,True,2024-05,Chinese Grand Prix,2024,5,2024-04-21,validation,100.423,True,
0 days 02:26:31.976000,LEC,16,0 days 00:01:40.337000,50.0,2.0,,,0 days 00:00:26.803000,0 days 00:00:30.307000,0 days 00:00:43.227000,0 days 02:25:18.464000,0 days 02:25:48.771000,0 days 02:26:31.998000,276.0,268.0,259.0,308.0,False,HARD,29.0,True,Ferrari,0 days 02:24:51.639000,,1,4.0,False,,False,True,2024-05,Chinese Grand Prix,2024,5,2024-04-21,validation,100.337,True,
0 days 02:28:12.181000,LEC,16,0 days 00:01:40.205000,51.0,2.0,,,0 days 00:00:26.813000,0 days 00:00:30.091000,0 days 00:00:43.301000,0 days 02:26:58.811000,0 days 02:27:28.902000,0 days 02:28:12.203000,276.0,269.0,259.0,309.0,False,HARD,30.0,True,Ferrari,0 days 02:26:31.976000,,1,4.0,False,,False,True,2024-05,Chinese Grand Prix,2024,5,2024-04-21,validation,100.205,True,
0 days 02:29:52.634000,LEC,16,0 days 00:01:40.453000,52.0,2.0,,,0 days 00:00:26.834000,0 days 00:00:30.289000,0 days 00:00:43.330000,0 days 02:28:39.037000,0 days 02:29:09.326000,0 days 02:29:52.656000,276.0,268.0,259.0,309.0,False,HARD,31.0,True,Ferrari,0 days 02:28:12.181000,,1,4.0,False,,False,True,2024-05,Chinese Grand Prix,2024,5,2024-04-21,validation,100.453,True,
0 days 02:31:33,LEC,16,0 days 00:01:40.366000,53.0,2.0,,,0 days 00:00:26.810000,0 days 00:00:30.117000,0 days 00:00:43.439000,0 days 02:30:19.466000,0 days 02:30:49.583000,0 days 02:31:33.022000,275.0,269.0,259.0,309.0,False,HARD,32.0,True,Ferrari,0 days 02:29:52.634000,,1,4.0,False,,False,True,2024-05,Chinese Grand Prix,2024,5,2024-04-21,validation,100.366,True,
0 days 02:33:13.171000,LEC,16,0 days 00:01:40.171000,54.0,2.0,,,0 days 00:00:26.820000,0 days 00:00:30.075000,0 days 00:00:43.276000,0 days 02:31:59.842000,0 days 02:32:29.917000,0 days 02:33:13.193000,275.0,270.0,260.0,310.0,False,HARD,33.0,True,Ferrari,0 days 02:31:33,,1,4.0,False,,False,True,2024-05,Chinese Grand Prix,2024,5,2024-04-21,validation,100.171,True,
0 days 02:34:54.053000,LEC,16,0 days 00:01:40.882000,55.0,2.0,,,0 days 00:00:27.018000,0 days 00:00:30.420000,0 days 00:00:43.444000,0 days 02:33:40.211000,0 days 02:34:10.631000,0 days 02:34:54.075000,276.0,269.0,259.0,309.0,False,HARD,34.0,True,Ferrari,0 days 02:33:13.171000,,1,4.0,False,,False,True,2024-05,Chinese Grand Prix,2024,5,2024-04-21,validation,100.882,True,
0 days 02:36:34.621000,LEC,16,0 days 00:01:40.568000,56.0,2.0,,,0 days 00:00:26.873000,0 days 00:00:30.305000,0 days 00:00:43.390000,0 days 02:35:20.948000,0 days 02:35:51.253000,0 days 02:36:34.643000,276.0,270.0,260.0,308.0,False,HARD,35.0,True,Ferrari,0 days 02:34:54.053000,,1,4.0,False,,False,True,2024-05,Chinese Grand Prix,2024,5,2024-04-21,validation,100.568,True,
0 days 00:57:02.405000,PER,11,0 days 00:01:43.970000,1.0,1.0,,,,0 days 00:00:31.037000,0 days 00:00:43.769000,,0 days 00:56:18.700000,0 days 00:57:02.577000,282.0,270.0,255.0,310.0,False,MEDIUM,1.0,True,Red Bull Racing,0 days 00:55:18.169000,,1,3.0,False,,False,False,2024-05,Chinese Grand Prix,2024,5,2024-04-21,validation,103.97,False,opening_lap;timing_not_accurate
0 days 00:58:43.286000,PER,11,0 days 00:01:40.881000,2.0,1.0,,,0 days 00:00:26.856000,0 days 00:00:30.498000,0 days 00:00:43.527000,0 days 00:57:29.298000,0 days 00:57:59.796000,0 days 00:58:43.323000,271.0,266.0,260.0,331.0,True,MEDIUM,2.0,True,Red Bull Racing,0 days 00:57:02.405000,,1,3.0,False,,False,True,2024-05,Chinese Grand Prix,2024,5,2024-04-21,validation,100.881,True,
0 days 01:00:24.259000,PER,11,0 days 00:01:40.973000,3.0,1.0,,,0 days 00:00:27.004000,0 days 00:00:30.644000,0 days 00:00:43.325000,0 days 00:59:10.327000,0 days 00:59:40.971000,0 days 01:00:24.296000,273.0,267.0,260.0,329.0,False,MEDIUM,3.0,True,Red Bull Racing,0 days 00:58:43.286000,,1,3.0,False,,False,True,2024-05,Chinese Grand Prix,2024,5,2024-04-21,validation,100.973,True,
0 days 01:02:05.863000,PER,11,0 days 00:01:41.604000,4.0,1.0,,,0 days 00:00:27,0 days 00:00:30.985000,0 days 00:00:43.619000,0 days 01:00:51.296000,0 days 01:01:22.281000,0 days 01:02:05.900000,271.0,266.0,260.0,331.0,False,MEDIUM,4.0,True,Red Bull Racing,0 days 01:00:24.259000,,1,3.0,False,,False,True,2024-05,Chinese Grand Prix,2024,5,2024-04-21,validation,101.604,True,
0 days 01:03:47.488000,PER,11,0 days 00:01:41.625000,5.0,1.0,,,0 days 00:00:26.937000,0 days 00:00:30.787000,0 days 00:00:43.901000,0 days 01:02:32.837000,0 days 01:03:03.624000,0 days 01:03:47.525000,280.0,257.0,254.0,305.0,False,MEDIUM,5.0,True,Red Bull Racing,0 days 01:02:05.863000,,1,2.0,False,,False,True,2024-05,Chinese Grand Prix,2024,5,2024-04-21,validation,101.625,True,
0 days 01:05:29.144000,PER,11,0 days 00:01:41.656000,6.0,1.0,,,0 days 00:00:27.190000,0 days 00:00:30.742000,0 days 00:00:43.724000,0 days 01:04:14.715000,0 days 01:04:45.457000,0 days 01:05:29.181000,270.0,259.0,255.0,309.0,False,MEDIUM,6.0,True,Red Bull Racing,0 days 01:03:47.488000,,1,2.0,False,,False,True,2024-05,Chinese Grand Prix,2024,5,2024-04-21,validation,101.656,True,
0 days 01:07:10.727000,PER,11,0 days 00:01:41.583000,7.0,1.0,,,0 days 00:00:27.096000,0 days 00:00:30.603000,0 days 00:00:43.884000,0 days 01:05:56.277000,0 days 01:06:26.880000,0 days 01:07:10.764000,269.0,262.0,254.0,309.0,False,MEDIUM,7.0,True,Red Bull Racing,0 days 01:05:29.144000,,1,2.0,False,,False,True,2024-05,Chinese Grand Prix,2024,5,2024-04-21,validation,101.583,True,
0 days 01:08:52.440000,PER,11,0 days 00:01:41.713000,8.0,1.0,,,0 days 00:00:27.121000,0 days 00:00:30.761000,0 days 00:00:43.831000,0 days 01:07:37.885000,0 days 01:08:08.646000,0 days 01:08:52.477000,267.0,257.0,253.0,306.0,False,MEDIUM,8.0,True,Red Bull Racing,0 days 01:07:10.727000,,1,2.0,False,,False,True,2024-05,Chinese Grand Prix,2024,5,2024-04-21,validation,101.713,True,
0 days 01:10:34.208000,PER,11,0 days 00:01:41.768000,9.0,1.0,,,0 days 00:00:27.242000,0 days 00:00:30.619000,0 days 00:00:43.907000,0 days 01:09:19.719000,0 days 01:09:50.338000,0 days 01:10:34.245000,269.0,260.0,253.0,310.0,False,MEDIUM,9.0,True,Red Bull Racing,0 days 01:08:52.440000,,1,2.0,False,,False,True,2024-05,Chinese Grand Prix,2024,5,2024-04-21,validation,101.768,True,
0 days 01:12:16.048000,PER,11,0 days 00:01:41.840000,10.0,1.0,,,0 days 00:00:27.198000,0 days 00:00:30.848000,0 days 00:00:43.794000,0 days 01:11:01.443000,0 days 01:11:32.291000,0 days 01:12:16.085000,271.0,263.0,253.0,309.0,False,MEDIUM,10.0,True,Red Bull Racing,0 days 01:10:34.208000,,1,2.0,False,,False,True,2024-05,Chinese Grand Prix,2024,5,2024-04-21,validation,101.84,True,
0 days 01:13:57.815000,PER,11,0 days 00:01:41.767000,11.0,1.0,,,0 days 00:00:27.220000,0 days 00:00:30.826000,0 days 00:00:43.721000,0 days 01:12:43.305000,0 days 01:13:14.131000,0 days 01:13:57.852000,269.0,261.0,254.0,308.0,False,MEDIUM,11.0,True,Red Bull Racing,0 days 01:12:16.048000,,1,2.0,False,,False,True,2024-05,Chinese Grand Prix,2024,5,2024-04-21,validation,101.767,True,
0 days 01:15:40.081000,PER,11,0 days 00:01:42.266000,12.0,1.0,,,0 days 00:00:27.442000,0 days 00:00:30.963000,0 days 00:00:43.861000,0 days 01:14:25.294000,0 days 01:14:56.257000,0 days 01:15:40.118000,273.0,263.0,255.0,309.0,False,MEDIUM,12.0,True,Red Bull Racing,0 days 01:13:57.815000,,1,2.0,False,,False,True,2024-05,Chinese Grand Prix,2024,5,2024-04-21,validation,102.266,True,
0 days 01:17:26.947000,PER,11,0 days 00:01:46.866000,13.0,1.0,,0 days 01:17:25.232000,0 days 00:00:27.325000,0 days 00:00:30.895000,0 days 00:00:48.646000,0 days 01:16:07.443000,0 days 01:16:38.338000,0 days 01:17:26.984000,274.0,264.0,,310.0,False,MEDIUM,13.0,True,Red Bull Racing,0 days 01:15:40.081000,,1,3.0,False,,False,False,2024-05,Chinese Grand Prix,2024,5,2024-04-21,validation,106.866,False,pit_in;timing_not_accurate
0 days 01:19:25.202000,PER,11,0 days 00:01:58.255000,14.0,2.0,0 days 01:17:47.189000,,0 days 00:00:45.143000,0 days 00:00:29.986000,0 days 00:00:43.126000,0 days 01:18:12.127000,0 days 01:18:42.113000,0 days 01:19:25.239000,269.0,261.0,254.0,310.0,False,HARD,1.0,True,Red Bull Racing,0 days 01:17:26.947000,,1,6.0,False,,False,False,2024-05,Chinese Grand Prix,2024,5,2024-04-21,validation,118.255,False,pit_out;timing_not_accurate
0 days 01:21:05.240000,PER,11,0 days 00:01:40.038000,15.0,2.0,,,0 days 00:00:26.702000,0 days 00:00:30.175000,0 days 00:00:43.161000,0 days 01:19:51.941000,0 days 01:20:22.116000,0 days 01:21:05.277000,271.0,264.0,257.0,314.0,True,HARD,2.0,True,Red Bull Racing,0 days 01:19:25.202000,,1,6.0,False,,False,True,2024-05,Chinese Grand Prix,2024,5,2024-04-21,validation,100.038,True,
0 days 01:22:45.796000,PER,11,0 days 00:01:40.556000,16.0,2.0,,,0 days 00:00:26.763000,0 days 00:00:30.254000,0 days 00:00:43.539000,0 days 01:21:32.040000,0 days 01:22:02.294000,0 days 01:22:45.833000,275.0,267.0,261.0,312.0,False,HARD,3.0,True,Red Bull Racing,0 days 01:21:05.240000,,1,5.0,False,,False,True,2024-05,Chinese Grand Prix,2024,5,2024-04-21,validation,100.556,True,
0 days 01:24:27.899000,PER,11,0 days 00:01:42.103000,17.0,2.0,,,0 days 00:00:26.834000,0 days 00:00:31.213000,0 days 00:00:44.056000,0 days 01:23:12.667000,0 days 01:23:43.880000,0 days 01:24:27.936000,279.0,262.0,251.0,334.0,False,HARD,4.0,True,Red Bull Racing,0 days 01:22:45.796000,,1,4.0,False,,False,True,2024-05,Chinese Grand Prix,2024,5,2024-04-21,validation,102.103,True,
0 days 01:26:08.098000,PER,11,0 days 00:01:40.199000,18.0,2.0,,,0 days 00:00:26.920000,0 days 00:00:30.085000,0 days 00:00:43.194000,0 days 01:24:54.856000,0 days 01:25:24.941000,0 days 01:26:08.135000,271.0,265.0,257.0,311.0,False,HARD,5.0,True,Red Bull Racing,0 days 01:24:27.899000,,1,4.0,False,,False,True,2024-05,Chinese Grand Prix,2024,5,2024-04-21,validation,100.199,True,
0 days 01:27:48.411000,PER,11,0 days 00:01:40.313000,19.0,2.0,,,0 days 00:00:26.929000,0 days 00:00:30.099000,0 days 00:00:43.285000,0 days 01:26:35.064000,0 days 01:27:05.163000,0 days 01:27:48.448000,270.0,262.0,256.0,310.0,False,HARD,6.0,True,Red Bull Racing,0 days 01:26:08.098000,,1,4.0,False,,False,True,2024-05,Chinese Grand Prix,2024,5,2024-04-21,validation,100.313,True,
0 days 01:29:28.933000,PER,11,0 days 00:01:40.522000,20.0,2.0,,,0 days 00:00:26.801000,0 days 00:00:30.119000,0 days 00:00:43.602000,0 days 01:28:15.249000,0 days 01:28:45.368000,0 days 01:29:28.970000,271.0,264.0,257.0,311.0,False,HARD,7.0,True,Red Bull Racing,0 days 01:27:48.411000,,12,4.0,False,,False,True,2024-05,Chinese Grand Prix,2024,5,2024-04-21,validation,100.522,False,not_green_only
0 days 01:31:16.059000,PER,11,0 days 00:01:47.126000,21.0,2.0,,,0 days 00:00:26.877000,0 days 00:00:30.246000,0 days 00:00:50.003000,0 days 01:29:55.847000,0 days 01:30:26.093000,0 days 01:31:16.096000,274.0,267.0,197.0,311.0,False,HARD,8.0,True,Red Bull Racing,0 days 01:29:28.933000,,26,3.0,False,,False,False,2024-05,Chinese Grand Prix,2024,5,2024-04-21,validation,107.126,False,not_green_only;timing_not_accurate
0 days 01:33:29.733000,PER,11,0 days 00:02:13.674000,22.0,2.0,,,0 days 00:00:34.584000,0 days 00:00:43.092000,0 days 00:00:55.998000,0 days 01:31:50.680000,0 days 01:32:33.772000,0 days 01:33:29.770000,208.0,215.0,202.0,279.0,False,HARD,9.0,True,Red Bull Racing,0 days 01:31:16.059000,,6,3.0,False,,False,False,2024-05,Chinese Grand Prix,2024,5,2024-04-21,validation,133.674,False,not_green_only;timing_not_accurate
0 days 01:35:47.225000,PER,11,0 days 00:02:17.492000,23.0,2.0,,0 days 01:35:45.550000,0 days 00:00:36.656000,0 days 00:00:40.424000,0 days 00:01:00.412000,0 days 01:34:06.426000,0 days 01:34:46.850000,0 days 01:35:47.262000,178.0,198.0,,281.0,False,HARD,10.0,True,Red Bull Racing,0 days 01:33:29.733000,,64,2.0,False,,False,False,2024-05,Chinese Grand Prix,2024,5,2024-04-21,validation,137.492,False,pit_in;not_green_only;timing_not_accurate
0 days 01:38:19.753000,PER,11,,24.0,3.0,0 days 01:36:07.929000,,0 days 00:00:51.259000,0 days 00:00:38.338000,0 days 00:01:02.896000,0 days 01:36:38.637000,0 days 01:37:16.926000,0 days 01:38:19.891000,167.0,253.0,233.0,247.0,False,HARD,1.0,True,Red Bull Racing,0 days 01:35:47.225000,,4,4.0,False,,False,False,2024-05,Chinese Grand Prix,2024,5,2024-04-21,validation,,False,invalid_lap_time;pit_out;not_green_only;timing_not_accurate
0 days 01:40:44.109000,PER,11,0 days 00:02:24.356000,25.0,3.0,,,0 days 00:00:35.618000,0 days 00:00:47.349000,0 days 00:01:01.389000,0 days 01:38:55.408000,0 days 01:39:42.757000,0 days 01:40:44.146000,210.0,185.0,195.0,265.0,False,HARD,2.0,True,Red Bull Racing,0 days 01:38:19.753000,,4,4.0,False,,False,False,2024-05,Chinese Grand Prix,2024,5,2024-04-21,validation,144.356,False,not_green_only;timing_not_accurate
0 days 01:43:19.345000,PER,11,,26.0,3.0,,,0 days 00:00:33.954000,0 days 00:00:44.198000,0 days 00:01:17.091000,0 days 01:41:18.176000,0 days 01:42:02.496000,0 days 01:43:19.457000,152.0,203.0,255.0,115.0,False,HARD,3.0,True,Red Bull Racing,0 days 01:40:44.109000,,41,4.0,False,,False,False,2024-05,Chinese Grand Prix,2024,5,2024-04-21,validation,,False,invalid_lap_time;not_green_only;timing_not_accurate
0 days 01:45:08.417000,PER,11,0 days 00:01:49.072000,27.0,3.0,,,0 days 00:00:26.812000,0 days 00:00:30.047000,0 days 00:00:52.213000,0 days 01:43:46.194000,0 days 01:44:16.241000,0 days 01:45:08.454000,277.0,267.0,225.0,313.0,False,HARD,4.0,True,Red Bull Racing,0 days 01:43:19.345000,,124,4.0,False,,False,False,2024-05,Chinese Grand Prix,2024,5,2024-04-21,validation,109.072,False,not_green_only;timing_not_accurate
0 days 01:47:39.690000,PER,11,,28.0,3.0,,,0 days 00:00:35.329000,0 days 00:00:50.551000,0 days 00:01:05.424000,0 days 01:45:43.930000,0 days 01:46:34.343000,0 days 01:47:39.929000,119.0,224.0,215.0,147.0,False,HARD,5.0,True,Red Bull Racing,0 days 01:45:08.417000,,4,4.0,False,,False,False,2024-05,Chinese Grand Prix,2024,5,2024-04-21,validation,,False,invalid_lap_time;not_green_only;timing_not_accurate
0 days 01:50:05.637000,PER,11,0 days 00:02:25.947000,29.0,3.0,,,0 days 00:00:39.211000,0 days 00:00:45.775000,0 days 00:01:00.961000,0 days 01:48:18.938000,0 days 01:49:04.713000,0 days 01:50:05.674000,219.0,229.0,180.0,260.0,False,HARD,6.0,True,Red Bull Racing,0 days 01:47:39.690000,,4,4.0,False,,False,False,2024-05,Chinese Grand Prix,2024,5,2024-04-21,validation,145.947,False,not_green_only;timing_not_accurate
0 days 01:52:27.281000,PER,11,0 days 00:02:21.644000,30.0,3.0,,,0 days 00:00:35.589000,0 days 00:00:44.431000,0 days 00:01:01.624000,0 days 01:50:41.263000,0 days 01:51:25.694000,0 days 01:52:27.318000,241.0,185.0,189.0,261.0,False,HARD,7.0,True,Red Bull Racing,0 days 01:50:05.637000,,4,4.0,False,,False,False,2024-05,Chinese Grand Prix,2024,5,2024-04-21,validation,141.644,False,not_green_only;timing_not_accurate
0 days 01:54:53.137000,PER,11,0 days 00:02:25.856000,31.0,3.0,,,0 days 00:00:33.147000,0 days 00:00:44.730000,0 days 00:01:07.979000,0 days 01:53:00.465000,0 days 01:53:45.195000,0 days 01:54:53.174000,177.0,234.0,256.0,127.0,False,HARD,8.0,True,Red Bull Racing,0 days 01:52:27.281000,,41,4.0,False,,False,False,2024-05,Chinese Grand Prix,2024,5,2024-04-21,validation,145.856,False,not_green_only;timing_not_accurate
0 days 01:56:32.868000,PER,11,0 days 00:01:39.731000,32.0,3.0,,,0 days 00:00:26.494000,0 days 00:00:29.952000,0 days 00:00:43.285000,0 days 01:55:19.668000,0 days 01:55:49.620000,0 days 01:56:32.905000,279.0,269.0,257.0,313.0,True,HARD,9.0,True,Red Bull Racing,0 days 01:54:53.137000,,1,4.0,False,,False,True,2024-05,Chinese Grand Prix,2024,5,2024-04-21,validation,99.731,True,
0 days 01:58:12.256000,PER,11,0 days 00:01:39.388000,33.0,3.0,,,0 days 00:00:26.362000,0 days 00:00:29.915000,0 days 00:00:43.111000,0 days 01:56:59.267000,0 days 01:57:29.182000,0 days 01:58:12.293000,275.0,267.0,265.0,330.0,True,HARD,10.0,True,Red Bull Racing,0 days 01:56:32.868000,,1,4.0,False,,False,True,2024-05,Chinese Grand Prix,2024,5,2024-04-21,validation,99.388,True,
0 days 01:59:51.768000,PER,11,0 days 00:01:39.512000,34.0,3.0,,,0 days 00:00:26.285000,0 days 00:00:30.083000,0 days 00:00:43.144000,0 days 01:58:38.578000,0 days 01:59:08.661000,0 days 01:59:51.805000,278.0,271.0,263.0,328.0,False,HARD,11.0,True,Red Bull Racing,0 days 01:58:12.256000,,1,4.0,False,,False,True,2024-05,Chinese Grand Prix,2024,5,2024-04-21,validation,99.512,True,
0 days 02:01:31.466000,PER,11,0 days 00:01:39.698000,35.0,3.0,,,0 days 00:00:26.499000,0 days 00:00:30.179000,0 days 00:00:43.020000,0 days 02:00:18.304000,0 days 02:00:48.483000,0 days 02:01:31.503000,279.0,271.0,263.0,330.0,False,HARD,12.0,True,Red Bull Racing,0 days 01:59:51.768000,,1,4.0,False,,False,True,2024-05,Chinese Grand Prix,2024,5,2024-04-21,validation,99.698,True,
0 days 02:03:11.146000,PER,11,0 days 00:01:39.680000,36.0,3.0,,,0 days 00:00:26.338000,0 days 00:00:30.290000,0 days 00:00:43.052000,0 days 02:01:57.841000,0 days 02:02:28.131000,0 days 02:03:11.183000,280.0,268.0,263.0,330.0,False,HARD,13.0,True,Red Bull Racing,0 days 02:01:31.466000,,1,4.0,False,,False,True,2024-05,Chinese Grand Prix,2024,5,2024-04-21,validation,99.68,True,
0 days 02:04:51.151000,PER,11,0 days 00:01:40.005000,37.0,3.0,,,0 days 00:00:26.445000,0 days 00:00:30.243000,0 days 00:00:43.317000,0 days 02:03:37.628000,0 days 02:04:07.871000,0 days 02:04:51.188000,280.0,270.0,264.0,331.0,False,HARD,14.0,True,Red Bull Racing,0 days 02:03:11.146000,,1,4.0,False,,False,True,2024-05,Chinese Grand Prix,2024,5,2024-04-21,validation,100.005,True,
0 days 02:06:31.219000,PER,11,0 days 00:01:40.068000,38.0,3.0,,,0 days 00:00:26.507000,0 days 00:00:30.385000,0 days 00:00:43.176000,0 days 02:05:17.695000,0 days 02:05:48.080000,0 days 02:06:31.256000,281.0,269.0,264.0,331.0,False,HARD,15.0,True,Red Bull Racing,0 days 02:04:51.151000,,1,4.0,False,,False,True,2024-05,Chinese Grand Prix,2024,5,2024-04-21,validation,100.068,True,
0 days 02:08:10.628000,PER,11,0 days 00:01:39.409000,39.0,3.0,,,0 days 00:00:26.318000,0 days 00:00:30.089000,0 days 00:00:43.002000,0 days 02:06:57.574000,0 days 02:07:27.663000,0 days 02:08:10.665000,282.0,268.0,257.0,310.0,False,HARD,16.0,True,Red Bull Racing,0 days 02:06:31.219000,,1,3.0,False,,False,True,2024-05,Chinese Grand Prix,2024,5,2024-04-21,validation,99.409,True,
0 days 02:09:50.315000,PER,11,0 days 00:01:39.687000,40.0,3.0,,,0 days 00:00:26.606000,0 days 00:00:29.917000,0 days 00:00:43.164000,0 days 02:08:37.271000,0 days 02:09:07.188000,0 days 02:09:50.352000,275.0,268.0,256.0,309.0,False,HARD,17.0,True,Red Bull Racing,0 days 02:08:10.628000,,1,3.0,False,,False,True,2024-05,Chinese Grand Prix,2024,5,2024-04-21,validation,99.687,True,
0 days 02:11:29.914000,PER,11,0 days 00:01:39.599000,41.0,3.0,,,0 days 00:00:26.600000,0 days 00:00:29.953000,0 days 00:00:43.046000,0 days 02:10:16.952000,0 days 02:10:46.905000,0 days 02:11:29.951000,274.0,268.0,258.0,307.0,False,HARD,18.0,True,Red Bull Racing,0 days 02:09:50.315000,,1,3.0,False,,False,True,2024-05,Chinese Grand Prix,2024,5,2024-04-21,validation,99.599,True,
0 days 02:13:09.435000,PER,11,0 days 00:01:39.521000,42.0,3.0,,,0 days 00:00:26.403000,0 days 00:00:29.976000,0 days 00:00:43.142000,0 days 02:11:56.354000,0 days 02:12:26.330000,0 days 02:13:09.472000,275.0,268.0,259.0,309.0,False,HARD,19.0,True,Red Bull Racing,0 days 02:11:29.914000,,1,3.0,False,,False,True,2024-05,Chinese Grand Prix,2024,5,2024-04-21,validation,99.521,True,
0 days 02:14:49.042000,PER,11,0 days 00:01:39.607000,43.0,3.0,,,0 days 00:00:26.529000,0 days 00:00:29.899000,0 days 00:00:43.179000,0 days 02:13:36.001000,0 days 02:14:05.900000,0 days 02:14:49.079000,275.0,268.0,259.0,310.0,False,HARD,20.0,True,Red Bull Racing,0 days 02:13:09.435000,,1,3.0,False,,False,True,2024-05,Chinese Grand Prix,2024,5,2024-04-21,validation,99.607,True,
0 days 02:16:28.764000,PER,11,0 days 00:01:39.722000,44.0,3.0,,,0 days 00:00:26.487000,0 days 00:00:30.023000,0 days 00:00:43.212000,0 days 02:15:15.566000,0 days 02:15:45.589000,0 days 02:16:28.801000,273.0,267.0,257.0,309.0,False,HARD,21.0,True,Red Bull Racing,0 days 02:14:49.042000,,1,3.0,False,,False,True,2024-05,Chinese Grand Prix,2024,5,2024-04-21,validation,99.722,True,
0 days 02:18:08.613000,PER,11,0 days 00:01:39.849000,45.0,3.0,,,0 days 00:00:26.591000,0 days 00:00:30.005000,0 days 00:00:43.253000,0 days 02:16:55.392000,0 days 02:17:25.397000,0 days 02:18:08.650000,274.0,268.0,258.0,310.0,False,HARD,22.0,True,Red Bull Racing,0 days 02:16:28.764000,,1,3.0,False,,False,True,2024-05,Chinese Grand Prix,2024,5,2024-04-21,validation,99.849,True,
0 days 02:19:48.579000,PER,11,0 days 00:01:39.966000,46.0,3.0,,,0 days 00:00:26.686000,0 days 00:00:30.091000,0 days 00:00:43.189000,0 days 02:18:35.336000,0 days 02:19:05.427000,0 days 02:19:48.616000,276.0,268.0,258.0,310.0,False,HARD,23.0,True,Red Bull Racing,0 days 02:18:08.613000,,1,3.0,False,,False,True,2024-05,Chinese Grand Prix,2024,5,2024-04-21,validation,99.966,True,
0 days 02:21:28.534000,PER,11,0 days 00:01:39.955000,47.0,3.0,,,0 days 00:00:26.660000,0 days 00:00:30.006000,0 days 00:00:43.289000,0 days 02:20:15.276000,0 days 02:20:45.282000,0 days 02:21:28.571000,276.0,268.0,258.0,309.0,False,HARD,24.0,True,Red Bull Racing,0 days 02:19:48.579000,,1,3.0,False,,False,True,2024-05,Chinese Grand Prix,2024,5,2024-04-21,validation,99.955,True,
0 days 02:23:08.495000,PER,11,0 days 00:01:39.961000,48.0,3.0,,,0 days 00:00:26.647000,0 days 00:00:29.974000,0 days 00:00:43.340000,0 days 02:21:55.218000,0 days 02:22:25.192000,0 days 02:23:08.532000,277.0,269.0,259.0,309.0,False,HARD,25.0,True,Red Bull Racing,0 days 02:21:28.534000,,1,3.0,False,,False,True,2024-05,Chinese Grand Prix,2024,5,2024-04-21,validation,99.961,True,
0 days 02:24:48.398000,PER,11,0 days 00:01:39.903000,49.0,3.0,,,0 days 00:00:26.588000,0 days 00:00:29.988000,0 days 00:00:43.327000,0 days 02:23:35.120000,0 days 02:24:05.108000,0 days 02:24:48.435000,277.0,269.0,259.0,309.0,False,HARD,26.0,True,Red Bull Racing,0 days 02:23:08.495000,,1,3.0,False,,False,True,2024-05,Chinese Grand Prix,2024,5,2024-04-21,validation,99.903,True,
0 days 02:26:28.450000,PER,11,0 days 00:01:40.052000,50.0,3.0,,,0 days 00:00:26.645000,0 days 00:00:30.112000,0 days 00:00:43.295000,0 days 02:25:15.080000,0 days 02:25:45.192000,0 days 02:26:28.487000,278.0,268.0,258.0,309.0,False,HARD,27.0,True,Red Bull Racing,0 days 02:24:48.398000,,1,3.0,False,,False,True,2024-05,Chinese Grand Prix,2024,5,2024-04-21,validation,100.052,True,
0 days 02:28:08.356000,PER,11,0 days 00:01:39.906000,51.0,3.0,,,0 days 00:00:26.570000,0 days 00:00:30.025000,0 days 00:00:43.311000,0 days 02:26:55.057000,0 days 02:27:25.082000,0 days 02:28:08.393000,277.0,268.0,259.0,309.0,False,HARD,28.0,True,Red Bull Racing,0 days 02:26:28.450000,,1,3.0,False,,False,True,2024-05,Chinese Grand Prix,2024,5,2024-04-21,validation,99.906,True,
0 days 02:29:48.479000,PER,11,0 days 00:01:40.123000,52.0,3.0,,,0 days 00:00:26.576000,0 days 00:00:30.170000,0 days 00:00:43.377000,0 days 02:28:34.969000,0 days 02:29:05.139000,0 days 02:29:48.516000,278.0,268.0,257.0,309.0,False,HARD,29.0,True,Red Bull Racing,0 days 02:28:08.356000,,1,3.0,False,,False,True,2024-05,Chinese Grand Prix,2024,5,2024-04-21,validation,100.123,True,
0 days 02:31:28.675000,PER,11,0 days 00:01:40.196000,53.0,3.0,,,0 days 00:00:26.729000,0 days 00:00:30.113000,0 days 00:00:43.354000,0 days 02:30:15.245000,0 days 02:30:45.358000,0 days 02:31:28.712000,277.0,269.0,258.0,310.0,False,HARD,30.0,True,Red Bull Racing,0 days 02:29:48.479000,,1,3.0,False,,False,True,2024-05,Chinese Grand Prix,2024,5,2024-04-21,validation,100.196,True,
0 days 02:33:08.903000,PER,11,0 days 00:01:40.228000,54.0,3.0,,,0 days 00:00:26.692000,0 days 00:00:30.202000,0 days 00:00:43.334000,0 days 02:31:55.404000,0 days 02:32:25.606000,0 days 02:33:08.940000,277.0,270.0,258.0,311.0,False,HARD,31.0,True,Red Bull Racing,0 days 02:31:28.675000,,1,3.0,False,,False,True,2024-05,Chinese Grand Prix,2024,5,2024-04-21,validation,100.228,True,
0 days 02:34:49.496000,PER,11,0 days 00:01:40.593000,55.0,3.0,,,0 days 00:00:26.768000,0 days 00:00:30.179000,0 days 00:00:43.646000,0 days 02:33:35.708000,0 days 02:34:05.887000,0 days 02:34:49.533000,278.0,270.0,257.0,310.0,False,HARD,32.0,True,Red Bull Racing,0 days 02:33:08.903000,,1,3.0,False,,False,True,2024-05,Chinese Grand Prix,2024,5,2024-04-21,validation,100.593,True,
0 days 02:36:30.146000,PER,11,0 days 00:01:40.650000,56.0,3.0,,,0 days 00:00:26.891000,0 days 00:00:30.202000,0 days 00:00:43.557000,0 days 02:35:16.424000,0 days 02:35:46.626000,0 days 02:36:30.183000,277.0,270.0,258.0,309.0,False,HARD,33.0,True,Red Bull Racing,0 days 02:34:49.496000,,1,3.0,False,,False,True,2024-05,Chinese Grand Prix,2024,5,2024-04-21,validation,100.65,True,
0 days 00:57:04.181000,RUS,63,0 days 00:01:45.746000,1.0,1.0,,,,0 days 00:00:31.110000,0 days 00:00:44.318000,,0 days 00:56:19.936000,0 days 00:57:04.352000,278.0,272.0,254.0,315.0,False,MEDIUM,1.0,True,Mercedes,0 days 00:55:18.169000,,1,6.0,False,,False,False,2024-05,Chinese Grand Prix,2024,5,2024-04-21,validation,105.746,False,opening_lap;timing_not_accurate
0 days 00:58:45.877000,RUS,63,0 days 00:01:41.696000,2.0,1.0,,,0 days 00:00:26.985000,0 days 00:00:30.791000,0 days 00:00:43.920000,0 days 00:57:31.184000,0 days 00:58:01.975000,0 days 00:58:45.895000,280.0,271.0,260.0,330.0,True,MEDIUM,2.0,True,Mercedes,0 days 00:57:04.181000,,1,6.0,False,,False,True,2024-05,Chinese Grand Prix,2024,5,2024-04-21,validation,101.696,True,
0 days 01:00:27.648000,RUS,63,0 days 00:01:41.771000,3.0,1.0,,,0 days 00:00:26.895000,0 days 00:00:30.930000,0 days 00:00:43.946000,0 days 00:59:12.790000,0 days 00:59:43.720000,0 days 01:00:27.666000,269.0,270.0,259.0,331.0,False,MEDIUM,3.0,True,Mercedes,0 days 00:58:45.877000,,1,6.0,False,,False,True,2024-05,Chinese Grand Prix,2024,5,2024-04-21,validation,101.771,True,
0 days 01:02:10.061000,RUS,63,0 days 00:01:42.413000,4.0,1.0,,,0 days 00:00:27.441000,0 days 00:00:30.963000,0 days 00:00:44.009000,0 days 01:00:55.107000,0 days 01:01:26.070000,0 days 01:02:10.079000,262.0,266.0,258.0,327.0,False,MEDIUM,4.0,True,Mercedes,0 days 01:00:27.648000,,1,6.0,False,,False,True,2024-05,Chinese Grand Prix,2024,5,2024-04-21,validation,102.413,True,
0 days 01:03:52.246000,RUS,63,0 days 00:01:42.185000,5.0,1.0,,,0 days 00:00:27.178000,0 days 00:00:31.051000,0 days 00:00:43.956000,0 days 01:02:37.257000,0 days 01:03:08.308000,0 days 01:03:52.264000,273.0,267.0,257.0,328.0,False,MEDIUM,5.0,True,Mercedes,0 days 01:02:10.061000,,1,6.0,False,,False,True,2024-05,Chinese Grand Prix,2024,5,2024-04-21,validation,102.185,True,
0 days 01:05:34.843000,RUS,63,0 days 00:01:42.597000,6.0,1.0,,,0 days 00:00:27.312000,0 days 00:00:31.169000,0 days 00:00:44.116000,0 days 01:04:19.576000,0 days 01:04:50.745000,0 days 01:05:34.861000,271.0,266.0,259.0,329.0,False,MEDIUM,6.0,True,Mercedes,0 days 01:03:52.246000,,1,6.0,False,,False,True,2024-05,Chinese Grand Prix,2024,5,2024-04-21,validation,102.597,True,
0 days 01:07:17.432000,RUS,63,0 days 00:01:42.589000,7.0,1.0,,,0 days 00:00:27.340000,0 days 00:00:31.018000,0 days 00:00:44.231000,0 days 01:06:02.201000,0 days 01:06:33.219000,0 days 01:07:17.450000,275.0,267.0,258.0,328.0,False,MEDIUM,7.0,True,Mercedes,0 days 01:05:34.843000,,1,6.0,False,,False,True,2024-05,Chinese Grand Prix,2024,5,2024-04-21,validation,102.589,True,
0 days 01:09:00.546000,RUS,63,0 days 00:01:43.114000,8.0,1.0,,,0 days 00:00:27.416000,0 days 00:00:31.223000,0 days 00:00:44.475000,0 days 01:07:44.866000,0 days 01:08:16.089000,0 days 01:09:00.564000,276.0,266.0,253.0,312.0,False,MEDIUM,8.0,True,Mercedes,0 days 01:07:17.432000,,1,6.0,False,,False,True,2024-05,Chinese Grand Prix,2024,5,2024-04-21,validation,103.114,True,
0 days 01:10:44.531000,RUS,63,0 days 00:01:43.985000,9.0,1.0,,,0 days 00:00:27.976000,0 days 00:00:31.329000,0 days 00:00:44.680000,0 days 01:09:28.540000,0 days 01:09:59.869000,0 days 01:10:44.549000,274.0,266.0,253.0,312.0,False,MEDIUM,9.0,True,Mercedes,0 days 01:09:00.546000,,1,7.0,False,,False,True,2024-05,Chinese Grand Prix,2024,5,2024-04-21,validation,103.985,True,
0 days 01:12:27.758000,RUS,63,0 days 00:01:43.227000,10.0,1.0,,,0 days 00:00:27.548000,0 days 00:00:31.380000,0 days 00:00:44.299000,0 days 01:11:12.097000,0 days 01:11:43.477000,0 days 01:12:27.776000,273.0,264.0,254.0,312.0,False,MEDIUM,10.0,True,Mercedes,0 days 01:10:44.531000,,1,7.0,False,,False,True,2024-05,Chinese Grand Prix,2024,5,2024-04-21,validation,103.227,True,
0 days 01:14:15.774000,RUS,63,0 days 00:01:48.016000,11.0,1.0,,0 days 01:14:14.031000,0 days 00:00:27.595000,0 days 00:00:31.267000,0 days 00:00:49.154000,0 days 01:12:55.371000,0 days 01:13:26.638000,0 days 01:14:15.792000,273.0,265.0,,310.0,False,MEDIUM,11.0,True,Mercedes,0 days 01:12:27.758000,,1,8.0,False,,False,False,2024-05,Chinese Grand Prix,2024,5,2024-04-21,validation,108.016,False,pit_in;timing_not_accurate
0 days 01:16:13.777000,RUS,63,0 days 00:01:58.003000,12.0,2.0,0 days 01:14:36.493000,,0 days 00:00:44.862000,0 days 00:00:29.863000,0 days 00:00:43.278000,0 days 01:15:00.654000,0 days 01:15:30.517000,0 days 01:16:13.795000,275.0,263.0,256.0,312.0,False,MEDIUM,1.0,True,Mercedes,0 days 01:14:15.774000,,1,10.0,False,,False,False,2024-05,Chinese Grand Prix,2024,5,2024-04-21,validation,118.003,False,pit_out;timing_not_accurate
0 days 01:17:54.562000,RUS,63,0 days 00:01:40.785000,13.0,2.0,,,0 days 00:00:26.911000,0 days 00:00:30.220000,0 days 00:00:43.654000,0 days 01:16:40.706000,0 days 01:17:10.926000,0 days 01:17:54.580000,269.0,270.0,261.0,336.0,True,MEDIUM,2.0,True,Mercedes,0 days 01:16:13.777000,,1,9.0,False,,False,True,2024-05,Chinese Grand Prix,2024,5,2024-04-21,validation,100.785,True,
0 days 01:19:36.316000,RUS,63,0 days 00:01:41.754000,14.0,2.0,,,0 days 00:00:27.036000,0 days 00:00:30.895000,0 days 00:00:43.823000,0 days 01:18:21.616000,0 days 01:18:52.511000,0 days 01:19:36.334000,268.0,269.0,254.0,314.0,False,MEDIUM,3.0,True,Mercedes,0 days 01:17:54.562000,,1,8.0,False,,False,True,2024-05,Chinese Grand Prix,2024,5,2024-04-21,validation,101.754,True,
0 days 01:21:17.624000,RUS,63,0 days 00:01:41.308000,15.0,2.0,,,0 days 00:00:27.202000,0 days 00:00:30.459000,0 days 00:00:43.647000,0 days 01:20:03.536000,0 days 01:20:33.995000,0 days 01:21:17.642000,270.0,269.0,256.0,314.0,False,MEDIUM,4.0,True,Mercedes,0 days 01:19:36.316000,,1,8.0,False,,False,True,2024-05,Chinese Grand Prix,2024,5,2024-04-21,validation,101.308,True,
0 days 01:22:59.024000,RUS,63,0 days 00:01:41.400000,16.0,2.0,,,0 days 00:00:27.034000,0 days 00:00:30.479000,0 days 00:00:43.887000,0 days 01:21:44.676000,0 days 01:22:15.155000,0 days 01:22:59.042000,272.0,268.0,256.0,312.0,False,MEDIUM,5.0,True,Mercedes,0 days 01:21:17.624000,,1,8.0,False,,False,True,2024-05,Chinese Grand Prix,2024,5,2024-04-21,validation,101.4,True,
0 days 01:24:40.400000,RUS,63,0 days 00:01:41.376000,17.0,2.0,,,0 days 00:00:27.016000,0 days 00:00:30.516000,0 days 00:00:43.844000,0 days 01:23:26.058000,0 days 01:23:56.574000,0 days 01:24:40.418000,272.0,267.0,256.0,312.0,False,MEDIUM,6.0,True,Mercedes,0 days 01:22:59.024000,,1,7.0,False,,False,True,2024-05,Chinese Grand Prix,2024,5,2024-04-21,validation,101.376,True,
0 days 01:26:21.891000,RUS,63,0 days 00:01:41.491000,18.0,2.0,,,0 days 00:00:27.005000,0 days 00:00:30.517000,0 days 00:00:43.969000,0 days 01:25:07.423000,0 days 01:25:37.940000,0 days 01:26:21.909000,272.0,267.0,257.0,312.0,False,MEDIUM,7.0,True,Mercedes,0 days 01:24:40.400000,,1,6.0,False,,False,True,2024-05,Chinese Grand Prix,2024,5,2024-04-21,validation,101.491,True,
0 days 01:28:03.307000,RUS,63,0 days 00:01:41.416000,19.0,2.0,,,0 days 00:00:26.995000,0 days 00:00:30.419000,0 days 00:00:44.002000,0 days 01:26:48.904000,0 days 01:27:19.323000,0 days 01:28:03.325000,275.0,267.0,258.0,311.0,False,MEDIUM,8.0,True,Mercedes,0 days 01:26:21.891000,,1,6.0,False,,False,True,2024-05,Chinese Grand Prix,2024,5,2024-04-21,validation,101.416,True,
0 days 01:29:45.374000,RUS,63,0 days 00:01:42.067000,20.0,2.0,,,0 days 00:00:27.247000,0 days 00:00:30.687000,0 days 00:00:44.133000,0 days 01:28:30.572000,0 days 01:29:01.259000,0 days 01:29:45.392000,273.0,266.0,258.0,310.0,False,MEDIUM,9.0,True,Mercedes,0 days 01:28:03.307000,,12,6.0,False,,False,True,2024-05,Chinese Grand Prix,2024,5,2024-04-21,validation,102.067,False,not_green_only
0 days 01:31:37.504000,RUS,63,0 days 00:01:52.130000,21.0,2.0,,,0 days 00:00:26.990000,0 days 00:00:30.734000,0 days 00:00:54.406000,0 days 01:30:12.382000,0 days 01:30:43.116000,0 days 01:31:37.522000,274.0,243.0,196.0,214.0,False,MEDIUM,10.0,True,Mercedes,0 days 01:29:45.374000,,26,6.0,False,,False,False,2024-05,Chinese Grand Prix,2024,5,2024-04-21,validation,112.13,False,not_green_only;timing_not_accurate
0 days 01:33:50.937000,RUS,63,0 days 00:02:13.433000,22.0,2.0,,,0 days 00:00:34.980000,0 days 00:00:41.851000,0 days 00:00:56.602000,0 days 01:32:12.502000,0 days 01:32:54.353000,0 days 01:33:50.955000,247.0,174.0,182.0,225.0,False,MEDIUM,11.0,True,Mercedes,0 days 01:31:37.504000,,6,6.0,False,,False,False,2024-05,Chinese Grand Prix,2024,5,2024-04-21,validation,133.433,False,not_green_only;timing_not_accurate
0 days 01:36:09.011000,RUS,63,0 days 00:02:18.074000,23.0,2.0,,0 days 01:36:07.336000,0 days 00:00:35.529000,0 days 00:00:40.902000,0 days 00:01:01.643000,0 days 01:34:26.484000,0 days 01:35:07.386000,0 days 01:36:09.029000,207.0,186.0,,243.0,False,MEDIUM,12.0,True,Mercedes,0 days 01:33:50.937000,,64,7.0,False,,False,False,2024-05,Chinese Grand Prix,2024,5,2024-04-21,validation,138.074,False,pit_in;not_green_only;timing_not_accurate
0 days 01:38:37.883000,RUS,63,0 days 00:02:28.872000,24.0,3.0,0 days 01:36:29.986000,,0 days 00:00:52.768000,0 days 00:00:40.554000,0 days 00:00:55.550000,0 days 01:37:01.797000,0 days 01:37:42.351000,0 days 01:38:37.901000,170.0,213.0,252.0,109.0,False,HARD,1.0,True,Mercedes,0 days 01:36:09.011000,,4,8.0,False,,False,False,2024-05,Chinese Grand Prix,2024,5,2024-04-21,validation,148.872,False,pit_out;not_green_only;timing_not_accurate
0 days 01:40:49.239000,RUS,63,0 days 00:02:11.356000,25.0,3.0,,,0 days 00:00:30.327000,0 days 00:00:40.429000,0 days 00:01:00.600000,0 days 01:39:08.228000,0 days 01:39:48.657000,0 days 01:40:49.257000,257.0,231.0,181.0,252.0,False,HARD,2.0,True,Mercedes,0 days 01:38:37.883000,,4,7.0,False,,False,False,2024-05,Chinese Grand Prix,2024,5,2024-04-21,validation,131.356,False,not_green_only;timing_not_accurate
0 days 01:43:21.197000,RUS,63,,26.0,3.0,,,0 days 00:00:33.125000,0 days 00:00:43.940000,0 days 00:01:14.878000,0 days 01:41:22.486000,0 days 01:42:06.444000,0 days 01:43:21.352000,258.0,220.0,255.0,105.0,False,HARD,3.0,True,Mercedes,0 days 01:40:49.239000,,41,7.0,False,,False,False,2024-05,Chinese Grand Prix,2024,5,2024-04-21,validation,,False,invalid_lap_time;not_green_only;timing_not_accurate
0 days 01:45:14.574000,RUS,63,0 days 00:01:53.377000,27.0,3.0,,,0 days 00:00:26.882000,0 days 00:00:30.016000,0 days 00:00:56.479000,0 days 01:43:48.097000,0 days 01:44:18.113000,0 days 01:45:14.592000,278.0,272.0,235.0,313.0,False,HARD,4.0,True,Mercedes,0 days 01:43:21.197000,,124,7.0,False,,False,False,2024-05,Chinese Grand Prix,2024,5,2024-04-21,validation,113.377,False,not_green_only;timing_not_accurate
0 days 01:47:43.808000,RUS,63,0 days 00:02:29.234000,28.0,3.0,,,0 days 00:00:33.270000,0 days 00:00:50.802000,0 days 00:01:05.162000,0 days 01:45:47.862000,0 days 01:46:38.664000,0 days 01:47:43.826000,137.0,237.0,179.0,214.0,False,HARD,5.0,True,Mercedes,0 days 01:45:14.574000,,4,7.0,False,,False,False,2024-05,Chinese Grand Prix,2024,5,2024-04-21,validation,149.234,False,not_green_only;timing_not_accurate
0 days 01:50:09.033000,RUS,63,0 days 00:02:25.225000,29.0,3.0,,,0 days 00:00:39.351000,0 days 00:00:46.214000,0 days 00:00:59.660000,0 days 01:48:23.177000,0 days 01:49:09.391000,0 days 01:50:09.051000,244.0,228.0,192.0,283.0,False,HARD,6.0,True,Mercedes,0 days 01:47:43.808000,,4,7.0,False,,False,False,2024-05,Chinese Grand Prix,2024,5,2024-04-21,validation,145.225,False,not_green_only;timing_not_accurate
0 days 01:52:30.688000,RUS,63,0 days 00:02:21.655000,30.0,3.0,,,0 days 00:00:36.089000,0 days 00:00:44.314000,0 days 00:01:01.252000,0 days 01:50:45.140000,0 days 01:51:29.454000,0 days 01:52:30.706000,233.0,228.0,148.0,275.0,False,HARD,7.0,True,Mercedes,0 days 01:50:09.033000,,4,7.0,False,,False,False,2024-05,Chinese Grand Prix,2024,5,2024-04-21,validation,141.655,False,not_green_only;timing_not_accurate
0 days 01:54:54.941000,RUS,63,0 days 00:02:24.253000,31.0,3.0,,,0 days 00:00:33.249000,0 days 00:00:44.397000,0 days 00:01:06.607000,0 days 01:53:03.955000,0 days 01:53:48.352000,0 days 01:54:54.959000,242.0,203.0,259.0,128.0,False,HARD,8.0,True,Mercedes,0 days 01:52:30.688000,,41,7.0,False,,False,False,2024-05,Chinese Grand Prix,2024,5,2024-04-21,validation,144.253,False,not_green_only;timing_not_accurate
0 days 01:56:35.631000,RUS,63,0 days 00:01:40.690000,32.0,3.0,,,0 days 00:00:26.911000,0 days 00:00:30.215000,0 days 00:00:43.564000,0 days 01:55:21.870000,0 days 01:55:52.085000,0 days 01:56:35.649000,278.0,271.0,259.0,313.0,True,HARD,9.0,True,Mercedes,0 days 01:54:54.941000,,1,7.0,False,,False,True,2024-05,Chinese Grand Prix,2024,5,2024-04-21,validation,100.69,True,
0 days 01:58:16.107000,RUS,63,0 days 00:01:40.476000,33.0,3.0,,,0 days 00:00:26.712000,0 days 00:00:30.099000,0 days 00:00:43.665000,0 days 01:57:02.361000,0 days 01:57:32.460000,0 days 01:58:16.125000,274.0,269.0,260.0,313.0,True,HARD,10.0,True,Mercedes,0 days 01:56:35.631000,,1,7.0,False,,False,True,2024-05,Chinese Grand Prix,2024,5,2024-04-21,validation,100.476,True,
0 days 01:59:56.574000,RUS,63,0 days 00:01:40.467000,34.0,3.0,,,0 days 00:00:26.774000,0 days 00:00:30.103000,0 days 00:00:43.590000,0 days 01:58:42.899000,0 days 01:59:13.002000,0 days 01:59:56.592000,273.0,269.0,259.0,312.0,True,HARD,11.0,True,Mercedes,0 days 01:58:16.107000,,1,7.0,False,,False,True,2024-05,Chinese Grand Prix,2024,5,2024-04-21,validation,100.467,True,
0 days 02:01:37.067000,RUS,63,0 days 00:01:40.493000,35.0,3.0,,,0 days 00:00:26.993000,0 days 00:00:30.065000,0 days 00:00:43.435000,0 days 02:00:23.585000,0 days 02:00:53.650000,0 days 02:01:37.085000,274.0,270.0,258.0,312.0,False,HARD,12.0,True,Mercedes,0 days 01:59:56.574000,,1,7.0,False,,False,True,2024-05,Chinese Grand Prix,2024,5,2024-04-21,validation,100.493,True,
0 days 02:03:17.563000,RUS,63,0 days 00:01:40.496000,36.0,3.0,,,0 days 00:00:26.798000,0 days 00:00:30.249000,0 days 00:00:43.449000,0 days 02:02:03.883000,0 days 02:02:34.132000,0 days 02:03:17.581000,275.0,269.0,260.0,312.0,False,HARD,13.0,True,Mercedes,0 days 02:01:37.067000,,1,7.0,False,,False,True,2024-05,Chinese Grand Prix,2024,5,2024-04-21,validation,100.496,True,
0 days 02:04:58.250000,RUS,63,0 days 00:01:40.687000,37.0,3.0,,,0 days 00:00:26.898000,0 days 00:00:30.229000,0 days 00:00:43.560000,0 days 02:03:44.479000,0 days 02:04:14.708000,0 days 02:04:58.268000,273.0,269.0,260.0,310.0,False,HARD,14.0,True,Mercedes,0 days 02:03:17.563000,,1,7.0,False,,False,True,2024-05,Chinese Grand Prix,2024,5,2024-04-21,validation,100.687,True,
0 days 02:06:38.701000,RUS,63,0 days 00:01:40.451000,38.0,3.0,,,0 days 00:00:26.874000,0 days 00:00:30.036000,0 days 00:00:43.541000,0 days 02:05:25.142000,0 days 02:05:55.178000,0 days 02:06:38.719000,275.0,270.0,259.0,313.0,True,HARD,15.0,True,Mercedes,0 days 02:04:58.250000,,1,7.0,False,,False,True,2024-05,Chinese Grand Prix,2024,5,2024-04-21,validation,100.451,True,
0 days 02:08:18.813000,RUS,63,0 days 00:01:40.112000,39.0,3.0,,,0 days 00:00:26.699000,0 days 00:00:29.964000,0 days 00:00:43.449000,0 days 02:07:05.418000,0 days 02:07:35.382000,0 days 02:08:18.831000,275.0,272.0,265.0,330.0,True,HARD,16.0,True,Mercedes,0 days 02:06:38.701000,,1,7.0,False,,False,True,2024-05,Chinese Grand Prix,2024,5,2024-04-21,validation,100.112,True,
0 days 02:09:59.593000,RUS,63,0 days 00:01:40.780000,40.0,3.0,,,0 days 00:00:26.764000,0 days 00:00:30.319000,0 days 00:00:43.697000,0 days 02:08:45.595000,0 days 02:09:15.914000,0 days 02:09:59.611000,277.0,271.0,264.0,330.0,False,HARD,17.0,True,Mercedes,0 days 02:08:18.813000,,1,7.0,False,,False,True,2024-05,Chinese Grand Prix,2024,5,2024-04-21,validation,100.78,True,
0 days 02:11:40.617000,RUS,63,0 days 00:01:41.024000,41.0,3.0,,,0 days 00:00:26.851000,0 days 00:00:30.398000,0 days 00:00:43.775000,0 days 02:10:26.462000,0 days 02:10:56.860000,0 days 02:11:40.635000,274.0,271.0,260.0,311.0,False,HARD,18.0,True,Mercedes,0 days 02:09:59.593000,,1,7.0,False,,False,True,2024-05,Chinese Grand Prix,2024,5,2024-04-21,validation,101.024,True,
0 days 02:13:21.389000,RUS,63,0 days 00:01:40.772000,42.0,3.0,,,0 days 00:00:26.790000,0 days 00:00:30.347000,0 days 00:00:43.635000,0 days 02:12:07.425000,0 days 02:12:37.772000,0 days 02:13:21.407000,274.0,270.0,261.0,310.0,False,HARD,19.0,True,Mercedes,0 days 02:11:40.617000,,1,7.0,False,,False,True,2024-05,Chinese Grand Prix,2024,5,2024-04-21,validation,100.772,True,
0 days 02:15:02.070000,RUS,63,0 days 00:01:40.681000,43.0,3.0,,,0 days 00:00:26.757000,0 days 00:00:30.125000,0 days 00:00:43.799000,0 days 02:13:48.164000,0 days 02:14:18.289000,0 days 02:15:02.088000,272.0,270.0,259.0,310.0,False,HARD,20.0,True,Mercedes,0 days 02:13:21.389000,,1,6.0,False,,False,True,2024-05,Chinese Grand Prix,2024,5,2024-04-21,validation,100.681,True,
0 days 02:16:42.450000,RUS,63,0 days 00:01:40.380000,44.0,3.0,,,0 days 00:00:26.791000,0 days 00:00:29.985000,0 days 00:00:43.604000,0 days 02:15:28.879000,0 days 02:15:58.864000,0 days 02:16:42.468000,273.0,269.0,260.0,310.0,False,HARD,21.0,True,Mercedes,0 days 02:15:02.070000,,1,6.0,False,,False,True,2024-05,Chinese Grand Prix,2024,5,2024-04-21,validation,100.38,True,
0 days 02:18:23.069000,RUS,63,0 days 00:01:40.619000,45.0,3.0,,,0 days 00:00:26.971000,0 days 00:00:30.124000,0 days 00:00:43.524000,0 days 02:17:09.439000,0 days 02:17:39.563000,0 days 02:18:23.087000,274.0,269.0,261.0,311.0,False,HARD,22.0,True,Mercedes,0 days 02:16:42.450000,,1,6.0,False,,False,True,2024-05,Chinese Grand Prix,2024,5,2024-04-21,validation,100.619,True,
0 days 02:20:03.449000,RUS,63,0 days 00:01:40.380000,46.0,3.0,,,0 days 00:00:26.794000,0 days 00:00:30.120000,0 days 00:00:43.466000,0 days 02:18:49.881000,0 days 02:19:20.001000,0 days 02:20:03.467000,273.0,271.0,261.0,309.0,False,HARD,23.0,True,Mercedes,0 days 02:18:23.069000,,1,6.0,False,,False,True,2024-05,Chinese Grand Prix,2024,5,2024-04-21,validation,100.38,True,
0 days 02:21:43.853000,RUS,63,0 days 00:01:40.404000,47.0,3.0,,,0 days 00:00:26.775000,0 days 00:00:30.228000,0 days 00:00:43.401000,0 days 02:20:30.242000,0 days 02:21:00.470000,0 days 02:21:43.871000,275.0,271.0,261.0,310.0,False,HARD,24.0,True,Mercedes,0 days 02:20:03.449000,,1,6.0,False,,False,True,2024-05,Chinese Grand Prix,2024,5,2024-04-21,validation,100.404,True,
0 days 02:23:24.247000,RUS,63,0 days 00:01:40.394000,48.0,3.0,,,0 days 00:00:26.879000,0 days 00:00:30.089000,0 days 00:00:43.426000,0 days 02:22:10.750000,0 days 02:22:40.839000,0 days 02:23:24.265000,273.0,271.0,262.0,310.0,False,HARD,25.0,True,Mercedes,0 days 02:21:43.853000,,1,6.0,False,,False,True,2024-05,Chinese Grand Prix,2024,5,2024-04-21,validation,100.394,True,
0 days 02:25:04.465000,RUS,63,0 days 00:01:40.218000,49.0,3.0,,,0 days 00:00:26.711000,0 days 00:00:30.072000,0 days 00:00:43.435000,0 days 02:23:50.976000,0 days 02:24:21.048000,0 days 02:25:04.483000,274.0,270.0,261.0,309.0,False,HARD,26.0,True,Mercedes,0 days 02:23:24.247000,,1,6.0,False,,False,True,2024-05,Chinese Grand Prix,2024,5,2024-04-21,validation,100.218,True,
0 days 02:26:44.931000,RUS,63,0 days 00:01:40.466000,50.0,3.0,,,0 days 00:00:26.714000,0 days 00:00:30.205000,0 days 00:00:43.547000,0 days 02:25:31.197000,0 days 02:26:01.402000,0 days 02:26:44.949000,274.0,270.0,261.0,310.0,False,HARD,27.0,True,Mercedes,0 days 02:25:04.465000,,1,6.0,False,,False,True,2024-05,Chinese Grand Prix,2024,5,2024-04-21,validation,100.466,True,
0 days 02:28:25.265000,RUS,63,0 days 00:01:40.334000,51.0,3.0,,,0 days 00:00:26.764000,0 days 00:00:30.193000,0 days 00:00:43.377000,0 days 02:27:11.713000,0 days 02:27:41.906000,0 days 02:28:25.283000,274.0,270.0,262.0,309.0,False,HARD,28.0,True,Mercedes,0 days 02:26:44.931000,,1,6.0,False,,False,True,2024-05,Chinese Grand Prix,2024,5,2024-04-21,validation,100.334,True,
0 days 02:30:05.996000,RUS,63,0 days 00:01:40.731000,52.0,3.0,,,0 days 00:00:26.750000,0 days 00:00:30.218000,0 days 00:00:43.763000,0 days 02:28:52.033000,0 days 02:29:22.251000,0 days 02:30:06.014000,276.0,271.0,260.0,310.0,False,HARD,29.0,True,Mercedes,0 days 02:28:25.265000,,1,6.0,False,,False,True,2024-05,Chinese Grand Prix,2024,5,2024-04-21,validation,100.731,True,
0 days 02:31:46.666000,RUS,63,0 days 00:01:40.670000,53.0,3.0,,,0 days 00:00:26.934000,0 days 00:00:30.149000,0 days 00:00:43.587000,0 days 02:30:32.948000,0 days 02:31:03.097000,0 days 02:31:46.684000,276.0,271.0,261.0,311.0,False,HARD,30.0,True,Mercedes,0 days 02:30:05.996000,,1,6.0,False,,False,True,2024-05,Chinese Grand Prix,2024,5,2024-04-21,validation,100.67,True,
0 days 02:33:27.506000,RUS,63,0 days 00:01:40.840000,54.0,3.0,,,0 days 00:00:26.899000,0 days 00:00:30.295000,0 days 00:00:43.646000,0 days 02:32:13.583000,0 days 02:32:43.878000,0 days 02:33:27.524000,275.0,272.0,260.0,312.0,False,HARD,31.0,True,Mercedes,0 days 02:31:46.666000,,1,6.0,False,,False,True,2024-05,Chinese Grand Prix,2024,5,2024-04-21,validation,100.84,True,
0 days 02:35:08.935000,RUS,63,0 days 00:01:41.429000,55.0,3.0,,,0 days 00:00:26.942000,0 days 00:00:30.684000,0 days 00:00:43.803000,0 days 02:33:54.466000,0 days 02:34:25.150000,0 days 02:35:08.953000,277.0,271.0,261.0,309.0,False,HARD,32.0,True,Mercedes,0 days 02:33:27.506000,,1,6.0,False,,False,True,2024-05,Chinese Grand Prix,2024,5,2024-04-21,validation,101.429,True,
0 days 02:36:49.728000,RUS,63,0 days 00:01:40.793000,56.0,3.0,,,0 days 00:00:26.795000,0 days 00:00:30.331000,0 days 00:00:43.667000,0 days 02:35:35.748000,0 days 02:36:06.079000,0 days 02:36:49.746000,272.0,272.0,261.0,309.0,False,HARD,33.0,True,Mercedes,0 days 02:35:08.935000,,1,6.0,False,,False,True,2024-05,Chinese Grand Prix,2024,5,2024-04-21,validation,100.793,True,
0 days 00:57:05.582000,SAI,55,0 days 00:01:47.147000,1.0,1.0,,,,0 days 00:00:31.937000,0 days 00:00:44.363000,,0 days 00:56:21.424000,0 days 00:57:05.806000,278.0,271.0,260.0,315.0,False,MEDIUM,1.0,True,Ferrari,0 days 00:55:18.169000,,1,9.0,False,,False,False,2024-05,Chinese Grand Prix,2024,5,2024-04-21,validation,107.147,False,opening_lap;timing_not_accurate
0 days 00:58:47.697000,SAI,55,0 days 00:01:42.115000,2.0,1.0,,,0 days 00:00:27.246000,0 days 00:00:31.059000,0 days 00:00:43.810000,0 days 00:57:32.882000,0 days 00:58:03.941000,0 days 00:58:47.751000,267.0,266.0,259.0,332.0,True,MEDIUM,2.0,True,Ferrari,0 days 00:57:05.582000,,1,8.0,False,,False,True,2024-05,Chinese Grand Prix,2024,5,2024-04-21,validation,102.115,True,
0 days 01:00:29.676000,SAI,55,0 days 00:01:41.979000,3.0,1.0,,,0 days 00:00:27.267000,0 days 00:00:30.965000,0 days 00:00:43.747000,0 days 00:59:15.018000,0 days 00:59:45.983000,0 days 01:00:29.730000,270.0,262.0,260.0,327.0,True,MEDIUM,3.0,True,Ferrari,0 days 00:58:47.697000,,1,8.0,False,,False,True,2024-05,Chinese Grand Prix,2024,5,2024-04-21,validation,101.979,True,
0 days 01:02:11.821000,SAI,55,0 days 00:01:42.145000,4.0,1.0,,,0 days 00:00:27.400000,0 days 00:00:31.006000,0 days 00:00:43.739000,0 days 01:00:57.130000,0 days 01:01:28.136000,0 days 01:02:11.875000,271.0,265.0,260.0,331.0,False,MEDIUM,4.0,True,Ferrari,0 days 01:00:29.676000,,1,8.0,False,,False,True,2024-05,Chinese Grand Prix,2024,5,2024-04-21,validation,102.145,True,
0 days 01:03:54.031000,SAI,55,0 days 00:01:42.210000,5.0,1.0,,,0 days 00:00:27.279000,0 days 00:00:31.121000,0 days 00:00:43.810000,0 days 01:02:39.154000,0 days 01:03:10.275000,0 days 01:03:54.085000,277.0,266.0,259.0,332.0,False,MEDIUM,5.0,True,Ferrari,0 days 01:02:11.821000,,1,8.0,False,,False,True,2024-05,Chinese Grand Prix,2024,5,2024-04-21,validation,102.21,True,
0 days 01:05:36.440000,SAI,55,0 days 00:01:42.409000,6.0,1.0,,,0 days 00:00:27.317000,0 days 00:00:31.132000,0 days 00:00:43.960000,0 days 01:04:21.402000,0 days 01:04:52.534000,0 days 01:05:36.494000,272.0,264.0,258.0,332.0,False,MEDIUM,6.0,True,Ferrari,0 days 01:03:54.031000,,1,8.0,False,,False,True,2024-05,Chinese Grand Prix,2024,5,2024-04-21,validation,102.409,True,
0 days 01:07:19.223000,SAI,55,0 days 00:01:42.783000,7.0,1.0,,,0 days 00:00:27.351000,0 days 00:00:31.085000,0 days 00:00:44.347000,0 days 01:06:03.845000,0 days 01:06:34.930000,0 days 01:07:19.277000,273.0,267.0,254.0,317.0,False,MEDIUM,7.0,True,Ferrari,0 days 01:05:36.440000,,1,8.0,False,,False,True,2024-05,Chinese Grand Prix,2024,5,2024-04-21,validation,102.783,True,
0 days 01:09:02.174000,SAI,55,0 days 00:01:42.951000,8.0,1.0,,,0 days 00:00:27.480000,0 days 00:00:31.199000,0 days 00:00:44.272000,0 days 01:07:46.757000,0 days 01:08:17.956000,0 days 01:09:02.228000,271.0,263.0,253.0,313.0,False,MEDIUM,8.0,True,Ferrari,0 days 01:07:19.223000,,1,8.0,False,,False,True,2024-05,Chinese Grand Prix,2024,5,2024-04-21,validation,102.951,True,
0 days 01:10:44.974000,SAI,55,0 days 00:01:42.800000,9.0,1.0,,,0 days 00:00:27.441000,0 days 00:00:31.194000,0 days 00:00:44.165000,0 days 01:09:29.669000,0 days 01:10:00.863000,0 days 01:10:45.028000,273.0,264.0,259.0,331.0,False,MEDIUM,9.0,True,Ferrari,0 days 01:09:02.174000,,1,8.0,False,,False,True,2024-05,Chinese Grand Prix,2024,5,2024-04-21,validation,102.8,True,
0 days 01:12:28.212000,SAI,55,0 days 00:01:43.238000,10.0,1.0,,,0 days 00:00:27.371000,0 days 00:00:31.806000,0 days 00:00:44.061000,0 days 01:11:12.399000,0 days 01:11:44.205000,0 days 01:12:28.266000,278.0,264.0,258.0,331.0,False,MEDIUM,10.0,True,Ferrari,0 days 01:10:44.974000,,1,8.0,False,,False,True,2024-05,Chinese Grand Prix,2024,5,2024-04-21,validation,103.238,True,
0 days 01:14:11.511000,SAI,55,0 days 00:01:43.299000,11.0,1.0,,,0 days 00:00:27.380000,0 days 00:00:31.597000,0 days 00:00:44.322000,0 days 01:12:55.646000,0 days 01:13:27.243000,0 days 01:14:11.565000,277.0,263.0,259.0,329.0,False,MEDIUM,11.0,True,Ferrari,0 days 01:12:28.212000,,1,6.0,False,,False,True,2024-05,Chinese Grand Prix,2024,5,2024-04-21,validation,103.299,True,
0 days 01:15:54.114000,SAI,55,0 days 00:01:42.603000,12.0,1.0,,,0 days 00:00:27.289000,0 days 00:00:31.140000,0 days 00:00:44.174000,0 days 01:14:38.854000,0 days 01:15:09.994000,0 days 01:15:54.168000,271.0,262.0,254.0,311.0,False,MEDIUM,12.0,True,Ferrari,0 days 01:14:11.511000,,1,6.0,False,,False,True,2024-05,Chinese Grand Prix,2024,5,2024-04-21,validation,102.603,True,
0 days 01:17:36.514000,SAI,55,0 days 00:01:42.400000,13.0,1.0,,,0 days 00:00:27.455000,0 days 00:00:31.031000,0 days 00:00:43.914000,0 days 01:16:21.623000,0 days 01:16:52.654000,0 days 01:17:36.568000,272.0,265.0,254.0,311.0,False,MEDIUM,13.0,True,Ferrari,0 days 01:15:54.114000,,1,6.0,False,,False,True,2024-05,Chinese Grand Prix,2024,5,2024-04-21,validation,102.4,True,
0 days 01:19:19.601000,SAI,55,0 days 00:01:43.087000,14.0,1.0,,,0 days 00:00:27.657000,0 days 00:00:31.162000,0 days 00:00:44.268000,0 days 01:18:04.225000,0 days 01:18:35.387000,0 days 01:19:19.655000,271.0,263.0,254.0,313.0,False,MEDIUM,14.0,True,Ferrari,0 days 01:17:36.514000,,1,5.0,False,,False,True,2024-05,Chinese Grand Prix,2024,5,2024-04-21,validation,103.087,True,
0 days 01:21:02.393000,SAI,55,0 days 00:01:42.792000,15.0,1.0,,,0 days 00:00:27.496000,0 days 00:00:31.088000,0 days 00:00:44.208000,0 days 01:19:47.151000,0 days 01:20:18.239000,0 days 01:21:02.447000,274.0,266.0,255.0,314.0,False,MEDIUM,15.0,True,Ferrari,0 days 01:19:19.601000,,1,5.0,False,,False,True,2024-05,Chinese Grand Prix,2024,5,2024-04-21,validation,102.792,True,
0 days 01:22:45.086000,SAI,55,0 days 00:01:42.693000,16.0,1.0,,,0 days 00:00:27.384000,0 days 00:00:31.091000,0 days 00:00:44.218000,0 days 01:21:29.831000,0 days 01:22:00.922000,0 days 01:22:45.140000,273.0,264.0,255.0,310.0,False,MEDIUM,16.0,True,Ferrari,0 days 01:21:02.393000,,1,4.0,False,,False,True,2024-05,Chinese Grand Prix,2024,5,2024-04-21,validation,102.693,True,
0 days 01:24:32.949000,SAI,55,0 days 00:01:47.863000,17.0,1.0,,0 days 01:24:31.343000,0 days 00:00:27.355000,0 days 00:00:31.014000,0 days 00:00:49.494000,0 days 01:23:12.495000,0 days 01:23:43.509000,0 days 01:24:33.003000,274.0,265.0,,309.0,False,MEDIUM,17.0,True,Ferrari,0 days 01:22:45.086000,,1,5.0,False,,False,False,2024-05,Chinese Grand Prix,2024,5,2024-04-21,validation,107.863,False,pit_in;timing_not_accurate
0 days 01:26:31.801000,SAI,55,0 days 00:01:58.852000,18.0,2.0,0 days 01:24:53.893000,,0 days 00:00:45.627000,0 days 00:00:30.049000,0 days 00:00:43.176000,0 days 01:25:18.630000,0 days 01:25:48.679000,0 days 01:26:31.855000,270.0,267.0,256.0,326.0,False,HARD,1.0,True,Ferrari,0 days 01:24:32.949000,,1,9.0,False,,False,False,2024-05,Chinese Grand Prix,2024,5,2024-04-21,validation,118.852,False,pit_out;timing_not_accurate
0 days 01:28:11.565000,SAI,55,0 days 00:01:39.764000,19.0,2.0,,,0 days 00:00:26.609000,0 days 00:00:29.898000,0 days 00:00:43.257000,0 days 01:26:58.464000,0 days 01:27:28.362000,0 days 01:28:11.619000,270.0,264.0,257.0,308.0,True,HARD,2.0,True,Ferrari,0 days 01:26:31.801000,,1,9.0,False,,False,True,2024-05,Chinese Grand Prix,2024,5,2024-04-21,validation,99.764,True,
0 days 01:29:52.226000,SAI,55,0 days 00:01:40.661000,20.0,2.0,,,0 days 00:00:26.873000,0 days 00:00:30.157000,0 days 00:00:43.631000,0 days 01:28:38.492000,0 days 01:29:08.649000,0 days 01:29:52.280000,274.0,267.0,261.0,331.0,False,HARD,3.0,True,Ferrari,0 days 01:28:11.565000,,12,9.0,False,,False,True,2024-05,Chinese Grand Prix,2024,5,2024-04-21,validation,100.661,False,not_green_only
0 days 01:31:48.034000,SAI,55,0 days 00:01:55.808000,21.0,2.0,,,0 days 00:00:26.983000,0 days 00:00:31.136000,0 days 00:00:57.689000,0 days 01:30:19.263000,0 days 01:30:50.399000,0 days 01:31:48.088000,280.0,256.0,195.0,215.0,False,HARD,4.0,True,Ferrari,0 days 01:29:52.226000,,26,8.0,False,,False,False,2024-05,Chinese Grand Prix,2024,5,2024-04-21,validation,115.808,False,not_green_only;timing_not_accurate
0 days 01:34:02.809000,SAI,55,0 days 00:02:14.775000,22.0,2.0,,,0 days 00:00:38.220000,0 days 00:00:38.751000,0 days 00:00:57.804000,0 days 01:32:26.308000,0 days 01:33:05.059000,0 days 01:34:02.863000,187.0,224.0,192.0,250.0,False,HARD,5.0,True,Ferrari,0 days 01:31:48.034000,,6,8.0,False,,False,False,2024-05,Chinese Grand Prix,2024,5,2024-04-21,validation,134.775,False,not_green_only;timing_not_accurate
0 days 01:36:15.917000,SAI,55,0 days 00:02:13.108000,23.0,2.0,,,0 days 00:00:37.280000,0 days 00:00:37.160000,0 days 00:00:58.668000,0 days 01:34:40.143000,0 days 01:35:17.303000,0 days 01:36:15.971000,207.0,184.0,196.0,262.0,False,HARD,6.0,True,Ferrari,0 days 01:34:02.809000,,64,8.0,False,,False,False,2024-05,Chinese Grand Prix,2024,5,2024-04-21,validation,133.108,False,not_green_only;timing_not_accurate
0 days 01:38:29.326000,SAI,55,0 days 00:02:13.409000,24.0,2.0,,,0 days 00:00:37.683000,0 days 00:00:38.503000,0 days 00:00:57.223000,0 days 01:36:53.654000,0 days 01:37:32.157000,0 days 01:38:29.380000,263.0,247.0,254.0,250.0,False,HARD,7.0,True,Ferrari,0 days 01:36:15.917000,,4,6.0,False,,False,False,2024-05,Chinese Grand Prix,2024,5,2024-04-21,validation,133.409,False,not_green_only;timing_not_accurate
0 days 01:40:45.785000,SAI,55,0 days 00:02:16.459000,25.0,2.0,,,0 days 00:00:27.708000,0 days 00:00:47.613000,0 days 00:01:01.138000,0 days 01:38:57.088000,0 days 01:39:44.701000,0 days 01:40:45.839000,247.0,177.0,201.0,289.0,False,HARD,8.0,True,Ferrari,0 days 01:38:29.326000,,4,5.0,False,,False,False,2024-05,Chinese Grand Prix,2024,5,2024-04-21,validation,136.459,False,not_green_only;timing_not_accurate
0 days 01:43:19.653000,SAI,55,,26.0,2.0,,,0 days 00:00:33.524000,0 days 00:00:44.227000,0 days 00:01:16.113000,0 days 01:41:19.515000,0 days 01:42:03.594000,0 days 01:43:19.801000,238.0,224.0,255.0,109.0,False,HARD,9.0,True,Ferrari,0 days 01:40:45.785000,,41,5.0,False,,False,False,2024-05,Chinese Grand Prix,2024,5,2024-04-21,validation,,False,invalid_lap_time;not_green_only;timing_not_accurate
0 days 01:45:11.888000,SAI,55,0 days 00:01:52.235000,27.0,2.0,,,0 days 00:00:26.898000,0 days 00:00:30.310000,0 days 00:00:55.027000,0 days 01:43:46.605000,0 days 01:44:16.915000,0 days 01:45:11.942000,274.0,266.0,204.0,313.0,False,HARD,10.0,True,Ferrari,0 days 01:43:19.653000,,124,6.0,False,,False,False,2024-05,Chinese Grand Prix,2024,5,2024-04-21,validation,112.235,False,not_green_only;timing_not_accurate
0 days 01:47:41.942000,SAI,55,,28.0,2.0,,,0 days 00:00:33.704000,0 days 00:00:51.452000,0 days 00:01:04.881000,0 days 01:45:45.716000,0 days 01:46:37.213000,0 days 01:47:42.120000,113.0,224.0,188.0,228.0,False,HARD,11.0,True,Ferrari,0 days 01:45:11.888000,,4,6.0,False,,False,False,2024-05,Chinese Grand Prix,2024,5,2024-04-21,validation,,False,invalid_lap_time;not_green_only;timing_not_accurate
0 days 01:50:07.868000,SAI,55,0 days 00:02:25.926000,29.0,2.0,,,0 days 00:00:39.665000,0 days 00:00:45.528000,0 days 00:01:00.733000,0 days 01:48:21.661000,0 days 01:49:07.189000,0 days 01:50:07.922000,248.0,244.0,199.0,287.0,False,HARD,12.0,True,Ferrari,0 days 01:47:41.942000,,4,6.0,False,,False,False,2024-05,Chinese Grand Prix,2024,5,2024-04-21,validation,145.926,False,not_green_only;timing_not_accurate
0 days 01:52:29.744000,SAI,55,0 days 00:02:21.876000,30.0,2.0,,,0 days 00:00:35.663000,0 days 00:00:44.594000,0 days 00:01:01.619000,0 days 01:50:43.585000,0 days 01:51:28.179000,0 days 01:52:29.798000,227.0,224.0,168.0,273.0,False,HARD,13.0,True,Ferrari,0 days 01:50:07.868000,,4,6.0,False,,False,False,2024-05,Chinese Grand Prix,2024,5,2024-04-21,validation,141.876,False,not_green_only;timing_not_accurate
0 days 01:54:54.396000,SAI,55,0 days 00:02:24.652000,31.0,2.0,,,0 days 00:00:33.053000,0 days 00:00:44.499000,0 days 00:01:07.100000,0 days 01:53:02.851000,0 days 01:53:47.350000,0 days 01:54:54.450000,224.0,181.0,256.0,128.0,False,HARD,14.0,True,Ferrari,0 days 01:52:29.744000,,41,6.0,False,,False,False,2024-05,Chinese Grand Prix,2024,5,2024-04-21,validation,144.652,False,not_green_only;timing_not_accurate
0 days 01:56:34.797000,SAI,55,0 days 00:01:40.401000,32.0,2.0,,,0 days 00:00:26.813000,0 days 00:00:30.054000,0 days 00:00:43.534000,0 days 01:55:21.263000,0 days 01:55:51.317000,0 days 01:56:34.851000,276.0,267.0,256.0,311.0,False,HARD,15.0,True,Ferrari,0 days 01:54:54.396000,,1,6.0,False,,False,True,2024-05,Chinese Grand Prix,2024,5,2024-04-21,validation,100.401,True,
0 days 01:58:14.845000,SAI,55,0 days 00:01:40.048000,33.0,2.0,,,0 days 00:00:26.579000,0 days 00:00:30.014000,0 days 00:00:43.455000,0 days 01:57:01.430000,0 days 01:57:31.444000,0 days 01:58:14.899000,277.0,269.0,257.0,314.0,False,HARD,16.0,True,Ferrari,0 days 01:56:34.797000,,1,6.0,False,,False,True,2024-05,Chinese Grand Prix,2024,5,2024-04-21,validation,100.048,True,
0 days 01:59:55.261000,SAI,55,0 days 00:01:40.416000,34.0,2.0,,,0 days 00:00:26.856000,0 days 00:00:30.101000,0 days 00:00:43.459000,0 days 01:58:41.755000,0 days 01:59:11.856000,0 days 01:59:55.315000,276.0,268.0,256.0,312.0,False,HARD,17.0,True,Ferrari,0 days 01:58:14.845000,,1,6.0,False,,False,True,2024-05,Chinese Grand Prix,2024,5,2024-04-21,validation,100.416,True,
0 days 02:01:35.572000,SAI,55,0 days 00:01:40.311000,35.0,2.0,,,0 days 00:00:26.839000,0 days 00:00:30.115000,0 days 00:00:43.357000,0 days 02:00:22.154000,0 days 02:00:52.269000,0 days 02:01:35.626000,275.0,268.0,256.0,312.0,False,HARD,18.0,True,Ferrari,0 days 01:59:55.261000,,1,6.0,False,,False,True,2024-05,Chinese Grand Prix,2024,5,2024-04-21,validation,100.311,True,
0 days 02:03:16.187000,SAI,55,0 days 00:01:40.615000,36.0,2.0,,,0 days 00:00:26.863000,0 days 00:00:30.199000,0 days 00:00:43.553000,0 days 02:02:02.489000,0 days 02:02:32.688000,0 days 02:03:16.241000,274.0,266.0,256.0,310.0,False,HARD,19.0,True,Ferrari,0 days 02:01:35.572000,,1,6.0,False,,False,True,2024-05,Chinese Grand Prix,2024,5,2024-04-21,validation,100.615,True,
0 days 02:04:56.913000,SAI,55,0 days 00:01:40.726000,37.0,2.0,,,0 days 00:00:26.883000,0 days 00:00:30.341000,0 days 00:00:43.502000,0 days 02:03:43.124000,0 days 02:04:13.465000,0 days 02:04:56.967000,276.0,266.0,257.0,309.0,False,HARD,20.0,True,Ferrari,0 days 02:03:16.187000,,1,6.0,False,,False,True,2024-05,Chinese Grand Prix,2024,5,2024-04-21,validation,100.726,True,
0 days 02:06:37.516000,SAI,55,0 days 00:01:40.603000,38.0,2.0,,,0 days 00:00:26.920000,0 days 00:00:30.270000,0 days 00:00:43.413000,0 days 02:05:23.887000,0 days 02:05:54.157000,0 days 02:06:37.570000,276.0,267.0,257.0,310.0,False,HARD,21.0,True,Ferrari,0 days 02:04:56.913000,,1,6.0,False,,False,True,2024-05,Chinese Grand Prix,2024,5,2024-04-21,validation,100.603,True,
0 days 02:08:18.013000,SAI,55,0 days 00:01:40.497000,39.0,2.0,,,0 days 00:00:26.878000,0 days 00:00:30.134000,0 days 00:00:43.485000,0 days 02:07:04.448000,0 days 02:07:34.582000,0 days 02:08:18.067000,275.0,268.0,257.0,310.0,False,HARD,22.0,True,Ferrari,0 days 02:06:37.516000,,1,6.0,False,,False,True,2024-05,Chinese Grand Prix,2024,5,2024-04-21,validation,100.497,True,
0 days 02:09:58.888000,SAI,55,0 days 00:01:40.875000,40.0,2.0,,,0 days 00:00:26.942000,0 days 00:00:30.247000,0 days 00:00:43.686000,0 days 02:08:45.009000,0 days 02:09:15.256000,0 days 02:09:58.942000,274.0,267.0,257.0,309.0,False,HARD,23.0,True,Ferrari,0 days 02:08:18.013000,,1,6.0,False,,False,True,2024-05,Chinese Grand Prix,2024,5,2024-04-21,validation,100.875,True,
0 days 02:11:39.187000,SAI,55,0 days 00:01:40.299000,41.0,2.0,,,0 days 00:00:26.722000,0 days 00:00:30.121000,0 days 00:00:43.456000,0 days 02:10:25.664000,0 days 02:10:55.785000,0 days 02:11:39.241000,275.0,268.0,258.0,309.0,False,HARD,24.0,True,Ferrari,0 days 02:09:58.888000,,1,6.0,False,,False,True,2024-05,Chinese Grand Prix,2024,5,2024-04-21,validation,100.299,True,
0 days 02:13:19.943000,SAI,55,0 days 00:01:40.756000,42.0,2.0,,,0 days 00:00:26.846000,0 days 00:00:30.216000,0 days 00:00:43.694000,0 days 02:12:06.087000,0 days 02:12:36.303000,0 days 02:13:19.997000,275.0,266.0,258.0,308.0,False,HARD,25.0,True,Ferrari,0 days 02:11:39.187000,,1,6.0,False,,False,True,2024-05,Chinese Grand Prix,2024,5,2024-04-21,validation,100.756,True,
0 days 02:15:00.288000,SAI,55,0 days 00:01:40.345000,43.0,2.0,,,0 days 00:00:26.766000,0 days 00:00:29.986000,0 days 00:00:43.593000,0 days 02:13:46.763000,0 days 02:14:16.749000,0 days 02:15:00.342000,275.0,267.0,258.0,308.0,False,HARD,26.0,True,Ferrari,0 days 02:13:19.943000,,1,5.0,False,,False,True,2024-05,Chinese Grand Prix,2024,5,2024-04-21,validation,100.345,True,
0 days 02:16:40.397000,SAI,55,0 days 00:01:40.109000,44.0,2.0,,,0 days 00:00:26.644000,0 days 00:00:30.037000,0 days 00:00:43.428000,0 days 02:15:26.986000,0 days 02:15:57.023000,0 days 02:16:40.451000,274.0,268.0,257.0,307.0,False,HARD,27.0,True,Ferrari,0 days 02:15:00.288000,,1,5.0,False,,False,True,2024-05,Chinese Grand Prix,2024,5,2024-04-21,validation,100.109,True,
0 days 02:18:20.617000,SAI,55,0 days 00:01:40.220000,45.0,2.0,,,0 days 00:00:26.740000,0 days 00:00:30.041000,0 days 00:00:43.439000,0 days 02:17:07.191000,0 days 02:17:37.232000,0 days 02:18:20.671000,274.0,266.0,258.0,308.0,False,HARD,28.0,True,Ferrari,0 days 02:16:40.397000,,1,5.0,False,,False,True,2024-05,Chinese Grand Prix,2024,5,2024-04-21,validation,100.22,True,
0 days 02:20:00.844000,SAI,55,0 days 00:01:40.227000,46.0,2.0,,,0 days 00:00:26.838000,0 days 00:00:30.002000,0 days 00:00:43.387000,0 days 02:18:47.509000,0 days 02:19:17.511000,0 days 02:20:00.898000,275.0,267.0,258.0,308.0,False,HARD,29.0,True,Ferrari,0 days 02:18:20.617000,,1,5.0,False,,False,True,2024-05,Chinese Grand Prix,2024,5,2024-04-21,validation,100.227,True,
0 days 02:21:41.446000,SAI,55,0 days 00:01:40.602000,47.0,2.0,,,0 days 00:00:26.859000,0 days 00:00:30.120000,0 days 00:00:43.623000,0 days 02:20:27.757000,0 days 02:20:57.877000,0 days 02:21:41.500000,274.0,267.0,257.0,307.0,False,HARD,30.0,True,Ferrari,0 days 02:20:00.844000,,1,5.0,False,,False,True,2024-05,Chinese Grand Prix,2024,5,2024-04-21,validation,100.602,True,
0 days 02:23:21.917000,SAI,55,0 days 00:01:40.471000,48.0,2.0,,,0 days 00:00:26.880000,0 days 00:00:30.031000,0 days 00:00:43.560000,0 days 02:22:08.380000,0 days 02:22:38.411000,0 days 02:23:21.971000,275.0,267.0,258.0,307.0,False,HARD,31.0,True,Ferrari,0 days 02:21:41.446000,,1,5.0,False,,False,True,2024-05,Chinese Grand Prix,2024,5,2024-04-21,validation,100.471,True,
0 days 02:25:02.026000,SAI,55,0 days 00:01:40.109000,49.0,2.0,,,0 days 00:00:26.705000,0 days 00:00:30.015000,0 days 00:00:43.389000,0 days 02:23:48.676000,0 days 02:24:18.691000,0 days 02:25:02.080000,276.0,268.0,259.0,306.0,False,HARD,32.0,True,Ferrari,0 days 02:23:21.917000,,1,5.0,False,,False,True,2024-05,Chinese Grand Prix,2024,5,2024-04-21,validation,100.109,True,
0 days 02:26:42.378000,SAI,55,0 days 00:01:40.352000,50.0,2.0,,,0 days 00:00:26.727000,0 days 00:00:30.171000,0 days 00:00:43.454000,0 days 02:25:28.807000,0 days 02:25:58.978000,0 days 02:26:42.432000,274.0,267.0,258.0,307.0,False,HARD,33.0,True,Ferrari,0 days 02:25:02.026000,,1,5.0,False,,False,True,2024-05,Chinese Grand Prix,2024,5,2024-04-21,validation,100.352,True,
0 days 02:28:22.617000,SAI,55,0 days 00:01:40.239000,51.0,2.0,,,0 days 00:00:26.745000,0 days 00:00:30.098000,0 days 00:00:43.396000,0 days 02:27:09.177000,0 days 02:27:39.275000,0 days 02:28:22.671000,275.0,267.0,258.0,307.0,False,HARD,34.0,True,Ferrari,0 days 02:26:42.378000,,1,5.0,False,,False,True,2024-05,Chinese Grand Prix,2024,5,2024-04-21,validation,100.239,True,
0 days 02:30:03.030000,SAI,55,0 days 00:01:40.413000,52.0,2.0,,,0 days 00:00:26.766000,0 days 00:00:30.200000,0 days 00:00:43.447000,0 days 02:28:49.437000,0 days 02:29:19.637000,0 days 02:30:03.084000,276.0,267.0,258.0,308.0,False,HARD,35.0,True,Ferrari,0 days 02:28:22.617000,,1,5.0,False,,False,True,2024-05,Chinese Grand Prix,2024,5,2024-04-21,validation,100.413,True,
0 days 02:31:43.591000,SAI,55,0 days 00:01:40.561000,53.0,2.0,,,0 days 00:00:26.819000,0 days 00:00:30.219000,0 days 00:00:43.523000,0 days 02:30:29.903000,0 days 02:31:00.122000,0 days 02:31:43.645000,274.0,266.0,258.0,308.0,False,HARD,36.0,True,Ferrari,0 days 02:30:03.030000,,1,5.0,False,,False,True,2024-05,Chinese Grand Prix,2024,5,2024-04-21,validation,100.561,True,
0 days 02:33:23.872000,SAI,55,0 days 00:01:40.281000,54.0,2.0,,,0 days 00:00:26.594000,0 days 00:00:30.274000,0 days 00:00:43.413000,0 days 02:32:10.239000,0 days 02:32:40.513000,0 days 02:33:23.926000,276.0,269.0,259.0,310.0,False,HARD,37.0,True,Ferrari,0 days 02:31:43.591000,,1,5.0,False,,False,True,2024-05,Chinese Grand Prix,2024,5,2024-04-21,validation,100.281,True,
0 days 02:35:04.583000,SAI,55,0 days 00:01:40.711000,55.0,2.0,,,0 days 00:00:26.895000,0 days 00:00:30.215000,0 days 00:00:43.601000,0 days 02:33:50.821000,0 days 02:34:21.036000,0 days 02:35:04.637000,276.0,268.0,258.0,308.0,False,HARD,38.0,True,Ferrari,0 days 02:33:23.872000,,1,5.0,False,,False,True,2024-05,Chinese Grand Prix,2024,5,2024-04-21,validation,100.711,True,
0 days 02:36:44.993000,SAI,55,0 days 00:01:40.410000,56.0,2.0,,,0 days 00:00:26.876000,0 days 00:00:30.153000,0 days 00:00:43.381000,0 days 02:35:31.513000,0 days 02:36:01.666000,0 days 02:36:45.047000,276.0,269.0,259.0,307.0,False,HARD,39.0,True,Ferrari,0 days 02:35:04.583000,,1,5.0,False,,False,True,2024-05,Chinese Grand Prix,2024,5,2024-04-21,validation,100.41,True,
0 days 00:56:59.963000,VER,1,0 days 00:01:41.528000,1.0,1.0,,,,0 days 00:00:29.650000,0 days 00:00:43.295000,,0 days 00:56:16.749000,0 days 00:57:00.078000,276.0,268.0,254.0,304.0,False,MEDIUM,1.0,True,Red Bull Racing,0 days 00:55:18.169000,,1,1.0,False,,False,False,2024-05,Chinese Grand Prix,2024,5,2024-04-21,validation,101.528,False,opening_lap;timing_not_accurate
0 days 00:58:40.066000,VER,1,0 days 00:01:40.103000,2.0,1.0,,,0 days 00:00:26.651000,0 days 00:00:30.091000,0 days 00:00:43.361000,0 days 00:57:26.668000,0 days 00:57:56.759000,0 days 00:58:40.120000,267.0,261.0,254.0,308.0,True,MEDIUM,2.0,True,Red Bull Racing,0 days 00:56:59.963000,,1,1.0,False,,False,True,2024-05,Chinese Grand Prix,2024,5,2024-04-21,validation,100.103,True,
0 days 01:00:20.560000,VER,1,0 days 00:01:40.494000,3.0,1.0,,,0 days 00:00:27.011000,0 days 00:00:30.190000,0 days 00:00:43.293000,0 days 00:59:07.131000,0 days 00:59:37.321000,0 days 01:00:20.614000,269.0,263.0,254.0,307.0,False,MEDIUM,3.0,True,Red Bull Racing,0 days 00:58:40.066000,,1,1.0,False,,False,True,2024-05,Chinese Grand Prix,2024,5,2024-04-21,validation,100.494,True,
0 days 01:02:01.133000,VER,1,0 days 00:01:40.573000,4.0,1.0,,,0 days 00:00:26.923000,0 days 00:00:30.187000,0 days 00:00:43.463000,0 days 01:00:47.537000,0 days 01:01:17.724000,0 days 01:02:01.187000,271.0,259.0,254.0,307.0,False,MEDIUM,4.0,True,Red Bull Racing,0 days 01:00:20.560000,,1,1.0,False,,False,True,2024-05,Chinese Grand Prix,2024,5,2024-04-21,validation,100.573,True,
0 days 01:03:42.052000,VER,1,0 days 00:01:40.919000,5.0,1.0,,,0 days 00:00:27.106000,0 days 00:00:30.299000,0 days 00:00:43.514000,0 days 01:02:28.293000,0 days 01:02:58.592000,0 days 01:03:42.106000,272.0,260.0,254.0,307.0,False,MEDIUM,5.0,True,Red Bull Racing,0 days 01:02:01.133000,,1,1.0,False,,False,True,2024-05,Chinese Grand Prix,2024,5,2024-04-21,validation,100.919,True,
0 days 01:05:23.199000,VER,1,0 days 00:01:41.147000,6.0,1.0,,,0 days 00:00:27.114000,0 days 00:00:30.431000,0 days 00:00:43.602000,0 days 01:04:09.220000,0 days 01:04:39.651000,0 days 01:05:23.253000,272.0,262.0,254.0,308.0,False,MEDIUM,6.0,True,Red Bull Racing,0 days 01:03:42.052000,,1,1.0,False,,False,True,2024-05,Chinese Grand Prix,2024,5,2024-04-21,validation,101.147,True,
0 days 01:07:04.317000,VER,1,0 days 00:01:41.118000,7.0,1.0,,,0 days 00:00:27.164000,0 days 00:00:30.362000,0 days 00:00:43.592000,0 days 01:05:50.417000,0 days 01:06:20.779000,0 days 01:07:04.371000,272.0,265.0,255.0,309.0,False,MEDIUM,7.0,True,Red Bull Racing,0 days 01:05:23.199000,,1,1.0,False,,False,True,2024-05,Chinese Grand Prix,2024,5,2024-04-21,validation,101.118,True,
0 days 01:08:45.427000,VER,1,0 days 00:01:41.110000,8.0,1.0,,,0 days 00:00:27.129000,0 days 00:00:30.395000,0 days 00:00:43.586000,0 days 01:07:31.500000,0 days 01:08:01.895000,0 days 01:08:45.481000,271.0,263.0,255.0,309.0,False,MEDIUM,8.0,True,Red Bull Racing,0 days 01:07:04.317000,,1,1.0,False,,False,True,2024-05,Chinese Grand Prix,2024,5,2024-04-21,validation,101.11,True,
0 days 01:10:26.582000,VER,1,0 days 00:01:41.155000,9.0,1.0,,,0 days 00:00:27.111000,0 days 00:00:30.392000,0 days 00:00:43.652000,0 days 01:09:12.592000,0 days 01:09:42.984000,0 days 01:10:26.636000,272.0,265.0,255.0,308.0,False,MEDIUM,9.0,True,Red Bull Racing,0 days 01:08:45.427000,,1,1.0,False,,False,True,2024-05,Chinese Grand Prix,2024,5,2024-04-21,validation,101.155,True,
0 days 01:12:08.006000,VER,1,0 days 00:01:41.424000,10.0,1.0,,,0 days 00:00:27.172000,0 days 00:00:30.519000,0 days 00:00:43.733000,0 days 01:10:53.808000,0 days 01:11:24.327000,0 days 01:12:08.060000,272.0,263.0,255.0,308.0,False,MEDIUM,10.0,True,Red Bull Racing,0 days 01:10:26.582000,,1,1.0,False,,False,True,2024-05,Chinese Grand Prix,2024,5,2024-04-21,validation,101.424,True,
0 days 01:13:49.407000,VER,1,0 days 00:01:41.401000,11.0,1.0,,,0 days 00:00:27.170000,0 days 00:00:30.646000,0 days 00:00:43.585000,0 days 01:12:35.230000,0 days 01:13:05.876000,0 days 01:13:49.461000,271.0,263.0,255.0,308.0,False,MEDIUM,11.0,True,Red Bull Racing,0 days 01:12:08.006000,,1,1.0,False,,False,True,2024-05,Chinese Grand Prix,2024,5,2024-04-21,validation,101.401,True,
0 days 01:15:30.725000,VER,1,0 days 00:01:41.318000,12.0,1.0,,,0 days 00:00:27.121000,0 days 00:00:30.558000,0 days 00:00:43.639000,0 days 01:14:16.582000,0 days 01:14:47.140000,0 days 01:15:30.779000,272.0,262.0,255.0,308.0,False,MEDIUM,12.0,True,Red Bull Racing,0 days 01:13:49.407000,,1,1.0,False,,False,True,2024-05,Chinese Grand Prix,2024,5,2024-04-21,validation,101.318,True,
0 days 01:17:17.251000,VER,1,0 days 00:01:46.526000,13.0,1.0,,0 days 01:17:15.520000,0 days 00:00:27.050000,0 days 00:00:30.576000,0 days 00:00:48.900000,0 days 01:15:57.829000,0 days 01:16:28.405000,0 days 01:17:17.305000,273.0,264.0,,310.0,False,MEDIUM,13.0,True,Red Bull Racing,0 days 01:15:30.725000,,1,1.0,False,,False,False,2024-05,Chinese Grand Prix,2024,5,2024-04-21,validation,106.526,False,pit_in;timing_not_accurate
0 days 01:19:16.325000,VER,1,0 days 00:01:59.074000,14.0,2.0,0 days 01:17:38.092000,,0 days 00:00:45.631000,0 days 00:00:30.099000,0 days 00:00:43.344000,0 days 01:18:02.936000,0 days 01:18:33.035000,0 days 01:19:16.379000,268.0,266.0,254.0,332.0,False,HARD,1.0,True,Red Bull Racing,0 days 01:17:17.251000,,1,3.0,False,,False,False,2024-05,Chinese Grand Prix,2024,5,2024-04-21,validation,119.074,False,pit_out;timing_not_accurate
0 days 01:20:55.916000,VER,1,0 days 00:01:39.591000,15.0,2.0,,,0 days 00:00:26.640000,0 days 00:00:29.773000,0 days 00:00:43.178000,0 days 01:19:43.019000,0 days 01:20:12.792000,0 days 01:20:55.970000,269.0,265.0,261.0,316.0,True,HARD,2.0,True,Red Bull Racing,0 days 01:19:16.325000,,1,3.0,False,,False,True,2024-05,Chinese Grand Prix,2024,5,2024-04-21,validation,99.591,True,
0 days 01:22:35.901000,VER,1,0 days 00:01:39.985000,16.0,2.0,,,0 days 00:00:26.616000,0 days 00:00:30.137000,0 days 00:00:43.232000,0 days 01:21:22.586000,0 days 01:21:52.723000,0 days 01:22:35.955000,277.0,262.0,255.0,310.0,False,HARD,3.0,True,Red Bull Racing,0 days 01:20:55.916000,,1,2.0,False,,False,True,2024-05,Chinese Grand Prix,2024,5,2024-04-21,validation,99.985,True,
0 days 01:24:15.420000,VER,1,0 days 00:01:39.519000,17.0,2.0,,,0 days 00:00:26.503000,0 days 00:00:29.874000,0 days 00:00:43.142000,0 days 01:23:02.458000,0 days 01:23:32.332000,0 days 01:24:15.474000,272.0,262.0,256.0,311.0,True,HARD,4.0,True,Red Bull Racing,0 days 01:22:35.901000,,1,2.0,False,,False,True,2024-05,Chinese Grand Prix,2024,5,2024-04-21,validation,99.519,True,
0 days 01:25:55.490000,VER,1,0 days 00:01:40.070000,18.0,2.0,,,0 days 00:00:26.781000,0 days 00:00:30.075000,0 days 00:00:43.214000,0 days 01:24:42.255000,0 days 01:25:12.330000,0 days 01:25:55.544000,266.0,260.0,256.0,312.0,False,HARD,5.0,True,Red Bull Racing,0 days 01:24:15.420000,,1,2.0,False,,False,True,2024-05,Chinese Grand Prix,2024,5,2024-04-21,validation,100.07,True,
0 days 01:27:35.629000,VER,1,0 days 00:01:40.139000,19.0,2.0,,,0 days 00:00:26.720000,0 days 00:00:30.245000,0 days 00:00:43.174000,0 days 01:26:22.264000,0 days 01:26:52.509000,0 days 01:27:35.683000,266.0,262.0,257.0,333.0,False,HARD,6.0,True,Red Bull Racing,0 days 01:25:55.490000,,1,1.0,False,,False,True,2024-05,Chinese Grand Prix,2024,5,2024-04-21,validation,100.139,True,
0 days 01:29:15.710000,VER,1,0 days 00:01:40.081000,20.0,2.0,,,0 days 00:00:26.759000,0 days 00:00:29.937000,0 days 00:00:43.385000,0 days 01:28:02.442000,0 days 01:28:32.379000,0 days 01:29:15.764000,267.0,264.0,256.0,309.0,False,HARD,7.0,True,Red Bull Racing,0 days 01:27:35.629000,,1,1.0,False,,False,True,2024-05,Chinese Grand Prix,2024,5,2024-04-21,validation,100.081,True,
0 days 01:30:56.200000,VER,1,0 days 00:01:40.490000,21.0,2.0,,,0 days 00:00:26.737000,0 days 00:00:30.083000,0 days 00:00:43.670000,0 days 01:29:42.501000,0 days 01:30:12.584000,0 days 01:30:56.254000,269.0,241.0,256.0,308.0,False,HARD,8.0,True,Red Bull Racing,0 days 01:29:15.710000,,12,1.0,False,,False,True,2024-05,Chinese Grand Prix,2024,5,2024-04-21,validation,100.49,False,not_green_only
0 days 01:33:10.496000,VER,1,0 days 00:02:14.296000,22.0,2.0,,,0 days 00:00:35.865000,0 days 00:00:40.703000,0 days 00:00:57.728000,0 days 01:31:32.119000,0 days 01:32:12.822000,0 days 01:33:10.550000,172.0,174.0,142.0,256.0,False,HARD,9.0,True,Red Bull Racing,0 days 01:30:56.200000,,26,1.0,False,,False,False,2024-05,Chinese Grand Prix,2024,5,2024-04-21,validation,134.296,False,not_green_only;timing_not_accurate
0 days 01:35:28.434000,VER,1,0 days 00:02:17.938000,23.0,2.0,,0 days 01:35:26.720000,0 days 00:00:35.570000,0 days 00:00:39.478000,0 days 00:01:02.890000,0 days 01:33:46.120000,0 days 01:34:25.598000,0 days 01:35:28.488000,144.0,241.0,,212.0,False,HARD,10.0,True,Red Bull Racing,0 days 01:33:10.496000,,64,1.0,False,,False,False,2024-05,Chinese Grand Prix,2024,5,2024-04-21,validation,137.938,False,pit_in;not_green_only;timing_not_accurate
0 days 01:38:14.743000,VER,1,,24.0,3.0,0 days 01:35:48.943000,,0 days 00:00:54.357000,0 days 00:00:47.051000,0 days 00:01:04.876000,0 days 01:36:22.893000,0 days 01:37:09.921000,0 days 01:38:14.824000,139.0,126.0,219.0,144.0,False,HARD,1.0,True,Red Bull Racing,0 days 01:35:28.434000,,4,1.0,False,,False,False,2024-05,Chinese Grand Prix,2024,5,2024-04-21,validation,,False,invalid_lap_time;pit_out;not_green_only;timing_not_accurate
0 days 01:40:39.793000,VER,1,0 days 00:02:25.050000,25.0,3.0,,,0 days 00:00:38.160000,0 days 00:00:46.490000,0 days 00:01:00.400000,0 days 01:38:52.957000,0 days 01:39:39.447000,0 days 01:40:39.847000,207.0,133.0,215.0,271.0,False,HARD,2.0,True,Red Bull Racing,0 days 01:38:14.743000,,4,1.0,False,,False,False,2024-05,Chinese Grand Prix,2024,5,2024-04-21,validation,145.05,False,not_green_only;timing_not_accurate
0 days 01:43:17.156000,VER,1,,26.0,3.0,,,0 days 00:00:35.833000,0 days 00:00:43.649000,0 days 00:01:17.860000,0 days 01:41:15.770000,0 days 01:41:59.350000,0 days 01:43:17.248000,226.0,223.0,257.0,126.0,False,HARD,3.0,True,Red Bull Racing,0 days 01:40:39.793000,,41,1.0,False,,False,False,2024-05,Chinese Grand Prix,2024,5,2024-04-21,validation,,False,invalid_lap_time;not_green_only;timing_not_accurate
0 days 01:45:04.279000,VER,1,0 days 00:01:47.123000,27.0,3.0,,,0 days 00:00:26.034000,0 days 00:00:29.474000,0 days 00:00:51.615000,0 days 01:43:43.244000,0 days 01:44:12.718000,0 days 01:45:04.333000,275.0,263.0,163.0,309.0,False,HARD,4.0,True,Red Bull Racing,0 days 01:43:17.156000,,124,1.0,False,,False,False,2024-05,Chinese Grand Prix,2024,5,2024-04-21,validation,107.123,False,not_green_only;timing_not_accurate
0 days 01:47:35.670000,VER,1,,28.0,3.0,,,0 days 00:00:34.861000,0 days 00:00:50.842000,0 days 00:01:05.746000,0 days 01:45:39.186000,0 days 01:46:30.082000,0 days 01:47:35.885000,172.0,226.0,119.0,153.0,False,HARD,5.0,True,Red Bull Racing,0 days 01:45:04.279000,,4,1.0,False,,False,False,2024-05,Chinese Grand Prix,2024,5,2024-04-21,validation,,False,invalid_lap_time;not_green_only;timing_not_accurate
0 days 01:50:02.240000,VER,1,0 days 00:02:26.570000,29.0,3.0,,,0 days 00:00:39.616000,0 days 00:00:44.166000,0 days 00:01:02.788000,0 days 01:48:15.340000,0 days 01:48:59.506000,0 days 01:50:02.294000,220.0,183.0,215.0,190.0,False,HARD,6.0,True,Red Bull Racing,0 days 01:47:35.670000,,4,1.0,False,,False,False,2024-05,Chinese Grand Prix,2024,5,2024-04-21,validation,146.57,False,not_green_only;timing_not_accurate
0 days 01:52:22.358000,VER,1,0 days 00:02:20.118000,30.0,3.0,,,0 days 00:00:36.620000,0 days 00:00:44.106000,0 days 00:00:59.392000,0 days 01:50:38.914000,0 days 01:51:23.020000,0 days 01:52:22.412000,208.0,190.0,219.0,274.0,False,HARD,7.0,True,Red Bull Racing,0 days 01:50:02.240000,,4,1.0,False,,False,False,2024-05,Chinese Grand Prix,2024,5,2024-04-21,validation,140.118,False,not_green_only;timing_not_accurate
0 days 01:54:51.128000,VER,1,0 days 00:02:28.770000,31.0,3.0,,,0 days 00:00:35.883000,0 days 00:00:44.116000,0 days 00:01:08.771000,0 days 01:52:58.295000,0 days 01:53:42.411000,0 days 01:54:51.182000,230.0,192.0,256.0,135.0,False,HARD,8.0,True,Red Bull Racing,0 days 01:52:22.358000,,41,1.0,False,,False,False,2024-05,Chinese Grand Prix,2024,5,2024-04-21,validation,148.77,False,not_green_only;timing_not_accurate
0 days 01:56:29.732000,VER,1,0 days 00:01:38.604000,32.0,3.0,,,0 days 00:00:26.060000,0 days 00:00:29.829000,0 days 00:00:42.715000,0 days 01:55:17.242000,0 days 01:55:47.071000,0 days 01:56:29.786000,275.0,268.0,257.0,309.0,True,HARD,9.0,True,Red Bull Racing,0 days 01:54:51.128000,,1,1.0,False,,False,True,2024-05,Chinese Grand Prix,2024,5,2024-04-21,validation,98.604,True,
0 days 01:58:08.138000,VER,1,0 days 00:01:38.406000,33.0,3.0,,,0 days 00:00:26.220000,0 days 00:00:29.365000,0 days 00:00:42.821000,0 days 01:56:56.006000,0 days 01:57:25.371000,0 days 01:58:08.192000,273.0,265.0,258.0,307.0,True,HARD,10.0,True,Red Bull Racing,0 days 01:56:29.732000,,1,1.0,False,,False,True,2024-05,Chinese Grand Prix,2024,5,2024-04-21,validation,98.406,True,
0 days 01:59:46.564000,VER,1,0 days 00:01:38.426000,34.0,3.0,,,0 days 00:00:26.212000,0 days 00:00:29.467000,0 days 00:00:42.747000,0 days 01:58:34.404000,0 days 01:59:03.871000,0 days 01:59:46.618000,272.0,266.0,257.0,308.0,False,HARD,11.0,True,Red Bull Racing,0 days 01:58:08.138000,,1,1.0,False,,False,True,2024-05,Chinese Grand Prix,2024,5,2024-04-21,validation,98.426,True,
0 days 02:01:25.329000,VER,1,0 days 00:01:38.765000,35.0,3.0,,,0 days 00:00:26.531000,0 days 00:00:29.475000,0 days 00:00:42.759000,0 days 02:00:13.149000,0 days 02:00:42.624000,0 days 02:01:25.383000,273.0,266.0,258.0,308.0,False,HARD,12.0,True,Red Bull Racing,0 days 01:59:46.564000,,1,1.0,False,,False,True,2024-05,Chinese Grand Prix,2024,5,2024-04-21,validation,98.765,True,
0 days 02:03:04.154000,VER,1,0 days 00:01:38.825000,36.0,3.0,,,0 days 00:00:26.274000,0 days 00:00:29.670000,0 days 00:00:42.881000,0 days 02:01:51.657000,0 days 02:02:21.327000,0 days 02:03:04.208000,274.0,264.0,258.0,308.0,False,HARD,13.0,True,Red Bull Racing,0 days 02:01:25.329000,,1,1.0,False,,False,True,2024-05,Chinese Grand Prix,2024,5,2024-04-21,validation,98.825,True,
0 days 02:04:42.955000,VER,1,0 days 00:01:38.801000,37.0,3.0,,,0 days 00:00:26.374000,0 days 00:00:29.635000,0 days 00:00:42.792000,0 days 02:03:30.582000,0 days 02:04:00.217000,0 days 02:04:43.009000,275.0,267.0,258.0,309.0,False,HARD,14.0,True,Red Bull Racing,0 days 02:03:04.154000,,1,1.0,False,,False,True,2024-05,Chinese Grand Prix,2024,5,2024-04-21,validation,98.801,True,
0 days 02:06:21.810000,VER,1,0 days 00:01:38.855000,38.0,3.0,,,0 days 00:00:26.332000,0 days 00:00:29.569000,0 days 00:00:42.954000,0 days 02:05:09.341000,0 days 02:05:38.910000,0 days 02:06:21.864000,275.0,265.0,258.0,309.0,False,HARD,15.0,True,Red Bull Racing,0 days 02:04:42.955000,,1,1.0,False,,False,True,2024-05,Chinese Grand Prix,2024,5,2024-04-21,validation,98.855,True,
0 days 02:08:00.552000,VER,1,0 days 00:01:38.742000,39.0,3.0,,,0 days 00:00:26.312000,0 days 00:00:29.650000,0 days 00:00:42.780000,0 days 02:06:48.176000,0 days 02:07:17.826000,0 days 02:08:00.606000,276.0,267.0,259.0,309.0,False,HARD,16.0,True,Red Bull Racing,0 days 02:06:21.810000,,1,1.0,False,,False,True,2024-05,Chinese Grand Prix,2024,5,2024-04-21,validation,98.742,True,
0 days 02:09:39.508000,VER,1,0 days 00:01:38.956000,40.0,3.0,,,0 days 00:00:26.475000,0 days 00:00:29.690000,0 days 00:00:42.791000,0 days 02:08:27.081000,0 days 02:08:56.771000,0 days 02:09:39.562000,274.0,268.0,258.0,309.0,False,HARD,17.0,True,Red Bull Racing,0 days 02:08:00.552000,,1,1.0,False,,False,True,2024-05,Chinese Grand Prix,2024,5,2024-04-21,validation,98.956,True,
0 days 02:11:18.575000,VER,1,0 days 00:01:39.067000,41.0,3.0,,,0 days 00:00:26.480000,0 days 00:00:29.614000,0 days 00:00:42.973000,0 days 02:10:06.042000,0 days 02:10:35.656000,0 days 02:11:18.629000,275.0,268.0,258.0,309.0,False,HARD,18.0,True,Red Bull Racing,0 days 02:09:39.508000,,1,1.0,False,,False,True,2024-05,Chinese Grand Prix,2024,5,2024-04-21,validation,99.067,True,
0 days 02:12:57.802000,VER,1,0 days 00:01:39.227000,42.0,3.0,,,0 days 00:00:26.533000,0 days 00:00:29.710000,0 days 00:00:42.984000,0 days 02:11:45.162000,0 days 02:12:14.872000,0 days 02:12:57.856000,275.0,268.0,259.0,308.0,False,HARD,19.0,True,Red Bull Racing,0 days 02:11:18.575000,,1,1.0,False,,False,True,2024-05,Chinese Grand Prix,2024,5,2024-04-21,validation,99.227,True,
0 days 02:14:37.026000,VER,1,0 days 00:01:39.224000,43.0,3.0,,,0 days 00:00:26.429000,0 days 00:00:29.694000,0 days 00:00:43.101000,0 days 02:13:24.285000,0 days 02:13:53.979000,0 days 02:14:37.080000,275.0,268.0,259.0,308.0,False,HARD,20.0,True,Red Bull Racing,0 days 02:12:57.802000,,1,1.0,False,,False,True,2024-05,Chinese Grand Prix,2024,5,2024-04-21,validation,99.224,True,
0 days 02:16:16.331000,VER,1,0 days 00:01:39.305000,44.0,3.0,,,0 days 00:00:26.502000,0 days 00:00:29.811000,0 days 00:00:42.992000,0 days 02:15:03.582000,0 days 02:15:33.393000,0 days 02:16:16.385000,274.0,268.0,259.0,308.0,False,HARD,21.0,True,Red Bull Racing,0 days 02:14:37.026000,,1,1.0,False,,False,True,2024-05,Chinese Grand Prix,2024,5,2024-04-21,validation,99.305,True,
0 days 02:17:55.547000,VER,1,0 days 00:01:39.216000,45.0,3.0,,,0 days 00:00:26.507000,0 days 00:00:29.629000,0 days 00:00:43.080000,0 days 02:16:42.892000,0 days 02:17:12.521000,0 days 02:17:55.601000,274.0,268.0,259.0,308.0,False,HARD,22.0,True,Red Bull Racing,0 days 02:16:16.331000,,1,1.0,False,,False,True,2024-05,Chinese Grand Prix,2024,5,2024-04-21,validation,99.216,True,
0 days 02:19:34.980000,VER,1,0 days 00:01:39.433000,46.0,3.0,,,0 days 00:00:26.517000,0 days 00:00:29.767000,0 days 00:00:43.149000,0 days 02:18:22.118000,0 days 02:18:51.885000,0 days 02:19:35.034000,276.0,268.0,258.0,308.0,False,HARD,23.0,True,Red Bull Racing,0 days 02:17:55.547000,,1,1.0,False,,False,True,2024-05,Chinese Grand Prix,2024,5,2024-04-21,validation,99.433,True,
0 days 02:21:14.402000,VER,1,0 days 00:01:39.422000,47.0,3.0,,,0 days 00:00:26.620000,0 days 00:00:29.721000,0 days 00:00:43.081000,0 days 02:20:01.654000,0 days 02:20:31.375000,0 days 02:21:14.456000,275.0,267.0,258.0,309.0,False,HARD,24.0,True,Red Bull Racing,0 days 02:19:34.980000,,1,1.0,False,,False,True,2024-05,Chinese Grand Prix,2024,5,2024-04-21,validation,99.422,True,
0 days 02:22:53.727000,VER,1,0 days 00:01:39.325000,48.0,3.0,,,0 days 00:00:26.496000,0 days 00:00:29.709000,0 days 00:00:43.120000,0 days 02:21:40.952000,0 days 02:22:10.661000,0 days 02:22:53.781000,275.0,268.0,259.0,308.0,False,HARD,25.0,True,Red Bull Racing,0 days 02:21:14.402000,,1,1.0,False,,False,True,2024-05,Chinese Grand Prix,2024,5,2024-04-21,validation,99.325,True,
0 days 02:24:33.077000,VER,1,0 days 00:01:39.350000,49.0,3.0,,,0 days 00:00:26.492000,0 days 00:00:29.719000,0 days 00:00:43.139000,0 days 02:23:20.273000,0 days 02:23:49.992000,0 days 02:24:33.131000,275.0,269.0,259.0,307.0,False,HARD,26.0,True,Red Bull Racing,0 days 02:22:53.727000,,1,1.0,False,,False,True,2024-05,Chinese Grand Prix,2024,5,2024-04-21,validation,99.35,True,
0 days 02:26:12.522000,VER,1,0 days 00:01:39.445000,50.0,3.0,,,0 days 00:00:26.510000,0 days 00:00:29.920000,0 days 00:00:43.015000,0 days 02:24:59.641000,0 days 02:25:29.561000,0 days 02:26:12.576000,276.0,266.0,259.0,308.0,False,HARD,27.0,True,Red Bull Racing,0 days 02:24:33.077000,,1,1.0,False,,False,True,2024-05,Chinese Grand Prix,2024,5,2024-04-21,validation,99.445,True,
0 days 02:27:51.798000,VER,1,0 days 00:01:39.276000,51.0,3.0,,,0 days 00:00:26.484000,0 days 00:00:29.775000,0 days 00:00:43.017000,0 days 02:26:39.060000,0 days 02:27:08.835000,0 days 02:27:51.852000,276.0,267.0,258.0,308.0,False,HARD,28.0,True,Red Bull Racing,0 days 02:26:12.522000,,1,1.0,False,,False,True,2024-05,Chinese Grand Prix,2024,5,2024-04-21,validation,99.276,True,
0 days 02:29:31.492000,VER,1,0 days 00:01:39.694000,52.0,3.0,,,0 days 00:00:26.581000,0 days 00:00:29.964000,0 days 00:00:43.149000,0 days 02:28:18.433000,0 days 02:28:48.397000,0 days 02:29:31.546000,276.0,267.0,259.0,308.0,False,HARD,29.0,True,Red Bull Racing,0 days 02:27:51.798000,,1,1.0,False,,False,True,2024-05,Chinese Grand Prix,2024,5,2024-04-21,validation,99.694,True,
0 days 02:31:11.146000,VER,1,0 days 00:01:39.654000,53.0,3.0,,,0 days 00:00:26.533000,0 days 00:00:29.985000,0 days 00:00:43.136000,0 days 02:29:58.079000,0 days 02:30:28.064000,0 days 02:31:11.200000,276.0,268.0,259.0,309.0,False,HARD,30.0,True,Red Bull Racing,0 days 02:29:31.492000,,1,1.0,False,,False,True,2024-05,Chinese Grand Prix,2024,5,2024-04-21,validation,99.654,True,
0 days 02:32:50.919000,VER,1,0 days 00:01:39.773000,54.0,3.0,,,0 days 00:00:26.599000,0 days 00:00:29.912000,0 days 00:00:43.262000,0 days 02:31:37.799000,0 days 02:32:07.711000,0 days 02:32:50.973000,275.0,269.0,259.0,310.0,False,HARD,31.0,True,Red Bull Racing,0 days 02:31:11.146000,,1,1.0,False,,False,True,2024-05,Chinese Grand Prix,2024,5,2024-04-21,validation,99.773,True,
0 days 02:34:30.724000,VER,1,0 days 00:01:39.805000,55.0,3.0,,,0 days 00:00:26.714000,0 days 00:00:29.867000,0 days 00:00:43.224000,0 days 02:33:17.687000,0 days 02:33:47.554000,0 days 02:34:30.778000,277.0,269.0,259.0,309.0,False,HARD,32.0,True,Red Bull Racing,0 days 02:32:50.919000,,1,1.0,False,,False,True,2024-05,Chinese Grand Prix,2024,5,2024-04-21,validation,99.805,True,
0 days 02:36:10.977000,VER,1,0 days 00:01:40.253000,56.0,3.0,,,0 days 00:00:26.661000,0 days 00:00:29.992000,0 days 00:00:43.600000,0 days 02:34:57.439000,0 days 02:35:27.431000,0 days 02:36:11.031000,276.0,267.0,248.0,309.0,False,HARD,33.0,True,Red Bull Racing,0 days 02:34:30.724000,,1,1.0,False,,False,True,2024-05,Chinese Grand Prix,2024,5,2024-04-21,validation,100.253,True,
0 days 00:57:23.230000,HAM,44,0 days 00:01:39.924000,1.0,1.0,,,,0 days 00:00:36.229000,0 days 00:00:26.321000,,0 days 00:56:57.026000,0 days 00:57:23.394000,206.0,182.0,274.0,316.0,False,HARD,1.0,True,Mercedes,0 days 00:55:43.028000,,1,7.0,False,,False,False,2024-06,Miami Grand Prix,2024,6,2024-05-05,test,99.924,False,opening_lap;timing_not_accurate
0 days 00:58:58.196000,HAM,44,0 days 00:01:34.966000,2.0,1.0,,,0 days 00:00:33.275000,0 days 00:00:35.620000,0 days 00:00:26.071000,0 days 00:57:56.531000,0 days 00:58:32.151000,0 days 00:58:58.222000,207.0,182.0,278.0,314.0,True,HARD,2.0,True,Mercedes,0 days 00:57:23.230000,,1,8.0,False,,False,True,2024-06,Miami Grand Prix,2024,6,2024-05-05,test,94.966,True,
0 days 01:00:32.227000,HAM,44,0 days 00:01:34.031000,3.0,1.0,,,0 days 00:00:32.040000,0 days 00:00:35.912000,0 days 00:00:26.079000,0 days 00:59:30.262000,0 days 01:00:06.174000,0 days 01:00:32.253000,206.0,183.0,278.0,310.0,True,HARD,3.0,True,Mercedes,0 days 00:58:58.196000,,1,8.0,False,,False,True,2024-06,Miami Grand Prix,2024,6,2024-05-05,test,94.031,True,
0 days 01:02:06.088000,HAM,44,0 days 00:01:33.861000,4.0,1.0,,,0 days 00:00:31.931000,0 days 00:00:35.768000,0 days 00:00:26.162000,0 days 01:01:04.184000,0 days 01:01:39.952000,0 days 01:02:06.114000,207.0,183.0,279.0,310.0,True,HARD,4.0,True,Mercedes,0 days 01:00:32.227000,,1,8.0,False,,False,True,2024-06,Miami Grand Prix,2024,6,2024-05-05,test,93.861,True,
0 days 01:03:39.754000,HAM,44,0 days 00:01:33.666000,5.0,1.0,,,0 days 00:00:31.703000,0 days 00:00:35.868000,0 days 00:00:26.095000,0 days 01:02:37.817000,0 days 01:03:13.685000,0 days 01:03:39.780000,207.0,181.0,280.0,321.0,True,HARD,5.0,True,Mercedes,0 days 01:02:06.088000,,1,8.0,False,,False,True,2024-06,Miami Grand Prix,2024,6,2024-05-05,test,93.666,True,
0 days 01:05:13.433000,HAM,44,0 days 00:01:33.679000,6.0,1.0,,,0 days 00:00:31.816000,0 days 00:00:35.777000,0 days 00:00:26.086000,0 days 01:04:11.596000,0 days 01:04:47.373000,0 days 01:05:13.459000,203.0,182.0,280.0,325.0,False,HARD,6.0,True,Mercedes,0 days 01:03:39.754000,,1,8.0,False,,False,True,2024-06,Miami Grand Prix,2024,6,2024-05-05,test,93.679,True,
0 days 01:06:47.899000,HAM,44,0 days 00:01:34.466000,7.0,1.0,,,0 days 00:00:31.729000,0 days 00:00:35.544000,0 days 00:00:27.193000,0 days 01:05:45.188000,0 days 01:06:20.732000,0 days 01:06:47.925000,208.0,181.0,278.0,311.0,False,HARD,7.0,True,Mercedes,0 days 01:05:13.433000,,1,8.0,False,,False,True,2024-06,Miami Grand Prix,2024,6,2024-05-05,test,94.466,True,
0 days 01:08:22.520000,HAM,44,0 days 00:01:34.621000,8.0,1.0,,,0 days 00:00:32.400000,0 days 00:00:36.121000,0 days 00:00:26.100000,0 days 01:07:20.325000,0 days 01:07:56.446000,0 days 01:08:22.546000,203.0,181.0,279.0,319.0,False,HARD,8.0,True,Mercedes,0 days 01:06:47.899000,,1,8.0,False,,False,True,2024-06,Miami Grand Prix,2024,6,2024-05-05,test,94.621,True,
0 days 01:09:56.544000,HAM,44,0 days 00:01:34.024000,9.0,1.0,,,0 days 00:00:32.167000,0 days 00:00:35.749000,0 days 00:00:26.108000,0 days 01:08:54.713000,0 days 01:09:30.462000,0 days 01:09:56.570000,204.0,182.0,280.0,329.0,False,HARD,9.0,True,Mercedes,0 days 01:08:22.520000,,1,8.0,False,,False,True,2024-06,Miami Grand Prix,2024,6,2024-05-05,test,94.024,True,
0 days 01:11:31.146000,HAM,44,0 days 00:01:34.602000,10.0,1.0,,,0 days 00:00:32.404000,0 days 00:00:35.730000,0 days 00:00:26.468000,0 days 01:10:28.974000,0 days 01:11:04.704000,0 days 01:11:31.172000,204.0,182.0,273.0,311.0,False,HARD,10.0,True,Mercedes,0 days 01:09:56.544000,,1,7.0,False,,False,True,2024-06,Miami Grand Prix,2024,6,2024-05-05,test,94.602,True,
0 days 01:13:05.518000,HAM,44,0 days 00:01:34.372000,11.0,1.0,,,0 days 00:00:31.995000,0 days 00:00:36.047000,0 days 00:00:26.330000,0 days 01:12:03.167000,0 days 01:12:39.214000,0 days 01:13:05.544000,210.0,182.0,274.0,309.0,False,HARD,11.0,True,Mercedes,0 days 01:11:31.146000,,1,7.0,False,,False,True,2024-06,Miami Grand Prix,2024,6,2024-05-05,test,94.372,True,
0 days 01:14:39.508000,HAM,44,0 days 00:01:33.990000,12.0,1.0,,,0 days 00:00:31.809000,0 days 00:00:35.943000,0 days 00:00:26.238000,0 days 01:13:37.353000,0 days 01:14:13.296000,0 days 01:14:39.534000,205.0,183.0,272.0,307.0,False,HARD,12.0,True,Mercedes,0 days 01:13:05.518000,,1,7.0,False,,False,True,2024-06,Miami Grand Prix,2024,6,2024-05-05,test,93.99,True,
0 days 01:16:13.379000,HAM,44,0 days 00:01:33.871000,13.0,1.0,,,0 days 00:00:31.751000,0 days 00:00:35.869000,0 days 00:00:26.251000,0 days 01:15:11.285000,0 days 01:15:47.154000,0 days 01:16:13.405000,208.0,182.0,274.0,314.0,False,HARD,13.0,True,Mercedes,0 days 01:14:39.508000,,1,7.0,False,,False,True,2024-06,Miami Grand Prix,2024,6,2024-05-05,test,93.871,True,
0 days 01:17:47.072000,HAM,44,0 days 00:01:33.693000,14.0,1.0,,,0 days 00:00:31.721000,0 days 00:00:35.809000,0 days 00:00:26.163000,0 days 01:16:45.126000,0 days 01:17:20.935000,0 days 01:17:47.098000,209.0,183.0,275.0,312.0,False,HARD,14.0,True,Mercedes,0 days 01:16:13.379000,,1,7.0,False,,False,True,2024-06,Miami Grand Prix,2024,6,2024-05-05,test,93.693,True,
0 days 01:19:20.416000,HAM,44,0 days 00:01:33.344000,15.0,1.0,,,0 days 00:00:31.424000,0 days 00:00:35.685000,0 days 00:00:26.235000,0 days 01:18:18.522000,0 days 01:18:54.207000,0 days 01:19:20.442000,207.0,182.0,275.0,309.0,True,HARD,15.0,True,Mercedes,0 days 01:17:47.072000,,1,7.0,False,,False,True,2024-06,Miami Grand Prix,2024,6,2024-05-05,test,93.344,True,
0 days 01:20:53.937000,HAM,44,0 days 00:01:33.521000,16.0,1.0,,,0 days 00:00:31.570000,0 days 00:00:35.757000,0 days 00:00:26.194000,0 days 01:19:52.012000,0 days 01:20:27.769000,0 days 01:20:53.963000,205.0,183.0,275.0,312.0,False,HARD,16.0,True,Mercedes,0 days 01:19:20.416000,,1,7.0,False,,False,True,2024-06,Miami Grand Prix,2024,6,2024-05-05,test,93.521,True,
0 days 01:22:27.539000,HAM,44,0 days 00:01:33.602000,17.0,1.0,,,0 days 00:00:31.505000,0 days 00:00:35.655000,0 days 00:00:26.442000,0 days 01:21:25.468000,0 days 01:22:01.123000,0 days 01:22:27.565000,209.0,183.0,273.0,313.0,False,HARD,17.0,True,Mercedes,0 days 01:20:53.937000,,1,7.0,False,,False,True,2024-06,Miami Grand Prix,2024,6,2024-05-05,test,93.602,True,
0 days 01:24:00.845000,HAM,44,0 days 00:01:33.306000,18.0,1.0,,,0 days 00:00:31.376000,0 days 00:00:35.687000,0 days 00:00:26.243000,0 days 01:22:58.941000,0 days 01:23:34.628000,0 days 01:24:00.871000,210.0,183.0,274.0,309.0,True,HARD,18.0,True,Mercedes,0 days 01:22:27.539000,,1,6.0,False,,False,True,2024-06,Miami Grand Prix,2024,6,2024-05-05,test,93.306,True,
0 days 01:25:34.178000,HAM,44,0 days 00:01:33.333000,19.0,1.0,,,0 days 00:00:31.405000,0 days 00:00:35.772000,0 days 00:00:26.156000,0 days 01:24:32.276000,0 days 01:25:08.048000,0 days 01:25:34.204000,211.0,183.0,275.0,313.0,False,HARD,19.0,True,Mercedes,0 days 01:24:00.845000,,1,6.0,False,,False,True,2024-06,Miami Grand Prix,2024,6,2024-05-05,test,93.333,True,
0 days 01:27:07.226000,HAM,44,0 days 00:01:33.048000,20.0,1.0,,,0 days 00:00:31.286000,0 days 00:00:35.473000,0 days 00:00:26.289000,0 days 01:26:05.490000,0 days 01:26:40.963000,0 days 01:27:07.252000,209.0,184.0,275.0,311.0,True,HARD,20.0,True,Mercedes,0 days 01:25:34.178000,,1,5.0,False,,False,True,2024-06,Miami Grand Prix,2024,6,2024-05-05,test,93.048,True,
0 days 01:28:41.411000,HAM,44,0 days 00:01:34.185000,21.0,1.0,,,0 days 00:00:31.411000,0 days 00:00:36.438000,0 days 00:00:26.336000,0 days 01:27:38.663000,0 days 01:28:15.101000,0 days 01:28:41.437000,211.0,178.0,276.0,312.0,False,HARD,21.0,True,Mercedes,0 days 01:27:07.226000,,1,6.0,False,,False,True,2024-06,Miami Grand Prix,2024,6,2024-05-05,test,94.185,True,
0 days 01:30:14.770000,HAM,44,0 days 00:01:33.359000,22.0,1.0,,,0 days 00:00:31.603000,0 days 00:00:35.615000,0 days 00:00:26.141000,0 days 01:29:13.040000,0 days 01:29:48.655000,0 days 01:30:14.796000,210.0,182.0,277.0,316.0,False,HARD,22.0,True,Mercedes,0 days 01:28:41.411000,,1,6.0,False,,False,True,2024-06,Miami Grand Prix,2024,6,2024-05-05,test,93.359,True,
0 days 01:32:03.553000,HAM,44,0 days 00:01:48.783000,23.0,1.0,,,0 days 00:00:43.180000,0 days 00:00:39.158000,0 days 00:00:26.445000,0 days 01:30:57.976000,0 days 01:31:37.134000,0 days 01:32:03.579000,161.0,184.0,276.0,323.0,False,HARD,23.0,True,Mercedes,0 days 01:30:14.770000,,167,6.0,False,,False,False,2024-06,Miami Grand Prix,2024,6,2024-05-05,test,108.783,False,not_green_only;timing_not_accurate
0 days 01:33:36.405000,HAM,44,0 days 00:01:32.852000,24.0,1.0,,,0 days 00:00:31.336000,0 days 00:00:35.461000,0 days 00:00:26.055000,0 days 01:32:34.915000,0 days 01:33:10.376000,0 days 01:33:36.431000,208.0,184.0,275.0,317.0,True,HARD,24.0,True,Mercedes,0 days 01:32:03.553000,,1,6.0,False,,False,True,2024-06,Miami Grand Prix,2024,6,2024-05-05,test,92.852,True,
0 days 01:35:09.337000,HAM,44,0 days 00:01:32.932000,25.0,1.0,,,0 days 00:00:31.223000,0 days 00:00:35.619000,0 days 00:00:26.090000,0 days 01:34:07.654000,0 days 01:34:43.273000,0 days 01:35:09.363000,210.0,184.0,276.0,315.0,False,HARD,25.0,True,Mercedes,0 days 01:33:36.405000,,1,6.0,False,,False,True,2024-06,Miami Grand Prix,2024,6,2024-05-05,test,92.932,True,
0 days 01:36:48.386000,HAM,44,0 days 00:01:39.049000,26.0,1.0,,0 days 01:36:42.939000,0 days 00:00:31.331000,0 days 00:00:36.536000,0 days 00:00:31.182000,0 days 01:35:40.694000,0 days 01:36:17.230000,0 days 01:36:48.412000,211.0,182.0,,316.0,False,HARD,26.0,True,Mercedes,0 days 01:35:09.337000,,1,7.0,True,TRACK LIMITS AT TURN 12 LAP 26 ,False,False,2024-06,Miami Grand Prix,2024,6,2024-05-05,test,99.049,False,pit_in;timing_not_accurate;deleted_or_unknown
0 days 01:38:34.350000,HAM,44,0 days 00:01:45.964000,27.0,2.0,0 days 01:37:05.074000,,0 days 00:00:44.969000,0 days 00:00:35.080000,0 days 00:00:25.915000,0 days 01:37:33.381000,0 days 01:38:08.461000,0 days 01:38:34.376000,213.0,185.0,276.0,315.0,False,MEDIUM,4.0,False,Mercedes,0 days 01:36:48.386000,,1,9.0,False,,False,False,2024-06,Miami Grand Prix,2024,6,2024-05-05,test,105.964,False,pit_out;timing_not_accurate
0 days 01:40:21.715000,HAM,44,0 days 00:01:47.365000,28.0,2.0,,,0 days 00:00:31.072000,0 days 00:00:41.397000,0 days 00:00:34.896000,0 days 01:39:05.448000,0 days 01:39:46.845000,0 days 01:40:21.741000,211.0,125.0,210.0,220.0,False,MEDIUM,5.0,False,Mercedes,0 days 01:38:34.350000,,124,8.0,False,,False,False,2024-06,Miami Grand Prix,2024,6,2024-05-05,test,107.365,False,not_green_only;timing_not_accurate
0 days 01:42:30.453000,HAM,44,0 days 00:02:08.738000,29.0,2.0,,,0 days 00:00:47.689000,0 days 00:00:45.506000,0 days 00:00:35.543000,0 days 01:41:09.430000,0 days 01:41:54.936000,0 days 01:42:30.479000,181.0,112.0,224.0,196.0,False,MEDIUM,6.0,False,Mercedes,0 days 01:40:21.715000,,4,8.0,False,,False,False,2024-06,Miami Grand Prix,2024,6,2024-05-05,test,128.738,False,not_green_only;timing_not_accurate
0 days 01:44:30.568000,HAM,44,0 days 00:02:00.115000,30.0,2.0,,,0 days 00:00:47.518000,0 days 00:00:42.617000,0 days 00:00:29.980000,0 days 01:43:17.997000,0 days 01:44:00.614000,0 days 01:44:30.594000,138.0,142.0,266.0,253.0,False,MEDIUM,7.0,False,Mercedes,0 days 01:42:30.453000,,4,8.0,False,,False,False,2024-06,Miami Grand Prix,2024,6,2024-05-05,test,120.115,False,not_green_only;timing_not_accurate
0 days 01:46:14.097000,HAM,44,0 days 00:01:43.529000,31.0,2.0,,,0 days 00:00:39.738000,0 days 00:00:36.684000,0 days 00:00:27.107000,0 days 01:45:10.332000,0 days 01:45:47.016000,0 days 01:46:14.123000,202.0,180.0,269.0,281.0,False,MEDIUM,8.0,False,Mercedes,0 days 01:44:30.568000,,4,8.0,False,,False,False,2024-06,Miami Grand Prix,2024,6,2024-05-05,test,103.529,False,not_green_only;timing_not_accurate
0 days 01:48:35.360000,HAM,44,0 days 00:02:21.263000,32.0,2.0,,,0 days 00:00:51.804000,0 days 00:00:56.478000,0 days 00:00:32.981000,0 days 01:47:05.927000,0 days 01:48:02.405000,0 days 01:48:35.386000,78.0,109.0,281.0,176.0,False,MEDIUM,9.0,False,Mercedes,0 days 01:46:14.097000,,41,8.0,False,,False,False,2024-06,Miami Grand Prix,2024,6,2024-05-05,test,141.263,False,not_green_only;timing_not_accurate
0 days 01:50:09.447000,HAM,44,0 days 00:01:34.087000,33.0,2.0,,,0 days 00:00:32.358000,0 days 00:00:35.917000,0 days 00:00:25.812000,0 days 01:49:07.744000,0 days 01:49:43.661000,0 days 01:50:09.473000,212.0,186.0,281.0,325.0,False,MEDIUM,10.0,False,Mercedes,0 days 01:48:35.360000,,1,8.0,False,,False,True,2024-06,Miami Grand Prix,2024,6,2024-05-05,test,94.087,True,
0 days 01:51:41.715000,HAM,44,0 days 00:01:32.268000,34.0,2.0,,,0 days 00:00:31.460000,0 days 00:00:35.035000,0 days 00:00:25.773000,0 days 01:50:40.933000,0 days 01:51:15.968000,0 days 01:51:41.741000,210.0,186.0,278.0,322.0,True,MEDIUM,11.0,False,Mercedes,0 days 01:50:09.447000,,1,7.0,False,,False,True,2024-06,Miami Grand Prix,2024,6,2024-05-05,test,92.268,True,
0 days 01:53:13.100000,HAM,44,0 days 00:01:31.385000,35.0,2.0,,,0 days 00:00:30.788000,0 days 00:00:34.846000,0 days 00:00:25.751000,0 days 01:52:12.529000,0 days 01:52:47.375000,0 days 01:53:13.126000,211.0,182.0,278.0,317.0,True,MEDIUM,12.0,False,Mercedes,0 days 01:51:41.715000,,1,7.0,False,,False,True,2024-06,Miami Grand Prix,2024,6,2024-05-05,test,91.385,True,
0 days 01:54:45.340000,HAM,44,0 days 00:01:32.240000,36.0,2.0,,,0 days 00:00:31.130000,0 days 00:00:35.206000,0 days 00:00:25.904000,0 days 01:53:44.256000,0 days 01:54:19.462000,0 days 01:54:45.366000,215.0,186.0,279.0,303.0,False,MEDIUM,13.0,False,Mercedes,0 days 01:53:13.100000,,1,7.0,False,,False,True,2024-06,Miami Grand Prix,2024,6,2024-05-05,test,92.24,True,
0 days 01:56:17.277000,HAM,44,0 days 00:01:31.937000,37.0,2.0,,,0 days 00:00:31.129000,0 days 00:00:35.044000,0 days 00:00:25.764000,0 days 01:55:16.495000,0 days 01:55:51.539000,0 days 01:56:17.303000,213.0,186.0,283.0,314.0,False,MEDIUM,14.0,False,Mercedes,0 days 01:54:45.340000,,1,7.0,False,,False,True,2024-06,Miami Grand Prix,2024,6,2024-05-05,test,91.937,True,
0 days 01:57:49.049000,HAM,44,0 days 00:01:31.772000,38.0,2.0,,,0 days 00:00:31.016000,0 days 00:00:35.006000,0 days 00:00:25.750000,0 days 01:56:48.319000,0 days 01:57:23.325000,0 days 01:57:49.075000,211.0,184.0,283.0,321.0,False,MEDIUM,15.0,False,Mercedes,0 days 01:56:17.277000,,1,7.0,False,,False,True,2024-06,Miami Grand Prix,2024,6,2024-05-05,test,91.772,True,
0 days 01:59:21.216000,HAM,44,0 days 00:01:32.167000,39.0,2.0,,,0 days 00:00:30.987000,0 days 00:00:35.320000,0 days 00:00:25.860000,0 days 01:58:20.062000,0 days 01:58:55.382000,0 days 01:59:21.242000,211.0,185.0,284.0,322.0,False,MEDIUM,16.0,False,Mercedes,0 days 01:57:49.049000,,1,7.0,False,,False,True,2024-06,Miami Grand Prix,2024,6,2024-05-05,test,92.167,True,
0 days 02:00:53.746000,HAM,44,0 days 00:01:32.530000,40.0,2.0,,,0 days 00:00:31.568000,0 days 00:00:35.266000,0 days 00:00:25.696000,0 days 01:59:52.810000,0 days 02:00:28.076000,0 days 02:00:53.772000,212.0,186.0,281.0,320.0,False,MEDIUM,17.0,False,Mercedes,0 days 01:59:21.216000,,1,6.0,False,,False,True,2024-06,Miami Grand Prix,2024,6,2024-05-05,test,92.53,True,
0 days 02:02:25.889000,HAM,44,0 days 00:01:32.143000,41.0,2.0,,,0 days 00:00:30.911000,0 days 00:00:35.532000,0 days 00:00:25.700000,0 days 02:01:24.683000,0 days 02:02:00.215000,0 days 02:02:25.915000,209.0,185.0,282.0,322.0,False,MEDIUM,18.0,False,Mercedes,0 days 02:00:53.746000,,1,6.0,False,,False,True,2024-06,Miami Grand Prix,2024,6,2024-05-05,test,92.143,True,
0 days 02:03:57.561000,HAM,44,0 days 00:01:31.672000,42.0,2.0,,,0 days 00:00:30.936000,0 days 00:00:35.101000,0 days 00:00:25.635000,0 days 02:02:56.851000,0 days 02:03:31.952000,0 days 02:03:57.587000,213.0,185.0,283.0,317.0,False,MEDIUM,19.0,False,Mercedes,0 days 02:02:25.889000,,1,6.0,False,,False,True,2024-06,Miami Grand Prix,2024,6,2024-05-05,test,91.672,True,
0 days 02:05:28.978000,HAM,44,0 days 00:01:31.417000,43.0,2.0,,,0 days 00:00:30.830000,0 days 00:00:35.067000,0 days 00:00:25.520000,0 days 02:04:28.417000,0 days 02:05:03.484000,0 days 02:05:29.004000,211.0,186.0,283.0,323.0,False,MEDIUM,20.0,False,Mercedes,0 days 02:03:57.561000,,1,6.0,False,,False,True,2024-06,Miami Grand Prix,2024,6,2024-05-05,test,91.417,True,
0 days 02:07:00.489000,HAM,44,0 days 00:01:31.511000,44.0,2.0,,,0 days 00:00:30.798000,0 days 00:00:35.119000,0 days 00:00:25.594000,0 days 02:05:59.802000,0 days 02:06:34.921000,0 days 02:07:00.515000,213.0,185.0,284.0,319.0,False,MEDIUM,21.0,False,Mercedes,0 days 02:05:28.978000,,1,6.0,False,,False,True,2024-06,Miami Grand Prix,2024,6,2024-05-05,test,91.511,True,
0 days 02:08:31.968000,HAM,44,0 days 00:01:31.479000,45.0,2.0,,,0 days 00:00:30.727000,0 days 00:00:35.116000,0 days 00:00:25.636000,0 days 02:07:31.242000,0 days 02:08:06.358000,0 days 02:08:31.994000,213.0,186.0,281.0,320.0,False,MEDIUM,22.0,False,Mercedes,0 days 02:07:00.489000,,1,6.0,False,,False,True,2024-06,Miami Grand Prix,2024,6,2024-05-05,test,91.479,True,
0 days 02:10:03.647000,HAM,44,0 days 00:01:31.679000,46.0,2.0,,,0 days 00:00:30.810000,0 days 00:00:35.201000,0 days 00:00:25.668000,0 days 02:09:02.804000,0 days 02:09:38.005000,0 days 02:10:03.673000,212.0,185.0,283.0,320.0,False,MEDIUM,23.0,False,Mercedes,0 days 02:08:31.968000,,1,6.0,False,,False,True,2024-06,Miami Grand Prix,2024,6,2024-05-05,test,91.679,True,
0 days 02:11:34.977000,HAM,44,0 days 00:01:31.330000,47.0,2.0,,,0 days 00:00:30.717000,0 days 00:00:35.085000,0 days 00:00:25.528000,0 days 02:10:34.390000,0 days 02:11:09.475000,0 days 02:11:35.003000,213.0,186.0,284.0,328.0,True,MEDIUM,24.0,False,Mercedes,0 days 02:10:03.647000,,1,6.0,False,,False,True,2024-06,Miami Grand Prix,2024,6,2024-05-05,test,91.33,True,
0 days 02:13:06.603000,HAM,44,0 days 00:01:31.626000,48.0,2.0,,,0 days 00:00:30.790000,0 days 00:00:35.113000,0 days 00:00:25.723000,0 days 02:12:05.793000,0 days 02:12:40.906000,0 days 02:13:06.629000,213.0,185.0,283.0,317.0,False,MEDIUM,25.0,False,Mercedes,0 days 02:11:34.977000,,1,6.0,False,,False,True,2024-06,Miami Grand Prix,2024,6,2024-05-05,test,91.626,True,
0 days 02:14:38.035000,HAM,44,0 days 00:01:31.432000,49.0,2.0,,,0 days 00:00:30.579000,0 days 00:00:35.252000,0 days 00:00:25.601000,0 days 02:13:37.208000,0 days 02:14:12.460000,0 days 02:14:38.061000,207.0,186.0,283.0,321.0,False,MEDIUM,26.0,False,Mercedes,0 days 02:13:06.603000,,1,6.0,False,,False,True,2024-06,Miami Grand Prix,2024,6,2024-05-05,test,91.432,True,
0 days 02:16:09.660000,HAM,44,0 days 00:01:31.625000,50.0,2.0,,,0 days 00:00:30.562000,0 days 00:00:35.350000,0 days 00:00:25.713000,0 days 02:15:08.623000,0 days 02:15:43.973000,0 days 02:16:09.686000,213.0,185.0,284.0,324.0,False,MEDIUM,27.0,False,Mercedes,0 days 02:14:38.035000,,1,6.0,False,,False,True,2024-06,Miami Grand Prix,2024,6,2024-05-05,test,91.625,True,
0 days 02:17:41.160000,HAM,44,0 days 00:01:31.500000,51.0,2.0,,,0 days 00:00:30.649000,0 days 00:00:35.215000,0 days 00:00:25.636000,0 days 02:16:40.335000,0 days 02:17:15.550000,0 days 02:17:41.186000,212.0,185.0,284.0,318.0,False,MEDIUM,28.0,False,Mercedes,0 days 02:16:09.660000,,1,6.0,False,,False,True,2024-06,Miami Grand Prix,2024,6,2024-05-05,test,91.5,True,
0 days 02:19:12.856000,HAM,44,0 days 00:01:31.696000,52.0,2.0,,,0 days 00:00:30.881000,0 days 00:00:35.207000,0 days 00:00:25.608000,0 days 02:18:12.067000,0 days 02:18:47.274000,0 days 02:19:12.882000,213.0,185.0,283.0,314.0,False,MEDIUM,29.0,False,Mercedes,0 days 02:17:41.160000,,1,6.0,False,,False,True,2024-06,Miami Grand Prix,2024,6,2024-05-05,test,91.696,True,
0 days 02:20:44.228000,HAM,44,0 days 00:01:31.372000,53.0,2.0,,,0 days 00:00:30.612000,0 days 00:00:35.140000,0 days 00:00:25.620000,0 days 02:19:43.494000,0 days 02:20:18.634000,0 days 02:20:44.254000,209.0,186.0,285.0,320.0,False,MEDIUM,30.0,False,Mercedes,0 days 02:19:12.856000,,1,6.0,False,,False,True,2024-06,Miami Grand Prix,2024,6,2024-05-05,test,91.372,True,
0 days 02:22:15.461000,HAM,44,0 days 00:01:31.233000,54.0,2.0,,,0 days 00:00:30.510000,0 days 00:00:35.044000,0 days 00:00:25.679000,0 days 02:21:14.764000,0 days 02:21:49.808000,0 days 02:22:15.487000,211.0,186.0,284.0,325.0,True,MEDIUM,31.0,False,Mercedes,0 days 02:20:44.228000,,1,6.0,False,,False,True,2024-06,Miami Grand Prix,2024,6,2024-05-05,test,91.233,True,
0 days 02:23:46.715000,HAM,44,0 days 00:01:31.254000,55.0,2.0,,,0 days 00:00:30.536000,0 days 00:00:35.068000,0 days 00:00:25.650000,0 days 02:22:46.023000,0 days 02:23:21.091000,0 days 02:23:46.741000,211.0,187.0,281.0,317.0,False,MEDIUM,32.0,False,Mercedes,0 days 02:22:15.461000,,1,6.0,False,,False,True,2024-06,Miami Grand Prix,2024,6,2024-05-05,test,91.254,True,
0 days 02:25:18.144000,HAM,44,0 days 00:01:31.429000,56.0,2.0,,,0 days 00:00:30.615000,0 days 00:00:35.073000,0 days 00:00:25.741000,0 days 02:24:17.356000,0 days 02:24:52.429000,0 days 02:25:18.170000,214.0,186.0,280.0,316.0,False,MEDIUM,33.0,False,Mercedes,0 days 02:23:46.715000,,1,6.0,False,,False,True,2024-06,Miami Grand Prix,2024,6,2024-05-05,test,91.429,True,
0 days 02:26:49.767000,HAM,44,0 days 00:01:31.623000,57.0,2.0,,,0 days 00:00:30.730000,0 days 00:00:35.192000,0 days 00:00:25.701000,0 days 02:25:48.900000,0 days 02:26:24.092000,0 days 02:26:49.793000,214.0,186.0,281.0,324.0,False,MEDIUM,34.0,False,Mercedes,0 days 02:25:18.144000,,1,6.0,False,,False,True,2024-06,Miami Grand Prix,2024,6,2024-05-05,test,91.623,True,
0 days 00:57:19.003000,LEC,16,0 days 00:01:35.697000,1.0,1.0,,,,0 days 00:00:35.321000,0 days 00:00:26.090000,,0 days 00:56:53.050000,0 days 00:57:19.179000,211.0,183.0,271.0,308.0,False,MEDIUM,1.0,True,Ferrari,0 days 00:55:43.028000,,1,2.0,False,,False,False,2024-06,Miami Grand Prix,2024,6,2024-05-05,test,95.697,False,opening_lap;timing_not_accurate
0 days 00:58:52.320000,LEC,16,0 days 00:01:33.317000,2.0,1.0,,,0 days 00:00:31.481000,0 days 00:00:35.738000,0 days 00:00:26.098000,0 days 00:57:50.527000,0 days 00:58:26.265000,0 days 00:58:52.363000,209.0,182.0,272.0,311.0,True,MEDIUM,2.0,True,Ferrari,0 days 00:57:19.003000,,1,2.0,False,,False,True,2024-06,Miami Grand Prix,2024,6,2024-05-05,test,93.317,True,
0 days 01:00:25.630000,LEC,16,0 days 00:01:33.310000,3.0,1.0,,,0 days 00:00:31.478000,0 days 00:00:35.579000,0 days 00:00:26.253000,0 days 00:59:23.841000,0 days 00:59:59.420000,0 days 01:00:25.673000,208.0,181.0,272.0,308.0,True,MEDIUM,3.0,True,Ferrari,0 days 00:58:52.320000,,1,2.0,False,,False,True,2024-06,Miami Grand Prix,2024,6,2024-05-05,test,93.31,True,
0 days 01:01:59.404000,LEC,16,0 days 00:01:33.774000,4.0,1.0,,,0 days 00:00:31.423000,0 days 00:00:35.756000,0 days 00:00:26.595000,0 days 01:00:57.096000,0 days 01:01:32.852000,0 days 01:01:59.447000,209.0,180.0,280.0,309.0,False,MEDIUM,4.0,True,Ferrari,0 days 01:00:25.630000,,1,3.0,False,,False,True,2024-06,Miami Grand Prix,2024,6,2024-05-05,test,93.774,True,
0 days 01:03:33.213000,LEC,16,0 days 00:01:33.809000,5.0,1.0,,,0 days 00:00:32.040000,0 days 00:00:35.702000,0 days 00:00:26.067000,0 days 01:02:31.487000,0 days 01:03:07.189000,0 days 01:03:33.256000,205.0,181.0,280.0,324.0,False,MEDIUM,5.0,True,Ferrari,0 days 01:01:59.404000,,1,3.0,False,,False,True,2024-06,Miami Grand Prix,2024,6,2024-05-05,test,93.809,True,
0 days 01:05:06.153000,LEC,16,0 days 00:01:32.940000,6.0,1.0,,,0 days 00:00:31.331000,0 days 00:00:35.617000,0 days 00:00:25.992000,0 days 01:04:04.587000,0 days 01:04:40.204000,0 days 01:05:06.196000,208.0,180.0,278.0,328.0,True,MEDIUM,6.0,True,Ferrari,0 days 01:03:33.213000,,1,3.0,False,,False,True,2024-06,Miami Grand Prix,2024,6,2024-05-05,test,92.94,True,
0 days 01:06:39.431000,LEC,16,0 days 00:01:33.278000,7.0,1.0,,,0 days 00:00:31.654000,0 days 00:00:35.576000,0 days 00:00:26.048000,0 days 01:05:37.850000,0 days 01:06:13.426000,0 days 01:06:39.474000,210.0,180.0,277.0,328.0,False,MEDIUM,7.0,True,Ferrari,0 days 01:05:06.153000,,1,3.0,False,,False,True,2024-06,Miami Grand Prix,2024,6,2024-05-05,test,93.278,True,
0 days 01:08:12.544000,LEC,16,0 days 00:01:33.113000,8.0,1.0,,,0 days 00:00:31.587000,0 days 00:00:35.679000,0 days 00:00:25.847000,0 days 01:07:11.061000,0 days 01:07:46.740000,0 days 01:08:12.587000,208.0,180.0,277.0,333.0,False,MEDIUM,8.0,True,Ferrari,0 days 01:06:39.431000,,1,3.0,False,,False,True,2024-06,Miami Grand Prix,2024,6,2024-05-05,test,93.113,True,
0 days 01:09:45.696000,LEC,16,0 days 00:01:33.152000,9.0,1.0,,,0 days 00:00:31.759000,0 days 00:00:35.498000,0 days 00:00:25.895000,0 days 01:08:44.346000,0 days 01:09:19.844000,0 days 01:09:45.739000,205.0,180.0,278.0,329.0,False,MEDIUM,9.0,True,Ferrari,0 days 01:08:12.544000,,1,3.0,False,,False,True,2024-06,Miami Grand Prix,2024,6,2024-05-05,test,93.152,True,
0 days 01:11:19.174000,LEC,16,0 days 00:01:33.478000,10.0,1.0,,,0 days 00:00:31.807000,0 days 00:00:35.655000,0 days 00:00:26.016000,0 days 01:10:17.546000,0 days 01:10:53.201000,0 days 01:11:19.217000,208.0,180.0,278.0,329.0,False,MEDIUM,10.0,True,Ferrari,0 days 01:09:45.696000,,1,3.0,False,,False,True,2024-06,Miami Grand Prix,2024,6,2024-05-05,test,93.478,True,
0 days 01:12:52.345000,LEC,16,0 days 00:01:33.171000,11.0,1.0,,,0 days 00:00:31.704000,0 days 00:00:35.458000,0 days 00:00:26.009000,0 days 01:11:50.921000,0 days 01:12:26.379000,0 days 01:12:52.388000,209.0,180.0,278.0,329.0,False,MEDIUM,11.0,True,Ferrari,0 days 01:11:19.174000,,1,3.0,False,,False,True,2024-06,Miami Grand Prix,2024,6,2024-05-05,test,93.171,True,
0 days 01:14:25.468000,LEC,16,0 days 00:01:33.123000,12.0,1.0,,,0 days 00:00:31.557000,0 days 00:00:35.636000,0 days 00:00:25.930000,0 days 01:13:23.945000,0 days 01:13:59.581000,0 days 01:14:25.511000,208.0,180.0,278.0,331.0,False,MEDIUM,12.0,True,Ferrari,0 days 01:12:52.345000,,1,3.0,False,,False,True,2024-06,Miami Grand Prix,2024,6,2024-05-05,test,93.123,True,
0 days 01:15:58.795000,LEC,16,0 days 00:01:33.327000,13.0,1.0,,,0 days 00:00:31.637000,0 days 00:00:35.683000,0 days 00:00:26.007000,0 days 01:14:57.148000,0 days 01:15:32.831000,0 days 01:15:58.838000,209.0,182.0,278.0,322.0,False,MEDIUM,13.0,True,Ferrari,0 days 01:14:25.468000,,1,3.0,False,,False,True,2024-06,Miami Grand Prix,2024,6,2024-05-05,test,93.327,True,
0 days 01:17:31.760000,LEC,16,0 days 00:01:32.965000,14.0,1.0,,,0 days 00:00:31.595000,0 days 00:00:35.514000,0 days 00:00:25.856000,0 days 01:16:30.433000,0 days 01:17:05.947000,0 days 01:17:31.803000,208.0,182.0,279.0,329.0,False,MEDIUM,14.0,True,Ferrari,0 days 01:15:58.795000,,1,3.0,False,,False,True,2024-06,Miami Grand Prix,2024,6,2024-05-05,test,92.965,True,
0 days 01:19:04.449000,LEC,16,0 days 00:01:32.689000,15.0,1.0,,,0 days 00:00:31.417000,0 days 00:00:35.433000,0 days 00:00:25.839000,0 days 01:18:03.220000,0 days 01:18:38.653000,0 days 01:19:04.492000,211.0,182.0,280.0,329.0,True,MEDIUM,15.0,True,Ferrari,0 days 01:17:31.760000,,1,3.0,False,,False,True,2024-06,Miami Grand Prix,2024,6,2024-05-05,test,92.689,True,
0 days 01:20:37.475000,LEC,16,0 days 00:01:33.026000,16.0,1.0,,,0 days 00:00:31.725000,0 days 00:00:35.369000,0 days 00:00:25.932000,0 days 01:19:36.217000,0 days 01:20:11.586000,0 days 01:20:37.518000,208.0,180.0,280.0,328.0,False,MEDIUM,16.0,True,Ferrari,0 days 01:19:04.449000,,1,3.0,False,,False,True,2024-06,Miami Grand Prix,2024,6,2024-05-05,test,93.026,True,
0 days 01:22:10.543000,LEC,16,0 days 00:01:33.068000,17.0,1.0,,,0 days 00:00:31.683000,0 days 00:00:35.402000,0 days 00:00:25.983000,0 days 01:21:09.201000,0 days 01:21:44.603000,0 days 01:22:10.586000,208.0,180.0,279.0,329.0,False,MEDIUM,17.0,True,Ferrari,0 days 01:20:37.475000,,1,3.0,False,,False,True,2024-06,Miami Grand Prix,2024,6,2024-05-05,test,93.068,True,
0 days 01:23:43.372000,LEC,16,0 days 00:01:32.829000,18.0,1.0,,,0 days 00:00:31.483000,0 days 00:00:35.461000,0 days 00:00:25.885000,0 days 01:22:42.069000,0 days 01:23:17.530000,0 days 01:23:43.415000,209.0,180.0,278.0,332.0,False,MEDIUM,18.0,True,Ferrari,0 days 01:22:10.543000,,1,3.0,False,,False,True,2024-06,Miami Grand Prix,2024,6,2024-05-05,test,92.829,True,
0 days 01:25:21.611000,LEC,16,0 days 00:01:38.239000,19.0,1.0,,0 days 01:25:16.278000,0 days 00:00:31.584000,0 days 00:00:35.584000,0 days 00:00:31.071000,0 days 01:24:14.999000,0 days 01:24:50.583000,0 days 01:25:21.654000,209.0,182.0,,328.0,False,MEDIUM,19.0,True,Ferrari,0 days 01:23:43.372000,,1,4.0,False,,False,False,2024-06,Miami Grand Prix,2024,6,2024-05-05,test,98.239,False,pit_in;timing_not_accurate
0 days 01:27:08.023000,LEC,16,0 days 00:01:46.412000,20.0,2.0,0 days 01:25:38.073000,,0 days 00:00:45.442000,0 days 00:00:34.987000,0 days 00:00:25.983000,0 days 01:26:07.096000,0 days 01:26:42.083000,0 days 01:27:08.066000,212.0,185.0,279.0,309.0,False,HARD,1.0,True,Ferrari,0 days 01:25:21.611000,,1,6.0,False,,False,False,2024-06,Miami Grand Prix,2024,6,2024-05-05,test,106.412,False,pit_out;timing_not_accurate
0 days 01:28:40.136000,LEC,16,0 days 00:01:32.113000,21.0,2.0,,,0 days 00:00:31.154000,0 days 00:00:34.798000,0 days 00:00:26.161000,0 days 01:27:39.220000,0 days 01:28:14.018000,0 days 01:28:40.179000,213.0,184.0,272.0,306.0,True,HARD,2.0,True,Ferrari,0 days 01:27:08.023000,,1,5.0,False,,False,True,2024-06,Miami Grand Prix,2024,6,2024-05-05,test,92.113,True,
0 days 01:30:12.777000,LEC,16,0 days 00:01:32.641000,22.0,2.0,,,0 days 00:00:31.232000,0 days 00:00:35.281000,0 days 00:00:26.128000,0 days 01:29:11.411000,0 days 01:29:46.692000,0 days 01:30:12.820000,212.0,184.0,273.0,307.0,False,HARD,3.0,True,Ferrari,0 days 01:28:40.136000,,1,5.0,False,,False,True,2024-06,Miami Grand Prix,2024,6,2024-05-05,test,92.641,True,
0 days 01:32:00.501000,LEC,16,0 days 00:01:47.724000,23.0,2.0,,,0 days 00:00:42.781000,0 days 00:00:38.847000,0 days 00:00:26.096000,0 days 01:30:55.601000,0 days 01:31:34.448000,0 days 01:32:00.544000,157.0,183.0,272.0,308.0,False,HARD,4.0,True,Ferrari,0 days 01:30:12.777000,,167,5.0,False,,False,False,2024-06,Miami Grand Prix,2024,6,2024-05-05,test,107.724,False,not_green_only;timing_not_accurate
0 days 01:33:32.896000,LEC,16,0 days 00:01:32.395000,24.0,2.0,,,0 days 00:00:31.121000,0 days 00:00:35.290000,0 days 00:00:25.984000,0 days 01:32:31.665000,0 days 01:33:06.955000,0 days 01:33:32.939000,210.0,181.0,273.0,312.0,False,HARD,5.0,True,Ferrari,0 days 01:32:00.501000,,1,5.0,False,,False,True,2024-06,Miami Grand Prix,2024,6,2024-05-05,test,92.395,True,
0 days 01:35:05.175000,LEC,16,0 days 00:01:32.279000,25.0,2.0,,,0 days 00:00:30.926000,0 days 00:00:35.429000,0 days 00:00:25.924000,0 days 01:34:03.865000,0 days 01:34:39.294000,0 days 01:35:05.218000,212.0,181.0,274.0,314.0,False,HARD,6.0,True,Ferrari,0 days 01:33:32.896000,,1,5.0,False,,False,True,2024-06,Miami Grand Prix,2024,6,2024-05-05,test,92.279,True,
0 days 01:36:37.567000,LEC,16,0 days 00:01:32.392000,26.0,2.0,,,0 days 00:00:31.029000,0 days 00:00:35.435000,0 days 00:00:25.928000,0 days 01:35:36.247000,0 days 01:36:11.682000,0 days 01:36:37.610000,212.0,184.0,273.0,312.0,False,HARD,7.0,True,Ferrari,0 days 01:35:05.175000,,1,5.0,False,,False,True,2024-06,Miami Grand Prix,2024,6,2024-05-05,test,92.392,True,
0 days 01:38:09.624000,LEC,16,0 days 00:01:32.057000,27.0,2.0,,,0 days 00:00:30.806000,0 days 00:00:35.275000,0 days 00:00:25.976000,0 days 01:37:08.416000,0 days 01:37:43.691000,0 days 01:38:09.667000,212.0,182.0,275.0,314.0,True,HARD,8.0,True,Ferrari,0 days 01:36:37.567000,,1,5.0,False,,False,True,2024-06,Miami Grand Prix,2024,6,2024-05-05,test,92.057,True,
0 days 01:39:48.527000,LEC,16,0 days 00:01:38.903000,28.0,2.0,,,0 days 00:00:30.885000,0 days 00:00:35.236000,0 days 00:00:32.782000,0 days 01:38:40.552000,0 days 01:39:15.788000,0 days 01:39:48.570000,211.0,182.0,255.0,245.0,False,HARD,9.0,True,Ferrari,0 days 01:38:09.624000,,124,3.0,False,,False,False,2024-06,Miami Grand Prix,2024,6,2024-05-05,test,98.903,False,not_green_only;timing_not_accurate
0 days 01:42:14.121000,LEC,16,0 days 00:02:25.594000,29.0,2.0,,,0 days 00:00:48.315000,0 days 00:00:55.945000,0 days 00:00:41.334000,0 days 01:40:36.885000,0 days 01:41:32.830000,0 days 01:42:14.164000,162.0,126.0,146.0,127.0,False,HARD,10.0,True,Ferrari,0 days 01:39:48.527000,,4,3.0,False,,False,False,2024-06,Miami Grand Prix,2024,6,2024-05-05,test,145.594,False,not_green_only;timing_not_accurate
0 days 01:44:19.392000,LEC,16,0 days 00:02:05.271000,30.0,2.0,,,0 days 00:00:57.825000,0 days 00:00:38.796000,0 days 00:00:28.650000,0 days 01:43:11.989000,0 days 01:43:50.785000,0 days 01:44:19.435000,149.0,169.0,245.0,282.0,False,HARD,11.0,True,Ferrari,0 days 01:42:14.121000,,4,3.0,False,,False,False,2024-06,Miami Grand Prix,2024,6,2024-05-05,test,125.271,False,not_green_only;timing_not_accurate
0 days 01:46:01.532000,LEC,16,0 days 00:01:42.140000,31.0,2.0,,,0 days 00:00:35.455000,0 days 00:00:38.016000,0 days 00:00:28.669000,0 days 01:44:54.890000,0 days 01:45:32.906000,0 days 01:46:01.575000,192.0,168.0,245.0,282.0,False,HARD,12.0,True,Ferrari,0 days 01:44:19.392000,,4,3.0,False,,False,False,2024-06,Miami Grand Prix,2024,6,2024-05-05,test,102.14,False,not_green_only;timing_not_accurate
0 days 01:48:33.618000,LEC,16,,32.0,2.0,,,0 days 00:00:56.778000,0 days 00:00:57.938000,0 days 00:00:37.350000,0 days 01:46:58.455000,0 days 01:47:56.369000,0 days 01:48:33.824000,112.0,159.0,276.0,121.0,False,HARD,13.0,True,Ferrari,0 days 01:46:01.532000,,41,3.0,False,,False,False,2024-06,Miami Grand Prix,2024,6,2024-05-05,test,,False,invalid_lap_time;not_green_only;timing_not_accurate
0 days 01:50:06.405000,LEC,16,0 days 00:01:32.787000,33.0,2.0,,,0 days 00:00:31.638000,0 days 00:00:35.356000,0 days 00:00:25.793000,0 days 01:49:05.299000,0 days 01:49:40.655000,0 days 01:50:06.448000,211.0,184.0,276.0,311.0,False,HARD,14.0,True,Ferrari,0 days 01:48:33.618000,,1,3.0,False,,False,True,2024-06,Miami Grand Prix,2024,6,2024-05-05,test,92.787,True,
0 days 01:51:37.904000,LEC,16,0 days 00:01:31.499000,34.0,2.0,,,0 days 00:00:30.864000,0 days 00:00:35.031000,0 days 00:00:25.604000,0 days 01:50:37.312000,0 days 01:51:12.343000,0 days 01:51:37.947000,211.0,186.0,280.0,328.0,True,HARD,15.0,True,Ferrari,0 days 01:50:06.405000,,1,3.0,False,,False,True,2024-06,Miami Grand Prix,2024,6,2024-05-05,test,91.499,True,
0 days 01:53:09.353000,LEC,16,0 days 00:01:31.449000,35.0,2.0,,,0 days 00:00:30.878000,0 days 00:00:34.926000,0 days 00:00:25.645000,0 days 01:52:08.825000,0 days 01:52:43.751000,0 days 01:53:09.396000,212.0,185.0,281.0,327.0,True,HARD,16.0,True,Ferrari,0 days 01:51:37.904000,,1,3.0,False,,False,True,2024-06,Miami Grand Prix,2024,6,2024-05-05,test,91.449,True,
0 days 01:54:41.217000,LEC,16,0 days 00:01:31.864000,36.0,2.0,,,0 days 00:00:30.964000,0 days 00:00:35.038000,0 days 00:00:25.862000,0 days 01:53:40.360000,0 days 01:54:15.398000,0 days 01:54:41.260000,214.0,184.0,276.0,318.0,False,HARD,17.0,True,Ferrari,0 days 01:53:09.353000,,1,3.0,False,,False,True,2024-06,Miami Grand Prix,2024,6,2024-05-05,test,91.864,True,
0 days 01:56:13.058000,LEC,16,0 days 00:01:31.841000,37.0,2.0,,,0 days 00:00:30.908000,0 days 00:00:35.005000,0 days 00:00:25.928000,0 days 01:55:12.168000,0 days 01:55:47.173000,0 days 01:56:13.101000,213.0,183.0,277.0,309.0,False,HARD,18.0,True,Ferrari,0 days 01:54:41.217000,,1,3.0,False,,False,True,2024-06,Miami Grand Prix,2024,6,2024-05-05,test,91.841,True,
0 days 01:57:44.811000,LEC,16,0 days 00:01:31.753000,38.0,2.0,,,0 days 00:00:30.808000,0 days 00:00:35.113000,0 days 00:00:25.832000,0 days 01:56:43.909000,0 days 01:57:19.022000,0 days 01:57:44.854000,212.0,185.0,276.0,311.0,False,HARD,19.0,True,Ferrari,0 days 01:56:13.058000,,1,3.0,False,,False,True,2024-06,Miami Grand Prix,2024,6,2024-05-05,test,91.753,True,
0 days 01:59:16.372000,LEC,16,0 days 00:01:31.561000,39.0,2.0,,,0 days 00:00:30.718000,0 days 00:00:35.062000,0 days 00:00:25.781000,0 days 01:58:15.572000,0 days 01:58:50.634000,0 days 01:59:16.415000,211.0,186.0,276.0,314.0,False,HARD,20.0,True,Ferrari,0 days 01:57:44.811000,,1,3.0,False,,False,True,2024-06,Miami Grand Prix,2024,6,2024-05-05,test,91.561,True,
0 days 02:00:48.024000,LEC,16,0 days 00:01:31.652000,40.0,2.0,,,0 days 00:00:30.743000,0 days 00:00:35.117000,0 days 00:00:25.792000,0 days 01:59:47.158000,0 days 02:00:22.275000,0 days 02:00:48.067000,205.0,184.0,275.0,313.0,False,HARD,21.0,True,Ferrari,0 days 01:59:16.372000,,1,3.0,False,,False,True,2024-06,Miami Grand Prix,2024,6,2024-05-05,test,91.652,True,
0 days 02:02:19.370000,LEC,16,0 days 00:01:31.346000,41.0,2.0,,,0 days 00:00:30.476000,0 days 00:00:35.107000,0 days 00:00:25.763000,0 days 02:01:18.543000,0 days 02:01:53.650000,0 days 02:02:19.413000,212.0,185.0,275.0,315.0,True,HARD,22.0,True,Ferrari,0 days 02:00:48.024000,,1,3.0,False,,False,True,2024-06,Miami Grand Prix,2024,6,2024-05-05,test,91.346,True,
0 days 02:03:50.870000,LEC,16,0 days 00:01:31.500000,42.0,2.0,,,0 days 00:00:30.692000,0 days 00:00:35.005000,0 days 00:00:25.803000,0 days 02:02:50.105000,0 days 02:03:25.110000,0 days 02:03:50.913000,212.0,185.0,276.0,313.0,False,HARD,23.0,True,Ferrari,0 days 02:02:19.370000,,1,3.0,False,,False,True,2024-06,Miami Grand Prix,2024,6,2024-05-05,test,91.5,True,
0 days 02:05:22.502000,LEC,16,0 days 00:01:31.632000,43.0,2.0,,,0 days 00:00:30.983000,0 days 00:00:34.814000,0 days 00:00:25.835000,0 days 02:04:21.896000,0 days 02:04:56.710000,0 days 02:05:22.545000,215.0,184.0,276.0,314.0,False,HARD,24.0,True,Ferrari,0 days 02:03:50.870000,,1,3.0,False,,False,True,2024-06,Miami Grand Prix,2024,6,2024-05-05,test,91.632,True,
0 days 02:06:54.056000,LEC,16,0 days 00:01:31.554000,44.0,2.0,,,0 days 00:00:30.544000,0 days 00:00:35.085000,0 days 00:00:25.925000,0 days 02:05:53.089000,0 days 02:06:28.174000,0 days 02:06:54.099000,211.0,185.0,276.0,314.0,False,HARD,25.0,True,Ferrari,0 days 02:05:22.502000,,1,3.0,False,,False,True,2024-06,Miami Grand Prix,2024,6,2024-05-05,test,91.554,True,
0 days 02:08:25.434000,LEC,16,0 days 00:01:31.378000,45.0,2.0,,,0 days 00:00:30.646000,0 days 00:00:34.920000,0 days 00:00:25.812000,0 days 02:07:24.745000,0 days 02:07:59.665000,0 days 02:08:25.477000,213.0,184.0,275.0,311.0,False,HARD,26.0,True,Ferrari,0 days 02:06:54.056000,,1,3.0,False,,False,True,2024-06,Miami Grand Prix,2024,6,2024-05-05,test,91.378,True,
0 days 02:09:56.971000,LEC,16,0 days 00:01:31.537000,46.0,2.0,,,0 days 00:00:30.579000,0 days 00:00:35.197000,0 days 00:00:25.761000,0 days 02:08:56.056000,0 days 02:09:31.253000,0 days 02:09:57.014000,214.0,185.0,275.0,315.0,False,HARD,27.0,True,Ferrari,0 days 02:08:25.434000,,1,3.0,False,,False,True,2024-06,Miami Grand Prix,2024,6,2024-05-05,test,91.537,True,
0 days 02:11:28.598000,LEC,16,0 days 00:01:31.627000,47.0,2.0,,,0 days 00:00:30.744000,0 days 00:00:35.059000,0 days 00:00:25.824000,0 days 02:10:27.758000,0 days 02:11:02.817000,0 days 02:11:28.641000,211.0,184.0,276.0,313.0,False,HARD,28.0,True,Ferrari,0 days 02:09:56.971000,,1,3.0,False,,False,True,2024-06,Miami Grand Prix,2024,6,2024-05-05,test,91.627,True,
0 days 02:12:59.825000,LEC,16,0 days 00:01:31.227000,48.0,2.0,,,0 days 00:00:30.532000,0 days 00:00:34.881000,0 days 00:00:25.814000,0 days 02:11:59.173000,0 days 02:12:34.054000,0 days 02:12:59.868000,215.0,184.0,276.0,312.0,True,HARD,29.0,True,Ferrari,0 days 02:11:28.598000,,1,3.0,False,,False,True,2024-06,Miami Grand Prix,2024,6,2024-05-05,test,91.227,True,
0 days 02:14:31.143000,LEC,16,0 days 00:01:31.318000,49.0,2.0,,,0 days 00:00:30.527000,0 days 00:00:35.038000,0 days 00:00:25.753000,0 days 02:13:30.395000,0 days 02:14:05.433000,0 days 02:14:31.186000,214.0,185.0,277.0,314.0,False,HARD,30.0,True,Ferrari,0 days 02:12:59.825000,,1,3.0,False,,False,True,2024-06,Miami Grand Prix,2024,6,2024-05-05,test,91.318,True,
0 days 02:16:03.079000,LEC,16,0 days 00:01:31.936000,50.0,2.0,,,0 days 00:00:30.493000,0 days 00:00:35.293000,0 days 00:00:26.150000,0 days 02:15:01.679000,0 days 02:15:36.972000,0 days 02:16:03.122000,213.0,184.0,276.0,314.0,False,HARD,31.0,True,Ferrari,0 days 02:14:31.143000,,1,3.0,False,,False,True,2024-06,Miami Grand Prix,2024,6,2024-05-05,test,91.936,True,
0 days 02:17:34.302000,LEC,16,0 days 00:01:31.223000,51.0,2.0,,,0 days 00:00:30.429000,0 days 00:00:35.007000,0 days 00:00:25.787000,0 days 02:16:33.551000,0 days 02:17:08.558000,0 days 02:17:34.345000,212.0,185.0,278.0,311.0,True,HARD,32.0,True,Ferrari,0 days 02:16:03.079000,,1,3.0,False,,False,True,2024-06,Miami Grand Prix,2024,6,2024-05-05,test,91.223,True,
0 days 02:19:06.081000,LEC,16,0 days 00:01:31.779000,52.0,2.0,,,0 days 00:00:30.438000,0 days 00:00:35.466000,0 days 00:00:25.875000,0 days 02:18:04.783000,0 days 02:18:40.249000,0 days 02:19:06.124000,212.0,185.0,276.0,312.0,False,HARD,33.0,True,Ferrari,0 days 02:17:34.302000,,1,3.0,False,,False,True,2024-06,Miami Grand Prix,2024,6,2024-05-05,test,91.779,True,
0 days 02:20:37.536000,LEC,16,0 days 00:01:31.455000,53.0,2.0,,,0 days 00:00:30.403000,0 days 00:00:35.268000,0 days 00:00:25.784000,0 days 02:19:36.527000,0 days 02:20:11.795000,0 days 02:20:37.579000,209.0,184.0,278.0,312.0,False,HARD,34.0,True,Ferrari,0 days 02:19:06.081000,,1,3.0,False,,False,True,2024-06,Miami Grand Prix,2024,6,2024-05-05,test,91.455,True,
0 days 02:22:09.128000,LEC,16,0 days 00:01:31.592000,54.0,2.0,,,0 days 00:00:30.567000,0 days 00:00:35.154000,0 days 00:00:25.871000,0 days 02:21:08.146000,0 days 02:21:43.300000,0 days 02:22:09.171000,211.0,185.0,277.0,312.0,False,HARD,35.0,True,Ferrari,0 days 02:20:37.536000,,1,3.0,False,,False,True,2024-06,Miami Grand Prix,2024,6,2024-05-05,test,91.592,True,
0 days 02:23:40.409000,LEC,16,0 days 00:01:31.281000,55.0,2.0,,,0 days 00:00:30.505000,0 days 00:00:35.032000,0 days 00:00:25.744000,0 days 02:22:39.676000,0 days 02:23:14.708000,0 days 02:23:40.452000,214.0,186.0,278.0,316.0,False,HARD,36.0,True,Ferrari,0 days 02:22:09.128000,,1,3.0,False,,False,True,2024-06,Miami Grand Prix,2024,6,2024-05-05,test,91.281,True,
0 days 02:25:11.493000,LEC,16,0 days 00:01:31.084000,56.0,2.0,,,0 days 00:00:30.383000,0 days 00:00:35.017000,0 days 00:00:25.684000,0 days 02:24:10.835000,0 days 02:24:45.852000,0 days 02:25:11.536000,213.0,187.0,278.0,317.0,True,HARD,37.0,True,Ferrari,0 days 02:23:40.409000,,1,3.0,False,,False,True,2024-06,Miami Grand Prix,2024,6,2024-05-05,test,91.084,True,
0 days 02:26:43.122000,LEC,16,0 days 00:01:31.629000,57.0,2.0,,,0 days 00:00:30.674000,0 days 00:00:35.135000,0 days 00:00:25.820000,0 days 02:25:42.210000,0 days 02:26:17.345000,0 days 02:26:43.165000,212.0,185.0,277.0,318.0,False,HARD,38.0,True,Ferrari,0 days 02:25:11.493000,,1,3.0,False,,False,True,2024-06,Miami Grand Prix,2024,6,2024-05-05,test,91.629,True,
0 days 00:57:21.588000,PER,11,0 days 00:01:38.282000,1.0,1.0,,,,0 days 00:00:35.815000,0 days 00:00:25.988000,,0 days 00:56:55.727000,0 days 00:57:21.854000,208.0,182.0,274.0,314.0,False,MEDIUM,1.0,True,Red Bull Racing,0 days 00:55:43.028000,,1,5.0,False,,False,False,2024-06,Miami Grand Prix,2024,6,2024-05-05,test,98.282,False,opening_lap;timing_not_accurate
0 days 00:58:54.769000,PER,11,0 days 00:01:33.181000,2.0,1.0,,,0 days 00:00:31.695000,0 days 00:00:35.497000,0 days 00:00:25.989000,0 days 00:57:53.321000,0 days 00:58:28.818000,0 days 00:58:54.807000,209.0,183.0,275.0,310.0,True,MEDIUM,2.0,True,Red Bull Racing,0 days 00:57:21.588000,,1,5.0,False,,False,True,2024-06,Miami Grand Prix,2024,6,2024-05-05,test,93.181,True,
0 days 01:00:28.290000,PER,11,0 days 00:01:33.521000,3.0,1.0,,,0 days 00:00:31.821000,0 days 00:00:35.548000,0 days 00:00:26.152000,0 days 00:59:26.628000,0 days 01:00:02.176000,0 days 01:00:28.328000,207.0,182.0,275.0,302.0,False,MEDIUM,3.0,True,Red Bull Racing,0 days 00:58:54.769000,,1,5.0,False,,False,True,2024-06,Miami Grand Prix,2024,6,2024-05-05,test,93.521,True,
0 days 01:02:01.715000,PER,11,0 days 00:01:33.425000,4.0,1.0,,,0 days 00:00:31.725000,0 days 00:00:35.532000,0 days 00:00:26.168000,0 days 01:01:00.053000,0 days 01:01:35.585000,0 days 01:02:01.753000,209.0,182.0,276.0,307.0,False,MEDIUM,4.0,True,Red Bull Racing,0 days 01:00:28.290000,,1,5.0,False,,False,True,2024-06,Miami Grand Prix,2024,6,2024-05-05,test,93.425,True,
0 days 01:03:35.033000,PER,11,0 days 00:01:33.318000,5.0,1.0,,,0 days 00:00:31.829000,0 days 00:00:35.420000,0 days 00:00:26.069000,0 days 01:02:33.582000,0 days 01:03:09.002000,0 days 01:03:35.071000,209.0,182.0,277.0,312.0,False,MEDIUM,5.0,True,Red Bull Racing,0 days 01:02:01.715000,,1,5.0,False,,False,True,2024-06,Miami Grand Prix,2024,6,2024-05-05,test,93.318,True,
0 days 01:05:08.231000,PER,11,0 days 00:01:33.198000,6.0,1.0,,,0 days 00:00:31.696000,0 days 00:00:35.537000,0 days 00:00:25.965000,0 days 01:04:06.767000,0 days 01:04:42.304000,0 days 01:05:08.269000,210.0,183.0,276.0,316.0,False,MEDIUM,6.0,True,Red Bull Racing,0 days 01:03:35.033000,,1,5.0,False,,False,True,2024-06,Miami Grand Prix,2024,6,2024-05-05,test,93.198,True,
0 days 01:06:41.406000,PER,11,0 days 00:01:33.175000,7.0,1.0,,,0 days 00:00:31.579000,0 days 00:00:35.546000,0 days 00:00:26.050000,0 days 01:05:39.848000,0 days 01:06:15.394000,0 days 01:06:41.444000,211.0,181.0,275.0,313.0,True,MEDIUM,7.0,True,Red Bull Racing,0 days 01:05:08.231000,,1,5.0,False,,False,True,2024-06,Miami Grand Prix,2024,6,2024-05-05,test,93.175,True,
0 days 01:08:14.553000,PER,11,0 days 00:01:33.147000,8.0,1.0,,,0 days 00:00:31.845000,0 days 00:00:35.375000,0 days 00:00:25.927000,0 days 01:07:13.289000,0 days 01:07:48.664000,0 days 01:08:14.591000,209.0,182.0,276.0,314.0,True,MEDIUM,8.0,True,Red Bull Racing,0 days 01:06:41.406000,,1,5.0,False,,False,True,2024-06,Miami Grand Prix,2024,6,2024-05-05,test,93.147,True,
0 days 01:09:48.043000,PER,11,0 days 00:01:33.490000,9.0,1.0,,,0 days 00:00:31.967000,0 days 00:00:35.492000,0 days 00:00:26.031000,0 days 01:08:46.558000,0 days 01:09:22.050000,0 days 01:09:48.081000,208.0,183.0,274.0,315.0,False,MEDIUM,9.0,True,Red Bull Racing,0 days 01:08:14.553000,,1,5.0,False,,False,True,2024-06,Miami Grand Prix,2024,6,2024-05-05,test,93.49,True,
0 days 01:11:21.622000,PER,11,0 days 00:01:33.579000,10.0,1.0,,,0 days 00:00:31.952000,0 days 00:00:35.658000,0 days 00:00:25.969000,0 days 01:10:20.033000,0 days 01:10:55.691000,0 days 01:11:21.660000,208.0,182.0,275.0,317.0,False,MEDIUM,10.0,True,Red Bull Racing,0 days 01:09:48.043000,,1,5.0,False,,False,True,2024-06,Miami Grand Prix,2024,6,2024-05-05,test,93.579,True,
0 days 01:12:55.154000,PER,11,0 days 00:01:33.532000,11.0,1.0,,,0 days 00:00:31.769000,0 days 00:00:35.672000,0 days 00:00:26.091000,0 days 01:11:53.429000,0 days 01:12:29.101000,0 days 01:12:55.192000,210.0,182.0,275.0,305.0,False,MEDIUM,11.0,True,Red Bull Racing,0 days 01:11:21.622000,,1,5.0,False,,False,True,2024-06,Miami Grand Prix,2024,6,2024-05-05,test,93.532,True,
0 days 01:14:28.909000,PER,11,0 days 00:01:33.755000,12.0,1.0,,,0 days 00:00:31.911000,0 days 00:00:35.596000,0 days 00:00:26.248000,0 days 01:13:27.103000,0 days 01:14:02.699000,0 days 01:14:28.947000,205.0,182.0,273.0,311.0,False,MEDIUM,12.0,True,Red Bull Racing,0 days 01:12:55.154000,,1,5.0,False,,False,True,2024-06,Miami Grand Prix,2024,6,2024-05-05,test,93.755,True,
0 days 01:16:02.880000,PER,11,0 days 00:01:33.971000,13.0,1.0,,,0 days 00:00:31.964000,0 days 00:00:35.848000,0 days 00:00:26.159000,0 days 01:15:00.911000,0 days 01:15:36.759000,0 days 01:16:02.918000,206.0,182.0,274.0,311.0,False,MEDIUM,13.0,True,Red Bull Racing,0 days 01:14:28.909000,,1,5.0,False,,False,True,2024-06,Miami Grand Prix,2024,6,2024-05-05,test,93.971,True,
0 days 01:17:36.712000,PER,11,0 days 00:01:33.832000,14.0,1.0,,,0 days 00:00:31.882000,0 days 00:00:35.804000,0 days 00:00:26.146000,0 days 01:16:34.800000,0 days 01:17:10.604000,0 days 01:17:36.750000,208.0,182.0,275.0,311.0,False,MEDIUM,14.0,True,Red Bull Racing,0 days 01:16:02.880000,,1,5.0,False,,False,True,2024-06,Miami Grand Prix,2024,6,2024-05-05,test,93.832,True,
0 days 01:19:10.049000,PER,11,0 days 00:01:33.337000,15.0,1.0,,,0 days 00:00:31.567000,0 days 00:00:35.705000,0 days 00:00:26.065000,0 days 01:18:08.317000,0 days 01:18:44.022000,0 days 01:19:10.087000,209.0,183.0,275.0,310.0,False,MEDIUM,15.0,True,Red Bull Racing,0 days 01:17:36.712000,,1,5.0,False,,False,True,2024-06,Miami Grand Prix,2024,6,2024-05-05,test,93.337,True,
0 days 01:20:43.223000,PER,11,0 days 00:01:33.174000,16.0,1.0,,,0 days 00:00:31.535000,0 days 00:00:35.654000,0 days 00:00:25.985000,0 days 01:19:41.622000,0 days 01:20:17.276000,0 days 01:20:43.261000,209.0,182.0,276.0,317.0,False,MEDIUM,16.0,True,Red Bull Racing,0 days 01:19:10.049000,,1,5.0,False,,False,True,2024-06,Miami Grand Prix,2024,6,2024-05-05,test,93.174,True,
0 days 01:22:22.208000,PER,11,0 days 00:01:38.985000,17.0,1.0,,0 days 01:22:16.822000,0 days 00:00:31.643000,0 days 00:00:35.746000,0 days 00:00:31.596000,0 days 01:21:14.904000,0 days 01:21:50.650000,0 days 01:22:22.246000,208.0,183.0,,321.0,False,MEDIUM,17.0,True,Red Bull Racing,0 days 01:20:43.223000,,1,6.0,False,,False,False,2024-06,Miami Grand Prix,2024,6,2024-05-05,test,98.985,False,pit_in;timing_not_accurate
0 days 01:24:08.757000,PER,11,0 days 00:01:46.549000,18.0,2.0,0 days 01:22:38.564000,,0 days 00:00:45.577000,0 days 00:00:35.222000,0 days 00:00:25.750000,0 days 01:23:07.823000,0 days 01:23:43.045000,0 days 01:24:08.795000,210.0,184.0,281.0,323.0,False,HARD,1.0,True,Red Bull Racing,0 days 01:22:22.208000,,1,10.0,False,,False,False,2024-06,Miami Grand Prix,2024,6,2024-05-05,test,106.549,False,pit_out;timing_not_accurate
0 days 01:25:41.916000,PER,11,0 days 00:01:33.159000,19.0,2.0,,,0 days 00:00:31.811000,0 days 00:00:35.446000,0 days 00:00:25.902000,0 days 01:24:40.606000,0 days 01:25:16.052000,0 days 01:25:41.954000,207.0,183.0,275.0,314.0,False,HARD,2.0,True,Red Bull Racing,0 days 01:24:08.757000,,1,9.0,False,,False,True,2024-06,Miami Grand Prix,2024,6,2024-05-05,test,93.159,True,
0 days 01:27:14.985000,PER,11,0 days 00:01:33.069000,20.0,2.0,,,0 days 00:00:31.843000,0 days 00:00:35.316000,0 days 00:00:25.910000,0 days 01:26:13.797000,0 days 01:26:49.113000,0 days 01:27:15.023000,206.0,183.0,276.0,310.0,True,HARD,3.0,True,Red Bull Racing,0 days 01:25:41.916000,,1,9.0,False,,False,True,2024-06,Miami Grand Prix,2024,6,2024-05-05,test,93.069,True,
0 days 01:28:47.738000,PER,11,0 days 00:01:32.753000,21.0,2.0,,,0 days 00:00:31.382000,0 days 00:00:35.473000,0 days 00:00:25.898000,0 days 01:27:46.405000,0 days 01:28:21.878000,0 days 01:28:47.776000,208.0,184.0,277.0,313.0,True,HARD,4.0,True,Red Bull Racing,0 days 01:27:14.985000,,1,9.0,False,,False,True,2024-06,Miami Grand Prix,2024,6,2024-05-05,test,92.753,True,
0 days 01:30:20.590000,PER,11,0 days 00:01:32.852000,22.0,2.0,,,0 days 00:00:31.438000,0 days 00:00:35.269000,0 days 00:00:26.145000,0 days 01:29:19.214000,0 days 01:29:54.483000,0 days 01:30:20.628000,207.0,183.0,220.0,316.0,False,HARD,5.0,True,Red Bull Racing,0 days 01:28:47.738000,,16,9.0,False,,False,False,2024-06,Miami Grand Prix,2024,6,2024-05-05,test,92.852,False,not_green_only;timing_not_accurate
0 days 01:32:08.579000,PER,11,0 days 00:01:47.989000,23.0,2.0,,,0 days 00:00:45.525000,0 days 00:00:36.584000,0 days 00:00:25.880000,0 days 01:31:06.153000,0 days 01:31:42.737000,0 days 01:32:08.617000,174.0,185.0,282.0,317.0,False,HARD,6.0,True,Red Bull Racing,0 days 01:30:20.590000,,671,9.0,False,,False,False,2024-06,Miami Grand Prix,2024,6,2024-05-05,test,107.989,False,not_green_only;timing_not_accurate
0 days 01:33:40.965000,PER,11,0 days 00:01:32.386000,24.0,2.0,,,0 days 00:00:31.391000,0 days 00:00:35.199000,0 days 00:00:25.796000,0 days 01:32:40.008000,0 days 01:33:15.207000,0 days 01:33:41.003000,209.0,184.0,276.0,317.0,True,HARD,7.0,True,Red Bull Racing,0 days 01:32:08.579000,,1,7.0,False,,False,True,2024-06,Miami Grand Prix,2024,6,2024-05-05,test,92.386,True,
0 days 01:35:13.728000,PER,11,0 days 00:01:32.763000,25.0,2.0,,,0 days 00:00:31.302000,0 days 00:00:35.540000,0 days 00:00:25.921000,0 days 01:34:12.305000,0 days 01:34:47.845000,0 days 01:35:13.766000,211.0,182.0,276.0,310.0,False,HARD,8.0,True,Red Bull Racing,0 days 01:33:40.965000,,1,7.0,False,,False,True,2024-06,Miami Grand Prix,2024,6,2024-05-05,test,92.763,True,
0 days 01:36:46.240000,PER,11,0 days 00:01:32.512000,26.0,2.0,,,0 days 00:00:31.119000,0 days 00:00:35.359000,0 days 00:00:26.034000,0 days 01:35:44.885000,0 days 01:36:20.244000,0 days 01:36:46.278000,209.0,183.0,275.0,315.0,False,HARD,9.0,True,Red Bull Racing,0 days 01:35:13.728000,,1,6.0,False,,False,True,2024-06,Miami Grand Prix,2024,6,2024-05-05,test,92.512,True,
0 days 01:38:18.401000,PER,11,0 days 00:01:32.161000,27.0,2.0,,,0 days 00:00:31.079000,0 days 00:00:35.219000,0 days 00:00:25.863000,0 days 01:37:17.357000,0 days 01:37:52.576000,0 days 01:38:18.439000,210.0,183.0,276.0,312.0,True,HARD,10.0,True,Red Bull Racing,0 days 01:36:46.240000,,1,6.0,False,,False,True,2024-06,Miami Grand Prix,2024,6,2024-05-05,test,92.161,True,
0 days 01:40:05.437000,PER,11,0 days 00:01:47.036000,28.0,2.0,,0 days 01:39:59.953000,0 days 00:00:31.139000,0 days 00:00:35.259000,0 days 00:00:40.638000,0 days 01:38:49.578000,0 days 01:39:24.837000,0 days 01:40:05.475000,211.0,184.0,,199.0,False,HARD,11.0,True,Red Bull Racing,0 days 01:38:18.401000,,124,6.0,False,,False,False,2024-06,Miami Grand Prix,2024,6,2024-05-05,test,107.036,False,pit_in;not_green_only;timing_not_accurate
0 days 01:42:23.507000,PER,11,0 days 00:02:18.070000,29.0,3.0,0 days 01:40:22.471000,,0 days 00:00:54.485000,0 days 00:00:47.349000,0 days 00:00:36.236000,0 days 01:40:59.960000,0 days 01:41:47.309000,0 days 01:42:23.545000,160.0,117.0,228.0,222.0,False,MEDIUM,6.0,False,Red Bull Racing,0 days 01:40:05.437000,,4,6.0,False,,False,False,2024-06,Miami Grand Prix,2024,6,2024-05-05,test,138.07,False,pit_out;not_green_only;timing_not_accurate
0 days 01:44:24.100000,PER,11,0 days 00:02:00.593000,30.0,3.0,,,0 days 00:00:50.793000,0 days 00:00:41.271000,0 days 00:00:28.529000,0 days 01:43:14.338000,0 days 01:43:55.609000,0 days 01:44:24.138000,159.0,159.0,250.0,277.0,False,MEDIUM,7.0,False,Red Bull Racing,0 days 01:42:23.507000,,4,6.0,False,,False,False,2024-06,Miami Grand Prix,2024,6,2024-05-05,test,120.593,False,not_green_only;timing_not_accurate
0 days 01:46:06.795000,PER,11,0 days 00:01:42.695000,31.0,3.0,,,0 days 00:00:35.598000,0 days 00:00:38.266000,0 days 00:00:28.831000,0 days 01:44:59.736000,0 days 01:45:38.002000,0 days 01:46:06.833000,175.0,148.0,256.0,278.0,False,MEDIUM,8.0,False,Red Bull Racing,0 days 01:44:24.100000,,4,6.0,False,,False,False,2024-06,Miami Grand Prix,2024,6,2024-05-05,test,102.695,False,not_green_only;timing_not_accurate
0 days 01:48:34.484000,PER,11,0 days 00:02:27.689000,32.0,3.0,,,0 days 00:00:54.457000,0 days 00:00:59.097000,0 days 00:00:34.135000,0 days 01:47:01.290000,0 days 01:48:00.387000,0 days 01:48:34.522000,90.0,101.0,283.0,159.0,False,MEDIUM,9.0,False,Red Bull Racing,0 days 01:46:06.795000,,41,6.0,False,,False,False,2024-06,Miami Grand Prix,2024,6,2024-05-05,test,147.689,False,not_green_only;timing_not_accurate
0 days 01:50:08.073000,PER,11,0 days 00:01:33.589000,33.0,3.0,,,0 days 00:00:32.382000,0 days 00:00:35.357000,0 days 00:00:25.850000,0 days 01:49:06.904000,0 days 01:49:42.261000,0 days 01:50:08.111000,211.0,186.0,279.0,316.0,False,MEDIUM,10.0,False,Red Bull Racing,0 days 01:48:34.484000,,1,6.0,False,,False,True,2024-06,Miami Grand Prix,2024,6,2024-05-05,test,93.589,True,
0 days 01:51:40.261000,PER,11,0 days 00:01:32.188000,34.0,3.0,,,0 days 00:00:31.582000,0 days 00:00:34.963000,0 days 00:00:25.643000,0 days 01:50:39.693000,0 days 01:51:14.656000,0 days 01:51:40.299000,209.0,185.0,282.0,306.0,False,MEDIUM,11.0,False,Red Bull Racing,0 days 01:50:08.073000,,1,6.0,False,,False,True,2024-06,Miami Grand Prix,2024,6,2024-05-05,test,92.188,True,
0 days 01:53:11.850000,PER,11,0 days 00:01:31.589000,35.0,3.0,,,0 days 00:00:31.285000,0 days 00:00:34.769000,0 days 00:00:25.535000,0 days 01:52:11.584000,0 days 01:52:46.353000,0 days 01:53:11.888000,210.0,185.0,282.0,331.0,True,MEDIUM,12.0,False,Red Bull Racing,0 days 01:51:40.261000,,1,6.0,False,,False,True,2024-06,Miami Grand Prix,2024,6,2024-05-05,test,91.589,True,
0 days 01:54:44.034000,PER,11,0 days 00:01:32.184000,36.0,3.0,,,0 days 00:00:31.281000,0 days 00:00:35.294000,0 days 00:00:25.609000,0 days 01:53:43.169000,0 days 01:54:18.463000,0 days 01:54:44.072000,209.0,183.0,284.0,316.0,False,MEDIUM,13.0,False,Red Bull Racing,0 days 01:53:11.850000,,1,6.0,False,,False,True,2024-06,Miami Grand Prix,2024,6,2024-05-05,test,92.184,True,
0 days 01:56:16.587000,PER,11,0 days 00:01:32.553000,37.0,3.0,,,0 days 00:00:31.447000,0 days 00:00:35.271000,0 days 00:00:25.835000,0 days 01:55:15.519000,0 days 01:55:50.790000,0 days 01:56:16.625000,208.0,184.0,280.0,313.0,False,MEDIUM,14.0,False,Red Bull Racing,0 days 01:54:44.034000,,1,6.0,False,,False,True,2024-06,Miami Grand Prix,2024,6,2024-05-05,test,92.553,True,
0 days 01:57:48.251000,PER,11,0 days 00:01:31.664000,38.0,3.0,,,0 days 00:00:31.050000,0 days 00:00:34.859000,0 days 00:00:25.755000,0 days 01:56:47.675000,0 days 01:57:22.534000,0 days 01:57:48.289000,214.0,186.0,278.0,318.0,False,MEDIUM,15.0,False,Red Bull Racing,0 days 01:56:16.587000,,1,6.0,False,,False,True,2024-06,Miami Grand Prix,2024,6,2024-05-05,test,91.664,True,
0 days 01:59:20.446000,PER,11,0 days 00:01:32.195000,39.0,3.0,,,0 days 00:00:31.292000,0 days 00:00:35.183000,0 days 00:00:25.720000,0 days 01:58:19.581000,0 days 01:58:54.764000,0 days 01:59:20.484000,215.0,185.0,281.0,323.0,False,MEDIUM,16.0,False,Red Bull Racing,0 days 01:57:48.251000,,1,6.0,False,,False,True,2024-06,Miami Grand Prix,2024,6,2024-05-05,test,92.195,True,
0 days 02:00:53.091000,PER,11,0 days 00:01:32.645000,40.0,3.0,,,0 days 00:00:32.009000,0 days 00:00:34.848000,0 days 00:00:25.788000,0 days 01:59:52.493000,0 days 02:00:27.341000,0 days 02:00:53.129000,213.0,184.0,277.0,309.0,False,MEDIUM,17.0,False,Red Bull Racing,0 days 01:59:20.446000,,1,5.0,False,,False,True,2024-06,Miami Grand Prix,2024,6,2024-05-05,test,92.645,True,
0 days 02:02:25.228000,PER,11,0 days 00:01:32.137000,41.0,3.0,,,0 days 00:00:30.994000,0 days 00:00:35.311000,0 days 00:00:25.832000,0 days 02:01:24.123000,0 days 02:01:59.434000,0 days 02:02:25.266000,213.0,185.0,277.0,313.0,False,MEDIUM,18.0,False,Red Bull Racing,0 days 02:00:53.091000,,1,5.0,False,,False,True,2024-06,Miami Grand Prix,2024,6,2024-05-05,test,92.137,True,
0 days 02:03:56.741000,PER,11,0 days 00:01:31.513000,42.0,3.0,,,0 days 00:00:30.890000,0 days 00:00:34.929000,0 days 00:00:25.694000,0 days 02:02:56.156000,0 days 02:03:31.085000,0 days 02:03:56.779000,214.0,185.0,279.0,318.0,True,MEDIUM,19.0,False,Red Bull Racing,0 days 02:02:25.228000,,1,5.0,False,,False,True,2024-06,Miami Grand Prix,2024,6,2024-05-05,test,91.513,True,
0 days 02:05:28.146000,PER,11,0 days 00:01:31.405000,43.0,3.0,,,0 days 00:00:30.803000,0 days 00:00:34.937000,0 days 00:00:25.665000,0 days 02:04:27.582000,0 days 02:05:02.519000,0 days 02:05:28.184000,212.0,185.0,278.0,319.0,True,MEDIUM,20.0,False,Red Bull Racing,0 days 02:03:56.741000,,1,5.0,False,,False,True,2024-06,Miami Grand Prix,2024,6,2024-05-05,test,91.405,True,
0 days 02:06:59.655000,PER,11,0 days 00:01:31.509000,44.0,3.0,,,0 days 00:00:30.729000,0 days 00:00:35.039000,0 days 00:00:25.741000,0 days 02:05:58.913000,0 days 02:06:33.952000,0 days 02:06:59.693000,215.0,185.0,278.0,316.0,False,MEDIUM,21.0,False,Red Bull Racing,0 days 02:05:28.146000,,1,5.0,False,,False,True,2024-06,Miami Grand Prix,2024,6,2024-05-05,test,91.509,True,
0 days 02:08:31.187000,PER,11,0 days 00:01:31.532000,45.0,3.0,,,0 days 00:00:30.864000,0 days 00:00:35.058000,0 days 00:00:25.610000,0 days 02:07:30.557000,0 days 02:08:05.615000,0 days 02:08:31.225000,215.0,185.0,277.0,319.0,False,MEDIUM,22.0,False,Red Bull Racing,0 days 02:06:59.655000,,1,5.0,False,,False,True,2024-06,Miami Grand Prix,2024,6,2024-05-05,test,91.532,True,
0 days 02:10:02.868000,PER,11,0 days 00:01:31.681000,46.0,3.0,,,0 days 00:00:30.825000,0 days 00:00:35.142000,0 days 00:00:25.714000,0 days 02:09:02.050000,0 days 02:09:37.192000,0 days 02:10:02.906000,217.0,187.0,278.0,318.0,False,MEDIUM,23.0,False,Red Bull Racing,0 days 02:08:31.187000,,1,5.0,False,,False,True,2024-06,Miami Grand Prix,2024,6,2024-05-05,test,91.681,True,
0 days 02:11:34.237000,PER,11,0 days 00:01:31.369000,47.0,3.0,,,0 days 00:00:30.732000,0 days 00:00:34.991000,0 days 00:00:25.646000,0 days 02:10:33.638000,0 days 02:11:08.629000,0 days 02:11:34.275000,212.0,186.0,279.0,320.0,True,MEDIUM,24.0,False,Red Bull Racing,0 days 02:10:02.868000,,1,5.0,False,,False,True,2024-06,Miami Grand Prix,2024,6,2024-05-05,test,91.369,True,
0 days 02:13:05.786000,PER,11,0 days 00:01:31.549000,48.0,3.0,,,0 days 00:00:30.750000,0 days 00:00:35.140000,0 days 00:00:25.659000,0 days 02:12:05.025000,0 days 02:12:40.165000,0 days 02:13:05.824000,213.0,186.0,279.0,317.0,False,MEDIUM,25.0,False,Red Bull Racing,0 days 02:11:34.237000,,1,5.0,False,,False,True,2024-06,Miami Grand Prix,2024,6,2024-05-05,test,91.549,True,
0 days 02:14:37.182000,PER,11,0 days 00:01:31.396000,49.0,3.0,,,0 days 00:00:30.732000,0 days 00:00:34.959000,0 days 00:00:25.705000,0 days 02:13:36.556000,0 days 02:14:11.515000,0 days 02:14:37.220000,212.0,185.0,279.0,318.0,False,MEDIUM,26.0,False,Red Bull Racing,0 days 02:13:05.786000,,1,5.0,False,,False,True,2024-06,Miami Grand Prix,2024,6,2024-05-05,test,91.396,True,
0 days 02:16:08.917000,PER,11,0 days 00:01:31.735000,50.0,3.0,,,0 days 00:00:30.746000,0 days 00:00:35.265000,0 days 00:00:25.724000,0 days 02:15:07.966000,0 days 02:15:43.231000,0 days 02:16:08.955000,215.0,188.0,279.0,318.0,False,MEDIUM,27.0,False,Red Bull Racing,0 days 02:14:37.182000,,1,5.0,False,,False,True,2024-06,Miami Grand Prix,2024,6,2024-05-05,test,91.735,True,
0 days 02:17:40.436000,PER,11,0 days 00:01:31.519000,51.0,3.0,,,0 days 00:00:30.706000,0 days 00:00:35.093000,0 days 00:00:25.720000,0 days 02:16:39.661000,0 days 02:17:14.754000,0 days 02:17:40.474000,214.0,186.0,280.0,317.0,False,MEDIUM,28.0,False,Red Bull Racing,0 days 02:16:08.917000,,1,5.0,False,,False,True,2024-06,Miami Grand Prix,2024,6,2024-05-05,test,91.519,True,
0 days 02:19:11.966000,PER,11,0 days 00:01:31.530000,52.0,3.0,,,0 days 00:00:30.739000,0 days 00:00:35.169000,0 days 00:00:25.622000,0 days 02:18:11.213000,0 days 02:18:46.382000,0 days 02:19:12.004000,213.0,185.0,279.0,318.0,False,MEDIUM,29.0,False,Red Bull Racing,0 days 02:17:40.436000,,1,5.0,False,,False,True,2024-06,Miami Grand Prix,2024,6,2024-05-05,test,91.53,True,
0 days 02:20:43.282000,PER,11,0 days 00:01:31.316000,53.0,3.0,,,0 days 00:00:30.534000,0 days 00:00:35.149000,0 days 00:00:25.633000,0 days 02:19:42.538000,0 days 02:20:17.687000,0 days 02:20:43.320000,214.0,186.0,280.0,318.0,True,MEDIUM,30.0,False,Red Bull Racing,0 days 02:19:11.966000,,1,5.0,False,,False,True,2024-06,Miami Grand Prix,2024,6,2024-05-05,test,91.316,True,
0 days 02:22:14.460000,PER,11,0 days 00:01:31.178000,54.0,3.0,,,0 days 00:00:30.488000,0 days 00:00:35.035000,0 days 00:00:25.655000,0 days 02:21:13.808000,0 days 02:21:48.843000,0 days 02:22:14.498000,216.0,187.0,280.0,319.0,True,MEDIUM,31.0,False,Red Bull Racing,0 days 02:20:43.282000,,1,5.0,False,,False,True,2024-06,Miami Grand Prix,2024,6,2024-05-05,test,91.178,True,
0 days 02:23:45.315000,PER,11,0 days 00:01:30.855000,55.0,3.0,,,0 days 00:00:30.505000,0 days 00:00:34.766000,0 days 00:00:25.584000,0 days 02:22:45.003000,0 days 02:23:19.769000,0 days 02:23:45.353000,216.0,186.0,280.0,317.0,True,MEDIUM,32.0,False,Red Bull Racing,0 days 02:22:14.460000,,1,5.0,False,,False,True,2024-06,Miami Grand Prix,2024,6,2024-05-05,test,90.855,True,
0 days 02:25:16.609000,PER,11,0 days 00:01:31.294000,56.0,3.0,,,0 days 00:00:30.620000,0 days 00:00:35.024000,0 days 00:00:25.650000,0 days 02:24:15.973000,0 days 02:24:50.997000,0 days 02:25:16.647000,215.0,186.0,280.0,322.0,False,MEDIUM,33.0,False,Red Bull Racing,0 days 02:23:45.315000,,1,5.0,False,,False,True,2024-06,Miami Grand Prix,2024,6,2024-05-05,test,91.294,True,
0 days 02:26:47.832000,PER,11,0 days 00:01:31.223000,57.0,3.0,,,0 days 00:00:30.624000,0 days 00:00:34.871000,0 days 00:00:25.728000,0 days 02:25:47.271000,0 days 02:26:22.142000,0 days 02:26:47.870000,214.0,187.0,279.0,323.0,False,MEDIUM,34.0,False,Red Bull Racing,0 days 02:25:16.609000,,1,5.0,False,,False,True,2024-06,Miami Grand Prix,2024,6,2024-05-05,test,91.223,True,
0 days 00:57:24.933000,RUS,63,0 days 00:01:41.627000,1.0,1.0,,,,0 days 00:00:36.279000,0 days 00:00:26.304000,,0 days 00:56:58.739000,0 days 00:57:25.185000,210.0,184.0,276.0,319.0,False,MEDIUM,4.0,False,Mercedes,0 days 00:55:43.028000,,1,10.0,False,,False,False,2024-06,Miami Grand Prix,2024,6,2024-05-05,test,101.627,False,opening_lap;timing_not_accurate
0 days 00:58:59.328000,RUS,63,0 days 00:01:34.395000,2.0,1.0,,,0 days 00:00:32.558000,0 days 00:00:35.728000,0 days 00:00:26.109000,0 days 00:57:57.507000,0 days 00:58:33.235000,0 days 00:58:59.344000,211.0,184.0,280.0,315.0,True,MEDIUM,5.0,False,Mercedes,0 days 00:57:24.933000,,1,10.0,False,,False,True,2024-06,Miami Grand Prix,2024,6,2024-05-05,test,94.395,True,
0 days 01:00:33.423000,RUS,63,0 days 00:01:34.095000,3.0,1.0,,,0 days 00:00:32.323000,0 days 00:00:35.748000,0 days 00:00:26.024000,0 days 00:59:31.667000,0 days 01:00:07.415000,0 days 01:00:33.439000,211.0,184.0,281.0,321.0,True,MEDIUM,6.0,False,Mercedes,0 days 00:58:59.328000,,1,10.0,False,,False,True,2024-06,Miami Grand Prix,2024,6,2024-05-05,test,94.095,True,
0 days 01:02:07.548000,RUS,63,0 days 00:01:34.125000,4.0,1.0,,,0 days 00:00:32.253000,0 days 00:00:35.803000,0 days 00:00:26.069000,0 days 01:01:05.692000,0 days 01:01:41.495000,0 days 01:02:07.564000,211.0,183.0,281.0,334.0,False,MEDIUM,7.0,False,Mercedes,0 days 01:00:33.423000,,1,10.0,False,,False,True,2024-06,Miami Grand Prix,2024,6,2024-05-05,test,94.125,True,
0 days 01:03:41.480000,RUS,63,0 days 00:01:33.932000,5.0,1.0,,,0 days 00:00:31.895000,0 days 00:00:36.050000,0 days 00:00:25.987000,0 days 01:02:39.459000,0 days 01:03:15.509000,0 days 01:03:41.496000,209.0,183.0,277.0,325.0,True,MEDIUM,8.0,False,Mercedes,0 days 01:02:07.548000,,1,9.0,False,,False,True,2024-06,Miami Grand Prix,2024,6,2024-05-05,test,93.932,True,
0 days 01:05:15.116000,RUS,63,0 days 00:01:33.636000,6.0,1.0,,,0 days 00:00:31.791000,0 days 00:00:35.820000,0 days 00:00:26.025000,0 days 01:04:13.287000,0 days 01:04:49.107000,0 days 01:05:15.132000,211.0,183.0,276.0,322.0,True,MEDIUM,9.0,False,Mercedes,0 days 01:03:41.480000,,1,9.0,False,,False,True,2024-06,Miami Grand Prix,2024,6,2024-05-05,test,93.636,True,
0 days 01:06:49.052000,RUS,63,0 days 00:01:33.936000,7.0,1.0,,,0 days 00:00:31.869000,0 days 00:00:35.849000,0 days 00:00:26.218000,0 days 01:05:47.001000,0 days 01:06:22.850000,0 days 01:06:49.068000,210.0,181.0,275.0,325.0,False,MEDIUM,10.0,False,Mercedes,0 days 01:05:15.116000,,1,9.0,False,,False,True,2024-06,Miami Grand Prix,2024,6,2024-05-05,test,93.936,True,
0 days 01:08:22.871000,RUS,63,0 days 00:01:33.819000,8.0,1.0,,,0 days 00:00:32.047000,0 days 00:00:35.887000,0 days 00:00:25.885000,0 days 01:07:21.115000,0 days 01:07:57.002000,0 days 01:08:22.887000,207.0,183.0,282.0,333.0,False,MEDIUM,11.0,False,Mercedes,0 days 01:06:49.052000,,1,9.0,False,,False,True,2024-06,Miami Grand Prix,2024,6,2024-05-05,test,93.819,True,
0 days 01:09:57.230000,RUS,63,0 days 00:01:34.359000,9.0,1.0,,,0 days 00:00:32.498000,0 days 00:00:35.771000,0 days 00:00:26.090000,0 days 01:08:55.385000,0 days 01:09:31.156000,0 days 01:09:57.246000,209.0,183.0,279.0,332.0,False,MEDIUM,12.0,False,Mercedes,0 days 01:08:22.871000,,1,9.0,False,,False,True,2024-06,Miami Grand Prix,2024,6,2024-05-05,test,94.359,True,
0 days 01:11:32.015000,RUS,63,0 days 00:01:34.785000,10.0,1.0,,,0 days 00:00:32.439000,0 days 00:00:36.205000,0 days 00:00:26.141000,0 days 01:10:29.685000,0 days 01:11:05.890000,0 days 01:11:32.031000,207.0,184.0,281.0,325.0,False,MEDIUM,13.0,False,Mercedes,0 days 01:09:57.230000,,1,9.0,False,,False,True,2024-06,Miami Grand Prix,2024,6,2024-05-05,test,94.785,True,
0 days 01:13:06.820000,RUS,63,0 days 00:01:34.805000,11.0,1.0,,,0 days 00:00:32.620000,0 days 00:00:36.151000,0 days 00:00:26.034000,0 days 01:12:04.651000,0 days 01:12:40.802000,0 days 01:13:06.836000,209.0,182.0,281.0,323.0,False,MEDIUM,14.0,False,Mercedes,0 days 01:11:32.015000,,1,9.0,False,,False,True,2024-06,Miami Grand Prix,2024,6,2024-05-05,test,94.805,True,
0 days 01:14:41.212000,RUS,63,0 days 00:01:34.392000,12.0,1.0,,,0 days 00:00:32.489000,0 days 00:00:35.757000,0 days 00:00:26.146000,0 days 01:13:39.325000,0 days 01:14:15.082000,0 days 01:14:41.228000,207.0,182.0,273.0,316.0,False,MEDIUM,15.0,False,Mercedes,0 days 01:13:06.820000,,1,8.0,False,,False,True,2024-06,Miami Grand Prix,2024,6,2024-05-05,test,94.392,True,
0 days 01:16:15.253000,RUS,63,0 days 00:01:34.041000,13.0,1.0,,,0 days 00:00:31.992000,0 days 00:00:35.903000,0 days 00:00:26.146000,0 days 01:15:13.220000,0 days 01:15:49.123000,0 days 01:16:15.269000,210.0,182.0,274.0,315.0,False,MEDIUM,16.0,False,Mercedes,0 days 01:14:41.212000,,1,8.0,False,,False,True,2024-06,Miami Grand Prix,2024,6,2024-05-05,test,94.041,True,
0 days 01:17:48.846000,RUS,63,0 days 00:01:33.593000,14.0,1.0,,,0 days 00:00:31.761000,0 days 00:00:35.753000,0 days 00:00:26.079000,0 days 01:16:47.030000,0 days 01:17:22.783000,0 days 01:17:48.862000,208.0,181.0,275.0,320.0,True,MEDIUM,17.0,False,Mercedes,0 days 01:16:15.253000,,1,8.0,False,,False,True,2024-06,Miami Grand Prix,2024,6,2024-05-05,test,93.593,True,
0 days 01:19:22.235000,RUS,63,0 days 00:01:33.389000,15.0,1.0,,,0 days 00:00:31.672000,0 days 00:00:35.671000,0 days 00:00:26.046000,0 days 01:18:20.534000,0 days 01:18:56.205000,0 days 01:19:22.251000,207.0,182.0,275.0,320.0,True,MEDIUM,18.0,False,Mercedes,0 days 01:17:48.846000,,1,8.0,False,,False,True,2024-06,Miami Grand Prix,2024,6,2024-05-05,test,93.389,True,
0 days 01:20:55.658000,RUS,63,0 days 00:01:33.423000,16.0,1.0,,,0 days 00:00:31.716000,0 days 00:00:35.657000,0 days 00:00:26.050000,0 days 01:19:53.967000,0 days 01:20:29.624000,0 days 01:20:55.674000,206.0,182.0,275.0,321.0,False,MEDIUM,19.0,False,Mercedes,0 days 01:19:22.235000,,1,8.0,False,,False,True,2024-06,Miami Grand Prix,2024,6,2024-05-05,test,93.423,True,
0 days 01:22:29.265000,RUS,63,0 days 00:01:33.607000,17.0,1.0,,,0 days 00:00:31.649000,0 days 00:00:35.705000,0 days 00:00:26.253000,0 days 01:21:27.323000,0 days 01:22:03.028000,0 days 01:22:29.281000,209.0,182.0,273.0,319.0,False,MEDIUM,20.0,False,Mercedes,0 days 01:20:55.658000,,1,8.0,False,,False,True,2024-06,Miami Grand Prix,2024,6,2024-05-05,test,93.607,True,
0 days 01:24:02.970000,RUS,63,0 days 00:01:33.705000,18.0,1.0,,,0 days 00:00:31.733000,0 days 00:00:35.838000,0 days 00:00:26.134000,0 days 01:23:01.014000,0 days 01:23:36.852000,0 days 01:24:02.986000,210.0,182.0,275.0,316.0,False,MEDIUM,21.0,False,Mercedes,0 days 01:22:29.265000,,1,7.0,False,,False,True,2024-06,Miami Grand Prix,2024,6,2024-05-05,test,93.705,True,
0 days 01:25:36.532000,RUS,63,0 days 00:01:33.562000,19.0,1.0,,,0 days 00:00:31.706000,0 days 00:00:35.794000,0 days 00:00:26.062000,0 days 01:24:34.692000,0 days 01:25:10.486000,0 days 01:25:36.548000,209.0,183.0,275.0,319.0,False,MEDIUM,22.0,False,Mercedes,0 days 01:24:02.970000,,1,7.0,False,,False,True,2024-06,Miami Grand Prix,2024,6,2024-05-05,test,93.562,True,
0 days 01:27:10.343000,RUS,63,0 days 00:01:33.811000,20.0,1.0,,,0 days 00:00:31.848000,0 days 00:00:35.841000,0 days 00:00:26.122000,0 days 01:26:08.396000,0 days 01:26:44.237000,0 days 01:27:10.359000,208.0,183.0,276.0,316.0,False,MEDIUM,23.0,False,Mercedes,0 days 01:25:36.532000,,1,7.0,False,,False,True,2024-06,Miami Grand Prix,2024,6,2024-05-05,test,93.811,True,
0 days 01:28:44.056000,RUS,63,0 days 00:01:33.713000,21.0,1.0,,,0 days 00:00:31.685000,0 days 00:00:35.890000,0 days 00:00:26.138000,0 days 01:27:42.044000,0 days 01:28:17.934000,0 days 01:28:44.072000,209.0,182.0,275.0,314.0,False,MEDIUM,24.0,False,Mercedes,0 days 01:27:10.343000,,1,7.0,False,,False,True,2024-06,Miami Grand Prix,2024,6,2024-05-05,test,93.713,True,
0 days 01:30:17.382000,RUS,63,0 days 00:01:33.326000,22.0,1.0,,,0 days 00:00:31.608000,0 days 00:00:35.718000,0 days 00:00:26,0 days 01:29:15.680000,0 days 01:29:51.398000,0 days 01:30:17.398000,210.0,183.0,276.0,320.0,True,MEDIUM,25.0,False,Mercedes,0 days 01:28:44.056000,,16,7.0,False,,False,False,2024-06,Miami Grand Prix,2024,6,2024-05-05,test,93.326,False,not_green_only;timing_not_accurate
0 days 01:32:05.984000,RUS,63,0 days 00:01:48.602000,23.0,1.0,,,0 days 00:00:43.857000,0 days 00:00:38.694000,0 days 00:00:26.051000,0 days 01:31:01.255000,0 days 01:31:39.949000,0 days 01:32:06,154.0,184.0,275.0,322.0,False,MEDIUM,26.0,False,Mercedes,0 days 01:30:17.382000,,671,7.0,False,,False,False,2024-06,Miami Grand Prix,2024,6,2024-05-05,test,108.602,False,not_green_only;timing_not_accurate
0 days 01:33:44.054000,RUS,63,0 days 00:01:38.070000,24.0,1.0,,0 days 01:33:38.696000,0 days 00:00:31.464000,0 days 00:00:35.701000,0 days 00:00:30.905000,0 days 01:32:37.464000,0 days 01:33:13.165000,0 days 01:33:44.070000,209.0,183.0,,322.0,False,MEDIUM,27.0,False,Mercedes,0 days 01:32:05.984000,,1,9.0,False,,False,False,2024-06,Miami Grand Prix,2024,6,2024-05-05,test,98.07,False,pit_in;timing_not_accurate
0 days 01:35:31.492000,RUS,63,0 days 00:01:47.438000,25.0,2.0,0 days 01:34:01.544000,,0 days 00:00:46.478000,0 days 00:00:35.169000,0 days 00:00:25.791000,0 days 01:34:30.548000,0 days 01:35:05.717000,0 days 01:35:31.508000,210.0,186.0,282.0,326.0,False,HARD,1.0,True,Mercedes,0 days 01:33:44.054000,,1,12.0,False,,False,False,2024-06,Miami Grand Prix,2024,6,2024-05-05,test,107.438,False,pit_out;timing_not_accurate
0 days 01:37:03.850000,RUS,63,0 days 00:01:32.358000,26.0,2.0,,,0 days 00:00:31.162000,0 days 00:00:35.286000,0 days 00:00:25.910000,0 days 01:36:02.670000,0 days 01:36:37.956000,0 days 01:37:03.866000,213.0,185.0,276.0,320.0,True,HARD,2.0,True,Mercedes,0 days 01:35:31.492000,,1,11.0,False,,False,True,2024-06,Miami Grand Prix,2024,6,2024-05-05,test,92.358,True,
0 days 01:38:36.445000,RUS,63,0 days 00:01:32.595000,27.0,2.0,,,0 days 00:00:31.330000,0 days 00:00:35.282000,0 days 00:00:25.983000,0 days 01:37:35.196000,0 days 01:38:10.478000,0 days 01:38:36.461000,208.0,184.0,276.0,325.0,False,HARD,3.0,True,Mercedes,0 days 01:37:03.850000,,1,10.0,False,,False,True,2024-06,Miami Grand Prix,2024,6,2024-05-05,test,92.595,True,
0 days 01:40:25.726000,RUS,63,0 days 00:01:49.281000,28.0,2.0,,,0 days 00:00:31.282000,0 days 00:00:42.075000,0 days 00:00:35.924000,0 days 01:39:07.743000,0 days 01:39:49.818000,0 days 01:40:25.742000,211.0,113.0,216.0,249.0,False,HARD,4.0,True,Mercedes,0 days 01:38:36.445000,,124,9.0,False,,False,False,2024-06,Miami Grand Prix,2024,6,2024-05-05,test,109.281,False,not_green_only;timing_not_accurate
0 days 01:42:33.199000,RUS,63,0 days 00:02:07.473000,29.0,2.0,,,0 days 00:00:45.120000,0 days 00:00:47.357000,0 days 00:00:34.996000,0 days 01:41:10.862000,0 days 01:41:58.219000,0 days 01:42:33.215000,156.0,119.0,262.0,234.0,False,HARD,5.0,True,Mercedes,0 days 01:40:25.726000,,4,9.0,False,,False,False,2024-06,Miami Grand Prix,2024,6,2024-05-05,test,127.473,False,not_green_only;timing_not_accurate
0 days 01:44:32.627000,RUS,63,0 days 00:01:59.428000,30.0,2.0,,,0 days 00:00:46.793000,0 days 00:00:43.212000,0 days 00:00:29.423000,0 days 01:43:20.008000,0 days 01:44:03.220000,0 days 01:44:32.643000,142.0,135.0,268.0,250.0,False,HARD,6.0,True,Mercedes,0 days 01:42:33.199000,,4,9.0,False,,False,False,2024-06,Miami Grand Prix,2024,6,2024-05-05,test,119.428,False,not_green_only;timing_not_accurate
0 days 01:46:19.240000,RUS,63,0 days 00:01:46.613000,31.0,2.0,,,0 days 00:00:40.037000,0 days 00:00:38.373000,0 days 00:00:28.203000,0 days 01:45:12.680000,0 days 01:45:51.053000,0 days 01:46:19.256000,189.0,177.0,270.0,263.0,False,HARD,7.0,True,Mercedes,0 days 01:44:32.627000,,4,9.0,False,,False,False,2024-06,Miami Grand Prix,2024,6,2024-05-05,test,106.613,False,not_green_only;timing_not_accurate
0 days 01:48:35.924000,RUS,63,0 days 00:02:16.684000,32.0,2.0,,,0 days 00:00:48.034000,0 days 00:00:55.808000,0 days 00:00:32.842000,0 days 01:47:07.290000,0 days 01:48:03.098000,0 days 01:48:35.940000,69.0,135.0,278.0,189.0,False,HARD,8.0,True,Mercedes,0 days 01:46:19.240000,,41,9.0,False,,False,False,2024-06,Miami Grand Prix,2024,6,2024-05-05,test,136.684,False,not_green_only;timing_not_accurate
0 days 01:50:10.379000,RUS,63,0 days 00:01:34.455000,33.0,2.0,,,0 days 00:00:32.419000,0 days 00:00:36.066000,0 days 00:00:25.970000,0 days 01:49:08.359000,0 days 01:49:44.425000,0 days 01:50:10.395000,211.0,185.0,278.0,324.0,False,HARD,9.0,True,Mercedes,0 days 01:48:35.924000,,1,9.0,False,,False,True,2024-06,Miami Grand Prix,2024,6,2024-05-05,test,94.455,True,
0 days 01:51:43.141000,RUS,63,0 days 00:01:32.762000,34.0,2.0,,,0 days 00:00:31.534000,0 days 00:00:35.531000,0 days 00:00:25.697000,0 days 01:50:41.929000,0 days 01:51:17.460000,0 days 01:51:43.157000,212.0,184.0,283.0,338.0,False,HARD,10.0,True,Mercedes,0 days 01:50:10.379000,,1,9.0,False,,False,True,2024-06,Miami Grand Prix,2024,6,2024-05-05,test,92.762,True,
0 days 01:53:15.418000,RUS,63,0 days 00:01:32.277000,35.0,2.0,,,0 days 00:00:31.240000,0 days 00:00:35.286000,0 days 00:00:25.751000,0 days 01:52:14.397000,0 days 01:52:49.683000,0 days 01:53:15.434000,210.0,185.0,282.0,334.0,True,HARD,11.0,True,Mercedes,0 days 01:51:43.141000,,1,9.0,False,,False,True,2024-06,Miami Grand Prix,2024,6,2024-05-05,test,92.277,True,
0 days 01:54:47.763000,RUS,63,0 days 00:01:32.345000,36.0,2.0,,,0 days 00:00:31.262000,0 days 00:00:35.308000,0 days 00:00:25.775000,0 days 01:53:46.696000,0 days 01:54:22.004000,0 days 01:54:47.779000,209.0,185.0,283.0,332.0,False,HARD,12.0,True,Mercedes,0 days 01:53:15.418000,,1,9.0,False,,False,True,2024-06,Miami Grand Prix,2024,6,2024-05-05,test,92.345,True,
0 days 01:56:20.038000,RUS,63,0 days 00:01:32.275000,37.0,2.0,,,0 days 00:00:31.312000,0 days 00:00:35.166000,0 days 00:00:25.797000,0 days 01:55:19.091000,0 days 01:55:54.257000,0 days 01:56:20.054000,211.0,185.0,283.0,326.0,True,HARD,13.0,True,Mercedes,0 days 01:54:47.763000,,1,9.0,False,,False,True,2024-06,Miami Grand Prix,2024,6,2024-05-05,test,92.275,True,
0 days 01:57:52.329000,RUS,63,0 days 00:01:32.291000,38.0,2.0,,,0 days 00:00:31.124000,0 days 00:00:35.339000,0 days 00:00:25.828000,0 days 01:56:51.178000,0 days 01:57:26.517000,0 days 01:57:52.345000,210.0,184.0,278.0,323.0,False,HARD,14.0,True,Mercedes,0 days 01:56:20.038000,,1,9.0,False,,False,True,2024-06,Miami Grand Prix,2024,6,2024-05-05,test,92.291,True,
0 days 01:59:24.577000,RUS,63,0 days 00:01:32.248000,39.0,2.0,,,0 days 00:00:31.101000,0 days 00:00:35.319000,0 days 00:00:25.828000,0 days 01:58:23.446000,0 days 01:58:58.765000,0 days 01:59:24.593000,213.0,184.0,276.0,325.0,True,HARD,15.0,True,Mercedes,0 days 01:57:52.329000,,1,9.0,False,,False,True,2024-06,Miami Grand Prix,2024,6,2024-05-05,test,92.248,True,
0 days 02:00:56.854000,RUS,63,0 days 00:01:32.277000,40.0,2.0,,,0 days 00:00:31.085000,0 days 00:00:35.386000,0 days 00:00:25.806000,0 days 01:59:55.678000,0 days 02:00:31.064000,0 days 02:00:56.870000,210.0,185.0,277.0,327.0,False,HARD,16.0,True,Mercedes,0 days 01:59:24.577000,,1,8.0,False,,False,True,2024-06,Miami Grand Prix,2024,6,2024-05-05,test,92.277,True,
0 days 02:02:29.502000,RUS,63,0 days 00:01:32.648000,41.0,2.0,,,0 days 00:00:31.283000,0 days 00:00:35.514000,0 days 00:00:25.851000,0 days 02:01:28.153000,0 days 02:02:03.667000,0 days 02:02:29.518000,209.0,184.0,277.0,323.0,False,HARD,17.0,True,Mercedes,0 days 02:00:56.854000,,1,8.0,False,,False,True,2024-06,Miami Grand Prix,2024,6,2024-05-05,test,92.648,True,
0 days 02:04:01.669000,RUS,63,0 days 00:01:32.167000,42.0,2.0,,,0 days 00:00:31.105000,0 days 00:00:35.202000,0 days 00:00:25.860000,0 days 02:03:00.623000,0 days 02:03:35.825000,0 days 02:04:01.685000,215.0,184.0,279.0,321.0,True,HARD,18.0,True,Mercedes,0 days 02:02:29.502000,,1,8.0,False,,False,True,2024-06,Miami Grand Prix,2024,6,2024-05-05,test,92.167,True,
0 days 02:05:33.590000,RUS,63,0 days 00:01:31.921000,43.0,2.0,,,0 days 00:00:30.917000,0 days 00:00:35.208000,0 days 00:00:25.796000,0 days 02:04:32.602000,0 days 02:05:07.810000,0 days 02:05:33.606000,211.0,184.0,278.0,324.0,True,HARD,19.0,True,Mercedes,0 days 02:04:01.669000,,1,8.0,False,,False,True,2024-06,Miami Grand Prix,2024,6,2024-05-05,test,91.921,True,
0 days 02:07:07.288000,RUS,63,0 days 00:01:33.698000,44.0,2.0,,,0 days 00:00:30.996000,0 days 00:00:35.169000,0 days 00:00:27.533000,0 days 02:06:04.602000,0 days 02:06:39.771000,0 days 02:07:07.304000,213.0,184.0,279.0,325.0,False,HARD,20.0,True,Mercedes,0 days 02:05:33.590000,,1,8.0,True,TRACK LIMITS AT TURN 17 LAP 44 ,False,True,2024-06,Miami Grand Prix,2024,6,2024-05-05,test,93.698,False,deleted_or_unknown
0 days 02:08:39.419000,RUS,63,0 days 00:01:32.131000,45.0,2.0,,,0 days 00:00:31.004000,0 days 00:00:35.270000,0 days 00:00:25.857000,0 days 02:07:38.308000,0 days 02:08:13.578000,0 days 02:08:39.435000,213.0,184.0,276.0,313.0,False,HARD,21.0,True,Mercedes,0 days 02:07:07.288000,,1,8.0,False,,False,True,2024-06,Miami Grand Prix,2024,6,2024-05-05,test,92.131,True,
0 days 02:10:11.723000,RUS,63,0 days 00:01:32.304000,46.0,2.0,,,0 days 00:00:31.005000,0 days 00:00:35.384000,0 days 00:00:25.915000,0 days 02:09:10.440000,0 days 02:09:45.824000,0 days 02:10:11.739000,209.0,185.0,277.0,321.0,False,HARD,22.0,True,Mercedes,0 days 02:08:39.419000,,1,8.0,False,,False,True,2024-06,Miami Grand Prix,2024,6,2024-05-05,test,92.304,True,
0 days 02:11:43.921000,RUS,63,0 days 00:01:32.198000,47.0,2.0,,,0 days 00:00:31.075000,0 days 00:00:35.327000,0 days 00:00:25.796000,0 days 02:10:42.814000,0 days 02:11:18.141000,0 days 02:11:43.937000,212.0,185.0,278.0,321.0,False,HARD,23.0,True,Mercedes,0 days 02:10:11.723000,,1,8.0,False,,False,True,2024-06,Miami Grand Prix,2024,6,2024-05-05,test,92.198,True,
0 days 02:13:16.096000,RUS,63,0 days 00:01:32.175000,48.0,2.0,,,0 days 00:00:30.996000,0 days 00:00:35.298000,0 days 00:00:25.881000,0 days 02:12:14.933000,0 days 02:12:50.231000,0 days 02:13:16.112000,216.0,184.0,278.0,319.0,False,HARD,24.0,True,Mercedes,0 days 02:11:43.921000,,1,8.0,False,,False,True,2024-06,Miami Grand Prix,2024,6,2024-05-05,test,92.175,True,
0 days 02:14:48.216000,RUS,63,0 days 00:01:32.120000,49.0,2.0,,,0 days 00:00:30.795000,0 days 00:00:35.550000,0 days 00:00:25.775000,0 days 02:13:46.907000,0 days 02:14:22.457000,0 days 02:14:48.232000,210.0,185.0,278.0,322.0,False,HARD,25.0,True,Mercedes,0 days 02:13:16.096000,,1,8.0,False,,False,True,2024-06,Miami Grand Prix,2024,6,2024-05-05,test,92.12,True,
0 days 02:16:20.654000,RUS,63,0 days 00:01:32.438000,50.0,2.0,,,0 days 00:00:30.770000,0 days 00:00:35.535000,0 days 00:00:26.133000,0 days 02:15:19.002000,0 days 02:15:54.537000,0 days 02:16:20.670000,213.0,185.0,277.0,321.0,False,HARD,26.0,True,Mercedes,0 days 02:14:48.216000,,1,8.0,False,,False,True,2024-06,Miami Grand Prix,2024,6,2024-05-05,test,92.438,True,
0 days 02:17:52.707000,RUS,63,0 days 00:01:32.053000,51.0,2.0,,,0 days 00:00:30.743000,0 days 00:00:35.438000,0 days 00:00:25.872000,0 days 02:16:51.413000,0 days 02:17:26.851000,0 days 02:17:52.723000,214.0,185.0,279.0,315.0,False,HARD,27.0,True,Mercedes,0 days 02:16:20.654000,,1,8.0,False,,False,True,2024-06,Miami Grand Prix,2024,6,2024-05-05,test,92.053,True,
0 days 02:19:24.892000,RUS,63,0 days 00:01:32.185000,52.0,2.0,,,0 days 00:00:30.925000,0 days 00:00:35.391000,0 days 00:00:25.869000,0 days 02:18:23.648000,0 days 02:18:59.039000,0 days 02:19:24.908000,214.0,185.0,277.0,320.0,False,HARD,28.0,True,Mercedes,0 days 02:17:52.707000,,1,8.0,False,,False,True,2024-06,Miami Grand Prix,2024,6,2024-05-05,test,92.185,True,
0 days 02:20:58.286000,RUS,63,0 days 00:01:33.394000,53.0,2.0,,,0 days 00:00:30.946000,0 days 00:00:36.496000,0 days 00:00:25.952000,0 days 02:19:55.854000,0 days 02:20:32.350000,0 days 02:20:58.302000,212.0,185.0,278.0,320.0,False,HARD,29.0,True,Mercedes,0 days 02:19:24.892000,,1,8.0,False,,False,True,2024-06,Miami Grand Prix,2024,6,2024-05-05,test,93.394,True,
0 days 02:22:30.823000,RUS,63,0 days 00:01:32.537000,54.0,2.0,,,0 days 00:00:30.907000,0 days 00:00:35.605000,0 days 00:00:26.025000,0 days 02:21:29.209000,0 days 02:22:04.814000,0 days 02:22:30.839000,214.0,186.0,278.0,322.0,False,HARD,30.0,True,Mercedes,0 days 02:20:58.286000,,1,8.0,False,,False,True,2024-06,Miami Grand Prix,2024,6,2024-05-05,test,92.537,True,
0 days 02:24:02.853000,RUS,63,0 days 00:01:32.030000,55.0,2.0,,,0 days 00:00:30.723000,0 days 00:00:35.397000,0 days 00:00:25.910000,0 days 02:23:01.562000,0 days 02:23:36.959000,0 days 02:24:02.869000,213.0,186.0,278.0,320.0,False,HARD,31.0,True,Mercedes,0 days 02:22:30.823000,,1,8.0,False,,False,True,2024-06,Miami Grand Prix,2024,6,2024-05-05,test,92.03,True,
0 days 02:25:35.232000,RUS,63,0 days 00:01:32.379000,56.0,2.0,,,0 days 00:00:30.804000,0 days 00:00:35.509000,0 days 00:00:26.066000,0 days 02:24:33.673000,0 days 02:25:09.182000,0 days 02:25:35.248000,213.0,184.0,276.0,322.0,False,HARD,32.0,True,Mercedes,0 days 02:24:02.853000,,1,8.0,False,,False,True,2024-06,Miami Grand Prix,2024,6,2024-05-05,test,92.379,True,
0 days 02:27:07.971000,RUS,63,0 days 00:01:32.739000,57.0,2.0,,,0 days 00:00:30.984000,0 days 00:00:35.698000,0 days 00:00:26.057000,0 days 02:26:06.232000,0 days 02:26:41.930000,0 days 02:27:07.987000,213.0,185.0,278.0,320.0,False,HARD,33.0,True,Mercedes,0 days 02:25:35.232000,,1,8.0,False,,False,True,2024-06,Miami Grand Prix,2024,6,2024-05-05,test,92.739,True,
0 days 00:57:20.540000,SAI,55,0 days 00:01:37.234000,1.0,1.0,,,,0 days 00:00:35.469000,0 days 00:00:25.983000,,0 days 00:56:54.688000,0 days 00:57:20.752000,211.0,185.0,275.0,314.0,False,MEDIUM,1.0,True,Ferrari,0 days 00:55:43.028000,,1,4.0,False,,False,False,2024-06,Miami Grand Prix,2024,6,2024-05-05,test,97.234,False,opening_lap;timing_not_accurate
0 days 00:58:53.530000,SAI,55,0 days 00:01:32.990000,2.0,1.0,,,0 days 00:00:31.678000,0 days 00:00:35.404000,0 days 00:00:25.908000,0 days 00:57:52.281000,0 days 00:58:27.685000,0 days 00:58:53.593000,209.0,184.0,280.0,325.0,True,MEDIUM,2.0,True,Ferrari,0 days 00:57:20.540000,,1,4.0,False,,False,True,2024-06,Miami Grand Prix,2024,6,2024-05-05,test,92.99,True,
0 days 01:00:26.769000,SAI,55,0 days 00:01:33.239000,3.0,1.0,,,0 days 00:00:31.788000,0 days 00:00:35.553000,0 days 00:00:25.898000,0 days 00:59:25.381000,0 days 01:00:00.934000,0 days 01:00:26.832000,211.0,182.0,280.0,337.0,False,MEDIUM,3.0,True,Ferrari,0 days 00:58:53.530000,,1,4.0,False,,False,True,2024-06,Miami Grand Prix,2024,6,2024-05-05,test,93.239,True,
0 days 01:02:00.018000,SAI,55,0 days 00:01:33.249000,4.0,1.0,,,0 days 00:00:31.712000,0 days 00:00:35.607000,0 days 00:00:25.930000,0 days 01:00:58.544000,0 days 01:01:34.151000,0 days 01:02:00.081000,208.0,182.0,280.0,331.0,False,MEDIUM,4.0,True,Ferrari,0 days 01:00:26.769000,,1,4.0,False,,False,True,2024-06,Miami Grand Prix,2024,6,2024-05-05,test,93.249,True,
0 days 01:03:33.587000,SAI,55,0 days 00:01:33.569000,5.0,1.0,,,0 days 00:00:31.913000,0 days 00:00:35.721000,0 days 00:00:25.935000,0 days 01:02:31.994000,0 days 01:03:07.715000,0 days 01:03:33.650000,209.0,182.0,283.0,322.0,False,MEDIUM,5.0,True,Ferrari,0 days 01:02:00.018000,,1,4.0,False,,False,True,2024-06,Miami Grand Prix,2024,6,2024-05-05,test,93.569,True,
0 days 01:05:06.498000,SAI,55,0 days 00:01:32.911000,6.0,1.0,,,0 days 00:00:31.560000,0 days 00:00:35.492000,0 days 00:00:25.859000,0 days 01:04:05.210000,0 days 01:04:40.702000,0 days 01:05:06.561000,209.0,182.0,281.0,331.0,True,MEDIUM,6.0,True,Ferrari,0 days 01:03:33.587000,,1,4.0,False,,False,True,2024-06,Miami Grand Prix,2024,6,2024-05-05,test,92.911,True,
0 days 01:06:39.919000,SAI,55,0 days 00:01:33.421000,7.0,1.0,,,0 days 00:00:31.885000,0 days 00:00:35.584000,0 days 00:00:25.952000,0 days 01:05:38.446000,0 days 01:06:14.030000,0 days 01:06:39.982000,212.0,182.0,280.0,332.0,False,MEDIUM,7.0,True,Ferrari,0 days 01:05:06.498000,,1,4.0,False,,False,True,2024-06,Miami Grand Prix,2024,6,2024-05-05,test,93.421,True,
0 days 01:08:13.258000,SAI,55,0 days 00:01:33.339000,8.0,1.0,,,0 days 00:00:31.778000,0 days 00:00:35.615000,0 days 00:00:25.946000,0 days 01:07:11.760000,0 days 01:07:47.375000,0 days 01:08:13.321000,208.0,181.0,279.0,333.0,False,MEDIUM,8.0,True,Ferrari,0 days 01:06:39.919000,,1,4.0,False,,False,True,2024-06,Miami Grand Prix,2024,6,2024-05-05,test,93.339,True,
0 days 01:09:46.336000,SAI,55,0 days 00:01:33.078000,9.0,1.0,,,0 days 00:00:31.982000,0 days 00:00:35.333000,0 days 00:00:25.763000,0 days 01:08:45.303000,0 days 01:09:20.636000,0 days 01:09:46.399000,208.0,182.0,280.0,334.0,False,MEDIUM,9.0,True,Ferrari,0 days 01:08:13.258000,,1,4.0,False,,False,True,2024-06,Miami Grand Prix,2024,6,2024-05-05,test,93.078,True,
0 days 01:11:19.670000,SAI,55,0 days 00:01:33.334000,10.0,1.0,,,0 days 00:00:31.791000,0 days 00:00:35.665000,0 days 00:00:25.878000,0 days 01:10:18.190000,0 days 01:10:53.855000,0 days 01:11:19.733000,210.0,181.0,280.0,333.0,False,MEDIUM,10.0,True,Ferrari,0 days 01:09:46.336000,,1,4.0,False,,False,True,2024-06,Miami Grand Prix,2024,6,2024-05-05,test,93.334,True,
0 days 01:12:53.025000,SAI,55,0 days 00:01:33.355000,11.0,1.0,,,0 days 00:00:31.966000,0 days 00:00:35.461000,0 days 00:00:25.928000,0 days 01:11:51.699000,0 days 01:12:27.160000,0 days 01:12:53.088000,208.0,182.0,280.0,332.0,False,MEDIUM,11.0,True,Ferrari,0 days 01:11:19.670000,,1,4.0,False,,False,True,2024-06,Miami Grand Prix,2024,6,2024-05-05,test,93.355,True,
0 days 01:14:26.178000,SAI,55,0 days 00:01:33.153000,12.0,1.0,,,0 days 00:00:31.771000,0 days 00:00:35.506000,0 days 00:00:25.876000,0 days 01:13:24.859000,0 days 01:14:00.365000,0 days 01:14:26.241000,208.0,182.0,279.0,330.0,False,MEDIUM,12.0,True,Ferrari,0 days 01:12:53.025000,,1,4.0,False,,False,True,2024-06,Miami Grand Prix,2024,6,2024-05-05,test,93.153,True,
0 days 01:15:59.783000,SAI,55,0 days 00:01:33.605000,13.0,1.0,,,0 days 00:00:31.622000,0 days 00:00:35.723000,0 days 00:00:26.260000,0 days 01:14:57.863000,0 days 01:15:33.586000,0 days 01:15:59.846000,209.0,182.0,275.0,331.0,False,MEDIUM,13.0,True,Ferrari,0 days 01:14:26.178000,,1,4.0,False,,False,True,2024-06,Miami Grand Prix,2024,6,2024-05-05,test,93.605,True,
0 days 01:17:32.775000,SAI,55,0 days 00:01:32.992000,14.0,1.0,,,0 days 00:00:31.618000,0 days 00:00:35.440000,0 days 00:00:25.934000,0 days 01:16:31.464000,0 days 01:17:06.904000,0 days 01:17:32.838000,208.0,182.0,276.0,329.0,False,MEDIUM,14.0,True,Ferrari,0 days 01:15:59.783000,,1,4.0,False,,False,True,2024-06,Miami Grand Prix,2024,6,2024-05-05,test,92.992,True,
0 days 01:19:05.894000,SAI,55,0 days 00:01:33.119000,15.0,1.0,,,0 days 00:00:31.434000,0 days 00:00:35.564000,0 days 00:00:26.121000,0 days 01:18:04.272000,0 days 01:18:39.836000,0 days 01:19:05.957000,210.0,184.0,276.0,314.0,False,MEDIUM,15.0,True,Ferrari,0 days 01:17:32.775000,,1,4.0,False,,False,True,2024-06,Miami Grand Prix,2024,6,2024-05-05,test,93.119,True,
0 days 01:20:39.139000,SAI,55,0 days 00:01:33.245000,16.0,1.0,,,0 days 00:00:31.665000,0 days 00:00:35.548000,0 days 00:00:26.032000,0 days 01:19:37.622000,0 days 01:20:13.170000,0 days 01:20:39.202000,209.0,183.0,276.0,314.0,False,MEDIUM,16.0,True,Ferrari,0 days 01:19:05.894000,,1,4.0,False,,False,True,2024-06,Miami Grand Prix,2024,6,2024-05-05,test,93.245,True,
0 days 01:22:12.369000,SAI,55,0 days 00:01:33.230000,17.0,1.0,,,0 days 00:00:31.487000,0 days 00:00:35.669000,0 days 00:00:26.074000,0 days 01:21:10.689000,0 days 01:21:46.358000,0 days 01:22:12.432000,208.0,182.0,272.0,314.0,False,MEDIUM,17.0,True,Ferrari,0 days 01:20:39.139000,,1,4.0,False,,False,True,2024-06,Miami Grand Prix,2024,6,2024-05-05,test,93.23,True,
0 days 01:23:45.434000,SAI,55,0 days 00:01:33.065000,18.0,1.0,,,0 days 00:00:31.464000,0 days 00:00:35.501000,0 days 00:00:26.100000,0 days 01:22:43.896000,0 days 01:23:19.397000,0 days 01:23:45.497000,212.0,183.0,274.0,315.0,False,MEDIUM,18.0,True,Ferrari,0 days 01:22:12.369000,,1,4.0,False,,False,True,2024-06,Miami Grand Prix,2024,6,2024-05-05,test,93.065,True,
0 days 01:25:18.272000,SAI,55,0 days 00:01:32.838000,19.0,1.0,,,0 days 00:00:31.391000,0 days 00:00:35.420000,0 days 00:00:26.027000,0 days 01:24:16.888000,0 days 01:24:52.308000,0 days 01:25:18.335000,206.0,184.0,275.0,314.0,True,MEDIUM,19.0,True,Ferrari,0 days 01:23:45.434000,,1,3.0,False,,False,True,2024-06,Miami Grand Prix,2024,6,2024-05-05,test,92.838,True,
0 days 01:26:50.900000,SAI,55,0 days 00:01:32.628000,20.0,1.0,,,0 days 00:00:31.086000,0 days 00:00:35.543000,0 days 00:00:25.999000,0 days 01:25:49.421000,0 days 01:26:24.964000,0 days 01:26:50.963000,210.0,184.0,274.0,313.0,True,MEDIUM,20.0,True,Ferrari,0 days 01:25:18.272000,,1,3.0,False,,False,True,2024-06,Miami Grand Prix,2024,6,2024-05-05,test,92.628,True,
0 days 01:28:23.678000,SAI,55,0 days 00:01:32.778000,21.0,1.0,,,0 days 00:00:31.340000,0 days 00:00:35.457000,0 days 00:00:25.981000,0 days 01:27:22.303000,0 days 01:27:57.760000,0 days 01:28:23.741000,211.0,184.0,273.0,314.0,False,MEDIUM,21.0,True,Ferrari,0 days 01:26:50.900000,,1,3.0,False,,False,True,2024-06,Miami Grand Prix,2024,6,2024-05-05,test,92.778,True,
0 days 01:29:56.453000,SAI,55,0 days 00:01:32.775000,22.0,1.0,,,0 days 00:00:31.312000,0 days 00:00:35.440000,0 days 00:00:26.023000,0 days 01:28:55.053000,0 days 01:29:30.493000,0 days 01:29:56.516000,209.0,184.0,276.0,313.0,False,MEDIUM,22.0,True,Ferrari,0 days 01:28:23.678000,,1,3.0,False,,False,True,2024-06,Miami Grand Prix,2024,6,2024-05-05,test,92.775,True,
0 days 01:31:43.859000,SAI,55,0 days 00:01:47.406000,23.0,1.0,,,0 days 00:00:37.751000,0 days 00:00:43.619000,0 days 00:00:26.036000,0 days 01:30:34.267000,0 days 01:31:17.886000,0 days 01:31:43.922000,126.0,185.0,275.0,311.0,False,MEDIUM,23.0,True,Ferrari,0 days 01:29:56.453000,,167,3.0,False,,False,False,2024-06,Miami Grand Prix,2024,6,2024-05-05,test,107.406,False,not_green_only;timing_not_accurate
0 days 01:33:16.499000,SAI,55,0 days 00:01:32.640000,24.0,1.0,,,0 days 00:00:31.240000,0 days 00:00:35.346000,0 days 00:00:26.054000,0 days 01:32:15.162000,0 days 01:32:50.508000,0 days 01:33:16.562000,212.0,185.0,274.0,311.0,False,MEDIUM,24.0,True,Ferrari,0 days 01:31:43.859000,,1,2.0,False,,False,True,2024-06,Miami Grand Prix,2024,6,2024-05-05,test,92.64,True,
0 days 01:34:48.954000,SAI,55,0 days 00:01:32.455000,25.0,1.0,,,0 days 00:00:31.061000,0 days 00:00:35.433000,0 days 00:00:25.961000,0 days 01:33:47.623000,0 days 01:34:23.056000,0 days 01:34:49.017000,210.0,186.0,274.0,313.0,True,MEDIUM,25.0,True,Ferrari,0 days 01:33:16.499000,,1,2.0,False,,False,True,2024-06,Miami Grand Prix,2024,6,2024-05-05,test,92.455,True,
0 days 01:36:21.527000,SAI,55,0 days 00:01:32.573000,26.0,1.0,,,0 days 00:00:31.168000,0 days 00:00:35.372000,0 days 00:00:26.033000,0 days 01:35:20.185000,0 days 01:35:55.557000,0 days 01:36:21.590000,213.0,185.0,275.0,313.0,False,MEDIUM,26.0,True,Ferrari,0 days 01:34:48.954000,,1,2.0,False,,False,True,2024-06,Miami Grand Prix,2024,6,2024-05-05,test,92.573,True,
0 days 01:37:58.809000,SAI,55,0 days 00:01:37.282000,27.0,1.0,,0 days 01:37:53.348000,0 days 00:00:31.087000,0 days 00:00:35.237000,0 days 00:00:30.958000,0 days 01:36:52.677000,0 days 01:37:27.914000,0 days 01:37:58.872000,209.0,185.0,,320.0,False,MEDIUM,27.0,True,Ferrari,0 days 01:36:21.527000,,1,3.0,False,,False,False,2024-06,Miami Grand Prix,2024,6,2024-05-05,test,97.282,False,pit_in;timing_not_accurate
0 days 01:39:55.690000,SAI,55,0 days 00:01:56.881000,28.0,2.0,0 days 01:38:16.439000,,0 days 00:00:45.942000,0 days 00:00:35.086000,0 days 00:00:35.853000,0 days 01:38:44.814000,0 days 01:39:19.900000,0 days 01:39:55.753000,214.0,187.0,225.0,134.0,False,HARD,1.0,True,Ferrari,0 days 01:37:58.809000,,124,5.0,False,,False,False,2024-06,Miami Grand Prix,2024,6,2024-05-05,test,116.881,False,pit_out;not_green_only;timing_not_accurate
0 days 01:42:15.345000,SAI,55,0 days 00:02:19.655000,29.0,2.0,,,0 days 00:00:43.801000,0 days 00:00:55.387000,0 days 00:00:40.467000,0 days 01:40:39.554000,0 days 01:41:34.941000,0 days 01:42:15.408000,130.0,100.0,168.0,110.0,False,HARD,2.0,True,Ferrari,0 days 01:39:55.690000,,4,5.0,False,,False,False,2024-06,Miami Grand Prix,2024,6,2024-05-05,test,139.655,False,not_green_only;timing_not_accurate
0 days 01:44:23.021000,SAI,55,0 days 00:02:07.676000,30.0,2.0,,,0 days 00:00:57.895000,0 days 00:00:40.637000,0 days 00:00:29.144000,0 days 01:43:13.303000,0 days 01:43:53.940000,0 days 01:44:23.084000,157.0,168.0,243.0,278.0,False,HARD,3.0,True,Ferrari,0 days 01:42:15.345000,,4,5.0,False,,False,False,2024-06,Miami Grand Prix,2024,6,2024-05-05,test,127.676,False,not_green_only;timing_not_accurate
0 days 01:46:05.568000,SAI,55,0 days 00:01:42.547000,31.0,2.0,,,0 days 00:00:35.012000,0 days 00:00:38.812000,0 days 00:00:28.723000,0 days 01:44:58.096000,0 days 01:45:36.908000,0 days 01:46:05.631000,170.0,162.0,243.0,287.0,False,HARD,4.0,True,Ferrari,0 days 01:44:23.021000,,4,5.0,False,,False,False,2024-06,Miami Grand Prix,2024,6,2024-05-05,test,102.547,False,not_green_only;timing_not_accurate
0 days 01:48:34.311000,SAI,55,0 days 00:02:28.743000,32.0,2.0,,,0 days 00:00:54.578000,0 days 00:00:58.611000,0 days 00:00:35.554000,0 days 01:47:00.209000,0 days 01:47:58.820000,0 days 01:48:34.374000,104.0,126.0,276.0,147.0,False,HARD,5.0,True,Ferrari,0 days 01:46:05.568000,,41,5.0,False,,False,False,2024-06,Miami Grand Prix,2024,6,2024-05-05,test,148.743,False,not_green_only;timing_not_accurate
0 days 01:50:07.508000,SAI,55,0 days 00:01:33.197000,33.0,2.0,,,0 days 00:00:32.030000,0 days 00:00:35.338000,0 days 00:00:25.829000,0 days 01:49:06.404000,0 days 01:49:41.742000,0 days 01:50:07.571000,213.0,186.0,279.0,314.0,False,HARD,6.0,True,Ferrari,0 days 01:48:34.311000,,1,5.0,False,,False,True,2024-06,Miami Grand Prix,2024,6,2024-05-05,test,93.197,True,
0 days 01:51:39.617000,SAI,55,0 days 00:01:32.109000,34.0,2.0,,,0 days 00:00:31.166000,0 days 00:00:35.419000,0 days 00:00:25.524000,0 days 01:50:38.737000,0 days 01:51:14.156000,0 days 01:51:39.680000,213.0,185.0,282.0,331.0,False,HARD,7.0,True,Ferrari,0 days 01:50:07.508000,,1,5.0,True,TRACK LIMITS AT TURN 12 LAP 34 ,False,True,2024-06,Miami Grand Prix,2024,6,2024-05-05,test,92.109,False,deleted_or_unknown
0 days 01:53:11.040000,SAI,55,0 days 00:01:31.423000,35.0,2.0,,,0 days 00:00:30.940000,0 days 00:00:34.790000,0 days 00:00:25.693000,0 days 01:52:10.620000,0 days 01:52:45.410000,0 days 01:53:11.103000,211.0,186.0,283.0,330.0,True,HARD,8.0,True,Ferrari,0 days 01:51:39.617000,,1,5.0,False,,False,True,2024-06,Miami Grand Prix,2024,6,2024-05-05,test,91.423,True,
0 days 01:54:43.145000,SAI,55,0 days 00:01:32.105000,36.0,2.0,,,0 days 00:00:30.864000,0 days 00:00:35.547000,0 days 00:00:25.694000,0 days 01:53:41.967000,0 days 01:54:17.514000,0 days 01:54:43.208000,212.0,186.0,283.0,329.0,False,HARD,9.0,True,Ferrari,0 days 01:53:11.040000,,1,5.0,False,,False,True,2024-06,Miami Grand Prix,2024,6,2024-05-05,test,92.105,True,
0 days 01:56:15.460000,SAI,55,0 days 00:01:32.315000,37.0,2.0,,,0 days 00:00:31.775000,0 days 00:00:34.803000,0 days 00:00:25.737000,0 days 01:55:14.983000,0 days 01:55:49.786000,0 days 01:56:15.523000,210.0,186.0,283.0,329.0,False,HARD,10.0,True,Ferrari,0 days 01:54:43.145000,,1,5.0,False,,False,True,2024-06,Miami Grand Prix,2024,6,2024-05-05,test,92.315,True,
0 days 01:57:46.826000,SAI,55,0 days 00:01:31.366000,38.0,2.0,,,0 days 00:00:31.051000,0 days 00:00:34.705000,0 days 00:00:25.610000,0 days 01:56:46.574000,0 days 01:57:21.279000,0 days 01:57:46.889000,212.0,184.0,284.0,330.0,True,HARD,11.0,True,Ferrari,0 days 01:56:15.460000,,1,5.0,False,,False,True,2024-06,Miami Grand Prix,2024,6,2024-05-05,test,91.366,True,
0 days 01:59:19.024000,SAI,55,0 days 00:01:32.198000,39.0,2.0,,,0 days 00:00:31.004000,0 days 00:00:35.175000,0 days 00:00:26.019000,0 days 01:58:17.893000,0 days 01:58:53.068000,0 days 01:59:19.087000,214.0,185.0,276.0,344.0,False,HARD,12.0,True,Ferrari,0 days 01:57:46.826000,,1,4.0,False,,False,True,2024-06,Miami Grand Prix,2024,6,2024-05-05,test,92.198,True,
0 days 02:00:51.479000,SAI,55,0 days 00:01:32.455000,40.0,2.0,,,0 days 00:00:31.577000,0 days 00:00:35.058000,0 days 00:00:25.820000,0 days 01:59:50.664000,0 days 02:00:25.722000,0 days 02:00:51.542000,213.0,184.0,276.0,311.0,False,HARD,13.0,True,Ferrari,0 days 01:59:19.024000,,1,4.0,False,,False,True,2024-06,Miami Grand Prix,2024,6,2024-05-05,test,92.455,True,
0 days 02:02:23.485000,SAI,55,0 days 00:01:32.006000,41.0,2.0,,,0 days 00:00:30.761000,0 days 00:00:35.329000,0 days 00:00:25.916000,0 days 02:01:22.303000,0 days 02:01:57.632000,0 days 02:02:23.548000,216.0,186.0,275.0,310.0,False,HARD,14.0,True,Ferrari,0 days 02:00:51.479000,,1,4.0,False,,False,True,2024-06,Miami Grand Prix,2024,6,2024-05-05,test,92.006,True,
0 days 02:03:55.066000,SAI,55,0 days 00:01:31.581000,42.0,2.0,,,0 days 00:00:30.772000,0 days 00:00:34.914000,0 days 00:00:25.895000,0 days 02:02:54.320000,0 days 02:03:29.234000,0 days 02:03:55.129000,215.0,186.0,277.0,311.0,False,HARD,15.0,True,Ferrari,0 days 02:02:23.485000,,1,4.0,False,,False,True,2024-06,Miami Grand Prix,2024,6,2024-05-05,test,91.581,True,
0 days 02:05:26.118000,SAI,55,0 days 00:01:31.052000,43.0,2.0,,,0 days 00:00:30.556000,0 days 00:00:34.672000,0 days 00:00:25.824000,0 days 02:04:25.685000,0 days 02:05:00.357000,0 days 02:05:26.181000,214.0,186.0,276.0,312.0,True,HARD,16.0,True,Ferrari,0 days 02:03:55.066000,,1,4.0,False,,False,True,2024-06,Miami Grand Prix,2024,6,2024-05-05,test,91.052,True,
0 days 02:06:57.480000,SAI,55,0 days 00:01:31.362000,44.0,2.0,,,0 days 00:00:30.529000,0 days 00:00:34.996000,0 days 00:00:25.837000,0 days 02:05:56.710000,0 days 02:06:31.706000,0 days 02:06:57.543000,213.0,185.0,276.0,309.0,False,HARD,17.0,True,Ferrari,0 days 02:05:26.118000,,1,4.0,False,,False,True,2024-06,Miami Grand Prix,2024,6,2024-05-05,test,91.362,True,
0 days 02:08:28.981000,SAI,55,0 days 00:01:31.501000,45.0,2.0,,,0 days 00:00:30.650000,0 days 00:00:35.041000,0 days 00:00:25.810000,0 days 02:07:28.193000,0 days 02:08:03.234000,0 days 02:08:29.044000,213.0,186.0,275.0,308.0,False,HARD,18.0,True,Ferrari,0 days 02:06:57.480000,,1,4.0,False,,False,True,2024-06,Miami Grand Prix,2024,6,2024-05-05,test,91.501,True,
0 days 02:10:00.329000,SAI,55,0 days 00:01:31.348000,46.0,2.0,,,0 days 00:00:30.513000,0 days 00:00:35.070000,0 days 00:00:25.765000,0 days 02:08:59.557000,0 days 02:09:34.627000,0 days 02:10:00.392000,214.0,186.0,276.0,309.0,False,HARD,19.0,True,Ferrari,0 days 02:08:28.981000,,1,4.0,False,,False,True,2024-06,Miami Grand Prix,2024,6,2024-05-05,test,91.348,True,
0 days 02:11:31.852000,SAI,55,0 days 00:01:31.523000,47.0,2.0,,,0 days 00:00:30.635000,0 days 00:00:35.102000,0 days 00:00:25.786000,0 days 02:10:31.027000,0 days 02:11:06.129000,0 days 02:11:31.915000,214.0,186.0,277.0,312.0,False,HARD,20.0,True,Ferrari,0 days 02:10:00.329000,,1,4.0,False,,False,True,2024-06,Miami Grand Prix,2024,6,2024-05-05,test,91.523,True,
0 days 02:13:03.244000,SAI,55,0 days 00:01:31.392000,48.0,2.0,,,0 days 00:00:30.722000,0 days 00:00:34.880000,0 days 00:00:25.790000,0 days 02:12:02.637000,0 days 02:12:37.517000,0 days 02:13:03.307000,213.0,187.0,277.0,311.0,False,HARD,21.0,True,Ferrari,0 days 02:11:31.852000,,1,4.0,False,,False,True,2024-06,Miami Grand Prix,2024,6,2024-05-05,test,91.392,True,
0 days 02:14:34.659000,SAI,55,0 days 00:01:31.415000,49.0,2.0,,,0 days 00:00:30.516000,0 days 00:00:35.180000,0 days 00:00:25.719000,0 days 02:13:33.823000,0 days 02:14:09.003000,0 days 02:14:34.722000,211.0,186.0,278.0,311.0,False,HARD,22.0,True,Ferrari,0 days 02:13:03.244000,,1,4.0,False,,False,True,2024-06,Miami Grand Prix,2024,6,2024-05-05,test,91.415,True,
0 days 02:16:06.205000,SAI,55,0 days 00:01:31.546000,50.0,2.0,,,0 days 00:00:30.318000,0 days 00:00:35.095000,0 days 00:00:26.133000,0 days 02:15:05.040000,0 days 02:15:40.135000,0 days 02:16:06.268000,211.0,185.0,277.0,315.0,False,HARD,23.0,True,Ferrari,0 days 02:14:34.659000,,1,4.0,False,,False,True,2024-06,Miami Grand Prix,2024,6,2024-05-05,test,91.546,True,
0 days 02:17:37.244000,SAI,55,0 days 00:01:31.039000,51.0,2.0,,,0 days 00:00:30.511000,0 days 00:00:34.806000,0 days 00:00:25.722000,0 days 02:16:36.779000,0 days 02:17:11.585000,0 days 02:17:37.307000,213.0,186.0,279.0,315.0,True,HARD,24.0,True,Ferrari,0 days 02:16:06.205000,,1,4.0,False,,False,True,2024-06,Miami Grand Prix,2024,6,2024-05-05,test,91.039,True,
0 days 02:19:08.607000,SAI,55,0 days 00:01:31.363000,52.0,2.0,,,0 days 00:00:30.554000,0 days 00:00:35.048000,0 days 00:00:25.761000,0 days 02:18:07.861000,0 days 02:18:42.909000,0 days 02:19:08.670000,213.0,186.0,278.0,312.0,False,HARD,25.0,True,Ferrari,0 days 02:17:37.244000,,1,4.0,False,,False,True,2024-06,Miami Grand Prix,2024,6,2024-05-05,test,91.363,True,
0 days 02:20:40.174000,SAI,55,0 days 00:01:31.567000,53.0,2.0,,,0 days 00:00:30.472000,0 days 00:00:35.245000,0 days 00:00:25.850000,0 days 02:19:39.142000,0 days 02:20:14.387000,0 days 02:20:40.237000,211.0,185.0,279.0,315.0,False,HARD,26.0,True,Ferrari,0 days 02:19:08.607000,,1,4.0,False,,False,True,2024-06,Miami Grand Prix,2024,6,2024-05-05,test,91.567,True,
0 days 02:22:11.499000,SAI,55,0 days 00:01:31.325000,54.0,2.0,,,0 days 00:00:30.429000,0 days 00:00:35.075000,0 days 00:00:25.821000,0 days 02:21:10.666000,0 days 02:21:45.741000,0 days 02:22:11.562000,212.0,186.0,279.0,315.0,False,HARD,27.0,True,Ferrari,0 days 02:20:40.174000,,1,4.0,False,,False,True,2024-06,Miami Grand Prix,2024,6,2024-05-05,test,91.325,True,
0 days 02:23:42.427000,SAI,55,0 days 00:01:30.928000,55.0,2.0,,,0 days 00:00:30.417000,0 days 00:00:34.860000,0 days 00:00:25.651000,0 days 02:22:41.979000,0 days 02:23:16.839000,0 days 02:23:42.490000,214.0,186.0,280.0,318.0,True,HARD,28.0,True,Ferrari,0 days 02:22:11.499000,,1,4.0,False,,False,True,2024-06,Miami Grand Prix,2024,6,2024-05-05,test,90.928,True,
0 days 02:25:13.489000,SAI,55,0 days 00:01:31.062000,56.0,2.0,,,0 days 00:00:30.624000,0 days 00:00:34.782000,0 days 00:00:25.656000,0 days 02:24:13.114000,0 days 02:24:47.896000,0 days 02:25:13.552000,213.0,186.0,279.0,319.0,False,HARD,29.0,True,Ferrari,0 days 02:23:42.427000,,1,4.0,False,,False,True,2024-06,Miami Grand Prix,2024,6,2024-05-05,test,91.062,True,
0 days 02:26:44.589000,SAI,55,0 days 00:01:31.100000,57.0,2.0,,,0 days 00:00:30.573000,0 days 00:00:34.833000,0 days 00:00:25.694000,0 days 02:25:44.125000,0 days 02:26:18.958000,0 days 02:26:44.652000,212.0,186.0,279.0,317.0,False,HARD,30.0,True,Ferrari,0 days 02:25:13.489000,,1,4.0,False,,False,True,2024-06,Miami Grand Prix,2024,6,2024-05-05,test,91.1,True,
0 days 00:57:17.644000,VER,1,0 days 00:01:34.338000,1.0,1.0,,,,0 days 00:00:34.990000,0 days 00:00:26.211000,,0 days 00:56:51.618000,0 days 00:57:17.872000,213.0,184.0,271.0,305.0,False,MEDIUM,1.0,True,Red Bull Racing,0 days 00:55:43.028000,,1,1.0,False,,False,False,2024-06,Miami Grand Prix,2024,6,2024-05-05,test,94.338,False,opening_lap;timing_not_accurate
0 days 00:58:50.737000,VER,1,0 days 00:01:33.093000,2.0,1.0,,,0 days 00:00:31.455000,0 days 00:00:35.489000,0 days 00:00:26.149000,0 days 00:57:49.104000,0 days 00:58:24.593000,0 days 00:58:50.742000,209.0,183.0,272.0,303.0,True,MEDIUM,2.0,True,Red Bull Racing,0 days 00:57:17.644000,,1,1.0,False,,False,True,2024-06,Miami Grand Prix,2024,6,2024-05-05,test,93.093,True,
0 days 01:00:23.874000,VER,1,0 days 00:01:33.137000,3.0,1.0,,,0 days 00:00:31.551000,0 days 00:00:35.472000,0 days 00:00:26.114000,0 days 00:59:22.293000,0 days 00:59:57.765000,0 days 01:00:23.879000,211.0,183.0,272.0,309.0,False,MEDIUM,3.0,True,Red Bull Racing,0 days 00:58:50.737000,,1,1.0,False,,False,True,2024-06,Miami Grand Prix,2024,6,2024-05-05,test,93.137,True,
0 days 01:01:57.378000,VER,1,0 days 00:01:33.504000,4.0,1.0,,,0 days 00:00:31.508000,0 days 00:00:35.686000,0 days 00:00:26.310000,0 days 01:00:55.387000,0 days 01:01:31.073000,0 days 01:01:57.383000,208.0,181.0,273.0,309.0,False,MEDIUM,4.0,True,Red Bull Racing,0 days 01:00:23.874000,,1,1.0,False,,False,True,2024-06,Miami Grand Prix,2024,6,2024-05-05,test,93.504,True,
0 days 01:03:30.212000,VER,1,0 days 00:01:32.834000,5.0,1.0,,,0 days 00:00:31.318000,0 days 00:00:35.410000,0 days 00:00:26.106000,0 days 01:02:28.701000,0 days 01:03:04.111000,0 days 01:03:30.217000,210.0,183.0,274.0,306.0,True,MEDIUM,5.0,True,Red Bull Racing,0 days 01:01:57.378000,,1,1.0,False,,False,True,2024-06,Miami Grand Prix,2024,6,2024-05-05,test,92.834,True,
0 days 01:05:03.151000,VER,1,0 days 00:01:32.939000,6.0,1.0,,,0 days 00:00:31.528000,0 days 00:00:35.395000,0 days 00:00:26.016000,0 days 01:04:01.745000,0 days 01:04:37.140000,0 days 01:05:03.156000,209.0,183.0,273.0,308.0,False,MEDIUM,6.0,True,Red Bull Racing,0 days 01:03:30.212000,,1,1.0,False,,False,True,2024-06,Miami Grand Prix,2024,6,2024-05-05,test,92.939,True,
0 days 01:06:36.046000,VER,1,0 days 00:01:32.895000,7.0,1.0,,,0 days 00:00:31.547000,0 days 00:00:35.239000,0 days 00:00:26.109000,0 days 01:05:34.703000,0 days 01:06:09.942000,0 days 01:06:36.051000,210.0,183.0,272.0,309.0,False,MEDIUM,7.0,True,Red Bull Racing,0 days 01:05:03.151000,,1,1.0,False,,False,True,2024-06,Miami Grand Prix,2024,6,2024-05-05,test,92.895,True,
0 days 01:08:08.884000,VER,1,0 days 00:01:32.838000,8.0,1.0,,,0 days 00:00:31.563000,0 days 00:00:35.266000,0 days 00:00:26.009000,0 days 01:07:07.614000,0 days 01:07:42.880000,0 days 01:08:08.889000,211.0,183.0,272.0,311.0,False,MEDIUM,8.0,True,Red Bull Racing,0 days 01:06:36.046000,,1,1.0,False,,False,True,2024-06,Miami Grand Prix,2024,6,2024-05-05,test,92.838,True,
0 days 01:09:42.173000,VER,1,0 days 00:01:33.289000,9.0,1.0,,,0 days 00:00:31.903000,0 days 00:00:35.254000,0 days 00:00:26.132000,0 days 01:08:40.792000,0 days 01:09:16.046000,0 days 01:09:42.178000,207.0,183.0,272.0,309.0,False,MEDIUM,9.0,True,Red Bull Racing,0 days 01:08:08.884000,,1,1.0,False,,False,True,2024-06,Miami Grand Prix,2024,6,2024-05-05,test,93.289,True,
0 days 01:11:15.440000,VER,1,0 days 00:01:33.267000,10.0,1.0,,,0 days 00:00:31.730000,0 days 00:00:35.448000,0 days 00:00:26.089000,0 days 01:10:13.908000,0 days 01:10:49.356000,0 days 01:11:15.445000,208.0,183.0,273.0,311.0,False,MEDIUM,10.0,True,Red Bull Racing,0 days 01:09:42.173000,,1,1.0,False,,False,True,2024-06,Miami Grand Prix,2024,6,2024-05-05,test,93.267,True,
0 days 01:12:48.941000,VER,1,0 days 00:01:33.501000,11.0,1.0,,,0 days 00:00:31.720000,0 days 00:00:35.573000,0 days 00:00:26.208000,0 days 01:11:47.165000,0 days 01:12:22.738000,0 days 01:12:48.946000,210.0,183.0,273.0,301.0,False,MEDIUM,11.0,True,Red Bull Racing,0 days 01:11:15.440000,,1,1.0,False,,False,True,2024-06,Miami Grand Prix,2024,6,2024-05-05,test,93.501,True,
0 days 01:14:22.038000,VER,1,0 days 00:01:33.097000,12.0,1.0,,,0 days 00:00:31.605000,0 days 00:00:35.354000,0 days 00:00:26.138000,0 days 01:13:20.551000,0 days 01:13:55.905000,0 days 01:14:22.043000,211.0,183.0,272.0,309.0,False,MEDIUM,12.0,True,Red Bull Racing,0 days 01:12:48.941000,,1,1.0,False,,False,True,2024-06,Miami Grand Prix,2024,6,2024-05-05,test,93.097,True,
0 days 01:15:55.167000,VER,1,0 days 00:01:33.129000,13.0,1.0,,,0 days 00:00:31.578000,0 days 00:00:35.441000,0 days 00:00:26.110000,0 days 01:14:53.621000,0 days 01:15:29.062000,0 days 01:15:55.172000,210.0,183.0,272.0,310.0,False,MEDIUM,13.0,True,Red Bull Racing,0 days 01:14:22.038000,,1,1.0,False,,False,True,2024-06,Miami Grand Prix,2024,6,2024-05-05,test,93.129,True,
0 days 01:17:28.085000,VER,1,0 days 00:01:32.918000,14.0,1.0,,,0 days 00:00:31.442000,0 days 00:00:35.397000,0 days 00:00:26.079000,0 days 01:16:26.614000,0 days 01:17:02.011000,0 days 01:17:28.090000,210.0,183.0,274.0,310.0,False,MEDIUM,14.0,True,Red Bull Racing,0 days 01:15:55.167000,,1,1.0,False,,False,True,2024-06,Miami Grand Prix,2024,6,2024-05-05,test,92.918,True,
0 days 01:19:00.892000,VER,1,0 days 00:01:32.807000,15.0,1.0,,,0 days 00:00:31.402000,0 days 00:00:35.279000,0 days 00:00:26.126000,0 days 01:17:59.492000,0 days 01:18:34.771000,0 days 01:19:00.897000,209.0,183.0,273.0,311.0,True,MEDIUM,15.0,True,Red Bull Racing,0 days 01:17:28.085000,,1,1.0,False,,False,True,2024-06,Miami Grand Prix,2024,6,2024-05-05,test,92.807,True,
0 days 01:20:33.641000,VER,1,0 days 00:01:32.749000,16.0,1.0,,,0 days 00:00:31.413000,0 days 00:00:35.262000,0 days 00:00:26.074000,0 days 01:19:32.310000,0 days 01:20:07.572000,0 days 01:20:33.646000,210.0,184.0,273.0,309.0,True,MEDIUM,16.0,True,Red Bull Racing,0 days 01:19:00.892000,,1,1.0,False,,False,True,2024-06,Miami Grand Prix,2024,6,2024-05-05,test,92.749,True,
0 days 01:22:06.561000,VER,1,0 days 00:01:32.920000,17.0,1.0,,,0 days 00:00:31.360000,0 days 00:00:35.419000,0 days 00:00:26.141000,0 days 01:21:05.006000,0 days 01:21:40.425000,0 days 01:22:06.566000,211.0,183.0,273.0,308.0,False,MEDIUM,17.0,True,Red Bull Racing,0 days 01:20:33.641000,,1,1.0,False,,False,True,2024-06,Miami Grand Prix,2024,6,2024-05-05,test,92.92,True,
0 days 01:23:39.583000,VER,1,0 days 00:01:33.022000,18.0,1.0,,,0 days 00:00:31.388000,0 days 00:00:35.398000,0 days 00:00:26.236000,0 days 01:22:37.954000,0 days 01:23:13.352000,0 days 01:23:39.588000,209.0,184.0,273.0,309.0,False,MEDIUM,18.0,True,Red Bull Racing,0 days 01:22:06.561000,,1,1.0,False,,False,True,2024-06,Miami Grand Prix,2024,6,2024-05-05,test,93.022,True,
0 days 01:25:12.251000,VER,1,0 days 00:01:32.668000,19.0,1.0,,,0 days 00:00:31.331000,0 days 00:00:35.313000,0 days 00:00:26.024000,0 days 01:24:10.919000,0 days 01:24:46.232000,0 days 01:25:12.256000,210.0,185.0,274.0,310.0,True,MEDIUM,19.0,True,Red Bull Racing,0 days 01:23:39.583000,,1,1.0,False,,False,True,2024-06,Miami Grand Prix,2024,6,2024-05-05,test,92.668,True,
0 days 01:26:44.781000,VER,1,0 days 00:01:32.530000,20.0,1.0,,,0 days 00:00:31.249000,0 days 00:00:35.307000,0 days 00:00:25.974000,0 days 01:25:43.505000,0 days 01:26:18.812000,0 days 01:26:44.786000,212.0,185.0,274.0,308.0,True,MEDIUM,20.0,True,Red Bull Racing,0 days 01:25:12.251000,,1,1.0,False,,False,True,2024-06,Miami Grand Prix,2024,6,2024-05-05,test,92.53,True,
0 days 01:28:17.707000,VER,1,0 days 00:01:32.926000,21.0,1.0,,,0 days 00:00:31.350000,0 days 00:00:35.491000,0 days 00:00:26.085000,0 days 01:27:16.136000,0 days 01:27:51.627000,0 days 01:28:17.712000,211.0,184.0,274.0,310.0,False,MEDIUM,21.0,True,Red Bull Racing,0 days 01:26:44.781000,,1,1.0,True,TRACK LIMITS AT TURN 15 LAP 21 ,False,True,2024-06,Miami Grand Prix,2024,6,2024-05-05,test,92.926,False,deleted_or_unknown
0 days 01:29:50.613000,VER,1,0 days 00:01:32.906000,22.0,1.0,,,0 days 00:00:31.387000,0 days 00:00:35.453000,0 days 00:00:26.066000,0 days 01:28:49.099000,0 days 01:29:24.552000,0 days 01:29:50.618000,212.0,184.0,275.0,310.0,False,MEDIUM,22.0,True,Red Bull Racing,0 days 01:28:17.707000,,1,1.0,False,,False,True,2024-06,Miami Grand Prix,2024,6,2024-05-05,test,92.906,True,
0 days 01:31:42.551000,VER,1,0 days 00:01:51.938000,23.0,1.0,,0 days 01:31:37.085000,0 days 00:00:34.111000,0 days 00:00:46.780000,0 days 00:00:31.047000,0 days 01:30:24.729000,0 days 01:31:11.509000,0 days 01:31:42.556000,83.0,179.0,,317.0,False,MEDIUM,23.0,True,Red Bull Racing,0 days 01:29:50.613000,,167,2.0,False,,False,False,2024-06,Miami Grand Prix,2024,6,2024-05-05,test,111.938,False,pit_in;not_green_only;timing_not_accurate
0 days 01:33:29.638000,VER,1,0 days 00:01:47.087000,24.0,2.0,0 days 01:31:59.334000,,0 days 00:00:45.854000,0 days 00:00:35.283000,0 days 00:00:25.950000,0 days 01:32:28.410000,0 days 01:33:03.693000,0 days 01:33:29.643000,211.0,185.0,274.0,307.0,False,HARD,1.0,True,Red Bull Racing,0 days 01:31:42.551000,,1,4.0,False,,False,False,2024-06,Miami Grand Prix,2024,6,2024-05-05,test,107.087,False,pit_out;timing_not_accurate
0 days 01:35:01.936000,VER,1,0 days 00:01:32.298000,25.0,2.0,,,0 days 00:00:31.146000,0 days 00:00:35.182000,0 days 00:00:25.970000,0 days 01:34:00.789000,0 days 01:34:35.971000,0 days 01:35:01.941000,212.0,186.0,275.0,309.0,True,HARD,2.0,True,Red Bull Racing,0 days 01:33:29.638000,,1,4.0,False,,False,True,2024-06,Miami Grand Prix,2024,6,2024-05-05,test,92.298,True,
0 days 01:36:34.346000,VER,1,0 days 00:01:32.410000,26.0,2.0,,,0 days 00:00:31.180000,0 days 00:00:35.194000,0 days 00:00:26.036000,0 days 01:35:33.121000,0 days 01:36:08.315000,0 days 01:36:34.351000,210.0,185.0,275.0,310.0,False,HARD,3.0,True,Red Bull Racing,0 days 01:35:01.936000,,1,4.0,False,,False,True,2024-06,Miami Grand Prix,2024,6,2024-05-05,test,92.41,True,
0 days 01:38:06.861000,VER,1,0 days 00:01:32.515000,27.0,2.0,,,0 days 00:00:31.060000,0 days 00:00:35.072000,0 days 00:00:26.383000,0 days 01:37:05.411000,0 days 01:37:40.483000,0 days 01:38:06.866000,213.0,185.0,275.0,310.0,False,HARD,4.0,True,Red Bull Racing,0 days 01:36:34.346000,,1,4.0,False,,False,True,2024-06,Miami Grand Prix,2024,6,2024-05-05,test,92.515,True,
0 days 01:39:46.237000,VER,1,0 days 00:01:39.376000,28.0,2.0,,,0 days 00:00:30.997000,0 days 00:00:35.165000,0 days 00:00:33.214000,0 days 01:38:37.863000,0 days 01:39:13.028000,0 days 01:39:46.242000,212.0,185.0,176.0,311.0,False,HARD,5.0,True,Red Bull Racing,0 days 01:38:06.861000,,124,2.0,False,,False,False,2024-06,Miami Grand Prix,2024,6,2024-05-05,test,99.376,False,not_green_only;timing_not_accurate
0 days 01:42:12.756000,VER,1,0 days 00:02:26.519000,29.0,2.0,,,0 days 00:00:48.739000,0 days 00:00:56.064000,0 days 00:00:41.716000,0 days 01:40:34.981000,0 days 01:41:31.045000,0 days 01:42:12.761000,110.0,149.0,164.0,125.0,False,HARD,6.0,True,Red Bull Racing,0 days 01:39:46.237000,,4,2.0,False,,False,False,2024-06,Miami Grand Prix,2024,6,2024-05-05,test,146.519,False,not_green_only;timing_not_accurate
0 days 01:44:17.176000,VER,1,0 days 00:02:04.420000,30.0,2.0,,,0 days 00:00:58.171000,0 days 00:00:37.695000,0 days 00:00:28.554000,0 days 01:43:10.932000,0 days 01:43:48.627000,0 days 01:44:17.181000,131.0,171.0,250.0,272.0,False,HARD,7.0,True,Red Bull Racing,0 days 01:42:12.756000,,4,2.0,False,,False,False,2024-06,Miami Grand Prix,2024,6,2024-05-05,test,124.42,False,not_green_only;timing_not_accurate
0 days 01:45:58.253000,VER,1,0 days 00:01:41.077000,31.0,2.0,,,0 days 00:00:36.388000,0 days 00:00:37.212000,0 days 00:00:27.477000,0 days 01:44:53.569000,0 days 01:45:30.781000,0 days 01:45:58.258000,206.0,179.0,235.0,291.0,False,HARD,8.0,True,Red Bull Racing,0 days 01:44:17.176000,,4,2.0,False,,False,False,2024-06,Miami Grand Prix,2024,6,2024-05-05,test,101.077,False,not_green_only;timing_not_accurate
0 days 01:48:33.320000,VER,1,,32.0,2.0,,,0 days 00:00:58.501000,0 days 00:00:58.369000,0 days 00:00:38.163000,0 days 01:46:56.938000,0 days 01:47:55.269000,0 days 01:48:33.461000,150.0,164.0,277.0,107.0,False,HARD,9.0,True,Red Bull Racing,0 days 01:45:58.253000,,41,2.0,False,,False,False,2024-06,Miami Grand Prix,2024,6,2024-05-05,test,,False,invalid_lap_time;not_green_only;timing_not_accurate
0 days 01:50:05.547000,VER,1,0 days 00:01:32.227000,33.0,2.0,,,0 days 00:00:31.596000,0 days 00:00:34.889000,0 days 00:00:25.742000,0 days 01:49:04.921000,0 days 01:49:39.810000,0 days 01:50:05.552000,213.0,185.0,277.0,313.0,True,HARD,10.0,True,Red Bull Racing,0 days 01:48:33.320000,,1,2.0,False,,False,True,2024-06,Miami Grand Prix,2024,6,2024-05-05,test,92.227,True,
0 days 01:51:37.158000,VER,1,0 days 00:01:31.611000,34.0,2.0,,,0 days 00:00:30.895000,0 days 00:00:34.877000,0 days 00:00:25.839000,0 days 01:50:36.447000,0 days 01:51:11.324000,0 days 01:51:37.163000,212.0,186.0,276.0,313.0,True,HARD,11.0,True,Red Bull Racing,0 days 01:50:05.547000,,1,2.0,False,,False,True,2024-06,Miami Grand Prix,2024,6,2024-05-05,test,91.611,True,
0 days 01:53:08.567000,VER,1,0 days 00:01:31.409000,35.0,2.0,,,0 days 00:00:30.803000,0 days 00:00:34.769000,0 days 00:00:25.837000,0 days 01:52:07.966000,0 days 01:52:42.735000,0 days 01:53:08.572000,211.0,185.0,277.0,314.0,True,HARD,12.0,True,Red Bull Racing,0 days 01:51:37.158000,,1,2.0,False,,False,True,2024-06,Miami Grand Prix,2024,6,2024-05-05,test,91.409,True,
0 days 01:54:40.023000,VER,1,0 days 00:01:31.456000,36.0,2.0,,,0 days 00:00:30.881000,0 days 00:00:34.840000,0 days 00:00:25.735000,0 days 01:53:39.453000,0 days 01:54:14.293000,0 days 01:54:40.028000,213.0,185.0,277.0,313.0,False,HARD,13.0,True,Red Bull Racing,0 days 01:53:08.567000,,1,2.0,False,,False,True,2024-06,Miami Grand Prix,2024,6,2024-05-05,test,91.456,True,
0 days 01:56:11.400000,VER,1,0 days 00:01:31.377000,37.0,2.0,,,0 days 00:00:30.791000,0 days 00:00:34.863000,0 days 00:00:25.723000,0 days 01:55:10.819000,0 days 01:55:45.682000,0 days 01:56:11.405000,213.0,186.0,277.0,314.0,True,HARD,14.0,True,Red Bull Racing,0 days 01:54:40.023000,,1,2.0,False,,False,True,2024-06,Miami Grand Prix,2024,6,2024-05-05,test,91.377,True,
0 days 01:57:42.926000,VER,1,0 days 00:01:31.526000,38.0,2.0,,,0 days 00:00:30.847000,0 days 00:00:34.938000,0 days 00:00:25.741000,0 days 01:56:42.252000,0 days 01:57:17.190000,0 days 01:57:42.931000,211.0,186.0,276.0,313.0,False,HARD,15.0,True,Red Bull Racing,0 days 01:56:11.400000,,1,2.0,False,,False,True,2024-06,Miami Grand Prix,2024,6,2024-05-05,test,91.526,True,
0 days 01:59:14.262000,VER,1,0 days 00:01:31.336000,39.0,2.0,,,0 days 00:00:30.814000,0 days 00:00:34.729000,0 days 00:00:25.793000,0 days 01:58:13.745000,0 days 01:58:48.474000,0 days 01:59:14.267000,213.0,185.0,276.0,313.0,True,HARD,16.0,True,Red Bull Racing,0 days 01:57:42.926000,,1,2.0,False,,False,True,2024-06,Miami Grand Prix,2024,6,2024-05-05,test,91.336,True,
0 days 02:00:45.749000,VER,1,0 days 00:01:31.487000,40.0,2.0,,,0 days 00:00:30.938000,0 days 00:00:34.881000,0 days 00:00:25.668000,0 days 01:59:45.205000,0 days 02:00:20.086000,0 days 02:00:45.754000,213.0,186.0,276.0,315.0,False,HARD,17.0,True,Red Bull Racing,0 days 01:59:14.262000,,1,2.0,False,,False,True,2024-06,Miami Grand Prix,2024,6,2024-05-05,test,91.487,True,
0 days 02:02:17.124000,VER,1,0 days 00:01:31.375000,41.0,2.0,,,0 days 00:00:30.793000,0 days 00:00:34.854000,0 days 00:00:25.728000,0 days 02:01:16.547000,0 days 02:01:51.401000,0 days 02:02:17.129000,211.0,187.0,276.0,313.0,False,HARD,18.0,True,Red Bull Racing,0 days 02:00:45.749000,,1,2.0,False,,False,True,2024-06,Miami Grand Prix,2024,6,2024-05-05,test,91.375,True,
0 days 02:03:48.579000,VER,1,0 days 00:01:31.455000,42.0,2.0,,,0 days 00:00:30.890000,0 days 00:00:34.778000,0 days 00:00:25.787000,0 days 02:02:48.019000,0 days 02:03:22.797000,0 days 02:03:48.584000,214.0,187.0,277.0,313.0,False,HARD,19.0,True,Red Bull Racing,0 days 02:02:17.124000,,1,2.0,False,,False,True,2024-06,Miami Grand Prix,2024,6,2024-05-05,test,91.455,True,
0 days 02:05:20.014000,VER,1,0 days 00:01:31.435000,43.0,2.0,,,0 days 00:00:30.842000,0 days 00:00:34.871000,0 days 00:00:25.722000,0 days 02:04:19.426000,0 days 02:04:54.297000,0 days 02:05:20.019000,214.0,186.0,277.0,314.0,False,HARD,20.0,True,Red Bull Racing,0 days 02:03:48.579000,,1,2.0,False,,False,True,2024-06,Miami Grand Prix,2024,6,2024-05-05,test,91.435,True,
0 days 02:06:51.466000,VER,1,0 days 00:01:31.452000,44.0,2.0,,,0 days 00:00:30.814000,0 days 00:00:34.908000,0 days 00:00:25.730000,0 days 02:05:50.833000,0 days 02:06:25.741000,0 days 02:06:51.471000,215.0,186.0,278.0,315.0,False,HARD,21.0,True,Red Bull Racing,0 days 02:05:20.014000,,1,2.0,False,,False,True,2024-06,Miami Grand Prix,2024,6,2024-05-05,test,91.452,True,
0 days 02:08:23.003000,VER,1,0 days 00:01:31.537000,45.0,2.0,,,0 days 00:00:30.840000,0 days 00:00:34.912000,0 days 00:00:25.785000,0 days 02:07:22.311000,0 days 02:07:57.223000,0 days 02:08:23.008000,214.0,187.0,276.0,313.0,False,HARD,22.0,True,Red Bull Racing,0 days 02:06:51.466000,,1,2.0,False,,False,True,2024-06,Miami Grand Prix,2024,6,2024-05-05,test,91.537,True,
0 days 02:09:54.791000,VER,1,0 days 00:01:31.788000,46.0,2.0,,,0 days 00:00:30.951000,0 days 00:00:35.099000,0 days 00:00:25.738000,0 days 02:08:53.959000,0 days 02:09:29.058000,0 days 02:09:54.796000,214.0,187.0,277.0,314.0,False,HARD,23.0,True,Red Bull Racing,0 days 02:08:23.003000,,1,2.0,False,,False,True,2024-06,Miami Grand Prix,2024,6,2024-05-05,test,91.788,True,
0 days 02:11:26.304000,VER,1,0 days 00:01:31.513000,47.0,2.0,,,0 days 00:00:30.859000,0 days 00:00:34.977000,0 days 00:00:25.677000,0 days 02:10:25.655000,0 days 02:11:00.632000,0 days 02:11:26.309000,212.0,187.0,277.0,313.0,False,HARD,24.0,True,Red Bull Racing,0 days 02:09:54.791000,,1,2.0,False,,False,True,2024-06,Miami Grand Prix,2024,6,2024-05-05,test,91.513,True,
0 days 02:12:57.565000,VER,1,0 days 00:01:31.261000,48.0,2.0,,,0 days 00:00:30.775000,0 days 00:00:34.797000,0 days 00:00:25.689000,0 days 02:11:57.084000,0 days 02:12:31.881000,0 days 02:12:57.570000,216.0,187.0,277.0,313.0,True,HARD,25.0,True,Red Bull Racing,0 days 02:11:26.304000,,1,2.0,False,,False,True,2024-06,Miami Grand Prix,2024,6,2024-05-05,test,91.261,True,
0 days 02:14:29.162000,VER,1,0 days 00:01:31.597000,49.0,2.0,,,0 days 00:00:30.695000,0 days 00:00:35.124000,0 days 00:00:25.778000,0 days 02:13:28.265000,0 days 02:14:03.389000,0 days 02:14:29.167000,215.0,185.0,278.0,313.0,False,HARD,26.0,True,Red Bull Racing,0 days 02:12:57.565000,,1,2.0,False,,False,True,2024-06,Miami Grand Prix,2024,6,2024-05-05,test,91.597,True,
0 days 02:16:00.500000,VER,1,0 days 00:01:31.338000,50.0,2.0,,,0 days 00:00:30.531000,0 days 00:00:35.085000,0 days 00:00:25.722000,0 days 02:14:59.698000,0 days 02:15:34.783000,0 days 02:16:00.505000,215.0,187.0,278.0,314.0,False,HARD,27.0,True,Red Bull Racing,0 days 02:14:29.162000,,1,2.0,False,,False,True,2024-06,Miami Grand Prix,2024,6,2024-05-05,test,91.338,True,
0 days 02:17:31.784000,VER,1,0 days 00:01:31.284000,51.0,2.0,,,0 days 00:00:30.587000,0 days 00:00:34.980000,0 days 00:00:25.717000,0 days 02:16:31.092000,0 days 02:17:06.072000,0 days 02:17:31.789000,214.0,188.0,279.0,312.0,False,HARD,28.0,True,Red Bull Racing,0 days 02:16:00.500000,,1,2.0,False,,False,True,2024-06,Miami Grand Prix,2024,6,2024-05-05,test,91.284,True,
0 days 02:19:03.212000,VER,1,0 days 00:01:31.428000,52.0,2.0,,,0 days 00:00:30.619000,0 days 00:00:35.113000,0 days 00:00:25.696000,0 days 02:18:02.408000,0 days 02:18:37.521000,0 days 02:19:03.217000,212.0,186.0,277.0,311.0,False,HARD,29.0,True,Red Bull Racing,0 days 02:17:31.784000,,1,2.0,False,,False,True,2024-06,Miami Grand Prix,2024,6,2024-05-05,test,91.428,True,
0 days 02:20:34.685000,VER,1,0 days 00:01:31.473000,53.0,2.0,,,0 days 00:00:30.632000,0 days 00:00:35.137000,0 days 00:00:25.704000,0 days 02:19:33.849000,0 days 02:20:08.986000,0 days 02:20:34.690000,213.0,186.0,279.0,313.0,False,HARD,30.0,True,Red Bull Racing,0 days 02:19:03.212000,,1,2.0,False,,False,True,2024-06,Miami Grand Prix,2024,6,2024-05-05,test,91.473,True,
0 days 02:22:06.231000,VER,1,0 days 00:01:31.546000,54.0,2.0,,,0 days 00:00:30.627000,0 days 00:00:35.090000,0 days 00:00:25.829000,0 days 02:21:05.317000,0 days 02:21:40.407000,0 days 02:22:06.236000,216.0,188.0,278.0,312.0,False,HARD,31.0,True,Red Bull Racing,0 days 02:20:34.685000,,1,2.0,False,,False,True,2024-06,Miami Grand Prix,2024,6,2024-05-05,test,91.546,True,
0 days 02:23:37.639000,VER,1,0 days 00:01:31.408000,55.0,2.0,,,0 days 00:00:30.725000,0 days 00:00:34.948000,0 days 00:00:25.735000,0 days 02:22:36.961000,0 days 02:23:11.909000,0 days 02:23:37.644000,214.0,188.0,279.0,314.0,False,HARD,32.0,True,Red Bull Racing,0 days 02:22:06.231000,,1,2.0,False,,False,True,2024-06,Miami Grand Prix,2024,6,2024-05-05,test,91.408,True,
0 days 02:25:09.129000,VER,1,0 days 00:01:31.490000,56.0,2.0,,,0 days 00:00:30.749000,0 days 00:00:34.993000,0 days 00:00:25.748000,0 days 02:24:08.393000,0 days 02:24:43.386000,0 days 02:25:09.134000,215.0,188.0,279.0,311.0,False,HARD,33.0,True,Red Bull Racing,0 days 02:23:37.639000,,1,2.0,False,,False,True,2024-06,Miami Grand Prix,2024,6,2024-05-05,test,91.49,True,
0 days 02:26:40.828000,VER,1,0 days 00:01:31.699000,57.0,2.0,,,0 days 00:00:30.817000,0 days 00:00:35.101000,0 days 00:00:25.781000,0 days 02:25:39.951000,0 days 02:26:15.052000,0 days 02:26:40.833000,215.0,188.0,275.0,313.0,False,HARD,34.0,True,Red Bull Racing,0 days 02:25:09.129000,,1,2.0,False,,False,True,2024-06,Miami Grand Prix,2024,6,2024-05-05,test,91.699,True,
0 days 00:57:03.961000,HAM,44,0 days 00:01:27.111000,1.0,1.0,,,,0 days 00:00:29.112000,0 days 00:00:27.601000,,0 days 00:56:36.529000,0 days 00:57:04.177000,215.0,254.0,278.0,279.0,False,MEDIUM,1.0,True,Mercedes,0 days 00:55:36.608000,,1,7.0,False,,False,False,2024-07,Emilia Romagna Grand Prix,2024,7,2024-05-19,test,87.111,False,opening_lap;timing_not_accurate
0 days 00:58:25.802000,HAM,44,0 days 00:01:21.841000,2.0,1.0,,,0 days 00:00:25.975000,0 days 00:00:28.537000,0 days 00:00:27.329000,0 days 00:57:29.957000,0 days 00:57:58.494000,0 days 00:58:25.823000,215.0,254.0,278.0,280.0,True,MEDIUM,2.0,True,Mercedes,0 days 00:57:03.961000,,1,7.0,False,,False,True,2024-07,Emilia Romagna Grand Prix,2024,7,2024-05-19,test,81.841,True,
0 days 00:59:47.024000,HAM,44,0 days 00:01:21.222000,3.0,1.0,,,0 days 00:00:25.398000,0 days 00:00:28.589000,0 days 00:00:27.235000,0 days 00:58:51.221000,0 days 00:59:19.810000,0 days 00:59:47.045000,213.0,251.0,276.0,282.0,True,MEDIUM,3.0,True,Mercedes,0 days 00:58:25.802000,,1,7.0,False,,False,True,2024-07,Emilia Romagna Grand Prix,2024,7,2024-05-19,test,81.222,True,
0 days 01:01:08.739000,HAM,44,0 days 00:01:21.715000,4.0,1.0,,,0 days 00:00:25.826000,0 days 00:00:28.580000,0 days 00:00:27.309000,0 days 01:00:12.871000,0 days 01:00:41.451000,0 days 01:01:08.760000,215.0,252.0,276.0,282.0,False,MEDIUM,4.0,True,Mercedes,0 days 00:59:47.024000,,1,7.0,False,,False,True,2024-07,Emilia Romagna Grand Prix,2024,7,2024-05-19,test,81.715,True,
0 days 01:02:30.283000,HAM,44,0 days 00:01:21.544000,5.0,1.0,,,0 days 00:00:25.532000,0 days 00:00:28.695000,0 days 00:00:27.317000,0 days 01:01:34.292000,0 days 01:02:02.987000,0 days 01:02:30.304000,211.0,247.0,276.0,280.0,False,MEDIUM,5.0,True,Mercedes,0 days 01:01:08.739000,,1,7.0,False,,False,True,2024-07,Emilia Romagna Grand Prix,2024,7,2024-05-19,test,81.544,True,
0 days 01:03:51.852000,HAM,44,0 days 00:01:21.569000,6.0,1.0,,,0 days 00:00:25.783000,0 days 00:00:28.501000,0 days 00:00:27.285000,0 days 01:02:56.087000,0 days 01:03:24.588000,0 days 01:03:51.873000,213.0,253.0,276.0,284.0,False,MEDIUM,6.0,True,Mercedes,0 days 01:02:30.283000,,1,7.0,False,,False,True,2024-07,Emilia Romagna Grand Prix,2024,7,2024-05-19,test,81.569,True,
0 days 01:05:13.298000,HAM,44,0 days 00:01:21.446000,7.0,1.0,,,0 days 00:00:25.820000,0 days 00:00:28.323000,0 days 00:00:27.303000,0 days 01:04:17.693000,0 days 01:04:46.016000,0 days 01:05:13.319000,214.0,251.0,276.0,285.0,False,MEDIUM,7.0,True,Mercedes,0 days 01:03:51.852000,,1,7.0,False,,False,True,2024-07,Emilia Romagna Grand Prix,2024,7,2024-05-19,test,81.446,True,
0 days 01:06:34.891000,HAM,44,0 days 00:01:21.593000,8.0,1.0,,,0 days 00:00:25.803000,0 days 00:00:28.446000,0 days 00:00:27.344000,0 days 01:05:39.122000,0 days 01:06:07.568000,0 days 01:06:34.912000,212.0,249.0,277.0,284.0,False,MEDIUM,8.0,True,Mercedes,0 days 01:05:13.298000,,1,7.0,False,,False,True,2024-07,Emilia Romagna Grand Prix,2024,7,2024-05-19,test,81.593,True,
0 days 01:07:56.401000,HAM,44,0 days 00:01:21.510000,9.0,1.0,,,0 days 00:00:25.861000,0 days 00:00:28.431000,0 days 00:00:27.218000,0 days 01:07:00.773000,0 days 01:07:29.204000,0 days 01:07:56.422000,216.0,254.0,277.0,286.0,False,MEDIUM,9.0,True,Mercedes,0 days 01:06:34.891000,,1,7.0,False,,False,True,2024-07,Emilia Romagna Grand Prix,2024,7,2024-05-19,test,81.51,True,
0 days 01:09:17.945000,HAM,44,0 days 00:01:21.544000,10.0,1.0,,,0 days 00:00:25.769000,0 days 00:00:28.407000,0 days 00:00:27.368000,0 days 01:08:22.191000,0 days 01:08:50.598000,0 days 01:09:17.966000,213.0,255.0,277.0,283.0,False,MEDIUM,10.0,True,Mercedes,0 days 01:07:56.401000,,1,7.0,False,,False,True,2024-07,Emilia Romagna Grand Prix,2024,7,2024-05-19,test,81.544,True,
0 days 01:10:39.417000,HAM,44,0 days 00:01:21.472000,11.0,1.0,,,0 days 00:00:25.435000,0 days 00:00:28.661000,0 days 00:00:27.376000,0 days 01:09:43.401000,0 days 01:10:12.062000,0 days 01:10:39.438000,213.0,251.0,277.0,283.0,False,MEDIUM,11.0,True,Mercedes,0 days 01:09:17.945000,,1,7.0,False,,False,True,2024-07,Emilia Romagna Grand Prix,2024,7,2024-05-19,test,81.472,True,
0 days 01:12:01.173000,HAM,44,0 days 00:01:21.756000,12.0,1.0,,,0 days 00:00:25.880000,0 days 00:00:28.577000,0 days 00:00:27.299000,0 days 01:11:05.318000,0 days 01:11:33.895000,0 days 01:12:01.194000,213.0,252.0,277.0,284.0,False,MEDIUM,12.0,True,Mercedes,0 days 01:10:39.417000,,1,7.0,False,,False,True,2024-07,Emilia Romagna Grand Prix,2024,7,2024-05-19,test,81.756,True,
0 days 01:13:22.940000,HAM,44,0 days 00:01:21.767000,13.0,1.0,,,0 days 00:00:25.890000,0 days 00:00:28.581000,0 days 00:00:27.296000,0 days 01:12:27.084000,0 days 01:12:55.665000,0 days 01:13:22.961000,213.0,252.0,277.0,289.0,False,MEDIUM,13.0,True,Mercedes,0 days 01:12:01.173000,,1,7.0,False,,False,True,2024-07,Emilia Romagna Grand Prix,2024,7,2024-05-19,test,81.767,True,
0 days 01:14:45.020000,HAM,44,0 days 00:01:22.080000,14.0,1.0,,,0 days 00:00:25.910000,0 days 00:00:28.530000,0 days 00:00:27.640000,0 days 01:13:48.871000,0 days 01:14:17.401000,0 days 01:14:45.041000,208.0,251.0,275.0,283.0,False,MEDIUM,14.0,True,Mercedes,0 days 01:13:22.940000,,1,7.0,False,,False,True,2024-07,Emilia Romagna Grand Prix,2024,7,2024-05-19,test,82.08,True,
0 days 01:16:06.749000,HAM,44,0 days 00:01:21.729000,15.0,1.0,,,0 days 00:00:25.736000,0 days 00:00:28.561000,0 days 00:00:27.432000,0 days 01:15:10.777000,0 days 01:15:39.338000,0 days 01:16:06.770000,214.0,255.0,278.0,286.0,False,MEDIUM,15.0,True,Mercedes,0 days 01:14:45.020000,,1,7.0,False,,False,True,2024-07,Emilia Romagna Grand Prix,2024,7,2024-05-19,test,81.729,True,
0 days 01:17:28.948000,HAM,44,0 days 00:01:22.199000,16.0,1.0,,,0 days 00:00:25.837000,0 days 00:00:28.614000,0 days 00:00:27.748000,0 days 01:16:32.607000,0 days 01:17:01.221000,0 days 01:17:28.969000,213.0,252.0,278.0,284.0,False,MEDIUM,16.0,True,Mercedes,0 days 01:16:06.749000,,1,7.0,False,,False,True,2024-07,Emilia Romagna Grand Prix,2024,7,2024-05-19,test,82.199,True,
0 days 01:18:50.794000,HAM,44,0 days 00:01:21.846000,17.0,1.0,,,0 days 00:00:25.745000,0 days 00:00:28.459000,0 days 00:00:27.642000,0 days 01:17:54.714000,0 days 01:18:23.173000,0 days 01:18:50.815000,214.0,253.0,276.0,285.0,False,MEDIUM,17.0,True,Mercedes,0 days 01:17:28.948000,,1,7.0,False,,False,True,2024-07,Emilia Romagna Grand Prix,2024,7,2024-05-19,test,81.846,True,
0 days 01:20:12.814000,HAM,44,0 days 00:01:22.020000,18.0,1.0,,,0 days 00:00:25.940000,0 days 00:00:28.628000,0 days 00:00:27.452000,0 days 01:19:16.755000,0 days 01:19:45.383000,0 days 01:20:12.835000,211.0,253.0,278.0,285.0,False,MEDIUM,18.0,True,Mercedes,0 days 01:18:50.794000,,1,7.0,False,,False,True,2024-07,Emilia Romagna Grand Prix,2024,7,2024-05-19,test,82.02,True,
0 days 01:21:34.788000,HAM,44,0 days 00:01:21.974000,19.0,1.0,,,0 days 00:00:25.799000,0 days 00:00:28.617000,0 days 00:00:27.558000,0 days 01:20:38.634000,0 days 01:21:07.251000,0 days 01:21:34.809000,214.0,253.0,277.0,284.0,False,MEDIUM,19.0,True,Mercedes,0 days 01:20:12.814000,,1,7.0,False,,False,True,2024-07,Emilia Romagna Grand Prix,2024,7,2024-05-19,test,81.974,True,
0 days 01:22:57.010000,HAM,44,0 days 00:01:22.222000,20.0,1.0,,,0 days 00:00:25.837000,0 days 00:00:28.636000,0 days 00:00:27.749000,0 days 01:22:00.646000,0 days 01:22:29.282000,0 days 01:22:57.031000,213.0,253.0,275.0,286.0,False,MEDIUM,20.0,True,Mercedes,0 days 01:21:34.788000,,1,7.0,False,,False,True,2024-07,Emilia Romagna Grand Prix,2024,7,2024-05-19,test,82.222,True,
0 days 01:24:19.285000,HAM,44,0 days 00:01:22.275000,21.0,1.0,,,0 days 00:00:25.983000,0 days 00:00:28.650000,0 days 00:00:27.642000,0 days 01:23:23.014000,0 days 01:23:51.664000,0 days 01:24:19.306000,212.0,252.0,278.0,287.0,False,MEDIUM,21.0,True,Mercedes,0 days 01:22:57.010000,,1,6.0,False,,False,True,2024-07,Emilia Romagna Grand Prix,2024,7,2024-05-19,test,82.275,True,
0 days 01:25:41.131000,HAM,44,0 days 00:01:21.846000,22.0,1.0,,,0 days 00:00:25.746000,0 days 00:00:28.636000,0 days 00:00:27.464000,0 days 01:24:45.052000,0 days 01:25:13.688000,0 days 01:25:41.152000,212.0,253.0,277.0,282.0,False,MEDIUM,22.0,True,Mercedes,0 days 01:24:19.285000,,1,6.0,False,,False,True,2024-07,Emilia Romagna Grand Prix,2024,7,2024-05-19,test,81.846,True,
0 days 01:27:02.692000,HAM,44,0 days 00:01:21.561000,23.0,1.0,,,0 days 00:00:25.730000,0 days 00:00:28.493000,0 days 00:00:27.338000,0 days 01:26:06.882000,0 days 01:26:35.375000,0 days 01:27:02.713000,216.0,254.0,277.0,284.0,False,MEDIUM,23.0,True,Mercedes,0 days 01:25:41.131000,,1,5.0,False,,False,True,2024-07,Emilia Romagna Grand Prix,2024,7,2024-05-19,test,81.561,True,
0 days 01:28:25.037000,HAM,44,0 days 00:01:22.345000,24.0,1.0,,,0 days 00:00:25.735000,0 days 00:00:29.206000,0 days 00:00:27.404000,0 days 01:27:28.448000,0 days 01:27:57.654000,0 days 01:28:25.058000,212.0,253.0,277.0,283.0,False,MEDIUM,24.0,True,Mercedes,0 days 01:27:02.692000,,1,4.0,False,,False,True,2024-07,Emilia Romagna Grand Prix,2024,7,2024-05-19,test,82.345,True,
0 days 01:29:46.529000,HAM,44,0 days 00:01:21.492000,25.0,1.0,,,0 days 00:00:25.732000,0 days 00:00:28.516000,0 days 00:00:27.244000,0 days 01:28:50.790000,0 days 01:29:19.306000,0 days 01:29:46.550000,215.0,255.0,278.0,285.0,False,MEDIUM,25.0,True,Mercedes,0 days 01:28:25.037000,,1,3.0,False,,False,True,2024-07,Emilia Romagna Grand Prix,2024,7,2024-05-19,test,81.492,True,
0 days 01:31:12.875000,HAM,44,0 days 00:01:26.346000,26.0,1.0,,,0 days 00:00:25.873000,0 days 00:00:32.145000,0 days 00:00:28.328000,0 days 01:30:12.423000,0 days 01:30:44.568000,0 days 01:31:12.896000,213.0,213.0,277.0,291.0,False,MEDIUM,26.0,True,Mercedes,0 days 01:29:46.529000,,1,2.0,True,TRACK LIMITS AT TURN 13 LAP 26 ,False,True,2024-07,Emilia Romagna Grand Prix,2024,7,2024-05-19,test,86.346,False,deleted_or_unknown
0 days 01:32:39.090000,HAM,44,0 days 00:01:26.215000,27.0,1.0,,0 days 01:32:34.729000,0 days 00:00:25.439000,0 days 00:00:28.833000,0 days 00:00:31.943000,0 days 01:31:38.335000,0 days 01:32:07.168000,0 days 01:32:39.111000,210.0,245.0,,278.0,False,MEDIUM,27.0,True,Mercedes,0 days 01:31:12.875000,,1,3.0,False,,False,False,2024-07,Emilia Romagna Grand Prix,2024,7,2024-05-19,test,86.215,False,pit_in;timing_not_accurate
0 days 01:34:22.496000,HAM,44,0 days 00:01:43.406000,28.0,2.0,0 days 01:33:04.332000,,0 days 00:00:48.223000,0 days 00:00:28.219000,0 days 00:00:26.964000,0 days 01:33:27.334000,0 days 01:33:55.553000,0 days 01:34:22.517000,213.0,254.0,277.0,280.0,False,HARD,1.0,True,Mercedes,0 days 01:32:39.090000,,1,9.0,False,,False,False,2024-07,Emilia Romagna Grand Prix,2024,7,2024-05-19,test,103.406,False,pit_out;timing_not_accurate
0 days 01:35:43.089000,HAM,44,0 days 00:01:20.593000,29.0,2.0,,,0 days 00:00:25.505000,0 days 00:00:28.123000,0 days 00:00:26.965000,0 days 01:34:48.022000,0 days 01:35:16.145000,0 days 01:35:43.110000,217.0,253.0,277.0,282.0,True,HARD,2.0,True,Mercedes,0 days 01:34:22.496000,,1,9.0,False,,False,True,2024-07,Emilia Romagna Grand Prix,2024,7,2024-05-19,test,80.593,True,
0 days 01:37:03.675000,HAM,44,0 days 00:01:20.586000,30.0,2.0,,,0 days 00:00:25.537000,0 days 00:00:28.089000,0 days 00:00:26.960000,0 days 01:36:08.647000,0 days 01:36:36.736000,0 days 01:37:03.696000,215.0,252.0,279.0,284.0,True,HARD,3.0,True,Mercedes,0 days 01:35:43.089000,,1,9.0,False,,False,True,2024-07,Emilia Romagna Grand Prix,2024,7,2024-05-19,test,80.586,True,
0 days 01:38:25.412000,HAM,44,0 days 00:01:21.737000,31.0,2.0,,,0 days 00:00:25.692000,0 days 00:00:28.674000,0 days 00:00:27.371000,0 days 01:37:29.388000,0 days 01:37:58.062000,0 days 01:38:25.433000,214.0,256.0,276.0,284.0,False,HARD,4.0,True,Mercedes,0 days 01:37:03.675000,,1,8.0,False,,False,True,2024-07,Emilia Romagna Grand Prix,2024,7,2024-05-19,test,81.737,True,
0 days 01:39:46.572000,HAM,44,0 days 00:01:21.160000,32.0,2.0,,,0 days 00:00:25.670000,0 days 00:00:28.300000,0 days 00:00:27.190000,0 days 01:38:51.103000,0 days 01:39:19.403000,0 days 01:39:46.593000,214.0,252.0,278.0,282.0,False,HARD,5.0,True,Mercedes,0 days 01:38:25.412000,,1,8.0,False,,False,True,2024-07,Emilia Romagna Grand Prix,2024,7,2024-05-19,test,81.16,True,
0 days 01:41:07.514000,HAM,44,0 days 00:01:20.942000,33.0,2.0,,,0 days 00:00:25.705000,0 days 00:00:28.188000,0 days 00:00:27.049000,0 days 01:40:12.298000,0 days 01:40:40.486000,0 days 01:41:07.535000,216.0,257.0,279.0,285.0,False,HARD,6.0,True,Mercedes,0 days 01:39:46.572000,,1,8.0,False,,False,True,2024-07,Emilia Romagna Grand Prix,2024,7,2024-05-19,test,80.942,True,
0 days 01:42:28.478000,HAM,44,0 days 00:01:20.964000,34.0,2.0,,,0 days 00:00:25.570000,0 days 00:00:28.263000,0 days 00:00:27.131000,0 days 01:41:33.105000,0 days 01:42:01.368000,0 days 01:42:28.499000,218.0,257.0,282.0,287.0,False,HARD,7.0,True,Mercedes,0 days 01:41:07.514000,,1,8.0,False,,False,True,2024-07,Emilia Romagna Grand Prix,2024,7,2024-05-19,test,80.964,True,
0 days 01:43:50.643000,HAM,44,0 days 00:01:22.165000,35.0,2.0,,,0 days 00:00:25.728000,0 days 00:00:28.898000,0 days 00:00:27.539000,0 days 01:42:54.227000,0 days 01:43:23.125000,0 days 01:43:50.664000,209.0,255.0,282.0,286.0,False,HARD,8.0,True,Mercedes,0 days 01:42:28.478000,,1,8.0,False,,False,True,2024-07,Emilia Romagna Grand Prix,2024,7,2024-05-19,test,82.165,True,
0 days 01:45:13.701000,HAM,44,0 days 00:01:23.058000,36.0,2.0,,,0 days 00:00:26.525000,0 days 00:00:28.968000,0 days 00:00:27.565000,0 days 01:44:17.189000,0 days 01:44:46.157000,0 days 01:45:13.722000,211.0,253.0,283.0,283.0,False,HARD,9.0,True,Mercedes,0 days 01:43:50.643000,,1,8.0,False,,False,True,2024-07,Emilia Romagna Grand Prix,2024,7,2024-05-19,test,83.058,True,
0 days 01:46:34.449000,HAM,44,0 days 00:01:20.748000,37.0,2.0,,,0 days 00:00:25.191000,0 days 00:00:28.360000,0 days 00:00:27.197000,0 days 01:45:38.913000,0 days 01:46:07.273000,0 days 01:46:34.470000,208.0,251.0,278.0,279.0,False,HARD,10.0,True,Mercedes,0 days 01:45:13.701000,,1,7.0,False,,False,True,2024-07,Emilia Romagna Grand Prix,2024,7,2024-05-19,test,80.748,True,
0 days 01:47:54.995000,HAM,44,0 days 00:01:20.546000,38.0,2.0,,,0 days 00:00:25.560000,0 days 00:00:28.108000,0 days 00:00:26.878000,0 days 01:47:00.030000,0 days 01:47:28.138000,0 days 01:47:55.016000,219.0,255.0,279.0,289.0,True,HARD,11.0,True,Mercedes,0 days 01:46:34.449000,,1,7.0,False,,False,True,2024-07,Emilia Romagna Grand Prix,2024,7,2024-05-19,test,80.546,True,
0 days 01:49:15.672000,HAM,44,0 days 00:01:20.677000,39.0,2.0,,,0 days 00:00:25.642000,0 days 00:00:28.132000,0 days 00:00:26.903000,0 days 01:48:20.658000,0 days 01:48:48.790000,0 days 01:49:15.693000,217.0,256.0,280.0,285.0,False,HARD,12.0,True,Mercedes,0 days 01:47:54.995000,,1,7.0,False,,False,True,2024-07,Emilia Romagna Grand Prix,2024,7,2024-05-19,test,80.677,True,
0 days 01:50:36.509000,HAM,44,0 days 00:01:20.837000,40.0,2.0,,,0 days 00:00:25.587000,0 days 00:00:28.161000,0 days 00:00:27.089000,0 days 01:49:41.280000,0 days 01:50:09.441000,0 days 01:50:36.530000,214.0,252.0,279.0,281.0,False,HARD,13.0,True,Mercedes,0 days 01:49:15.672000,,1,7.0,False,,False,True,2024-07,Emilia Romagna Grand Prix,2024,7,2024-05-19,test,80.837,True,
0 days 01:51:57.148000,HAM,44,0 days 00:01:20.639000,41.0,2.0,,,0 days 00:00:25.484000,0 days 00:00:28.126000,0 days 00:00:27.029000,0 days 01:51:02.014000,0 days 01:51:30.140000,0 days 01:51:57.169000,216.0,255.0,278.0,282.0,False,HARD,14.0,True,Mercedes,0 days 01:50:36.509000,,1,7.0,False,,False,True,2024-07,Emilia Romagna Grand Prix,2024,7,2024-05-19,test,80.639,True,
0 days 01:53:17.582000,HAM,44,0 days 00:01:20.434000,42.0,2.0,,,0 days 00:00:25.547000,0 days 00:00:27.982000,0 days 00:00:26.905000,0 days 01:52:22.716000,0 days 01:52:50.698000,0 days 01:53:17.603000,216.0,256.0,280.0,285.0,True,HARD,15.0,True,Mercedes,0 days 01:51:57.148000,,1,7.0,False,,False,True,2024-07,Emilia Romagna Grand Prix,2024,7,2024-05-19,test,80.434,True,
0 days 01:54:37.913000,HAM,44,0 days 00:01:20.331000,43.0,2.0,,,0 days 00:00:25.443000,0 days 00:00:27.961000,0 days 00:00:26.927000,0 days 01:53:43.046000,0 days 01:54:11.007000,0 days 01:54:37.934000,218.0,258.0,281.0,285.0,True,HARD,16.0,True,Mercedes,0 days 01:53:17.582000,,1,7.0,False,,False,True,2024-07,Emilia Romagna Grand Prix,2024,7,2024-05-19,test,80.331,True,
0 days 01:55:58.756000,HAM,44,0 days 00:01:20.843000,44.0,2.0,,,0 days 00:00:25.507000,0 days 00:00:28.267000,0 days 00:00:27.069000,0 days 01:55:03.441000,0 days 01:55:31.708000,0 days 01:55:58.777000,206.0,258.0,280.0,284.0,False,HARD,17.0,True,Mercedes,0 days 01:54:37.913000,,1,7.0,False,,False,True,2024-07,Emilia Romagna Grand Prix,2024,7,2024-05-19,test,80.843,True,
0 days 01:57:19.337000,HAM,44,0 days 00:01:20.581000,45.0,2.0,,,0 days 00:00:25.454000,0 days 00:00:28.199000,0 days 00:00:26.928000,0 days 01:56:24.231000,0 days 01:56:52.430000,0 days 01:57:19.358000,213.0,257.0,280.0,285.0,False,HARD,18.0,True,Mercedes,0 days 01:55:58.756000,,1,7.0,False,,False,True,2024-07,Emilia Romagna Grand Prix,2024,7,2024-05-19,test,80.581,True,
0 days 01:58:40.281000,HAM,44,0 days 00:01:20.944000,46.0,2.0,,,0 days 00:00:25.593000,0 days 00:00:28.296000,0 days 00:00:27.055000,0 days 01:57:44.951000,0 days 01:58:13.247000,0 days 01:58:40.302000,211.0,258.0,280.0,287.0,False,HARD,19.0,True,Mercedes,0 days 01:57:19.337000,,1,7.0,False,,False,True,2024-07,Emilia Romagna Grand Prix,2024,7,2024-05-19,test,80.944,True,
0 days 02:00:01.350000,HAM,44,0 days 00:01:21.069000,47.0,2.0,,,0 days 00:00:25.578000,0 days 00:00:28.403000,0 days 00:00:27.088000,0 days 01:59:05.880000,0 days 01:59:34.283000,0 days 02:00:01.371000,214.0,257.0,280.0,284.0,False,HARD,20.0,True,Mercedes,0 days 01:58:40.281000,,1,7.0,False,,False,True,2024-07,Emilia Romagna Grand Prix,2024,7,2024-05-19,test,81.069,True,
0 days 02:01:22.271000,HAM,44,0 days 00:01:20.921000,48.0,2.0,,,0 days 00:00:25.556000,0 days 00:00:28.348000,0 days 00:00:27.017000,0 days 02:00:26.927000,0 days 02:00:55.275000,0 days 02:01:22.292000,212.0,255.0,280.0,283.0,False,HARD,21.0,True,Mercedes,0 days 02:00:01.350000,,1,7.0,False,,False,True,2024-07,Emilia Romagna Grand Prix,2024,7,2024-05-19,test,80.921,True,
0 days 02:02:43.453000,HAM,44,0 days 00:01:21.182000,49.0,2.0,,,0 days 00:00:25.576000,0 days 00:00:28.490000,0 days 00:00:27.116000,0 days 02:01:47.868000,0 days 02:02:16.358000,0 days 02:02:43.474000,216.0,256.0,280.0,286.0,False,HARD,22.0,True,Mercedes,0 days 02:01:22.271000,,1,7.0,False,,False,True,2024-07,Emilia Romagna Grand Prix,2024,7,2024-05-19,test,81.182,True,
0 days 02:04:04.151000,HAM,44,0 days 00:01:20.698000,50.0,2.0,,,0 days 00:00:25.379000,0 days 00:00:28.223000,0 days 00:00:27.096000,0 days 02:03:08.853000,0 days 02:03:37.076000,0 days 02:04:04.172000,216.0,255.0,281.0,284.0,False,HARD,23.0,True,Mercedes,0 days 02:02:43.453000,,1,7.0,False,,False,True,2024-07,Emilia Romagna Grand Prix,2024,7,2024-05-19,test,80.698,True,
0 days 02:05:24.927000,HAM,44,0 days 00:01:20.776000,51.0,2.0,,,0 days 00:00:25.481000,0 days 00:00:28.319000,0 days 00:00:26.976000,0 days 02:04:29.653000,0 days 02:04:57.972000,0 days 02:05:24.948000,218.0,258.0,281.0,287.0,False,HARD,24.0,True,Mercedes,0 days 02:04:04.151000,,1,7.0,False,,False,True,2024-07,Emilia Romagna Grand Prix,2024,7,2024-05-19,test,80.776,True,
0 days 02:06:46.103000,HAM,44,0 days 00:01:21.176000,52.0,2.0,,,0 days 00:00:25.580000,0 days 00:00:28.336000,0 days 00:00:27.260000,0 days 02:05:50.528000,0 days 02:06:18.864000,0 days 02:06:46.124000,215.0,257.0,282.0,287.0,False,HARD,25.0,True,Mercedes,0 days 02:05:24.927000,,1,6.0,False,,False,True,2024-07,Emilia Romagna Grand Prix,2024,7,2024-05-19,test,81.176,True,
0 days 02:08:07.518000,HAM,44,0 days 00:01:21.415000,53.0,2.0,,,0 days 00:00:25.781000,0 days 00:00:28.426000,0 days 00:00:27.208000,0 days 02:07:11.905000,0 days 02:07:40.331000,0 days 02:08:07.539000,211.0,258.0,280.0,286.0,False,HARD,26.0,True,Mercedes,0 days 02:06:46.103000,,1,6.0,False,,False,True,2024-07,Emilia Romagna Grand Prix,2024,7,2024-05-19,test,81.415,True,
0 days 02:09:28.359000,HAM,44,0 days 00:01:20.841000,54.0,2.0,,,0 days 00:00:25.607000,0 days 00:00:28.141000,0 days 00:00:27.093000,0 days 02:08:33.146000,0 days 02:09:01.287000,0 days 02:09:28.380000,216.0,259.0,281.0,286.0,False,HARD,27.0,True,Mercedes,0 days 02:08:07.518000,,1,6.0,False,,False,True,2024-07,Emilia Romagna Grand Prix,2024,7,2024-05-19,test,80.841,True,
0 days 02:10:49.386000,HAM,44,0 days 00:01:21.027000,55.0,2.0,,,0 days 00:00:25.617000,0 days 00:00:28.264000,0 days 00:00:27.146000,0 days 02:09:53.997000,0 days 02:10:22.261000,0 days 02:10:49.407000,213.0,257.0,282.0,284.0,False,HARD,28.0,True,Mercedes,0 days 02:09:28.359000,,1,6.0,False,,False,True,2024-07,Emilia Romagna Grand Prix,2024,7,2024-05-19,test,81.027,True,
0 days 02:12:10.683000,HAM,44,0 days 00:01:21.297000,56.0,2.0,,,0 days 00:00:25.576000,0 days 00:00:28.333000,0 days 00:00:27.388000,0 days 02:11:14.983000,0 days 02:11:43.316000,0 days 02:12:10.704000,215.0,260.0,282.0,288.0,False,HARD,29.0,True,Mercedes,0 days 02:10:49.386000,,1,6.0,False,,False,True,2024-07,Emilia Romagna Grand Prix,2024,7,2024-05-19,test,81.297,True,
0 days 02:13:32.347000,HAM,44,0 days 00:01:21.664000,57.0,2.0,,,0 days 00:00:25.560000,0 days 00:00:28.796000,0 days 00:00:27.308000,0 days 02:12:36.264000,0 days 02:13:05.060000,0 days 02:13:32.368000,214.0,259.0,283.0,287.0,False,HARD,30.0,True,Mercedes,0 days 02:12:10.683000,,1,6.0,False,,False,True,2024-07,Emilia Romagna Grand Prix,2024,7,2024-05-19,test,81.664,True,
0 days 02:14:53.908000,HAM,44,0 days 00:01:21.561000,58.0,2.0,,,0 days 00:00:25.581000,0 days 00:00:28.845000,0 days 00:00:27.135000,0 days 02:13:57.949000,0 days 02:14:26.794000,0 days 02:14:53.929000,213.0,255.0,278.0,283.0,False,HARD,31.0,True,Mercedes,0 days 02:13:32.347000,,1,6.0,False,,False,True,2024-07,Emilia Romagna Grand Prix,2024,7,2024-05-19,test,81.561,True,
0 days 02:16:14.557000,HAM,44,0 days 00:01:20.649000,59.0,2.0,,,0 days 00:00:25.552000,0 days 00:00:28.086000,0 days 00:00:27.011000,0 days 02:15:19.481000,0 days 02:15:47.567000,0 days 02:16:14.578000,217.0,258.0,279.0,285.0,False,HARD,32.0,True,Mercedes,0 days 02:14:53.908000,,1,6.0,False,,False,True,2024-07,Emilia Romagna Grand Prix,2024,7,2024-05-19,test,80.649,True,
0 days 02:17:35.186000,HAM,44,0 days 00:01:20.629000,60.0,2.0,,,0 days 00:00:25.539000,0 days 00:00:28.241000,0 days 00:00:26.849000,0 days 02:16:40.117000,0 days 02:17:08.358000,0 days 02:17:35.207000,218.0,257.0,280.0,286.0,False,HARD,33.0,True,Mercedes,0 days 02:16:14.557000,,1,6.0,False,,False,True,2024-07,Emilia Romagna Grand Prix,2024,7,2024-05-19,test,80.629,True,
0 days 02:18:55.912000,HAM,44,0 days 00:01:20.726000,61.0,2.0,,,0 days 00:00:25.481000,0 days 00:00:28.187000,0 days 00:00:27.058000,0 days 02:18:00.688000,0 days 02:18:28.875000,0 days 02:18:55.933000,216.0,256.0,279.0,284.0,False,HARD,34.0,True,Mercedes,0 days 02:17:35.186000,,1,6.0,False,,False,True,2024-07,Emilia Romagna Grand Prix,2024,7,2024-05-19,test,80.726,True,
0 days 02:20:16.557000,HAM,44,0 days 00:01:20.645000,62.0,2.0,,,0 days 00:00:25.562000,0 days 00:00:28.179000,0 days 00:00:26.904000,0 days 02:19:21.495000,0 days 02:19:49.674000,0 days 02:20:16.578000,220.0,258.0,279.0,293.0,False,HARD,35.0,True,Mercedes,0 days 02:18:55.912000,,1,6.0,False,,False,True,2024-07,Emilia Romagna Grand Prix,2024,7,2024-05-19,test,80.645,True,
0 days 02:21:37.206000,HAM,44,0 days 00:01:20.649000,63.0,2.0,,,0 days 00:00:25.518000,0 days 00:00:28.178000,0 days 00:00:26.953000,0 days 02:20:42.096000,0 days 02:21:10.274000,0 days 02:21:37.227000,216.0,259.0,277.0,285.0,False,HARD,36.0,True,Mercedes,0 days 02:20:16.557000,,1,6.0,False,,False,True,2024-07,Emilia Romagna Grand Prix,2024,7,2024-05-19,test,80.649,True,
0 days 00:57:01.430000,LEC,16,0 days 00:01:24.580000,1.0,1.0,,,,0 days 00:00:28.597000,0 days 00:00:27.068000,,0 days 00:56:34.619000,0 days 00:57:01.710000,213.0,250.0,279.0,282.0,False,MEDIUM,1.0,True,Ferrari,0 days 00:55:36.608000,,1,3.0,False,,False,False,2024-07,Emilia Romagna Grand Prix,2024,7,2024-05-19,test,84.58,False,opening_lap;timing_not_accurate
0 days 00:58:22.356000,LEC,16,0 days 00:01:20.926000,2.0,1.0,,,0 days 00:00:25.685000,0 days 00:00:28.145000,0 days 00:00:27.096000,0 days 00:57:27.183000,0 days 00:57:55.328000,0 days 00:58:22.424000,216.0,252.0,279.0,292.0,True,MEDIUM,2.0,True,Ferrari,0 days 00:57:01.430000,,1,3.0,False,,False,True,2024-07,Emilia Romagna Grand Prix,2024,7,2024-05-19,test,80.926,True,
0 days 00:59:43.287000,LEC,16,0 days 00:01:20.931000,3.0,1.0,,,0 days 00:00:25.573000,0 days 00:00:28.359000,0 days 00:00:26.999000,0 days 00:58:47.997000,0 days 00:59:16.356000,0 days 00:59:43.355000,210.0,251.0,277.0,283.0,False,MEDIUM,3.0,True,Ferrari,0 days 00:58:22.356000,,1,3.0,False,,False,True,2024-07,Emilia Romagna Grand Prix,2024,7,2024-05-19,test,80.931,True,
0 days 01:01:04.566000,LEC,16,0 days 00:01:21.279000,4.0,1.0,,,0 days 00:00:25.797000,0 days 00:00:28.442000,0 days 00:00:27.040000,0 days 01:00:09.152000,0 days 01:00:37.594000,0 days 01:01:04.634000,214.0,249.0,277.0,283.0,False,MEDIUM,4.0,True,Ferrari,0 days 00:59:43.287000,,1,3.0,False,,False,True,2024-07,Emilia Romagna Grand Prix,2024,7,2024-05-19,test,81.279,True,
0 days 01:02:25.688000,LEC,16,0 days 00:01:21.122000,5.0,1.0,,,0 days 00:00:25.717000,0 days 00:00:28.319000,0 days 00:00:27.086000,0 days 01:01:30.351000,0 days 01:01:58.670000,0 days 01:02:25.756000,213.0,251.0,277.0,287.0,False,MEDIUM,5.0,True,Ferrari,0 days 01:01:04.566000,,1,3.0,False,,False,True,2024-07,Emilia Romagna Grand Prix,2024,7,2024-05-19,test,81.122,True,
0 days 01:03:46.731000,LEC,16,0 days 00:01:21.043000,6.0,1.0,,,0 days 00:00:25.770000,0 days 00:00:28.344000,0 days 00:00:26.929000,0 days 01:02:51.526000,0 days 01:03:19.870000,0 days 01:03:46.799000,211.0,250.0,277.0,295.0,False,MEDIUM,6.0,True,Ferrari,0 days 01:02:25.688000,,1,3.0,False,,False,True,2024-07,Emilia Romagna Grand Prix,2024,7,2024-05-19,test,81.043,True,
0 days 01:05:07.756000,LEC,16,0 days 00:01:21.025000,7.0,1.0,,,0 days 00:00:25.716000,0 days 00:00:28.274000,0 days 00:00:27.035000,0 days 01:04:12.515000,0 days 01:04:40.789000,0 days 01:05:07.824000,212.0,250.0,277.0,286.0,False,MEDIUM,7.0,True,Ferrari,0 days 01:03:46.731000,,1,3.0,False,,False,True,2024-07,Emilia Romagna Grand Prix,2024,7,2024-05-19,test,81.025,True,
0 days 01:06:28.872000,LEC,16,0 days 00:01:21.116000,8.0,1.0,,,0 days 00:00:25.710000,0 days 00:00:28.225000,0 days 00:00:27.181000,0 days 01:05:33.534000,0 days 01:06:01.759000,0 days 01:06:28.940000,213.0,252.0,276.0,286.0,False,MEDIUM,8.0,True,Ferrari,0 days 01:05:07.756000,,1,3.0,False,,False,True,2024-07,Emilia Romagna Grand Prix,2024,7,2024-05-19,test,81.116,True,
0 days 01:07:50.087000,LEC,16,0 days 00:01:21.215000,9.0,1.0,,,0 days 00:00:25.758000,0 days 00:00:28.276000,0 days 00:00:27.181000,0 days 01:06:54.698000,0 days 01:07:22.974000,0 days 01:07:50.155000,212.0,250.0,277.0,286.0,False,MEDIUM,9.0,True,Ferrari,0 days 01:06:28.872000,,1,3.0,False,,False,True,2024-07,Emilia Romagna Grand Prix,2024,7,2024-05-19,test,81.215,True,
0 days 01:09:11.474000,LEC,16,0 days 00:01:21.387000,10.0,1.0,,,0 days 00:00:25.692000,0 days 00:00:28.440000,0 days 00:00:27.255000,0 days 01:08:15.847000,0 days 01:08:44.287000,0 days 01:09:11.542000,213.0,250.0,278.0,283.0,False,MEDIUM,10.0,True,Ferrari,0 days 01:07:50.087000,,1,3.0,False,,False,True,2024-07,Emilia Romagna Grand Prix,2024,7,2024-05-19,test,81.387,True,
0 days 01:10:32.621000,LEC,16,0 days 00:01:21.147000,11.0,1.0,,,0 days 00:00:25.707000,0 days 00:00:28.229000,0 days 00:00:27.211000,0 days 01:09:37.249000,0 days 01:10:05.478000,0 days 01:10:32.689000,215.0,252.0,278.0,284.0,False,MEDIUM,11.0,True,Ferrari,0 days 01:09:11.474000,,1,3.0,False,,False,True,2024-07,Emilia Romagna Grand Prix,2024,7,2024-05-19,test,81.147,True,
0 days 01:11:53.970000,LEC,16,0 days 00:01:21.349000,12.0,1.0,,,0 days 00:00:25.746000,0 days 00:00:28.344000,0 days 00:00:27.259000,0 days 01:10:58.435000,0 days 01:11:26.779000,0 days 01:11:54.038000,216.0,252.0,277.0,286.0,False,MEDIUM,12.0,True,Ferrari,0 days 01:10:32.621000,,1,3.0,False,,False,True,2024-07,Emilia Romagna Grand Prix,2024,7,2024-05-19,test,81.349,True,
0 days 01:13:15.412000,LEC,16,0 days 00:01:21.442000,13.0,1.0,,,0 days 00:00:25.803000,0 days 00:00:28.424000,0 days 00:00:27.215000,0 days 01:12:19.841000,0 days 01:12:48.265000,0 days 01:13:15.480000,215.0,251.0,278.0,286.0,False,MEDIUM,13.0,True,Ferrari,0 days 01:11:53.970000,,1,3.0,False,,False,True,2024-07,Emilia Romagna Grand Prix,2024,7,2024-05-19,test,81.442,True,
0 days 01:14:37.073000,LEC,16,0 days 00:01:21.661000,14.0,1.0,,,0 days 00:00:25.821000,0 days 00:00:28.457000,0 days 00:00:27.383000,0 days 01:13:41.301000,0 days 01:14:09.758000,0 days 01:14:37.141000,211.0,250.0,276.0,285.0,False,MEDIUM,14.0,True,Ferrari,0 days 01:13:15.412000,,1,3.0,False,,False,True,2024-07,Emilia Romagna Grand Prix,2024,7,2024-05-19,test,81.661,True,
0 days 01:15:58.537000,LEC,16,0 days 00:01:21.464000,15.0,1.0,,,0 days 00:00:25.827000,0 days 00:00:28.372000,0 days 00:00:27.265000,0 days 01:15:02.968000,0 days 01:15:31.340000,0 days 01:15:58.605000,214.0,255.0,279.0,295.0,False,MEDIUM,15.0,True,Ferrari,0 days 01:14:37.073000,,1,3.0,False,,False,True,2024-07,Emilia Romagna Grand Prix,2024,7,2024-05-19,test,81.464,True,
0 days 01:17:20.501000,LEC,16,0 days 00:01:21.964000,16.0,1.0,,,0 days 00:00:25.796000,0 days 00:00:28.573000,0 days 00:00:27.595000,0 days 01:16:24.401000,0 days 01:16:52.974000,0 days 01:17:20.569000,212.0,251.0,277.0,284.0,False,MEDIUM,16.0,True,Ferrari,0 days 01:15:58.537000,,1,3.0,False,,False,True,2024-07,Emilia Romagna Grand Prix,2024,7,2024-05-19,test,81.964,True,
0 days 01:18:42.215000,LEC,16,0 days 00:01:21.714000,17.0,1.0,,,0 days 00:00:25.807000,0 days 00:00:28.538000,0 days 00:00:27.369000,0 days 01:17:46.376000,0 days 01:18:14.914000,0 days 01:18:42.283000,213.0,251.0,277.0,285.0,False,MEDIUM,17.0,True,Ferrari,0 days 01:17:20.501000,,1,3.0,False,,False,True,2024-07,Emilia Romagna Grand Prix,2024,7,2024-05-19,test,81.714,True,
0 days 01:20:03.934000,LEC,16,0 days 00:01:21.719000,18.0,1.0,,,0 days 00:00:25.807000,0 days 00:00:28.573000,0 days 00:00:27.339000,,0 days 01:19:36.663000,0 days 01:20:04.002000,212.0,250.0,279.0,285.0,False,MEDIUM,18.0,True,Ferrari,0 days 01:18:42.215000,,1,3.0,False,,False,True,2024-07,Emilia Romagna Grand Prix,2024,7,2024-05-19,test,81.719,True,
0 days 01:21:25.606000,LEC,16,0 days 00:01:21.672000,19.0,1.0,,,0 days 00:00:25.867000,0 days 00:00:28.461000,0 days 00:00:27.344000,0 days 01:20:29.869000,0 days 01:20:58.330000,0 days 01:21:25.674000,213.0,253.0,276.0,295.0,False,MEDIUM,19.0,True,Ferrari,0 days 01:20:03.934000,,1,3.0,False,,False,True,2024-07,Emilia Romagna Grand Prix,2024,7,2024-05-19,test,81.672,True,
0 days 01:22:47.363000,LEC,16,0 days 00:01:21.757000,20.0,1.0,,,0 days 00:00:25.794000,0 days 00:00:28.464000,0 days 00:00:27.499000,0 days 01:21:51.468000,0 days 01:22:19.932000,0 days 01:22:47.431000,215.0,253.0,277.0,287.0,False,MEDIUM,20.0,True,Ferrari,0 days 01:21:25.606000,,1,3.0,False,,False,True,2024-07,Emilia Romagna Grand Prix,2024,7,2024-05-19,test,81.757,True,
0 days 01:24:09.032000,LEC,16,0 days 00:01:21.669000,21.0,1.0,,,0 days 00:00:25.857000,0 days 00:00:28.396000,0 days 00:00:27.416000,0 days 01:23:13.288000,0 days 01:23:41.684000,0 days 01:24:09.100000,215.0,254.0,278.0,288.0,False,MEDIUM,21.0,True,Ferrari,0 days 01:22:47.363000,,1,3.0,False,,False,True,2024-07,Emilia Romagna Grand Prix,2024,7,2024-05-19,test,81.669,True,
0 days 01:25:31.050000,LEC,16,0 days 00:01:22.018000,22.0,1.0,,,0 days 00:00:25.880000,0 days 00:00:28.604000,0 days 00:00:27.534000,0 days 01:24:34.980000,0 days 01:25:03.584000,0 days 01:25:31.118000,209.0,252.0,276.0,295.0,False,MEDIUM,22.0,True,Ferrari,0 days 01:24:09.032000,,1,2.0,False,,False,True,2024-07,Emilia Romagna Grand Prix,2024,7,2024-05-19,test,82.018,True,
0 days 01:26:52.993000,LEC,16,0 days 00:01:21.943000,23.0,1.0,,,0 days 00:00:26.057000,0 days 00:00:28.558000,0 days 00:00:27.328000,0 days 01:25:57.175000,0 days 01:26:25.733000,0 days 01:26:53.061000,211.0,250.0,277.0,283.0,False,MEDIUM,23.0,True,Ferrari,0 days 01:25:31.050000,,1,2.0,False,,False,True,2024-07,Emilia Romagna Grand Prix,2024,7,2024-05-19,test,81.943,True,
0 days 01:28:14.593000,LEC,16,0 days 00:01:21.600000,24.0,1.0,,,0 days 00:00:25.792000,0 days 00:00:28.496000,0 days 00:00:27.312000,0 days 01:27:18.853000,0 days 01:27:47.349000,0 days 01:28:14.661000,215.0,252.0,277.0,285.0,False,MEDIUM,24.0,True,Ferrari,0 days 01:26:52.993000,,1,2.0,False,,False,True,2024-07,Emilia Romagna Grand Prix,2024,7,2024-05-19,test,81.6,True,
0 days 01:29:40.616000,LEC,16,0 days 00:01:26.023000,25.0,1.0,,0 days 01:29:36.294000,0 days 00:00:25.762000,0 days 00:00:28.527000,0 days 00:00:31.734000,0 days 01:28:40.423000,0 days 01:29:08.950000,0 days 01:29:40.684000,215.0,251.0,,284.0,False,MEDIUM,25.0,True,Ferrari,0 days 01:28:14.593000,,1,2.0,False,,False,False,2024-07,Emilia Romagna Grand Prix,2024,7,2024-05-19,test,86.023,False,pit_in;timing_not_accurate
0 days 01:31:25.622000,LEC,16,0 days 00:01:45.006000,26.0,2.0,0 days 01:30:06.526000,,0 days 00:00:49.059000,0 days 00:00:28.385000,0 days 00:00:27.562000,0 days 01:30:29.743000,0 days 01:30:58.128000,0 days 01:31:25.690000,216.0,253.0,285.0,287.0,False,HARD,1.0,True,Ferrari,0 days 01:29:40.616000,,1,6.0,False,,False,False,2024-07,Emilia Romagna Grand Prix,2024,7,2024-05-19,test,105.006,False,pit_out;timing_not_accurate
0 days 01:32:45.557000,LEC,16,0 days 00:01:19.935000,27.0,2.0,,,0 days 00:00:25.221000,0 days 00:00:27.790000,0 days 00:00:26.924000,0 days 01:31:50.911000,0 days 01:32:18.701000,0 days 01:32:45.625000,215.0,254.0,279.0,283.0,True,HARD,2.0,True,Ferrari,0 days 01:31:25.622000,,1,5.0,False,,False,True,2024-07,Emilia Romagna Grand Prix,2024,7,2024-05-19,test,79.935,True,
0 days 01:34:06.485000,LEC,16,0 days 00:01:20.928000,28.0,2.0,,,0 days 00:00:25.853000,0 days 00:00:28.140000,0 days 00:00:26.935000,0 days 01:33:11.478000,0 days 01:33:39.618000,0 days 01:34:06.553000,215.0,252.0,278.0,293.0,False,HARD,3.0,True,Ferrari,0 days 01:32:45.557000,,1,3.0,False,,False,True,2024-07,Emilia Romagna Grand Prix,2024,7,2024-05-19,test,80.928,True,
0 days 01:35:26.987000,LEC,16,0 days 00:01:20.502000,29.0,2.0,,,0 days 00:00:25.598000,0 days 00:00:28.041000,0 days 00:00:26.863000,0 days 01:34:32.151000,0 days 01:35:00.192000,0 days 01:35:27.055000,216.0,252.0,278.0,285.0,False,HARD,4.0,True,Ferrari,0 days 01:34:06.485000,,1,3.0,False,,False,True,2024-07,Emilia Romagna Grand Prix,2024,7,2024-05-19,test,80.502,True,
0 days 01:36:47.413000,LEC,16,0 days 00:01:20.426000,30.0,2.0,,,0 days 00:00:25.590000,0 days 00:00:27.989000,0 days 00:00:26.847000,0 days 01:35:52.645000,0 days 01:36:20.634000,0 days 01:36:47.481000,218.0,253.0,278.0,295.0,False,HARD,5.0,True,Ferrari,0 days 01:35:26.987000,,1,3.0,False,,False,True,2024-07,Emilia Romagna Grand Prix,2024,7,2024-05-19,test,80.426,True,
0 days 01:38:08.357000,LEC,16,0 days 00:01:20.944000,31.0,2.0,,,0 days 00:00:25.705000,0 days 00:00:28.160000,0 days 00:00:27.079000,0 days 01:37:13.186000,0 days 01:37:41.346000,0 days 01:38:08.425000,216.0,250.0,277.0,283.0,False,HARD,6.0,True,Ferrari,0 days 01:36:47.413000,,1,3.0,False,,False,True,2024-07,Emilia Romagna Grand Prix,2024,7,2024-05-19,test,80.944,True,
0 days 01:39:29.002000,LEC,16,0 days 00:01:20.645000,32.0,2.0,,,0 days 00:00:25.649000,0 days 00:00:28.069000,0 days 00:00:26.927000,0 days 01:38:34.074000,0 days 01:39:02.143000,0 days 01:39:29.070000,213.0,252.0,278.0,285.0,False,HARD,7.0,True,Ferrari,0 days 01:38:08.357000,,1,3.0,False,,False,True,2024-07,Emilia Romagna Grand Prix,2024,7,2024-05-19,test,80.645,True,
0 days 01:40:49.591000,LEC,16,0 days 00:01:20.589000,33.0,2.0,,,0 days 00:00:25.646000,0 days 00:00:27.998000,0 days 00:00:26.945000,0 days 01:39:54.716000,0 days 01:40:22.714000,0 days 01:40:49.659000,214.0,253.0,279.0,286.0,False,HARD,8.0,True,Ferrari,0 days 01:39:29.002000,,1,3.0,False,,False,True,2024-07,Emilia Romagna Grand Prix,2024,7,2024-05-19,test,80.589,True,
0 days 01:42:10.317000,LEC,16,0 days 00:01:20.726000,34.0,2.0,,,0 days 00:00:25.619000,0 days 00:00:28.181000,0 days 00:00:26.926000,0 days 01:41:15.278000,0 days 01:41:43.459000,0 days 01:42:10.385000,214.0,254.0,279.0,287.0,False,HARD,9.0,True,Ferrari,0 days 01:40:49.591000,,1,3.0,False,,False,True,2024-07,Emilia Romagna Grand Prix,2024,7,2024-05-19,test,80.726,True,
0 days 01:43:31.129000,LEC,16,0 days 00:01:20.812000,35.0,2.0,,,0 days 00:00:25.666000,0 days 00:00:28.158000,0 days 00:00:26.988000,0 days 01:42:36.051000,0 days 01:43:04.209000,0 days 01:43:31.197000,213.0,253.0,278.0,286.0,False,HARD,10.0,True,Ferrari,0 days 01:42:10.317000,,1,3.0,False,,False,True,2024-07,Emilia Romagna Grand Prix,2024,7,2024-05-19,test,80.812,True,
0 days 01:44:51.691000,LEC,16,0 days 00:01:20.562000,36.0,2.0,,,0 days 00:00:25.563000,0 days 00:00:28.078000,0 days 00:00:26.921000,0 days 01:43:56.760000,0 days 01:44:24.838000,0 days 01:44:51.759000,218.0,254.0,281.0,287.0,False,HARD,11.0,True,Ferrari,0 days 01:43:31.129000,,1,3.0,False,,False,True,2024-07,Emilia Romagna Grand Prix,2024,7,2024-05-19,test,80.562,True,
0 days 01:46:12.051000,LEC,16,0 days 00:01:20.360000,37.0,2.0,,,0 days 00:00:25.378000,0 days 00:00:28.072000,0 days 00:00:26.910000,0 days 01:45:17.137000,0 days 01:45:45.209000,0 days 01:46:12.119000,217.0,255.0,281.0,286.0,False,HARD,12.0,True,Ferrari,0 days 01:44:51.691000,,1,3.0,False,,False,True,2024-07,Emilia Romagna Grand Prix,2024,7,2024-05-19,test,80.36,True,
0 days 01:47:32.245000,LEC,16,0 days 00:01:20.194000,38.0,2.0,,,0 days 00:00:25.351000,0 days 00:00:27.968000,0 days 00:00:26.875000,0 days 01:46:37.470000,0 days 01:47:05.438000,0 days 01:47:32.313000,218.0,255.0,281.0,288.0,False,HARD,13.0,True,Ferrari,0 days 01:46:12.051000,,1,3.0,False,,False,True,2024-07,Emilia Romagna Grand Prix,2024,7,2024-05-19,test,80.194,True,
0 days 01:48:52.752000,LEC,16,0 days 00:01:20.507000,39.0,2.0,,,0 days 00:00:25.483000,0 days 00:00:28.060000,0 days 00:00:26.964000,0 days 01:47:57.796000,0 days 01:48:25.856000,0 days 01:48:52.820000,218.0,255.0,281.0,287.0,False,HARD,14.0,True,Ferrari,0 days 01:47:32.245000,,1,3.0,False,,False,True,2024-07,Emilia Romagna Grand Prix,2024,7,2024-05-19,test,80.507,True,
0 days 01:50:13.334000,LEC,16,0 days 00:01:20.582000,40.0,2.0,,,0 days 00:00:25.464000,0 days 00:00:28.026000,0 days 00:00:27.092000,0 days 01:49:18.284000,0 days 01:49:46.310000,0 days 01:50:13.402000,216.0,255.0,280.0,288.0,False,HARD,15.0,True,Ferrari,0 days 01:48:52.752000,,1,3.0,False,,False,True,2024-07,Emilia Romagna Grand Prix,2024,7,2024-05-19,test,80.582,True,
0 days 01:51:34.262000,LEC,16,0 days 00:01:20.928000,41.0,2.0,,,0 days 00:00:25.484000,0 days 00:00:28.179000,0 days 00:00:27.265000,0 days 01:50:38.886000,0 days 01:51:07.065000,0 days 01:51:34.330000,216.0,254.0,282.0,289.0,False,HARD,16.0,True,Ferrari,0 days 01:50:13.334000,,1,3.0,False,,False,True,2024-07,Emilia Romagna Grand Prix,2024,7,2024-05-19,test,80.928,True,
0 days 01:52:54.502000,LEC,16,0 days 00:01:20.240000,42.0,2.0,,,0 days 00:00:25.149000,0 days 00:00:28.133000,0 days 00:00:26.958000,0 days 01:51:59.479000,0 days 01:52:27.612000,0 days 01:52:54.570000,219.0,258.0,282.0,297.0,False,HARD,17.0,True,Ferrari,0 days 01:51:34.262000,,1,3.0,False,,False,True,2024-07,Emilia Romagna Grand Prix,2024,7,2024-05-19,test,80.24,True,
0 days 01:54:15.444000,LEC,16,0 days 00:01:20.942000,43.0,2.0,,,0 days 00:00:25.404000,0 days 00:00:28.344000,0 days 00:00:27.194000,0 days 01:53:19.974000,0 days 01:53:48.318000,0 days 01:54:15.512000,214.0,256.0,283.0,297.0,False,HARD,18.0,True,Ferrari,0 days 01:52:54.502000,,1,3.0,False,,False,True,2024-07,Emilia Romagna Grand Prix,2024,7,2024-05-19,test,80.942,True,
0 days 01:55:36.146000,LEC,16,0 days 00:01:20.702000,44.0,2.0,,,0 days 00:00:25.218000,0 days 00:00:28.361000,0 days 00:00:27.123000,0 days 01:54:40.730000,0 days 01:55:09.091000,0 days 01:55:36.214000,215.0,253.0,282.0,286.0,False,HARD,19.0,True,Ferrari,0 days 01:54:15.444000,,1,3.0,False,,False,True,2024-07,Emilia Romagna Grand Prix,2024,7,2024-05-19,test,80.702,True,
0 days 01:56:56.577000,LEC,16,0 days 00:01:20.431000,45.0,2.0,,,0 days 00:00:25.276000,0 days 00:00:28.216000,0 days 00:00:26.939000,0 days 01:56:01.490000,0 days 01:56:29.706000,0 days 01:56:56.645000,210.0,257.0,282.0,298.0,False,HARD,20.0,True,Ferrari,0 days 01:55:36.146000,,1,3.0,False,,False,True,2024-07,Emilia Romagna Grand Prix,2024,7,2024-05-19,test,80.431,True,
0 days 01:58:17.173000,LEC,16,0 days 00:01:20.596000,46.0,2.0,,,0 days 00:00:25.252000,0 days 00:00:28.319000,0 days 00:00:27.025000,0 days 01:57:21.897000,0 days 01:57:50.216000,0 days 01:58:17.241000,213.0,254.0,282.0,296.0,False,HARD,21.0,True,Ferrari,0 days 01:56:56.577000,,1,3.0,False,,False,True,2024-07,Emilia Romagna Grand Prix,2024,7,2024-05-19,test,80.596,True,
0 days 01:59:38.486000,LEC,16,0 days 00:01:21.313000,47.0,2.0,,,0 days 00:00:25.256000,0 days 00:00:28.344000,0 days 00:00:27.713000,0 days 01:58:42.497000,0 days 01:59:10.841000,0 days 01:59:38.554000,215.0,255.0,281.0,286.0,False,HARD,22.0,True,Ferrari,0 days 01:58:17.173000,,1,3.0,True,TRACK LIMITS AT TURN 15 LAP 47 ,False,True,2024-07,Emilia Romagna Grand Prix,2024,7,2024-05-19,test,81.313,False,deleted_or_unknown
0 days 02:00:59.999000,LEC,16,0 days 00:01:21.513000,48.0,2.0,,,0 days 00:00:25.890000,0 days 00:00:28.543000,0 days 00:00:27.080000,0 days 02:00:04.444000,0 days 02:00:32.987000,0 days 02:01:00.067000,206.0,254.0,280.0,286.0,False,HARD,23.0,True,Ferrari,0 days 01:59:38.486000,,1,3.0,False,,False,True,2024-07,Emilia Romagna Grand Prix,2024,7,2024-05-19,test,81.513,True,
0 days 02:02:20.797000,LEC,16,0 days 00:01:20.798000,49.0,2.0,,,0 days 00:00:25.538000,0 days 00:00:28.178000,0 days 00:00:27.082000,0 days 02:01:25.605000,0 days 02:01:53.783000,0 days 02:02:20.865000,214.0,253.0,280.0,286.0,False,HARD,24.0,True,Ferrari,0 days 02:00:59.999000,,1,3.0,False,,False,True,2024-07,Emilia Romagna Grand Prix,2024,7,2024-05-19,test,80.798,True,
0 days 02:03:41.211000,LEC,16,0 days 00:01:20.414000,50.0,2.0,,,0 days 00:00:25.529000,0 days 00:00:28.005000,0 days 00:00:26.880000,0 days 02:02:46.394000,0 days 02:03:14.399000,0 days 02:03:41.279000,217.0,255.0,280.0,286.0,False,HARD,25.0,True,Ferrari,0 days 02:02:20.797000,,1,3.0,False,,False,True,2024-07,Emilia Romagna Grand Prix,2024,7,2024-05-19,test,80.414,True,
0 days 02:05:01.575000,LEC,16,0 days 00:01:20.364000,51.0,2.0,,,0 days 00:00:25.492000,0 days 00:00:27.991000,0 days 00:00:26.881000,0 days 02:04:06.771000,0 days 02:04:34.762000,0 days 02:05:01.643000,217.0,255.0,281.0,286.0,False,HARD,26.0,True,Ferrari,0 days 02:03:41.211000,,1,3.0,False,,False,True,2024-07,Emilia Romagna Grand Prix,2024,7,2024-05-19,test,80.364,True,
0 days 02:06:21.933000,LEC,16,0 days 00:01:20.358000,52.0,2.0,,,0 days 00:00:25.427000,0 days 00:00:28.048000,0 days 00:00:26.883000,0 days 02:05:27.070000,0 days 02:05:55.118000,0 days 02:06:22.001000,218.0,255.0,281.0,288.0,False,HARD,27.0,True,Ferrari,0 days 02:05:01.575000,,1,3.0,False,,False,True,2024-07,Emilia Romagna Grand Prix,2024,7,2024-05-19,test,80.358,True,
0 days 02:07:42.822000,LEC,16,0 days 00:01:20.889000,53.0,2.0,,,0 days 00:00:25.526000,0 days 00:00:28.400000,0 days 00:00:26.963000,0 days 02:06:47.527000,0 days 02:07:15.927000,0 days 02:07:42.890000,216.0,254.0,282.0,294.0,False,HARD,28.0,True,Ferrari,0 days 02:06:21.933000,,1,3.0,False,,False,True,2024-07,Emilia Romagna Grand Prix,2024,7,2024-05-19,test,80.889,True,
0 days 02:09:03.220000,LEC,16,0 days 00:01:20.398000,54.0,2.0,,,0 days 00:00:25.112000,0 days 00:00:28.194000,0 days 00:00:27.092000,0 days 02:08:08.002000,0 days 02:08:36.196000,0 days 02:09:03.288000,218.0,257.0,280.0,286.0,False,HARD,29.0,True,Ferrari,0 days 02:07:42.822000,,1,3.0,False,,False,True,2024-07,Emilia Romagna Grand Prix,2024,7,2024-05-19,test,80.398,True,
0 days 02:10:23.856000,LEC,16,0 days 00:01:20.636000,55.0,2.0,,,0 days 00:00:25.635000,0 days 00:00:28.092000,0 days 00:00:26.909000,0 days 02:09:28.923000,0 days 02:09:57.015000,0 days 02:10:23.924000,217.0,255.0,282.0,286.0,False,HARD,30.0,True,Ferrari,0 days 02:09:03.220000,,1,3.0,False,,False,True,2024-07,Emilia Romagna Grand Prix,2024,7,2024-05-19,test,80.636,True,
0 days 02:11:44.271000,LEC,16,0 days 00:01:20.415000,56.0,2.0,,,0 days 00:00:25.393000,0 days 00:00:28.095000,0 days 00:00:26.927000,0 days 02:10:49.317000,0 days 02:11:17.412000,0 days 02:11:44.339000,218.0,259.0,283.0,288.0,False,HARD,31.0,True,Ferrari,0 days 02:10:23.856000,,1,3.0,False,,False,True,2024-07,Emilia Romagna Grand Prix,2024,7,2024-05-19,test,80.415,True,
0 days 02:13:05.023000,LEC,16,0 days 00:01:20.752000,57.0,2.0,,,0 days 00:00:25.591000,0 days 00:00:28.196000,0 days 00:00:26.965000,0 days 02:12:09.930000,0 days 02:12:38.126000,0 days 02:13:05.091000,217.0,255.0,280.0,286.0,False,HARD,32.0,True,Ferrari,0 days 02:11:44.271000,,1,3.0,False,,False,True,2024-07,Emilia Romagna Grand Prix,2024,7,2024-05-19,test,80.752,True,
0 days 02:14:25.576000,LEC,16,0 days 00:01:20.553000,58.0,2.0,,,0 days 00:00:25.584000,0 days 00:00:28.164000,0 days 00:00:26.805000,0 days 02:13:30.675000,0 days 02:13:58.839000,0 days 02:14:25.644000,215.0,254.0,279.0,285.0,False,HARD,33.0,True,Ferrari,0 days 02:13:05.023000,,1,3.0,False,,False,True,2024-07,Emilia Romagna Grand Prix,2024,7,2024-05-19,test,80.553,True,
0 days 02:15:46.082000,LEC,16,0 days 00:01:20.506000,59.0,2.0,,,0 days 00:00:25.505000,0 days 00:00:28.061000,0 days 00:00:26.940000,0 days 02:14:51.149000,0 days 02:15:19.210000,0 days 02:15:46.150000,217.0,255.0,280.0,286.0,False,HARD,34.0,True,Ferrari,0 days 02:14:25.576000,,1,3.0,False,,False,True,2024-07,Emilia Romagna Grand Prix,2024,7,2024-05-19,test,80.506,True,
0 days 02:17:06.775000,LEC,16,0 days 00:01:20.693000,60.0,2.0,,,0 days 00:00:25.513000,0 days 00:00:28.163000,0 days 00:00:27.017000,0 days 02:16:11.663000,0 days 02:16:39.826000,0 days 02:17:06.843000,218.0,255.0,281.0,286.0,False,HARD,35.0,True,Ferrari,0 days 02:15:46.082000,,1,3.0,False,,False,True,2024-07,Emilia Romagna Grand Prix,2024,7,2024-05-19,test,80.693,True,
0 days 02:18:27.558000,LEC,16,0 days 00:01:20.783000,61.0,2.0,,,0 days 00:00:25.603000,0 days 00:00:28.184000,0 days 00:00:26.996000,0 days 02:17:32.446000,0 days 02:18:00.630000,0 days 02:18:27.626000,216.0,256.0,281.0,286.0,False,HARD,36.0,True,Ferrari,0 days 02:17:06.775000,,1,3.0,False,,False,True,2024-07,Emilia Romagna Grand Prix,2024,7,2024-05-19,test,80.783,True,
0 days 02:19:48.865000,LEC,16,0 days 00:01:21.307000,62.0,2.0,,,0 days 00:00:25.753000,0 days 00:00:28.544000,0 days 00:00:27.010000,0 days 02:18:53.379000,0 days 02:19:21.923000,0 days 02:19:48.933000,215.0,254.0,279.0,287.0,False,HARD,37.0,True,Ferrari,0 days 02:18:27.558000,,1,3.0,False,,False,True,2024-07,Emilia Romagna Grand Prix,2024,7,2024-05-19,test,81.307,True,
0 days 02:21:10.018000,LEC,16,0 days 00:01:21.153000,63.0,2.0,,,0 days 00:00:25.797000,0 days 00:00:28.222000,0 days 00:00:27.134000,0 days 02:20:14.730000,0 days 02:20:42.952000,0 days 02:21:10.086000,216.0,258.0,279.0,291.0,False,HARD,38.0,True,Ferrari,0 days 02:19:48.865000,,1,3.0,False,,False,True,2024-07,Emilia Romagna Grand Prix,2024,7,2024-05-19,test,81.153,True,
0 days 00:57:05.625000,PER,11,0 days 00:01:28.775000,1.0,1.0,,,,0 days 00:00:29.376000,0 days 00:00:27.882000,,0 days 00:56:37.809000,0 days 00:57:05.891000,208.0,254.0,280.0,282.0,False,HARD,1.0,True,Red Bull Racing,0 days 00:55:36.608000,,1,10.0,False,,False,False,2024-07,Emilia Romagna Grand Prix,2024,7,2024-05-19,test,88.775,False,opening_lap;timing_not_accurate
0 days 00:58:28.224000,PER,11,0 days 00:01:22.599000,2.0,1.0,,,0 days 00:00:26.366000,0 days 00:00:28.593000,0 days 00:00:27.640000,0 days 00:57:32.017000,0 days 00:58:00.610000,0 days 00:58:28.250000,214.0,253.0,280.0,280.0,True,HARD,2.0,True,Red Bull Racing,0 days 00:57:05.625000,,1,10.0,False,,False,True,2024-07,Emilia Romagna Grand Prix,2024,7,2024-05-19,test,82.599,True,
0 days 00:59:50.137000,PER,11,0 days 00:01:21.913000,3.0,1.0,,,0 days 00:00:25.783000,0 days 00:00:28.569000,0 days 00:00:27.561000,0 days 00:58:54.033000,0 days 00:59:22.602000,0 days 00:59:50.163000,213.0,252.0,280.0,294.0,True,HARD,3.0,True,Red Bull Racing,0 days 00:58:28.224000,,1,10.0,False,,False,True,2024-07,Emilia Romagna Grand Prix,2024,7,2024-05-19,test,81.913,True,
0 days 01:01:12.319000,PER,11,0 days 00:01:22.182000,4.0,1.0,,,0 days 00:00:25.775000,0 days 00:00:28.815000,0 days 00:00:27.592000,0 days 01:00:15.938000,0 days 01:00:44.753000,0 days 01:01:12.345000,212.0,252.0,278.0,282.0,False,HARD,4.0,True,Red Bull Racing,0 days 00:59:50.137000,,1,10.0,False,,False,True,2024-07,Emilia Romagna Grand Prix,2024,7,2024-05-19,test,82.182,True,
0 days 01:02:34.472000,PER,11,0 days 00:01:22.153000,5.0,1.0,,,0 days 00:00:25.946000,0 days 00:00:28.594000,0 days 00:00:27.613000,0 days 01:01:38.291000,0 days 01:02:06.885000,0 days 01:02:34.498000,213.0,254.0,280.0,284.0,False,HARD,5.0,True,Red Bull Racing,0 days 01:01:12.319000,,1,10.0,False,,False,True,2024-07,Emilia Romagna Grand Prix,2024,7,2024-05-19,test,82.153,True,
0 days 01:03:56.672000,PER,11,0 days 00:01:22.200000,6.0,1.0,,,0 days 00:00:25.834000,0 days 00:00:28.786000,0 days 00:00:27.580000,0 days 01:03:00.332000,0 days 01:03:29.118000,0 days 01:03:56.698000,211.0,253.0,280.0,285.0,False,HARD,6.0,True,Red Bull Racing,0 days 01:02:34.472000,,1,10.0,False,,False,True,2024-07,Emilia Romagna Grand Prix,2024,7,2024-05-19,test,82.2,True,
0 days 01:05:19.313000,PER,11,0 days 00:01:22.641000,7.0,1.0,,,0 days 00:00:25.952000,0 days 00:00:29.004000,0 days 00:00:27.685000,0 days 01:04:22.650000,0 days 01:04:51.654000,0 days 01:05:19.339000,213.0,253.0,280.0,282.0,False,HARD,7.0,True,Red Bull Racing,0 days 01:03:56.672000,,1,10.0,False,,False,True,2024-07,Emilia Romagna Grand Prix,2024,7,2024-05-19,test,82.641,True,
0 days 01:06:41.651000,PER,11,0 days 00:01:22.338000,8.0,1.0,,,0 days 00:00:25.824000,0 days 00:00:28.867000,0 days 00:00:27.647000,0 days 01:05:45.163000,0 days 01:06:14.030000,0 days 01:06:41.677000,213.0,251.0,279.0,283.0,False,HARD,8.0,True,Red Bull Racing,0 days 01:05:19.313000,,1,10.0,False,,False,True,2024-07,Emilia Romagna Grand Prix,2024,7,2024-05-19,test,82.338,True,
0 days 01:08:04.242000,PER,11,0 days 00:01:22.591000,9.0,1.0,,,0 days 00:00:26.090000,0 days 00:00:28.872000,0 days 00:00:27.629000,0 days 01:07:07.767000,0 days 01:07:36.639000,0 days 01:08:04.268000,211.0,253.0,278.0,284.0,False,HARD,9.0,True,Red Bull Racing,0 days 01:06:41.651000,,1,10.0,False,,False,True,2024-07,Emilia Romagna Grand Prix,2024,7,2024-05-19,test,82.591,True,
0 days 01:09:26.787000,PER,11,0 days 00:01:22.545000,10.0,1.0,,,0 days 00:00:25.988000,0 days 00:00:28.734000,0 days 00:00:27.823000,0 days 01:08:30.256000,0 days 01:08:58.990000,0 days 01:09:26.813000,211.0,252.0,277.0,284.0,False,HARD,10.0,True,Red Bull Racing,0 days 01:08:04.242000,,1,10.0,False,,False,True,2024-07,Emilia Romagna Grand Prix,2024,7,2024-05-19,test,82.545,True,
0 days 01:10:48.915000,PER,11,0 days 00:01:22.128000,11.0,1.0,,,0 days 00:00:26.049000,0 days 00:00:28.492000,0 days 00:00:27.587000,0 days 01:09:52.862000,0 days 01:10:21.354000,0 days 01:10:48.941000,213.0,252.0,279.0,281.0,False,HARD,11.0,True,Red Bull Racing,0 days 01:09:26.787000,,1,10.0,False,,False,True,2024-07,Emilia Romagna Grand Prix,2024,7,2024-05-19,test,82.128,True,
0 days 01:12:11.362000,PER,11,0 days 00:01:22.447000,12.0,1.0,,,0 days 00:00:26.040000,0 days 00:00:28.713000,0 days 00:00:27.694000,0 days 01:11:14.981000,0 days 01:11:43.694000,0 days 01:12:11.388000,211.0,250.0,277.0,286.0,False,HARD,12.0,True,Red Bull Racing,0 days 01:10:48.915000,,1,9.0,False,,False,True,2024-07,Emilia Romagna Grand Prix,2024,7,2024-05-19,test,82.447,True,
0 days 01:13:33.721000,PER,11,0 days 00:01:22.359000,13.0,1.0,,,0 days 00:00:26.216000,0 days 00:00:28.565000,0 days 00:00:27.578000,0 days 01:12:37.604000,0 days 01:13:06.169000,0 days 01:13:33.747000,213.0,254.0,277.0,289.0,False,HARD,13.0,True,Red Bull Racing,0 days 01:12:11.362000,,1,8.0,False,,False,True,2024-07,Emilia Romagna Grand Prix,2024,7,2024-05-19,test,82.359,True,
0 days 01:14:55.549000,PER,11,0 days 00:01:21.828000,14.0,1.0,,,0 days 00:00:26.006000,0 days 00:00:28.397000,0 days 00:00:27.425000,0 days 01:13:59.753000,0 days 01:14:28.150000,0 days 01:14:55.575000,213.0,252.0,277.0,284.0,True,HARD,14.0,True,Red Bull Racing,0 days 01:13:33.721000,,1,8.0,False,,False,True,2024-07,Emilia Romagna Grand Prix,2024,7,2024-05-19,test,81.828,True,
0 days 01:16:17.231000,PER,11,0 days 00:01:21.682000,15.0,1.0,,,0 days 00:00:25.902000,0 days 00:00:28.374000,0 days 00:00:27.406000,0 days 01:15:21.477000,0 days 01:15:49.851000,0 days 01:16:17.257000,213.0,253.0,278.0,287.0,True,HARD,15.0,True,Red Bull Racing,0 days 01:14:55.549000,,1,8.0,False,,False,True,2024-07,Emilia Romagna Grand Prix,2024,7,2024-05-19,test,81.682,True,
0 days 01:17:39.068000,PER,11,0 days 00:01:21.837000,16.0,1.0,,,0 days 00:00:25.907000,0 days 00:00:28.353000,0 days 00:00:27.577000,0 days 01:16:43.164000,0 days 01:17:11.517000,0 days 01:17:39.094000,214.0,254.0,276.0,285.0,False,HARD,16.0,True,Red Bull Racing,0 days 01:16:17.231000,,1,8.0,False,,False,True,2024-07,Emilia Romagna Grand Prix,2024,7,2024-05-19,test,81.837,True,
0 days 01:19:05.868000,PER,11,0 days 00:01:26.800000,17.0,1.0,,,0 days 00:00:25.922000,0 days 00:00:28.464000,0 days 00:00:32.414000,0 days 01:18:05.016000,0 days 01:18:33.480000,0 days 01:19:05.894000,216.0,252.0,276.0,285.0,False,HARD,17.0,True,Red Bull Racing,0 days 01:17:39.068000,,1,8.0,True,TRACK LIMITS AT TURN 17 LAP 17 ,False,True,2024-07,Emilia Romagna Grand Prix,2024,7,2024-05-19,test,86.8,False,deleted_or_unknown
0 days 01:20:28.303000,PER,11,0 days 00:01:22.435000,18.0,1.0,,,0 days 00:00:26.278000,0 days 00:00:28.476000,0 days 00:00:27.681000,0 days 01:19:32.172000,0 days 01:20:00.648000,0 days 01:20:28.329000,216.0,251.0,278.0,285.0,False,HARD,18.0,True,Red Bull Racing,0 days 01:19:05.868000,,1,8.0,False,,False,True,2024-07,Emilia Romagna Grand Prix,2024,7,2024-05-19,test,82.435,True,
0 days 01:21:50.157000,PER,11,0 days 00:01:21.854000,19.0,1.0,,,0 days 00:00:25.934000,0 days 00:00:28.433000,0 days 00:00:27.487000,0 days 01:20:54.263000,0 days 01:21:22.696000,0 days 01:21:50.183000,214.0,251.0,278.0,285.0,False,HARD,19.0,True,Red Bull Racing,0 days 01:20:28.303000,,1,8.0,False,,False,True,2024-07,Emilia Romagna Grand Prix,2024,7,2024-05-19,test,81.854,True,
0 days 01:23:12.425000,PER,11,0 days 00:01:22.268000,20.0,1.0,,,0 days 00:00:26.020000,0 days 00:00:28.656000,0 days 00:00:27.592000,0 days 01:22:16.203000,0 days 01:22:44.859000,0 days 01:23:12.451000,215.0,253.0,278.0,286.0,False,HARD,20.0,True,Red Bull Racing,0 days 01:21:50.157000,,1,8.0,False,,False,True,2024-07,Emilia Romagna Grand Prix,2024,7,2024-05-19,test,82.268,True,
0 days 01:24:34.365000,PER,11,0 days 00:01:21.940000,21.0,1.0,,,0 days 00:00:26.030000,0 days 00:00:28.394000,0 days 00:00:27.516000,0 days 01:23:38.481000,0 days 01:24:06.875000,0 days 01:24:34.391000,215.0,254.0,279.0,287.0,False,HARD,21.0,True,Red Bull Racing,0 days 01:23:12.425000,,1,8.0,False,,False,True,2024-07,Emilia Romagna Grand Prix,2024,7,2024-05-19,test,81.94,True,
0 days 01:25:56.236000,PER,11,0 days 00:01:21.871000,22.0,1.0,,,0 days 00:00:25.918000,0 days 00:00:28.472000,0 days 00:00:27.481000,0 days 01:25:00.309000,0 days 01:25:28.781000,0 days 01:25:56.262000,216.0,253.0,278.0,295.0,False,HARD,22.0,True,Red Bull Racing,0 days 01:24:34.365000,,1,7.0,False,,False,True,2024-07,Emilia Romagna Grand Prix,2024,7,2024-05-19,test,81.871,True,
0 days 01:27:18.206000,PER,11,0 days 00:01:21.970000,23.0,1.0,,,0 days 00:00:26.001000,0 days 00:00:28.401000,0 days 00:00:27.568000,0 days 01:26:22.263000,0 days 01:26:50.664000,0 days 01:27:18.232000,215.0,255.0,279.0,285.0,False,HARD,23.0,True,Red Bull Racing,0 days 01:25:56.236000,,1,6.0,False,,False,True,2024-07,Emilia Romagna Grand Prix,2024,7,2024-05-19,test,81.97,True,
0 days 01:28:40.890000,PER,11,0 days 00:01:22.684000,24.0,1.0,,,0 days 00:00:26.427000,0 days 00:00:28.632000,0 days 00:00:27.625000,0 days 01:27:44.659000,0 days 01:28:13.291000,0 days 01:28:40.916000,213.0,253.0,279.0,289.0,False,HARD,24.0,True,Red Bull Racing,0 days 01:27:18.206000,,1,6.0,False,,False,True,2024-07,Emilia Romagna Grand Prix,2024,7,2024-05-19,test,82.684,True,
0 days 01:30:03.118000,PER,11,0 days 00:01:22.228000,25.0,1.0,,,0 days 00:00:25.919000,0 days 00:00:28.580000,0 days 00:00:27.729000,0 days 01:29:06.835000,0 days 01:29:35.415000,0 days 01:30:03.144000,213.0,255.0,279.0,289.0,False,HARD,25.0,True,Red Bull Racing,0 days 01:28:40.890000,,1,6.0,False,,False,True,2024-07,Emilia Romagna Grand Prix,2024,7,2024-05-19,test,82.228,True,
0 days 01:31:25.494000,PER,11,0 days 00:01:22.376000,26.0,1.0,,,0 days 00:00:25.904000,0 days 00:00:28.671000,0 days 00:00:27.801000,0 days 01:30:29.048000,0 days 01:30:57.719000,0 days 01:31:25.520000,216.0,252.0,280.0,295.0,False,HARD,26.0,True,Red Bull Racing,0 days 01:30:03.118000,,1,5.0,False,,False,True,2024-07,Emilia Romagna Grand Prix,2024,7,2024-05-19,test,82.376,True,
0 days 01:32:49.267000,PER,11,0 days 00:01:23.773000,27.0,1.0,,,0 days 00:00:27.142000,0 days 00:00:28.755000,0 days 00:00:27.876000,0 days 01:31:52.662000,0 days 01:32:21.417000,0 days 01:32:49.293000,213.0,253.0,280.0,287.0,False,HARD,27.0,True,Red Bull Racing,0 days 01:31:25.494000,,1,7.0,False,,False,True,2024-07,Emilia Romagna Grand Prix,2024,7,2024-05-19,test,83.773,True,
0 days 01:34:11.498000,PER,11,0 days 00:01:22.231000,28.0,1.0,,,0 days 00:00:25.983000,0 days 00:00:28.513000,0 days 00:00:27.735000,0 days 01:33:15.276000,0 days 01:33:43.789000,0 days 01:34:11.524000,214.0,255.0,278.0,288.0,False,HARD,28.0,True,Red Bull Racing,0 days 01:32:49.267000,,1,5.0,False,,False,True,2024-07,Emilia Romagna Grand Prix,2024,7,2024-05-19,test,82.231,True,
0 days 01:35:33.845000,PER,11,0 days 00:01:22.347000,29.0,1.0,,,0 days 00:00:25.976000,0 days 00:00:28.520000,0 days 00:00:27.851000,0 days 01:34:37.500000,0 days 01:35:06.020000,0 days 01:35:33.871000,214.0,253.0,278.0,288.0,False,HARD,29.0,True,Red Bull Racing,0 days 01:34:11.498000,,1,5.0,False,,False,True,2024-07,Emilia Romagna Grand Prix,2024,7,2024-05-19,test,82.347,True,
0 days 01:36:57.108000,PER,11,0 days 00:01:23.263000,30.0,1.0,,,0 days 00:00:26.782000,0 days 00:00:28.698000,0 days 00:00:27.783000,0 days 01:36:00.653000,0 days 01:36:29.351000,0 days 01:36:57.134000,214.0,254.0,278.0,290.0,False,HARD,30.0,True,Red Bull Racing,0 days 01:35:33.845000,,1,6.0,False,,False,True,2024-07,Emilia Romagna Grand Prix,2024,7,2024-05-19,test,83.263,True,
0 days 01:38:20.802000,PER,11,0 days 00:01:23.694000,31.0,1.0,,,0 days 00:00:26.888000,0 days 00:00:28.813000,0 days 00:00:27.993000,0 days 01:37:24.022000,0 days 01:37:52.835000,0 days 01:38:20.828000,213.0,255.0,277.0,292.0,False,HARD,31.0,True,Red Bull Racing,0 days 01:36:57.108000,,1,7.0,False,,False,True,2024-07,Emilia Romagna Grand Prix,2024,7,2024-05-19,test,83.694,True,
0 days 01:39:43.061000,PER,11,0 days 00:01:22.259000,32.0,1.0,,,0 days 00:00:25.998000,0 days 00:00:28.547000,0 days 00:00:27.714000,0 days 01:38:46.826000,0 days 01:39:15.373000,0 days 01:39:43.087000,212.0,254.0,279.0,288.0,False,HARD,32.0,True,Red Bull Racing,0 days 01:38:20.802000,,1,7.0,False,,False,True,2024-07,Emilia Romagna Grand Prix,2024,7,2024-05-19,test,82.259,True,
0 days 01:41:05.273000,PER,11,0 days 00:01:22.212000,33.0,1.0,,,0 days 00:00:26.011000,0 days 00:00:28.574000,0 days 00:00:27.627000,0 days 01:40:09.098000,0 days 01:40:37.672000,0 days 01:41:05.299000,212.0,254.0,279.0,289.0,False,HARD,33.0,True,Red Bull Racing,0 days 01:39:43.061000,,1,7.0,False,,False,True,2024-07,Emilia Romagna Grand Prix,2024,7,2024-05-19,test,82.212,True,
0 days 01:42:27.738000,PER,11,0 days 00:01:22.465000,34.0,1.0,,,0 days 00:00:25.997000,0 days 00:00:28.753000,0 days 00:00:27.715000,0 days 01:41:31.296000,0 days 01:42:00.049000,0 days 01:42:27.764000,214.0,255.0,279.0,288.0,False,HARD,34.0,True,Red Bull Racing,0 days 01:41:05.273000,,1,7.0,False,,False,True,2024-07,Emilia Romagna Grand Prix,2024,7,2024-05-19,test,82.465,True,
0 days 01:43:50.153000,PER,11,0 days 00:01:22.415000,35.0,1.0,,,0 days 00:00:25.964000,0 days 00:00:28.782000,0 days 00:00:27.669000,0 days 01:42:53.728000,0 days 01:43:22.510000,0 days 01:43:50.179000,214.0,257.0,279.0,297.0,False,HARD,35.0,True,Red Bull Racing,0 days 01:42:27.738000,,1,7.0,False,,False,True,2024-07,Emilia Romagna Grand Prix,2024,7,2024-05-19,test,82.415,True,
0 days 01:45:13.264000,PER,11,0 days 00:01:23.111000,36.0,1.0,,,0 days 00:00:26.690000,0 days 00:00:28.716000,0 days 00:00:27.705000,0 days 01:44:16.869000,0 days 01:44:45.585000,0 days 01:45:13.290000,213.0,255.0,280.0,296.0,False,HARD,36.0,True,Red Bull Racing,0 days 01:43:50.153000,,1,7.0,False,,False,True,2024-07,Emilia Romagna Grand Prix,2024,7,2024-05-19,test,83.111,True,
0 days 01:46:41.320000,PER,11,0 days 00:01:28.056000,37.0,1.0,,0 days 01:46:37.081000,0 days 00:00:26.711000,0 days 00:00:28.799000,0 days 00:00:32.546000,0 days 01:45:40.001000,0 days 01:46:08.800000,0 days 01:46:41.346000,213.0,254.0,,289.0,False,HARD,37.0,True,Red Bull Racing,0 days 01:45:13.264000,,1,8.0,False,,False,False,2024-07,Emilia Romagna Grand Prix,2024,7,2024-05-19,test,88.056,False,pit_in;timing_not_accurate
0 days 01:48:24.634000,PER,11,0 days 00:01:43.314000,38.0,2.0,0 days 01:47:06.652000,,0 days 00:00:48.607000,0 days 00:00:27.678000,0 days 00:00:27.029000,0 days 01:47:29.953000,0 days 01:47:57.631000,0 days 01:48:24.660000,218.0,255.0,286.0,295.0,False,MEDIUM,1.0,True,Red Bull Racing,0 days 01:46:41.320000,,1,11.0,False,,False,False,2024-07,Emilia Romagna Grand Prix,2024,7,2024-05-19,test,103.314,False,pit_out;timing_not_accurate
0 days 01:49:45.365000,PER,11,0 days 00:01:20.731000,39.0,2.0,,,0 days 00:00:25.393000,0 days 00:00:28.034000,0 days 00:00:27.304000,0 days 01:48:50.053000,0 days 01:49:18.087000,0 days 01:49:45.391000,217.0,256.0,285.0,296.0,True,MEDIUM,2.0,True,Red Bull Racing,0 days 01:48:24.634000,,1,10.0,False,,False,True,2024-07,Emilia Romagna Grand Prix,2024,7,2024-05-19,test,80.731,True,
0 days 01:51:05.679000,PER,11,0 days 00:01:20.314000,40.0,2.0,,,0 days 00:00:25.215000,0 days 00:00:27.993000,0 days 00:00:27.106000,0 days 01:50:10.606000,0 days 01:50:38.599000,0 days 01:51:05.705000,214.0,255.0,282.0,297.0,True,MEDIUM,3.0,True,Red Bull Racing,0 days 01:49:45.365000,,1,9.0,False,,False,True,2024-07,Emilia Romagna Grand Prix,2024,7,2024-05-19,test,80.314,True,
0 days 01:52:27.654000,PER,11,0 days 00:01:21.975000,41.0,2.0,,,0 days 00:00:25.982000,0 days 00:00:28.540000,0 days 00:00:27.453000,0 days 01:51:31.687000,0 days 01:52:00.227000,0 days 01:52:27.680000,216.0,256.0,284.0,284.0,False,MEDIUM,4.0,True,Red Bull Racing,0 days 01:51:05.679000,,1,9.0,False,,False,True,2024-07,Emilia Romagna Grand Prix,2024,7,2024-05-19,test,81.975,True,
0 days 01:53:47.573000,PER,11,0 days 00:01:19.919000,42.0,2.0,,,0 days 00:00:25.177000,0 days 00:00:27.721000,0 days 00:00:27.021000,0 days 01:52:52.857000,0 days 01:53:20.578000,0 days 01:53:47.599000,218.0,257.0,282.0,285.0,True,MEDIUM,5.0,True,Red Bull Racing,0 days 01:52:27.654000,,1,8.0,False,,False,True,2024-07,Emilia Romagna Grand Prix,2024,7,2024-05-19,test,79.919,True,
0 days 01:55:07.793000,PER,11,0 days 00:01:20.220000,43.0,2.0,,,0 days 00:00:25.547000,0 days 00:00:27.736000,0 days 00:00:26.937000,0 days 01:54:13.146000,0 days 01:54:40.882000,0 days 01:55:07.819000,219.0,256.0,282.0,286.0,False,MEDIUM,6.0,True,Red Bull Racing,0 days 01:53:47.573000,,1,8.0,False,,False,True,2024-07,Emilia Romagna Grand Prix,2024,7,2024-05-19,test,80.22,True,
0 days 01:56:28.297000,PER,11,0 days 00:01:20.504000,44.0,2.0,,,0 days 00:00:25.592000,0 days 00:00:27.924000,0 days 00:00:26.988000,0 days 01:55:33.411000,0 days 01:56:01.335000,0 days 01:56:28.323000,213.0,255.0,281.0,285.0,False,MEDIUM,7.0,True,Red Bull Racing,0 days 01:55:07.793000,,1,8.0,False,,False,True,2024-07,Emilia Romagna Grand Prix,2024,7,2024-05-19,test,80.504,True,
0 days 01:57:48.792000,PER,11,0 days 00:01:20.495000,45.0,2.0,,,0 days 00:00:25.587000,0 days 00:00:27.881000,0 days 00:00:27.027000,0 days 01:56:53.910000,0 days 01:57:21.791000,0 days 01:57:48.818000,214.0,256.0,281.0,287.0,False,MEDIUM,8.0,True,Red Bull Racing,0 days 01:56:28.297000,,1,8.0,False,,False,True,2024-07,Emilia Romagna Grand Prix,2024,7,2024-05-19,test,80.495,True,
0 days 01:59:09.664000,PER,11,0 days 00:01:20.872000,46.0,2.0,,,0 days 00:00:25.633000,0 days 00:00:28.020000,0 days 00:00:27.219000,0 days 01:58:14.451000,0 days 01:58:42.471000,0 days 01:59:09.690000,217.0,256.0,281.0,288.0,False,MEDIUM,9.0,True,Red Bull Racing,0 days 01:57:48.792000,,1,8.0,False,,False,True,2024-07,Emilia Romagna Grand Prix,2024,7,2024-05-19,test,80.872,True,
0 days 02:00:30.178000,PER,11,0 days 00:01:20.514000,47.0,2.0,,,0 days 00:00:25.676000,0 days 00:00:27.924000,0 days 00:00:26.914000,0 days 01:59:35.366000,0 days 02:00:03.290000,0 days 02:00:30.204000,217.0,256.0,281.0,286.0,False,MEDIUM,10.0,True,Red Bull Racing,0 days 01:59:09.664000,,1,8.0,False,,False,True,2024-07,Emilia Romagna Grand Prix,2024,7,2024-05-19,test,80.514,True,
0 days 02:01:50.383000,PER,11,0 days 00:01:20.205000,48.0,2.0,,,0 days 00:00:25.448000,0 days 00:00:27.844000,0 days 00:00:26.913000,0 days 02:00:55.652000,0 days 02:01:23.496000,0 days 02:01:50.409000,217.0,257.0,282.0,288.0,False,MEDIUM,11.0,True,Red Bull Racing,0 days 02:00:30.178000,,1,8.0,False,,False,True,2024-07,Emilia Romagna Grand Prix,2024,7,2024-05-19,test,80.205,True,
0 days 02:03:10.329000,PER,11,0 days 00:01:19.946000,49.0,2.0,,,0 days 00:00:25.500000,0 days 00:00:27.622000,0 days 00:00:26.824000,0 days 02:02:15.909000,0 days 02:02:43.531000,0 days 02:03:10.355000,219.0,257.0,282.0,288.0,False,MEDIUM,12.0,True,Red Bull Racing,0 days 02:01:50.383000,,1,8.0,False,,False,True,2024-07,Emilia Romagna Grand Prix,2024,7,2024-05-19,test,79.946,True,
0 days 02:04:30.314000,PER,11,0 days 00:01:19.985000,50.0,2.0,,,0 days 00:00:25.389000,0 days 00:00:27.757000,0 days 00:00:26.839000,0 days 02:03:35.744000,0 days 02:04:03.501000,0 days 02:04:30.340000,221.0,257.0,283.0,291.0,False,MEDIUM,13.0,True,Red Bull Racing,0 days 02:03:10.329000,,1,8.0,False,,False,True,2024-07,Emilia Romagna Grand Prix,2024,7,2024-05-19,test,79.985,True,
0 days 02:05:51.346000,PER,11,0 days 00:01:21.032000,51.0,2.0,,,0 days 00:00:25.631000,0 days 00:00:28.159000,0 days 00:00:27.242000,0 days 02:04:55.971000,0 days 02:05:24.130000,0 days 02:05:51.372000,220.0,260.0,281.0,296.0,False,MEDIUM,14.0,True,Red Bull Racing,0 days 02:04:30.314000,,1,8.0,False,,False,True,2024-07,Emilia Romagna Grand Prix,2024,7,2024-05-19,test,81.032,True,
0 days 02:07:11.032000,PER,11,0 days 00:01:19.686000,52.0,2.0,,,0 days 00:00:25.282000,0 days 00:00:27.676000,0 days 00:00:26.728000,0 days 02:06:16.654000,0 days 02:06:44.330000,0 days 02:07:11.058000,222.0,258.0,282.0,296.0,True,MEDIUM,15.0,True,Red Bull Racing,0 days 02:05:51.346000,,1,8.0,False,,False,True,2024-07,Emilia Romagna Grand Prix,2024,7,2024-05-19,test,79.686,True,
0 days 02:08:32.176000,PER,11,0 days 00:01:21.144000,53.0,2.0,,,0 days 00:00:25.813000,0 days 00:00:28.144000,0 days 00:00:27.187000,0 days 02:07:36.871000,0 days 02:08:05.015000,0 days 02:08:32.202000,219.0,257.0,282.0,288.0,False,MEDIUM,16.0,True,Red Bull Racing,0 days 02:07:11.032000,,1,8.0,False,,False,True,2024-07,Emilia Romagna Grand Prix,2024,7,2024-05-19,test,81.144,True,
0 days 02:09:52.510000,PER,11,0 days 00:01:20.334000,54.0,2.0,,,0 days 00:00:25.567000,0 days 00:00:27.764000,0 days 00:00:27.003000,0 days 02:08:57.769000,0 days 02:09:25.533000,0 days 02:09:52.536000,218.0,256.0,283.0,287.0,False,MEDIUM,17.0,True,Red Bull Racing,0 days 02:08:32.176000,,1,8.0,False,,False,True,2024-07,Emilia Romagna Grand Prix,2024,7,2024-05-19,test,80.334,True,
0 days 02:11:13.030000,PER,11,0 days 00:01:20.520000,55.0,2.0,,,0 days 00:00:25.673000,0 days 00:00:27.763000,0 days 00:00:27.084000,0 days 02:10:18.209000,0 days 02:10:45.972000,0 days 02:11:13.056000,218.0,259.0,283.0,289.0,False,MEDIUM,18.0,True,Red Bull Racing,0 days 02:09:52.510000,,1,8.0,False,,False,True,2024-07,Emilia Romagna Grand Prix,2024,7,2024-05-19,test,80.52,True,
0 days 02:12:33.320000,PER,11,0 days 00:01:20.290000,56.0,2.0,,,0 days 00:00:25.440000,0 days 00:00:27.774000,0 days 00:00:27.076000,0 days 02:11:38.496000,0 days 02:12:06.270000,0 days 02:12:33.346000,218.0,258.0,282.0,288.0,False,MEDIUM,19.0,True,Red Bull Racing,0 days 02:11:13.030000,,1,8.0,False,,False,True,2024-07,Emilia Romagna Grand Prix,2024,7,2024-05-19,test,80.29,True,
0 days 02:13:53.548000,PER,11,0 days 00:01:20.228000,57.0,2.0,,,0 days 00:00:25.438000,0 days 00:00:27.840000,0 days 00:00:26.950000,0 days 02:12:58.784000,0 days 02:13:26.624000,0 days 02:13:53.574000,217.0,259.0,281.0,288.0,False,MEDIUM,20.0,True,Red Bull Racing,0 days 02:12:33.320000,,1,8.0,False,,False,True,2024-07,Emilia Romagna Grand Prix,2024,7,2024-05-19,test,80.228,True,
0 days 02:15:13.833000,PER,11,0 days 00:01:20.285000,58.0,2.0,,,0 days 00:00:25.451000,0 days 00:00:27.758000,0 days 00:00:27.076000,0 days 02:14:19.025000,0 days 02:14:46.783000,0 days 02:15:13.859000,214.0,259.0,281.0,288.0,False,MEDIUM,21.0,True,Red Bull Racing,0 days 02:13:53.548000,,1,8.0,False,,False,True,2024-07,Emilia Romagna Grand Prix,2024,7,2024-05-19,test,80.285,True,
0 days 02:16:33.926000,PER,11,0 days 00:01:20.093000,59.0,2.0,,,0 days 00:00:25.360000,0 days 00:00:27.722000,0 days 00:00:27.011000,0 days 02:15:39.219000,0 days 02:16:06.941000,0 days 02:16:33.952000,218.0,257.0,282.0,288.0,False,MEDIUM,22.0,True,Red Bull Racing,0 days 02:15:13.833000,,1,8.0,False,,False,True,2024-07,Emilia Romagna Grand Prix,2024,7,2024-05-19,test,80.093,True,
0 days 02:17:54.334000,PER,11,0 days 00:01:20.408000,60.0,2.0,,,0 days 00:00:25.485000,0 days 00:00:27.869000,0 days 00:00:27.054000,0 days 02:16:59.437000,0 days 02:17:27.306000,0 days 02:17:54.360000,220.0,258.0,282.0,291.0,False,MEDIUM,23.0,True,Red Bull Racing,0 days 02:16:33.926000,,1,8.0,False,,False,True,2024-07,Emilia Romagna Grand Prix,2024,7,2024-05-19,test,80.408,True,
0 days 02:19:15.167000,PER,11,0 days 00:01:20.833000,61.0,2.0,,,0 days 00:00:25.675000,0 days 00:00:27.882000,0 days 00:00:27.276000,0 days 02:18:20.035000,0 days 02:18:47.917000,0 days 02:19:15.193000,213.0,258.0,281.0,289.0,False,MEDIUM,24.0,True,Red Bull Racing,0 days 02:17:54.334000,,1,8.0,False,,False,True,2024-07,Emilia Romagna Grand Prix,2024,7,2024-05-19,test,80.833,True,
0 days 02:20:35.934000,PER,11,0 days 00:01:20.767000,62.0,2.0,,,0 days 00:00:25.655000,0 days 00:00:27.816000,0 days 00:00:27.296000,0 days 02:19:40.848000,0 days 02:20:08.664000,0 days 02:20:35.960000,218.0,259.0,281.0,292.0,False,MEDIUM,25.0,True,Red Bull Racing,0 days 02:19:15.167000,,1,8.0,False,,False,True,2024-07,Emilia Romagna Grand Prix,2024,7,2024-05-19,test,80.767,True,
0 days 02:21:56.878000,PER,11,0 days 00:01:20.944000,63.0,2.0,,,0 days 00:00:25.667000,0 days 00:00:28.039000,0 days 00:00:27.238000,0 days 02:21:01.627000,0 days 02:21:29.666000,0 days 02:21:56.904000,218.0,259.0,283.0,291.0,False,MEDIUM,26.0,True,Red Bull Racing,0 days 02:20:35.934000,,1,8.0,False,,False,True,2024-07,Emilia Romagna Grand Prix,2024,7,2024-05-19,test,80.944,True,
0 days 00:57:03.348000,RUS,63,0 days 00:01:26.498000,1.0,1.0,,,,0 days 00:00:28.928000,0 days 00:00:27.549000,,0 days 00:56:35.940000,0 days 00:57:03.553000,214.0,254.0,277.0,288.0,False,MEDIUM,1.0,True,Mercedes,0 days 00:55:36.608000,,1,6.0,False,,False,False,2024-07,Emilia Romagna Grand Prix,2024,7,2024-05-19,test,86.498,False,opening_lap;timing_not_accurate
0 days 00:58:24.910000,RUS,63,0 days 00:01:21.562000,2.0,1.0,,,0 days 00:00:25.920000,0 days 00:00:28.359000,0 days 00:00:27.283000,0 days 00:57:29.304000,0 days 00:57:57.663000,0 days 00:58:24.946000,213.0,253.0,278.0,292.0,True,MEDIUM,2.0,True,Mercedes,0 days 00:57:03.348000,,1,6.0,False,,False,True,2024-07,Emilia Romagna Grand Prix,2024,7,2024-05-19,test,81.562,True,
0 days 00:59:46.045000,RUS,63,0 days 00:01:21.135000,3.0,1.0,,,0 days 00:00:25.452000,0 days 00:00:28.312000,0 days 00:00:27.371000,0 days 00:58:50.398000,0 days 00:59:18.710000,0 days 00:59:46.081000,214.0,248.0,276.0,290.0,True,MEDIUM,3.0,True,Mercedes,0 days 00:58:24.910000,,1,6.0,False,,False,True,2024-07,Emilia Romagna Grand Prix,2024,7,2024-05-19,test,81.135,True,
0 days 01:01:07.673000,RUS,63,0 days 00:01:21.628000,4.0,1.0,,,0 days 00:00:25.851000,0 days 00:00:28.425000,0 days 00:00:27.352000,0 days 01:00:11.932000,0 days 01:00:40.357000,0 days 01:01:07.709000,214.0,250.0,275.0,291.0,False,MEDIUM,4.0,True,Mercedes,0 days 00:59:46.045000,,1,6.0,False,,False,True,2024-07,Emilia Romagna Grand Prix,2024,7,2024-05-19,test,81.628,True,
0 days 01:02:29.148000,RUS,63,0 days 00:01:21.475000,5.0,1.0,,,0 days 00:00:25.828000,0 days 00:00:28.184000,0 days 00:00:27.463000,0 days 01:01:33.537000,0 days 01:02:01.721000,0 days 01:02:29.184000,214.0,253.0,276.0,275.0,False,MEDIUM,5.0,True,Mercedes,0 days 01:01:07.673000,,1,6.0,False,,False,True,2024-07,Emilia Romagna Grand Prix,2024,7,2024-05-19,test,81.475,True,
0 days 01:03:50.640000,RUS,63,0 days 00:01:21.492000,6.0,1.0,,,0 days 00:00:25.892000,0 days 00:00:28.357000,0 days 00:00:27.243000,0 days 01:02:55.076000,0 days 01:03:23.433000,0 days 01:03:50.676000,213.0,252.0,276.0,283.0,False,MEDIUM,6.0,True,Mercedes,0 days 01:02:29.148000,,1,6.0,False,,False,True,2024-07,Emilia Romagna Grand Prix,2024,7,2024-05-19,test,81.492,True,
0 days 01:05:11.907000,RUS,63,0 days 00:01:21.267000,7.0,1.0,,,0 days 00:00:25.770000,0 days 00:00:28.188000,0 days 00:00:27.309000,0 days 01:04:16.446000,0 days 01:04:44.634000,0 days 01:05:11.943000,217.0,252.0,276.0,286.0,False,MEDIUM,7.0,True,Mercedes,0 days 01:03:50.640000,,1,6.0,False,,False,True,2024-07,Emilia Romagna Grand Prix,2024,7,2024-05-19,test,81.267,True,
0 days 01:06:33.282000,RUS,63,0 days 00:01:21.375000,8.0,1.0,,,0 days 00:00:25.836000,0 days 00:00:28.198000,0 days 00:00:27.341000,0 days 01:05:37.779000,0 days 01:06:05.977000,0 days 01:06:33.318000,214.0,252.0,276.0,287.0,False,MEDIUM,8.0,True,Mercedes,0 days 01:05:11.907000,,1,6.0,False,,False,True,2024-07,Emilia Romagna Grand Prix,2024,7,2024-05-19,test,81.375,True,
0 days 01:07:54.873000,RUS,63,0 days 00:01:21.591000,9.0,1.0,,,0 days 00:00:25.792000,0 days 00:00:28.372000,0 days 00:00:27.427000,0 days 01:06:59.110000,0 days 01:07:27.482000,0 days 01:07:54.909000,217.0,252.0,276.0,286.0,False,MEDIUM,9.0,True,Mercedes,0 days 01:06:33.282000,,1,6.0,False,,False,True,2024-07,Emilia Romagna Grand Prix,2024,7,2024-05-19,test,81.591,True,
0 days 01:09:16.469000,RUS,63,0 days 00:01:21.596000,10.0,1.0,,,0 days 00:00:25.817000,0 days 00:00:28.303000,0 days 00:00:27.476000,0 days 01:08:20.726000,0 days 01:08:49.029000,0 days 01:09:16.505000,216.0,253.0,276.0,285.0,False,MEDIUM,10.0,True,Mercedes,0 days 01:07:54.873000,,1,6.0,False,,False,True,2024-07,Emilia Romagna Grand Prix,2024,7,2024-05-19,test,81.596,True,
0 days 01:10:37.935000,RUS,63,0 days 00:01:21.466000,11.0,1.0,,,0 days 00:00:25.752000,0 days 00:00:28.359000,0 days 00:00:27.355000,0 days 01:09:42.257000,0 days 01:10:10.616000,0 days 01:10:37.971000,214.0,254.0,277.0,286.0,False,MEDIUM,11.0,True,Mercedes,0 days 01:09:16.469000,,1,6.0,False,,False,True,2024-07,Emilia Romagna Grand Prix,2024,7,2024-05-19,test,81.466,True,
0 days 01:11:59.755000,RUS,63,0 days 00:01:21.820000,12.0,1.0,,,0 days 00:00:25.955000,0 days 00:00:28.461000,0 days 00:00:27.404000,0 days 01:11:03.926000,0 days 01:11:32.387000,0 days 01:11:59.791000,212.0,253.0,277.0,286.0,False,MEDIUM,12.0,True,Mercedes,0 days 01:10:37.935000,,1,6.0,False,,False,True,2024-07,Emilia Romagna Grand Prix,2024,7,2024-05-19,test,81.82,True,
0 days 01:13:21.622000,RUS,63,0 days 00:01:21.867000,13.0,1.0,,,0 days 00:00:26.007000,0 days 00:00:28.454000,0 days 00:00:27.406000,0 days 01:12:25.798000,0 days 01:12:54.252000,0 days 01:13:21.658000,213.0,252.0,277.0,288.0,False,MEDIUM,13.0,True,Mercedes,0 days 01:11:59.755000,,1,6.0,False,,False,True,2024-07,Emilia Romagna Grand Prix,2024,7,2024-05-19,test,81.867,True,
0 days 01:14:43.440000,RUS,63,0 days 00:01:21.818000,14.0,1.0,,,0 days 00:00:25.882000,0 days 00:00:28.326000,0 days 00:00:27.610000,0 days 01:13:47.540000,0 days 01:14:15.866000,0 days 01:14:43.476000,214.0,254.0,275.0,287.0,False,MEDIUM,14.0,True,Mercedes,0 days 01:13:21.622000,,1,6.0,False,,False,True,2024-07,Emilia Romagna Grand Prix,2024,7,2024-05-19,test,81.818,True,
0 days 01:16:05.284000,RUS,63,0 days 00:01:21.844000,15.0,1.0,,,0 days 00:00:25.925000,0 days 00:00:28.362000,0 days 00:00:27.557000,0 days 01:15:09.401000,0 days 01:15:37.763000,0 days 01:16:05.320000,213.0,253.0,278.0,286.0,False,MEDIUM,15.0,True,Mercedes,0 days 01:14:43.440000,,1,6.0,False,,False,True,2024-07,Emilia Romagna Grand Prix,2024,7,2024-05-19,test,81.844,True,
0 days 01:17:27.051000,RUS,63,0 days 00:01:21.767000,16.0,1.0,,,0 days 00:00:25.841000,0 days 00:00:28.364000,0 days 00:00:27.562000,0 days 01:16:31.161000,0 days 01:16:59.525000,0 days 01:17:27.087000,214.0,253.0,278.0,285.0,False,MEDIUM,16.0,True,Mercedes,0 days 01:16:05.284000,,1,6.0,False,,False,True,2024-07,Emilia Romagna Grand Prix,2024,7,2024-05-19,test,81.767,True,
0 days 01:18:49.042000,RUS,63,0 days 00:01:21.991000,17.0,1.0,,,0 days 00:00:25.929000,0 days 00:00:28.439000,0 days 00:00:27.623000,0 days 01:17:53.016000,0 days 01:18:21.455000,0 days 01:18:49.078000,214.0,252.0,277.0,287.0,False,MEDIUM,17.0,True,Mercedes,0 days 01:17:27.051000,,1,6.0,False,,False,True,2024-07,Emilia Romagna Grand Prix,2024,7,2024-05-19,test,81.991,True,
0 days 01:20:11.250000,RUS,63,0 days 00:01:22.208000,18.0,1.0,,,0 days 00:00:26.004000,0 days 00:00:28.494000,0 days 00:00:27.710000,0 days 01:19:15.082000,0 days 01:19:43.576000,0 days 01:20:11.286000,212.0,252.0,278.0,287.0,False,MEDIUM,18.0,True,Mercedes,0 days 01:18:49.042000,,1,6.0,False,,False,True,2024-07,Emilia Romagna Grand Prix,2024,7,2024-05-19,test,82.208,True,
0 days 01:21:33.280000,RUS,63,0 days 00:01:22.030000,19.0,1.0,,,0 days 00:00:25.967000,0 days 00:00:28.399000,0 days 00:00:27.664000,0 days 01:20:37.253000,0 days 01:21:05.652000,0 days 01:21:33.316000,213.0,251.0,276.0,286.0,False,MEDIUM,19.0,True,Mercedes,0 days 01:20:11.250000,,1,6.0,False,,False,True,2024-07,Emilia Romagna Grand Prix,2024,7,2024-05-19,test,82.03,True,
0 days 01:22:55.495000,RUS,63,0 days 00:01:22.215000,20.0,1.0,,,0 days 00:00:25.983000,0 days 00:00:28.547000,0 days 00:00:27.685000,0 days 01:21:59.299000,0 days 01:22:27.846000,0 days 01:22:55.531000,213.0,251.0,276.0,286.0,False,MEDIUM,20.0,True,Mercedes,0 days 01:21:33.280000,,1,6.0,False,,False,True,2024-07,Emilia Romagna Grand Prix,2024,7,2024-05-19,test,82.215,True,
0 days 01:24:22.375000,RUS,63,0 days 00:01:26.880000,21.0,1.0,,0 days 01:24:17.932000,0 days 00:00:26.123000,0 days 00:00:28.523000,0 days 00:00:32.234000,0 days 01:23:21.654000,0 days 01:23:50.177000,0 days 01:24:22.411000,215.0,253.0,,287.0,False,MEDIUM,21.0,True,Mercedes,0 days 01:22:55.495000,,1,7.0,False,,False,False,2024-07,Emilia Romagna Grand Prix,2024,7,2024-05-19,test,86.88,False,pit_in;timing_not_accurate
0 days 01:26:07.313000,RUS,63,0 days 00:01:44.938000,22.0,2.0,0 days 01:24:47.699000,,0 days 00:00:48.506000,0 days 00:00:28.710000,0 days 00:00:27.722000,0 days 01:25:10.917000,0 days 01:25:39.627000,0 days 01:26:07.349000,214.0,251.0,283.0,283.0,False,HARD,1.0,True,Mercedes,0 days 01:24:22.375000,,1,10.0,False,,False,False,2024-07,Emilia Romagna Grand Prix,2024,7,2024-05-19,test,104.938,False,pit_out;timing_not_accurate
0 days 01:27:27.982000,RUS,63,0 days 00:01:20.669000,23.0,2.0,,,0 days 00:00:25.533000,0 days 00:00:28.153000,0 days 00:00:26.983000,0 days 01:26:32.882000,0 days 01:27:01.035000,0 days 01:27:28.018000,212.0,250.0,278.0,283.0,True,HARD,2.0,True,Mercedes,0 days 01:26:07.313000,,1,9.0,False,,False,True,2024-07,Emilia Romagna Grand Prix,2024,7,2024-05-19,test,80.669,True,
0 days 01:28:48.957000,RUS,63,0 days 00:01:20.975000,24.0,2.0,,,0 days 00:00:25.727000,0 days 00:00:28.011000,0 days 00:00:27.237000,0 days 01:27:53.745000,0 days 01:28:21.756000,0 days 01:28:48.993000,216.0,254.0,278.0,284.0,False,HARD,3.0,True,Mercedes,0 days 01:27:27.982000,,1,9.0,False,,False,True,2024-07,Emilia Romagna Grand Prix,2024,7,2024-05-19,test,80.975,True,
0 days 01:30:09.908000,RUS,63,0 days 00:01:20.951000,25.0,2.0,,,0 days 00:00:25.662000,0 days 00:00:28.131000,0 days 00:00:27.158000,0 days 01:29:14.655000,0 days 01:29:42.786000,0 days 01:30:09.944000,215.0,256.0,280.0,282.0,False,HARD,4.0,True,Mercedes,0 days 01:28:48.957000,,1,9.0,False,,False,True,2024-07,Emilia Romagna Grand Prix,2024,7,2024-05-19,test,80.951,True,
0 days 01:31:31.563000,RUS,63,0 days 00:01:21.655000,26.0,2.0,,,0 days 00:00:25.757000,0 days 00:00:28.285000,0 days 00:00:27.613000,0 days 01:30:35.701000,0 days 01:31:03.986000,0 days 01:31:31.599000,216.0,258.0,282.0,295.0,False,HARD,5.0,True,Mercedes,0 days 01:30:09.908000,,1,9.0,False,,False,True,2024-07,Emilia Romagna Grand Prix,2024,7,2024-05-19,test,81.655,True,
0 days 01:32:52.299000,RUS,63,0 days 00:01:20.736000,27.0,2.0,,,0 days 00:00:25.311000,0 days 00:00:28.106000,0 days 00:00:27.319000,0 days 01:31:56.910000,0 days 01:32:25.016000,0 days 01:32:52.335000,215.0,253.0,278.0,292.0,False,HARD,6.0,True,Mercedes,0 days 01:31:31.563000,,1,8.0,False,,False,True,2024-07,Emilia Romagna Grand Prix,2024,7,2024-05-19,test,80.736,True,
0 days 01:34:13.927000,RUS,63,0 days 00:01:21.628000,28.0,2.0,,,0 days 00:00:25.973000,0 days 00:00:28.286000,0 days 00:00:27.369000,0 days 01:33:18.308000,0 days 01:33:46.594000,0 days 01:34:13.963000,213.0,255.0,278.0,285.0,False,HARD,7.0,True,Mercedes,0 days 01:32:52.299000,,1,7.0,False,,False,True,2024-07,Emilia Romagna Grand Prix,2024,7,2024-05-19,test,81.628,True,
0 days 01:35:35.371000,RUS,63,0 days 00:01:21.444000,29.0,2.0,,,0 days 00:00:25.612000,0 days 00:00:28.374000,0 days 00:00:27.458000,0 days 01:34:39.575000,0 days 01:35:07.949000,0 days 01:35:35.407000,215.0,252.0,279.0,286.0,False,HARD,8.0,True,Mercedes,0 days 01:34:13.927000,,1,7.0,False,,False,True,2024-07,Emilia Romagna Grand Prix,2024,7,2024-05-19,test,81.444,True,
0 days 01:36:57.469000,RUS,63,0 days 00:01:22.098000,30.0,2.0,,,0 days 00:00:25.987000,0 days 00:00:28.454000,0 days 00:00:27.657000,0 days 01:36:01.394000,0 days 01:36:29.848000,0 days 01:36:57.505000,214.0,256.0,282.0,298.0,False,HARD,9.0,True,Mercedes,0 days 01:35:35.371000,,1,7.0,False,,False,True,2024-07,Emilia Romagna Grand Prix,2024,7,2024-05-19,test,82.098,True,
0 days 01:38:18.986000,RUS,63,0 days 00:01:21.517000,31.0,2.0,,,0 days 00:00:25.855000,0 days 00:00:28.230000,0 days 00:00:27.432000,0 days 01:37:23.360000,0 days 01:37:51.590000,0 days 01:38:19.022000,214.0,251.0,277.0,285.0,False,HARD,10.0,True,Mercedes,0 days 01:36:57.469000,,1,6.0,False,,False,True,2024-07,Emilia Romagna Grand Prix,2024,7,2024-05-19,test,81.517,True,
0 days 01:39:40.102000,RUS,63,0 days 00:01:21.116000,32.0,2.0,,,0 days 00:00:25.808000,0 days 00:00:28.143000,0 days 00:00:27.165000,0 days 01:38:44.830000,0 days 01:39:12.973000,0 days 01:39:40.138000,213.0,255.0,278.0,288.0,False,HARD,11.0,True,Mercedes,0 days 01:38:18.986000,,1,6.0,False,,False,True,2024-07,Emilia Romagna Grand Prix,2024,7,2024-05-19,test,81.116,True,
0 days 01:41:01.036000,RUS,63,0 days 00:01:20.934000,33.0,2.0,,,0 days 00:00:25.749000,0 days 00:00:28.031000,0 days 00:00:27.154000,0 days 01:40:05.887000,0 days 01:40:33.918000,0 days 01:41:01.072000,214.0,256.0,278.0,288.0,False,HARD,12.0,True,Mercedes,0 days 01:39:40.102000,,1,6.0,False,,False,True,2024-07,Emilia Romagna Grand Prix,2024,7,2024-05-19,test,80.934,True,
0 days 01:42:22.175000,RUS,63,0 days 00:01:21.139000,34.0,2.0,,,0 days 00:00:25.791000,0 days 00:00:28.219000,0 days 00:00:27.129000,0 days 01:41:26.863000,0 days 01:41:55.082000,0 days 01:42:22.211000,215.0,255.0,279.0,286.0,False,HARD,13.0,True,Mercedes,0 days 01:41:01.036000,,1,6.0,False,,False,True,2024-07,Emilia Romagna Grand Prix,2024,7,2024-05-19,test,81.139,True,
0 days 01:43:43.384000,RUS,63,0 days 00:01:21.209000,35.0,2.0,,,0 days 00:00:25.748000,0 days 00:00:28.289000,0 days 00:00:27.172000,0 days 01:42:47.959000,0 days 01:43:16.248000,0 days 01:43:43.420000,216.0,253.0,278.0,285.0,False,HARD,14.0,True,Mercedes,0 days 01:42:22.175000,,1,6.0,False,,False,True,2024-07,Emilia Romagna Grand Prix,2024,7,2024-05-19,test,81.209,True,
0 days 01:45:04.286000,RUS,63,0 days 00:01:20.902000,36.0,2.0,,,0 days 00:00:25.732000,0 days 00:00:28.066000,0 days 00:00:27.104000,0 days 01:44:09.152000,0 days 01:44:37.218000,0 days 01:45:04.322000,217.0,256.0,280.0,286.0,False,HARD,15.0,True,Mercedes,0 days 01:43:43.384000,,1,6.0,False,,False,True,2024-07,Emilia Romagna Grand Prix,2024,7,2024-05-19,test,80.902,True,
0 days 01:46:25.142000,RUS,63,0 days 00:01:20.856000,37.0,2.0,,,0 days 00:00:25.584000,0 days 00:00:28.157000,0 days 00:00:27.115000,0 days 01:45:29.906000,0 days 01:45:58.063000,0 days 01:46:25.178000,216.0,255.0,279.0,286.0,False,HARD,16.0,True,Mercedes,0 days 01:45:04.286000,,1,6.0,False,,False,True,2024-07,Emilia Romagna Grand Prix,2024,7,2024-05-19,test,80.856,True,
0 days 01:47:45.832000,RUS,63,0 days 00:01:20.690000,38.0,2.0,,,0 days 00:00:25.582000,0 days 00:00:28.003000,0 days 00:00:27.105000,0 days 01:46:50.760000,0 days 01:47:18.763000,0 days 01:47:45.868000,218.0,256.0,279.0,288.0,False,HARD,17.0,True,Mercedes,0 days 01:46:25.142000,,1,6.0,False,,False,True,2024-07,Emilia Romagna Grand Prix,2024,7,2024-05-19,test,80.69,True,
0 days 01:49:06.756000,RUS,63,0 days 00:01:20.924000,39.0,2.0,,,0 days 00:00:25.732000,0 days 00:00:28.073000,0 days 00:00:27.119000,0 days 01:48:11.600000,0 days 01:48:39.673000,0 days 01:49:06.792000,217.0,256.0,280.0,287.0,False,HARD,18.0,True,Mercedes,0 days 01:47:45.832000,,1,6.0,False,,False,True,2024-07,Emilia Romagna Grand Prix,2024,7,2024-05-19,test,80.924,True,
0 days 01:50:27.912000,RUS,63,0 days 00:01:21.156000,40.0,2.0,,,0 days 00:00:25.644000,0 days 00:00:28.126000,0 days 00:00:27.386000,0 days 01:49:32.436000,0 days 01:50:00.562000,0 days 01:50:27.948000,217.0,256.0,279.0,286.0,False,HARD,19.0,True,Mercedes,0 days 01:49:06.756000,,1,6.0,False,,False,True,2024-07,Emilia Romagna Grand Prix,2024,7,2024-05-19,test,81.156,True,
0 days 01:51:49.021000,RUS,63,0 days 00:01:21.109000,41.0,2.0,,,0 days 00:00:25.640000,0 days 00:00:28.170000,0 days 00:00:27.299000,0 days 01:50:53.588000,0 days 01:51:21.758000,0 days 01:51:49.057000,215.0,254.0,278.0,283.0,False,HARD,20.0,True,Mercedes,0 days 01:50:27.912000,,1,6.0,False,,False,True,2024-07,Emilia Romagna Grand Prix,2024,7,2024-05-19,test,81.109,True,
0 days 01:53:10.098000,RUS,63,0 days 00:01:21.077000,42.0,2.0,,,0 days 00:00:25.714000,0 days 00:00:28.112000,0 days 00:00:27.251000,0 days 01:52:14.771000,0 days 01:52:42.883000,0 days 01:53:10.134000,219.0,256.0,279.0,287.0,False,HARD,21.0,True,Mercedes,0 days 01:51:49.021000,,1,6.0,False,,False,True,2024-07,Emilia Romagna Grand Prix,2024,7,2024-05-19,test,81.077,True,
0 days 01:54:30.899000,RUS,63,0 days 00:01:20.801000,43.0,2.0,,,0 days 00:00:25.591000,0 days 00:00:28.134000,0 days 00:00:27.076000,0 days 01:53:35.725000,0 days 01:54:03.859000,0 days 01:54:30.935000,216.0,255.0,280.0,286.0,False,HARD,22.0,True,Mercedes,0 days 01:53:10.098000,,1,6.0,False,,False,True,2024-07,Emilia Romagna Grand Prix,2024,7,2024-05-19,test,80.801,True,
0 days 01:55:52.063000,RUS,63,0 days 00:01:21.164000,44.0,2.0,,,0 days 00:00:25.723000,0 days 00:00:28.204000,0 days 00:00:27.237000,0 days 01:54:56.658000,0 days 01:55:24.862000,0 days 01:55:52.099000,214.0,256.0,279.0,286.0,False,HARD,23.0,True,Mercedes,0 days 01:54:30.899000,,1,6.0,False,,False,True,2024-07,Emilia Romagna Grand Prix,2024,7,2024-05-19,test,81.164,True,
0 days 01:57:12.991000,RUS,63,0 days 00:01:20.928000,45.0,2.0,,,0 days 00:00:25.647000,0 days 00:00:28.168000,0 days 00:00:27.113000,0 days 01:56:17.746000,0 days 01:56:45.914000,0 days 01:57:13.027000,210.0,257.0,279.0,286.0,False,HARD,24.0,True,Mercedes,0 days 01:55:52.063000,,1,6.0,False,,False,True,2024-07,Emilia Romagna Grand Prix,2024,7,2024-05-19,test,80.928,True,
0 days 01:58:34.218000,RUS,63,0 days 00:01:21.227000,46.0,2.0,,,0 days 00:00:25.711000,0 days 00:00:28.357000,0 days 00:00:27.159000,0 days 01:57:38.738000,0 days 01:58:07.095000,0 days 01:58:34.254000,214.0,256.0,280.0,286.0,False,HARD,25.0,True,Mercedes,0 days 01:57:12.991000,,1,6.0,False,,False,True,2024-07,Emilia Romagna Grand Prix,2024,7,2024-05-19,test,81.227,True,
0 days 01:59:55.641000,RUS,63,0 days 00:01:21.423000,47.0,2.0,,,0 days 00:00:25.750000,0 days 00:00:28.419000,0 days 00:00:27.254000,0 days 01:59:00.004000,0 days 01:59:28.423000,0 days 01:59:55.677000,217.0,256.0,280.0,286.0,False,HARD,26.0,True,Mercedes,0 days 01:58:34.218000,,1,6.0,False,,False,True,2024-07,Emilia Romagna Grand Prix,2024,7,2024-05-19,test,81.423,True,
0 days 02:01:17.032000,RUS,63,0 days 00:01:21.391000,48.0,2.0,,,0 days 00:00:25.772000,0 days 00:00:28.461000,0 days 00:00:27.158000,0 days 02:00:21.449000,0 days 02:00:49.910000,0 days 02:01:17.068000,215.0,254.0,280.0,286.0,False,HARD,27.0,True,Mercedes,0 days 01:59:55.641000,,1,6.0,False,,False,True,2024-07,Emilia Romagna Grand Prix,2024,7,2024-05-19,test,81.391,True,
0 days 02:02:38.190000,RUS,63,0 days 00:01:21.158000,49.0,2.0,,,0 days 00:00:25.747000,0 days 00:00:28.130000,0 days 00:00:27.281000,0 days 02:01:42.815000,0 days 02:02:10.945000,0 days 02:02:38.226000,218.0,256.0,281.0,289.0,False,HARD,28.0,True,Mercedes,0 days 02:01:17.032000,,1,6.0,False,,False,True,2024-07,Emilia Romagna Grand Prix,2024,7,2024-05-19,test,81.158,True,
0 days 02:03:59.681000,RUS,63,0 days 00:01:21.491000,50.0,2.0,,,0 days 00:00:25.701000,0 days 00:00:28.307000,0 days 00:00:27.483000,0 days 02:03:03.927000,0 days 02:03:32.234000,0 days 02:03:59.717000,218.0,256.0,281.0,284.0,False,HARD,29.0,True,Mercedes,0 days 02:02:38.190000,,1,6.0,False,,False,True,2024-07,Emilia Romagna Grand Prix,2024,7,2024-05-19,test,81.491,True,
0 days 02:05:20.826000,RUS,63,0 days 00:01:21.145000,51.0,2.0,,,0 days 00:00:25.445000,0 days 00:00:28.401000,0 days 00:00:27.299000,0 days 02:04:25.162000,0 days 02:04:53.563000,0 days 02:05:20.862000,215.0,257.0,281.0,285.0,False,HARD,30.0,True,Mercedes,0 days 02:03:59.681000,,1,6.0,False,,False,True,2024-07,Emilia Romagna Grand Prix,2024,7,2024-05-19,test,81.145,True,
0 days 02:06:47.068000,RUS,63,0 days 00:01:26.242000,52.0,2.0,,0 days 02:06:42.659000,0 days 00:00:25.615000,0 days 00:00:28.670000,0 days 00:00:31.957000,0 days 02:05:46.477000,0 days 02:06:15.147000,0 days 02:06:47.104000,213.0,253.0,,285.0,False,HARD,31.0,True,Mercedes,0 days 02:05:20.826000,,1,7.0,False,,False,False,2024-07,Emilia Romagna Grand Prix,2024,7,2024-05-19,test,86.242,False,pit_in;timing_not_accurate
0 days 02:08:29.913000,RUS,63,0 days 00:01:42.845000,53.0,3.0,0 days 02:07:12.366000,,0 days 00:00:48.194000,0 days 00:00:27.850000,0 days 00:00:26.801000,0 days 02:07:35.298000,0 days 02:08:03.148000,0 days 02:08:29.949000,219.0,253.0,281.0,283.0,False,MEDIUM,3.0,False,Mercedes,0 days 02:06:47.068000,,1,7.0,False,,False,False,2024-07,Emilia Romagna Grand Prix,2024,7,2024-05-19,test,102.845,False,pit_out;timing_not_accurate
0 days 02:09:48.502000,RUS,63,0 days 00:01:18.589000,54.0,3.0,,,0 days 00:00:25.137000,0 days 00:00:27.092000,0 days 00:00:26.360000,0 days 02:08:55.086000,0 days 02:09:22.178000,0 days 02:09:48.538000,221.0,258.0,282.0,291.0,True,MEDIUM,4.0,False,Mercedes,0 days 02:08:29.913000,,1,7.0,False,,False,True,2024-07,Emilia Romagna Grand Prix,2024,7,2024-05-19,test,78.589,True,
0 days 02:11:08.280000,RUS,63,0 days 00:01:19.778000,55.0,3.0,,,0 days 00:00:25.580000,0 days 00:00:27.476000,0 days 00:00:26.722000,0 days 02:10:14.118000,0 days 02:10:41.594000,0 days 02:11:08.316000,223.0,257.0,281.0,283.0,False,MEDIUM,5.0,False,Mercedes,0 days 02:09:48.502000,,1,7.0,False,,False,True,2024-07,Emilia Romagna Grand Prix,2024,7,2024-05-19,test,79.778,True,
0 days 02:12:27.851000,RUS,63,0 days 00:01:19.571000,56.0,3.0,,,0 days 00:00:25.189000,0 days 00:00:27.624000,0 days 00:00:26.758000,0 days 02:11:33.505000,0 days 02:12:01.129000,0 days 02:12:27.887000,220.0,255.0,280.0,283.0,False,MEDIUM,6.0,False,Mercedes,0 days 02:11:08.280000,,1,7.0,False,,False,True,2024-07,Emilia Romagna Grand Prix,2024,7,2024-05-19,test,79.571,True,
0 days 02:13:47.308000,RUS,63,0 days 00:01:19.457000,57.0,3.0,,,0 days 00:00:25.209000,0 days 00:00:27.542000,0 days 00:00:26.706000,0 days 02:12:53.096000,0 days 02:13:20.638000,0 days 02:13:47.344000,222.0,258.0,279.0,287.0,False,MEDIUM,7.0,False,Mercedes,0 days 02:12:27.851000,,1,7.0,False,,False,True,2024-07,Emilia Romagna Grand Prix,2024,7,2024-05-19,test,79.457,True,
0 days 02:15:06.924000,RUS,63,0 days 00:01:19.616000,58.0,3.0,,,0 days 00:00:25.221000,0 days 00:00:27.650000,0 days 00:00:26.745000,0 days 02:14:12.565000,0 days 02:14:40.215000,0 days 02:15:06.960000,219.0,256.0,280.0,283.0,False,MEDIUM,8.0,False,Mercedes,0 days 02:13:47.308000,,1,7.0,False,,False,True,2024-07,Emilia Romagna Grand Prix,2024,7,2024-05-19,test,79.616,True,
0 days 02:16:26.805000,RUS,63,0 days 00:01:19.881000,59.0,3.0,,,0 days 00:00:25.320000,0 days 00:00:27.709000,0 days 00:00:26.852000,0 days 02:15:32.280000,0 days 02:15:59.989000,0 days 02:16:26.841000,218.0,255.0,281.0,285.0,False,MEDIUM,9.0,False,Mercedes,0 days 02:15:06.924000,,1,7.0,False,,False,True,2024-07,Emilia Romagna Grand Prix,2024,7,2024-05-19,test,79.881,True,
0 days 02:17:46.898000,RUS,63,0 days 00:01:20.093000,60.0,3.0,,,0 days 00:00:25.341000,0 days 00:00:27.811000,0 days 00:00:26.941000,0 days 02:16:52.182000,0 days 02:17:19.993000,0 days 02:17:46.934000,220.0,257.0,282.0,286.0,False,MEDIUM,10.0,False,Mercedes,0 days 02:16:26.805000,,1,7.0,False,,False,True,2024-07,Emilia Romagna Grand Prix,2024,7,2024-05-19,test,80.093,True,
0 days 02:19:07.601000,RUS,63,0 days 00:01:20.703000,61.0,3.0,,,0 days 00:00:25.375000,0 days 00:00:27.794000,0 days 00:00:27.534000,0 days 02:18:12.309000,0 days 02:18:40.103000,0 days 02:19:07.637000,220.0,260.0,284.0,285.0,False,MEDIUM,11.0,False,Mercedes,0 days 02:17:46.898000,,1,7.0,False,,False,True,2024-07,Emilia Romagna Grand Prix,2024,7,2024-05-19,test,80.703,True,
0 days 02:20:29.164000,RUS,63,0 days 00:01:21.563000,62.0,3.0,,,0 days 00:00:26.016000,0 days 00:00:28.209000,0 days 00:00:27.338000,0 days 02:19:33.653000,0 days 02:20:01.862000,0 days 02:20:29.200000,216.0,258.0,280.0,291.0,False,MEDIUM,12.0,False,Mercedes,0 days 02:19:07.601000,,1,7.0,False,,False,True,2024-07,Emilia Romagna Grand Prix,2024,7,2024-05-19,test,81.563,True,
0 days 02:21:49.256000,RUS,63,0 days 00:01:20.092000,63.0,3.0,,,0 days 00:00:25.392000,0 days 00:00:27.822000,0 days 00:00:26.878000,0 days 02:20:54.592000,0 days 02:21:22.414000,0 days 02:21:49.292000,221.0,259.0,284.0,298.0,False,MEDIUM,13.0,False,Mercedes,0 days 02:20:29.164000,,1,7.0,False,,False,True,2024-07,Emilia Romagna Grand Prix,2024,7,2024-05-19,test,80.092,True,
0 days 00:57:01.999000,SAI,55,0 days 00:01:25.149000,1.0,1.0,,,,0 days 00:00:28.617000,0 days 00:00:27.140000,,0 days 00:56:35.011000,0 days 00:57:02.139000,214.0,251.0,279.0,283.0,False,MEDIUM,1.0,True,Ferrari,0 days 00:55:36.608000,,1,4.0,False,,False,False,2024-07,Emilia Romagna Grand Prix,2024,7,2024-05-19,test,85.149,False,opening_lap;timing_not_accurate
0 days 00:58:23.101000,SAI,55,0 days 00:01:21.102000,2.0,1.0,,,0 days 00:00:25.799000,0 days 00:00:28.232000,0 days 00:00:27.071000,0 days 00:57:27.876000,0 days 00:57:56.108000,0 days 00:58:23.179000,215.0,255.0,280.0,282.0,True,MEDIUM,2.0,True,Ferrari,0 days 00:57:01.999000,,1,4.0,False,,False,True,2024-07,Emilia Romagna Grand Prix,2024,7,2024-05-19,test,81.102,True,
0 days 00:59:44.067000,SAI,55,0 days 00:01:20.966000,3.0,1.0,,,0 days 00:00:25.426000,0 days 00:00:28.351000,0 days 00:00:27.189000,0 days 00:58:48.605000,0 days 00:59:16.956000,0 days 00:59:44.145000,214.0,253.0,279.0,285.0,True,MEDIUM,3.0,True,Ferrari,0 days 00:58:23.101000,,1,4.0,False,,False,True,2024-07,Emilia Romagna Grand Prix,2024,7,2024-05-19,test,80.966,True,
0 days 01:01:05.408000,SAI,55,0 days 00:01:21.341000,4.0,1.0,,,0 days 00:00:25.575000,0 days 00:00:28.536000,0 days 00:00:27.230000,0 days 01:00:09.720000,0 days 01:00:38.256000,0 days 01:01:05.486000,211.0,254.0,279.0,296.0,False,MEDIUM,4.0,True,Ferrari,0 days 00:59:44.067000,,1,4.0,False,,False,True,2024-07,Emilia Romagna Grand Prix,2024,7,2024-05-19,test,81.341,True,
0 days 01:02:26.684000,SAI,55,0 days 00:01:21.276000,5.0,1.0,,,0 days 00:00:25.581000,0 days 00:00:28.392000,0 days 00:00:27.303000,0 days 01:01:31.067000,0 days 01:01:59.459000,0 days 01:02:26.762000,213.0,250.0,278.0,295.0,False,MEDIUM,5.0,True,Ferrari,0 days 01:01:05.408000,,1,4.0,False,,False,True,2024-07,Emilia Romagna Grand Prix,2024,7,2024-05-19,test,81.276,True,
0 days 01:03:47.844000,SAI,55,0 days 00:01:21.160000,6.0,1.0,,,0 days 00:00:25.608000,0 days 00:00:28.439000,0 days 00:00:27.113000,0 days 01:02:52.370000,0 days 01:03:20.809000,0 days 01:03:47.922000,209.0,251.0,278.0,286.0,False,MEDIUM,6.0,True,Ferrari,0 days 01:02:26.684000,,1,4.0,False,,False,True,2024-07,Emilia Romagna Grand Prix,2024,7,2024-05-19,test,81.16,True,
0 days 01:05:09.080000,SAI,55,0 days 00:01:21.236000,7.0,1.0,,,0 days 00:00:25.720000,0 days 00:00:28.449000,0 days 00:00:27.067000,0 days 01:04:13.642000,0 days 01:04:42.091000,0 days 01:05:09.158000,213.0,251.0,279.0,285.0,False,MEDIUM,7.0,True,Ferrari,0 days 01:03:47.844000,,1,4.0,False,,False,True,2024-07,Emilia Romagna Grand Prix,2024,7,2024-05-19,test,81.236,True,
0 days 01:06:30.511000,SAI,55,0 days 00:01:21.431000,8.0,1.0,,,0 days 00:00:25.902000,0 days 00:00:28.452000,0 days 00:00:27.077000,0 days 01:05:35.060000,0 days 01:06:03.512000,0 days 01:06:30.589000,209.0,249.0,279.0,283.0,False,MEDIUM,8.0,True,Ferrari,0 days 01:05:09.080000,,1,4.0,False,,False,True,2024-07,Emilia Romagna Grand Prix,2024,7,2024-05-19,test,81.431,True,
0 days 01:07:52.004000,SAI,55,0 days 00:01:21.493000,9.0,1.0,,,0 days 00:00:25.757000,0 days 00:00:28.479000,0 days 00:00:27.257000,0 days 01:06:56.346000,0 days 01:07:24.825000,0 days 01:07:52.082000,213.0,248.0,277.0,283.0,False,MEDIUM,9.0,True,Ferrari,0 days 01:06:30.511000,,1,4.0,False,,False,True,2024-07,Emilia Romagna Grand Prix,2024,7,2024-05-19,test,81.493,True,
0 days 01:09:13.590000,SAI,55,0 days 00:01:21.586000,10.0,1.0,,,0 days 00:00:25.842000,0 days 00:00:28.562000,0 days 00:00:27.182000,0 days 01:08:17.924000,0 days 01:08:46.486000,0 days 01:09:13.668000,211.0,249.0,278.0,282.0,False,MEDIUM,10.0,True,Ferrari,0 days 01:07:52.004000,,1,4.0,False,,False,True,2024-07,Emilia Romagna Grand Prix,2024,7,2024-05-19,test,81.586,True,
0 days 01:10:34.906000,SAI,55,0 days 00:01:21.316000,11.0,1.0,,,0 days 00:00:25.753000,0 days 00:00:28.376000,0 days 00:00:27.187000,0 days 01:09:39.421000,0 days 01:10:07.797000,0 days 01:10:34.984000,212.0,250.0,279.0,284.0,False,MEDIUM,11.0,True,Ferrari,0 days 01:09:13.590000,,1,4.0,False,,False,True,2024-07,Emilia Romagna Grand Prix,2024,7,2024-05-19,test,81.316,True,
0 days 01:11:56.806000,SAI,55,0 days 00:01:21.900000,12.0,1.0,,,0 days 00:00:25.962000,0 days 00:00:28.594000,0 days 00:00:27.344000,0 days 01:11:00.946000,0 days 01:11:29.540000,0 days 01:11:56.884000,210.0,247.0,277.0,282.0,False,MEDIUM,12.0,True,Ferrari,0 days 01:10:34.906000,,1,4.0,False,,False,True,2024-07,Emilia Romagna Grand Prix,2024,7,2024-05-19,test,81.9,True,
0 days 01:13:18.553000,SAI,55,0 days 00:01:21.747000,13.0,1.0,,,0 days 00:00:25.908000,0 days 00:00:28.564000,0 days 00:00:27.275000,0 days 01:12:22.792000,0 days 01:12:51.356000,0 days 01:13:18.631000,212.0,249.0,277.0,283.0,False,MEDIUM,13.0,True,Ferrari,0 days 01:11:56.806000,,1,4.0,False,,False,True,2024-07,Emilia Romagna Grand Prix,2024,7,2024-05-19,test,81.747,True,
0 days 01:14:40.191000,SAI,55,0 days 00:01:21.638000,14.0,1.0,,,0 days 00:00:25.746000,0 days 00:00:28.533000,0 days 00:00:27.359000,0 days 01:13:44.377000,0 days 01:14:12.910000,0 days 01:14:40.269000,210.0,251.0,276.0,283.0,False,MEDIUM,14.0,True,Ferrari,0 days 01:13:18.553000,,1,4.0,False,,False,True,2024-07,Emilia Romagna Grand Prix,2024,7,2024-05-19,test,81.638,True,
0 days 01:16:01.801000,SAI,55,0 days 00:01:21.610000,15.0,1.0,,,0 days 00:00:25.825000,0 days 00:00:28.551000,0 days 00:00:27.234000,0 days 01:15:06.094000,0 days 01:15:34.645000,0 days 01:16:01.879000,213.0,251.0,278.0,284.0,False,MEDIUM,15.0,True,Ferrari,0 days 01:14:40.191000,,1,4.0,False,,False,True,2024-07,Emilia Romagna Grand Prix,2024,7,2024-05-19,test,81.61,True,
0 days 01:17:23.472000,SAI,55,0 days 00:01:21.671000,16.0,1.0,,,0 days 00:00:25.755000,0 days 00:00:28.479000,0 days 00:00:27.437000,0 days 01:16:27.634000,0 days 01:16:56.113000,0 days 01:17:23.550000,212.0,252.0,278.0,282.0,False,MEDIUM,16.0,True,Ferrari,0 days 01:16:01.801000,,1,4.0,False,,False,True,2024-07,Emilia Romagna Grand Prix,2024,7,2024-05-19,test,81.671,True,
0 days 01:18:45.645000,SAI,55,0 days 00:01:22.173000,17.0,1.0,,,0 days 00:00:25.919000,0 days 00:00:28.715000,0 days 00:00:27.539000,0 days 01:17:49.469000,0 days 01:18:18.184000,0 days 01:18:45.723000,209.0,249.0,277.0,283.0,False,MEDIUM,17.0,True,Ferrari,0 days 01:17:23.472000,,1,4.0,False,,False,True,2024-07,Emilia Romagna Grand Prix,2024,7,2024-05-19,test,82.173,True,
0 days 01:20:07.383000,SAI,55,0 days 00:01:21.738000,18.0,1.0,,,0 days 00:00:25.892000,0 days 00:00:28.461000,0 days 00:00:27.385000,0 days 01:19:11.615000,0 days 01:19:40.076000,0 days 01:20:07.461000,213.0,253.0,278.0,287.0,False,MEDIUM,18.0,True,Ferrari,0 days 01:18:45.645000,,1,4.0,False,,False,True,2024-07,Emilia Romagna Grand Prix,2024,7,2024-05-19,test,81.738,True,
0 days 01:21:29.496000,SAI,55,0 days 00:01:22.113000,19.0,1.0,,,0 days 00:00:25.943000,0 days 00:00:28.697000,0 days 00:00:27.473000,0 days 01:20:33.404000,0 days 01:21:02.101000,0 days 01:21:29.574000,211.0,251.0,276.0,285.0,False,MEDIUM,19.0,True,Ferrari,0 days 01:20:07.383000,,1,4.0,False,,False,True,2024-07,Emilia Romagna Grand Prix,2024,7,2024-05-19,test,82.113,True,
0 days 01:22:51.521000,SAI,55,0 days 00:01:22.025000,20.0,1.0,,,0 days 00:00:25.948000,0 days 00:00:28.574000,0 days 00:00:27.503000,0 days 01:21:55.522000,0 days 01:22:24.096000,0 days 01:22:51.599000,213.0,252.0,277.0,286.0,False,MEDIUM,20.0,True,Ferrari,0 days 01:21:29.496000,,1,4.0,False,,False,True,2024-07,Emilia Romagna Grand Prix,2024,7,2024-05-19,test,82.025,True,
0 days 01:24:13.527000,SAI,55,0 days 00:01:22.006000,21.0,1.0,,,0 days 00:00:25.989000,0 days 00:00:28.640000,0 days 00:00:27.377000,0 days 01:23:17.588000,0 days 01:23:46.228000,0 days 01:24:13.605000,210.0,252.0,278.0,284.0,False,MEDIUM,21.0,True,Ferrari,0 days 01:22:51.521000,,1,4.0,False,,False,True,2024-07,Emilia Romagna Grand Prix,2024,7,2024-05-19,test,82.006,True,
0 days 01:25:35.453000,SAI,55,0 days 00:01:21.926000,22.0,1.0,,,0 days 00:00:25.842000,0 days 00:00:28.606000,0 days 00:00:27.478000,0 days 01:24:39.447000,0 days 01:25:08.053000,0 days 01:25:35.531000,212.0,254.0,276.0,285.0,False,MEDIUM,22.0,True,Ferrari,0 days 01:24:13.527000,,1,4.0,False,,False,True,2024-07,Emilia Romagna Grand Prix,2024,7,2024-05-19,test,81.926,True,
0 days 01:26:57.265000,SAI,55,0 days 00:01:21.812000,23.0,1.0,,,0 days 00:00:25.812000,0 days 00:00:28.684000,0 days 00:00:27.316000,0 days 01:26:01.343000,0 days 01:26:30.027000,0 days 01:26:57.343000,213.0,254.0,278.0,287.0,False,MEDIUM,23.0,True,Ferrari,0 days 01:25:35.453000,,1,3.0,False,,False,True,2024-07,Emilia Romagna Grand Prix,2024,7,2024-05-19,test,81.812,True,
0 days 01:28:19.038000,SAI,55,0 days 00:01:21.773000,24.0,1.0,,,0 days 00:00:25.847000,0 days 00:00:28.629000,0 days 00:00:27.297000,0 days 01:27:23.190000,0 days 01:27:51.819000,0 days 01:28:19.116000,208.0,256.0,278.0,287.0,False,MEDIUM,24.0,True,Ferrari,0 days 01:26:57.265000,,1,3.0,False,,False,True,2024-07,Emilia Romagna Grand Prix,2024,7,2024-05-19,test,81.773,True,
0 days 01:29:40.506000,SAI,55,0 days 00:01:21.468000,25.0,1.0,,,0 days 00:00:25.683000,0 days 00:00:28.588000,0 days 00:00:27.197000,0 days 01:28:44.799000,0 days 01:29:13.387000,0 days 01:29:40.584000,214.0,256.0,278.0,287.0,False,MEDIUM,25.0,True,Ferrari,0 days 01:28:19.038000,,1,1.0,False,,False,True,2024-07,Emilia Romagna Grand Prix,2024,7,2024-05-19,test,81.468,True,
0 days 01:31:02.094000,SAI,55,0 days 00:01:21.588000,26.0,1.0,,,0 days 00:00:25.685000,0 days 00:00:28.570000,0 days 00:00:27.333000,0 days 01:30:06.269000,0 days 01:30:34.839000,0 days 01:31:02.172000,213.0,255.0,277.0,284.0,False,MEDIUM,26.0,True,Ferrari,0 days 01:29:40.506000,,1,1.0,False,,False,True,2024-07,Emilia Romagna Grand Prix,2024,7,2024-05-19,test,81.588,True,
0 days 01:32:28.444000,SAI,55,0 days 00:01:26.350000,27.0,1.0,,0 days 01:32:24.118000,0 days 00:00:25.836000,0 days 00:00:28.607000,0 days 00:00:31.907000,0 days 01:31:28.008000,0 days 01:31:56.615000,0 days 01:32:28.522000,215.0,253.0,,282.0,False,MEDIUM,27.0,True,Ferrari,0 days 01:31:02.094000,,1,1.0,False,,False,False,2024-07,Emilia Romagna Grand Prix,2024,7,2024-05-19,test,86.35,False,pit_in;timing_not_accurate
0 days 01:34:12.572000,SAI,55,0 days 00:01:44.128000,28.0,2.0,0 days 01:32:54.582000,,0 days 00:00:49.013000,0 days 00:00:28.032000,0 days 00:00:27.083000,0 days 01:33:17.535000,0 days 01:33:45.567000,0 days 01:34:12.650000,214.0,252.0,278.0,282.0,False,HARD,1.0,True,Ferrari,0 days 01:32:28.444000,,1,6.0,False,,False,False,2024-07,Emilia Romagna Grand Prix,2024,7,2024-05-19,test,104.128,False,pit_out;timing_not_accurate
0 days 01:35:34.169000,SAI,55,0 days 00:01:21.597000,29.0,2.0,,,0 days 00:00:25.625000,0 days 00:00:28.243000,0 days 00:00:27.729000,0 days 01:34:38.275000,0 days 01:35:06.518000,0 days 01:35:34.247000,214.0,253.0,282.0,289.0,False,HARD,2.0,True,Ferrari,0 days 01:34:12.572000,,1,6.0,False,,False,True,2024-07,Emilia Romagna Grand Prix,2024,7,2024-05-19,test,81.597,True,
0 days 01:36:54.817000,SAI,55,0 days 00:01:20.648000,30.0,2.0,,,0 days 00:00:25.592000,0 days 00:00:28.120000,0 days 00:00:26.936000,0 days 01:35:59.839000,0 days 01:36:27.959000,0 days 01:36:54.895000,215.0,253.0,276.0,283.0,True,HARD,3.0,True,Ferrari,0 days 01:35:34.169000,,1,5.0,False,,False,True,2024-07,Emilia Romagna Grand Prix,2024,7,2024-05-19,test,80.648,True,
0 days 01:38:15.469000,SAI,55,0 days 00:01:20.652000,31.0,2.0,,,0 days 00:00:25.536000,0 days 00:00:28.165000,0 days 00:00:26.951000,0 days 01:37:20.431000,0 days 01:37:48.596000,0 days 01:38:15.547000,214.0,252.0,278.0,284.0,False,HARD,4.0,True,Ferrari,0 days 01:36:54.817000,,1,5.0,False,,False,True,2024-07,Emilia Romagna Grand Prix,2024,7,2024-05-19,test,80.652,True,
0 days 01:39:36.105000,SAI,55,0 days 00:01:20.636000,32.0,2.0,,,0 days 00:00:25.582000,0 days 00:00:28.186000,0 days 00:00:26.868000,0 days 01:38:41.129000,0 days 01:39:09.315000,0 days 01:39:36.183000,213.0,252.0,278.0,284.0,True,HARD,5.0,True,Ferrari,0 days 01:38:15.469000,,1,5.0,False,,False,True,2024-07,Emilia Romagna Grand Prix,2024,7,2024-05-19,test,80.636,True,
0 days 01:40:56.829000,SAI,55,0 days 00:01:20.724000,33.0,2.0,,,0 days 00:00:25.664000,0 days 00:00:28.187000,0 days 00:00:26.873000,0 days 01:40:01.847000,0 days 01:40:30.034000,0 days 01:40:56.907000,214.0,251.0,279.0,285.0,False,HARD,6.0,True,Ferrari,0 days 01:39:36.105000,,1,5.0,False,,False,True,2024-07,Emilia Romagna Grand Prix,2024,7,2024-05-19,test,80.724,True,
0 days 01:42:17.677000,SAI,55,0 days 00:01:20.848000,34.0,2.0,,,0 days 00:00:25.813000,0 days 00:00:28.182000,0 days 00:00:26.853000,0 days 01:41:22.720000,0 days 01:41:50.902000,0 days 01:42:17.755000,216.0,254.0,279.0,286.0,False,HARD,7.0,True,Ferrari,0 days 01:40:56.829000,,1,5.0,False,,False,True,2024-07,Emilia Romagna Grand Prix,2024,7,2024-05-19,test,80.848,True,
0 days 01:43:38.382000,SAI,55,0 days 00:01:20.705000,35.0,2.0,,,0 days 00:00:25.599000,0 days 00:00:28.224000,0 days 00:00:26.882000,0 days 01:42:43.354000,0 days 01:43:11.578000,0 days 01:43:38.460000,214.0,253.0,279.0,285.0,False,HARD,8.0,True,Ferrari,0 days 01:42:17.677000,,1,5.0,False,,False,True,2024-07,Emilia Romagna Grand Prix,2024,7,2024-05-19,test,80.705,True,
0 days 01:44:59.231000,SAI,55,0 days 00:01:20.849000,36.0,2.0,,,0 days 00:00:25.587000,0 days 00:00:28.323000,0 days 00:00:26.939000,0 days 01:44:04.047000,0 days 01:44:32.370000,0 days 01:44:59.309000,216.0,254.0,280.0,286.0,False,HARD,9.0,True,Ferrari,0 days 01:43:38.382000,,1,5.0,False,,False,True,2024-07,Emilia Romagna Grand Prix,2024,7,2024-05-19,test,80.849,True,
0 days 01:46:19.697000,SAI,55,0 days 00:01:20.466000,37.0,2.0,,,0 days 00:00:25.463000,0 days 00:00:28.200000,0 days 00:00:26.803000,0 days 01:45:24.772000,0 days 01:45:52.972000,0 days 01:46:19.775000,217.0,255.0,280.0,286.0,True,HARD,10.0,True,Ferrari,0 days 01:44:59.231000,,1,5.0,False,,False,True,2024-07,Emilia Romagna Grand Prix,2024,7,2024-05-19,test,80.466,True,
0 days 01:47:40.193000,SAI,55,0 days 00:01:20.496000,38.0,2.0,,,0 days 00:00:25.430000,0 days 00:00:28.162000,0 days 00:00:26.904000,0 days 01:46:45.205000,0 days 01:47:13.367000,0 days 01:47:40.271000,215.0,254.0,279.0,286.0,False,HARD,11.0,True,Ferrari,0 days 01:46:19.697000,,1,5.0,False,,False,True,2024-07,Emilia Romagna Grand Prix,2024,7,2024-05-19,test,80.496,True,
0 days 01:49:00.724000,SAI,55,0 days 00:01:20.531000,39.0,2.0,,,0 days 00:00:25.623000,0 days 00:00:28.016000,0 days 00:00:26.892000,0 days 01:48:05.894000,0 days 01:48:33.910000,0 days 01:49:00.802000,217.0,255.0,280.0,287.0,False,HARD,12.0,True,Ferrari,0 days 01:47:40.193000,,1,5.0,False,,False,True,2024-07,Emilia Romagna Grand Prix,2024,7,2024-05-19,test,80.531,True,
0 days 01:50:21.243000,SAI,55,0 days 00:01:20.519000,40.0,2.0,,,0 days 00:00:25.478000,0 days 00:00:27.998000,0 days 00:00:27.043000,0 days 01:49:26.280000,0 days 01:49:54.278000,0 days 01:50:21.321000,218.0,256.0,280.0,287.0,False,HARD,13.0,True,Ferrari,0 days 01:49:00.724000,,1,5.0,False,,False,True,2024-07,Emilia Romagna Grand Prix,2024,7,2024-05-19,test,80.519,True,
0 days 01:51:41.858000,SAI,55,0 days 00:01:20.615000,41.0,2.0,,,0 days 00:00:25.452000,0 days 00:00:28.173000,0 days 00:00:26.990000,0 days 01:50:46.773000,0 days 01:51:14.946000,0 days 01:51:41.936000,216.0,253.0,278.0,286.0,False,HARD,14.0,True,Ferrari,0 days 01:50:21.243000,,1,5.0,False,,False,True,2024-07,Emilia Romagna Grand Prix,2024,7,2024-05-19,test,80.615,True,
0 days 01:53:02.525000,SAI,55,0 days 00:01:20.667000,42.0,2.0,,,0 days 00:00:25.415000,0 days 00:00:28.121000,0 days 00:00:27.131000,0 days 01:52:07.351000,0 days 01:52:35.472000,0 days 01:53:02.603000,218.0,255.0,279.0,287.0,False,HARD,15.0,True,Ferrari,0 days 01:51:41.858000,,1,5.0,False,,False,True,2024-07,Emilia Romagna Grand Prix,2024,7,2024-05-19,test,80.667,True,
0 days 01:54:23.226000,SAI,55,0 days 00:01:20.701000,43.0,2.0,,,0 days 00:00:25.498000,0 days 00:00:28.129000,0 days 00:00:27.074000,0 days 01:53:28.101000,0 days 01:53:56.230000,0 days 01:54:23.304000,219.0,256.0,281.0,288.0,False,HARD,16.0,True,Ferrari,0 days 01:53:02.525000,,1,5.0,False,,False,True,2024-07,Emilia Romagna Grand Prix,2024,7,2024-05-19,test,80.701,True,
0 days 01:55:44.292000,SAI,55,0 days 00:01:21.066000,44.0,2.0,,,0 days 00:00:25.409000,0 days 00:00:28.371000,0 days 00:00:27.286000,0 days 01:54:48.713000,0 days 01:55:17.084000,0 days 01:55:44.370000,216.0,254.0,281.0,288.0,False,HARD,17.0,True,Ferrari,0 days 01:54:23.226000,,1,5.0,False,,False,True,2024-07,Emilia Romagna Grand Prix,2024,7,2024-05-19,test,81.066,True,
0 days 01:57:05.548000,SAI,55,0 days 00:01:21.256000,45.0,2.0,,,0 days 00:00:25.883000,0 days 00:00:28.288000,0 days 00:00:27.085000,0 days 01:56:10.253000,0 days 01:56:38.541000,0 days 01:57:05.626000,205.0,257.0,280.0,287.0,False,HARD,18.0,True,Ferrari,0 days 01:55:44.292000,,1,5.0,False,,False,True,2024-07,Emilia Romagna Grand Prix,2024,7,2024-05-19,test,81.256,True,
0 days 01:58:26.612000,SAI,55,0 days 00:01:21.064000,46.0,2.0,,,0 days 00:00:25.563000,0 days 00:00:28.350000,0 days 00:00:27.151000,0 days 01:57:31.189000,0 days 01:57:59.539000,0 days 01:58:26.690000,213.0,256.0,280.0,287.0,False,HARD,19.0,True,Ferrari,0 days 01:57:05.548000,,1,5.0,False,,False,True,2024-07,Emilia Romagna Grand Prix,2024,7,2024-05-19,test,81.064,True,
0 days 01:59:48.676000,SAI,55,0 days 00:01:22.064000,47.0,2.0,,,0 days 00:00:26.583000,0 days 00:00:28.385000,0 days 00:00:27.096000,0 days 01:58:53.273000,0 days 01:59:21.658000,0 days 01:59:48.754000,214.0,254.0,280.0,286.0,False,HARD,20.0,True,Ferrari,0 days 01:58:26.612000,,1,5.0,False,,False,True,2024-07,Emilia Romagna Grand Prix,2024,7,2024-05-19,test,82.064,True,
0 days 02:01:09.675000,SAI,55,0 days 00:01:20.999000,48.0,2.0,,,0 days 00:00:25.668000,0 days 00:00:28.377000,0 days 00:00:26.954000,0 days 02:00:14.422000,0 days 02:00:42.799000,0 days 02:01:09.753000,214.0,254.0,281.0,286.0,False,HARD,21.0,True,Ferrari,0 days 01:59:48.676000,,1,5.0,False,,False,True,2024-07,Emilia Romagna Grand Prix,2024,7,2024-05-19,test,80.999,True,
0 days 02:02:30.412000,SAI,55,0 days 00:01:20.737000,49.0,2.0,,,0 days 00:00:25.518000,0 days 00:00:28.208000,0 days 00:00:27.011000,0 days 02:01:35.271000,0 days 02:02:03.479000,0 days 02:02:30.490000,216.0,255.0,281.0,290.0,False,HARD,22.0,True,Ferrari,0 days 02:01:09.675000,,1,5.0,False,,False,True,2024-07,Emilia Romagna Grand Prix,2024,7,2024-05-19,test,80.737,True,
0 days 02:03:51.400000,SAI,55,0 days 00:01:20.988000,50.0,2.0,,,0 days 00:00:25.561000,0 days 00:00:28.276000,0 days 00:00:27.151000,0 days 02:02:56.051000,0 days 02:03:24.327000,0 days 02:03:51.478000,217.0,257.0,282.0,289.0,False,HARD,23.0,True,Ferrari,0 days 02:02:30.412000,,1,5.0,False,,False,True,2024-07,Emilia Romagna Grand Prix,2024,7,2024-05-19,test,80.988,True,
0 days 02:05:13.148000,SAI,55,0 days 00:01:21.748000,51.0,2.0,,,0 days 00:00:25.751000,0 days 00:00:28.736000,0 days 00:00:27.261000,0 days 02:04:17.229000,0 days 02:04:45.965000,0 days 02:05:13.226000,214.0,255.0,283.0,289.0,False,HARD,24.0,True,Ferrari,0 days 02:03:51.400000,,1,5.0,False,,False,True,2024-07,Emilia Romagna Grand Prix,2024,7,2024-05-19,test,81.748,True,
0 days 02:06:34.749000,SAI,55,0 days 00:01:21.601000,52.0,2.0,,,0 days 00:00:25.625000,0 days 00:00:28.669000,0 days 00:00:27.307000,0 days 02:05:38.851000,0 days 02:06:07.520000,0 days 02:06:34.827000,210.0,253.0,281.0,290.0,False,HARD,25.0,True,Ferrari,0 days 02:05:13.148000,,1,5.0,False,,False,True,2024-07,Emilia Romagna Grand Prix,2024,7,2024-05-19,test,81.601,True,
0 days 02:07:55.987000,SAI,55,0 days 00:01:21.238000,53.0,2.0,,,0 days 00:00:25.797000,0 days 00:00:28.419000,0 days 00:00:27.022000,0 days 02:07:00.624000,0 days 02:07:29.043000,0 days 02:07:56.065000,213.0,257.0,279.0,289.0,False,HARD,26.0,True,Ferrari,0 days 02:06:34.749000,,1,5.0,False,,False,True,2024-07,Emilia Romagna Grand Prix,2024,7,2024-05-19,test,81.238,True,
0 days 02:09:16.814000,SAI,55,0 days 00:01:20.827000,54.0,2.0,,,0 days 00:00:25.623000,0 days 00:00:28.230000,0 days 00:00:26.974000,0 days 02:08:21.688000,0 days 02:08:49.918000,0 days 02:09:16.892000,215.0,256.0,281.0,286.0,False,HARD,27.0,True,Ferrari,0 days 02:07:55.987000,,1,5.0,False,,False,True,2024-07,Emilia Romagna Grand Prix,2024,7,2024-05-19,test,80.827,True,
0 days 02:10:37.617000,SAI,55,0 days 00:01:20.803000,55.0,2.0,,,0 days 00:00:25.602000,0 days 00:00:28.276000,0 days 00:00:26.925000,0 days 02:09:42.494000,0 days 02:10:10.770000,0 days 02:10:37.695000,215.0,255.0,283.0,286.0,False,HARD,28.0,True,Ferrari,0 days 02:09:16.814000,,1,5.0,False,,False,True,2024-07,Emilia Romagna Grand Prix,2024,7,2024-05-19,test,80.803,True,
0 days 02:11:58.576000,SAI,55,0 days 00:01:20.959000,56.0,2.0,,,0 days 00:00:25.537000,0 days 00:00:28.233000,0 days 00:00:27.189000,0 days 02:11:03.232000,0 days 02:11:31.465000,0 days 02:11:58.654000,217.0,259.0,281.0,288.0,False,HARD,29.0,True,Ferrari,0 days 02:10:37.617000,,1,5.0,False,,False,True,2024-07,Emilia Romagna Grand Prix,2024,7,2024-05-19,test,80.959,True,
0 days 02:13:19.335000,SAI,55,0 days 00:01:20.759000,57.0,2.0,,,0 days 00:00:25.590000,0 days 00:00:28.203000,0 days 00:00:26.966000,0 days 02:12:24.244000,0 days 02:12:52.447000,0 days 02:13:19.413000,216.0,256.0,280.0,288.0,False,HARD,30.0,True,Ferrari,0 days 02:11:58.576000,,1,5.0,False,,False,True,2024-07,Emilia Romagna Grand Prix,2024,7,2024-05-19,test,80.759,True,
0 days 02:14:40.127000,SAI,55,0 days 00:01:20.792000,58.0,2.0,,,0 days 00:00:25.530000,0 days 00:00:28.340000,0 days 00:00:26.922000,0 days 02:13:44.943000,0 days 02:14:13.283000,0 days 02:14:40.205000,214.0,257.0,279.0,287.0,False,HARD,31.0,True,Ferrari,0 days 02:13:19.335000,,1,5.0,False,,False,True,2024-07,Emilia Romagna Grand Prix,2024,7,2024-05-19,test,80.792,True,
0 days 02:16:00.867000,SAI,55,0 days 00:01:20.740000,59.0,2.0,,,0 days 00:00:25.603000,0 days 00:00:28.216000,0 days 00:00:26.921000,0 days 02:15:05.808000,0 days 02:15:34.024000,0 days 02:16:00.945000,217.0,255.0,281.0,288.0,False,HARD,32.0,True,Ferrari,0 days 02:14:40.127000,,1,5.0,False,,False,True,2024-07,Emilia Romagna Grand Prix,2024,7,2024-05-19,test,80.74,True,
0 days 02:17:21.859000,SAI,55,0 days 00:01:20.992000,60.0,2.0,,,0 days 00:00:25.567000,0 days 00:00:28.316000,0 days 00:00:27.109000,0 days 02:16:26.512000,0 days 02:16:54.828000,0 days 02:17:21.937000,217.0,256.0,282.0,289.0,False,HARD,33.0,True,Ferrari,0 days 02:16:00.867000,,1,5.0,False,,False,True,2024-07,Emilia Romagna Grand Prix,2024,7,2024-05-19,test,80.992,True,
0 days 02:18:43.237000,SAI,55,0 days 00:01:21.378000,61.0,2.0,,,0 days 00:00:25.653000,0 days 00:00:28.530000,0 days 00:00:27.195000,0 days 02:17:47.590000,0 days 02:18:16.120000,0 days 02:18:43.315000,215.0,255.0,281.0,287.0,False,HARD,34.0,True,Ferrari,0 days 02:17:21.859000,,1,5.0,False,,False,True,2024-07,Emilia Romagna Grand Prix,2024,7,2024-05-19,test,81.378,True,
0 days 02:20:04.207000,SAI,55,0 days 00:01:20.970000,62.0,2.0,,,0 days 00:00:25.594000,0 days 00:00:28.275000,0 days 00:00:27.101000,0 days 02:19:08.909000,0 days 02:19:37.184000,0 days 02:20:04.285000,217.0,259.0,280.0,291.0,False,HARD,35.0,True,Ferrari,0 days 02:18:43.237000,,1,5.0,False,,False,True,2024-07,Emilia Romagna Grand Prix,2024,7,2024-05-19,test,80.97,True,
0 days 02:21:24.427000,SAI,55,0 days 00:01:20.220000,63.0,2.0,,,0 days 00:00:25.443000,0 days 00:00:28.097000,0 days 00:00:26.680000,0 days 02:20:29.728000,0 days 02:20:57.825000,0 days 02:21:24.505000,211.0,259.0,281.0,297.0,True,HARD,36.0,True,Ferrari,0 days 02:20:04.207000,,1,5.0,False,,False,True,2024-07,Emilia Romagna Grand Prix,2024,7,2024-05-19,test,80.22,True,
0 days 00:56:59.731000,VER,1,0 days 00:01:22.881000,1.0,1.0,,,,0 days 00:00:27.949000,0 days 00:00:27,,0 days 00:56:32.802000,0 days 00:56:59.922000,215.0,250.0,277.0,280.0,False,MEDIUM,1.0,True,Red Bull Racing,0 days 00:55:36.608000,,1,1.0,False,,False,False,2024-07,Emilia Romagna Grand Prix,2024,7,2024-05-19,test,82.881,False,opening_lap;timing_not_accurate
0 days 00:58:20.327000,VER,1,0 days 00:01:20.596000,2.0,1.0,,,0 days 00:00:25.604000,0 days 00:00:27.925000,0 days 00:00:27.067000,0 days 00:57:25.376000,0 days 00:57:53.301000,0 days 00:58:20.368000,218.0,251.0,276.0,281.0,True,MEDIUM,2.0,True,Red Bull Racing,0 days 00:56:59.731000,,1,1.0,False,,False,True,2024-07,Emilia Romagna Grand Prix,2024,7,2024-05-19,test,80.596,True,
0 days 00:59:41.199000,VER,1,0 days 00:01:20.872000,3.0,1.0,,,0 days 00:00:25.743000,0 days 00:00:28.104000,0 days 00:00:27.025000,0 days 00:58:46.111000,0 days 00:59:14.215000,0 days 00:59:41.240000,216.0,250.0,276.0,281.0,False,MEDIUM,3.0,True,Red Bull Racing,0 days 00:58:20.327000,,1,1.0,False,,False,True,2024-07,Emilia Romagna Grand Prix,2024,7,2024-05-19,test,80.872,True,
0 days 01:01:01.870000,VER,1,0 days 00:01:20.671000,4.0,1.0,,,0 days 00:00:25.651000,0 days 00:00:27.991000,0 days 00:00:27.029000,0 days 01:00:06.891000,0 days 01:00:34.882000,0 days 01:01:01.911000,215.0,251.0,276.0,281.0,False,MEDIUM,4.0,True,Red Bull Racing,0 days 00:59:41.199000,,1,1.0,False,,False,True,2024-07,Emilia Romagna Grand Prix,2024,7,2024-05-19,test,80.671,True,
0 days 01:02:22.604000,VER,1,0 days 00:01:20.734000,5.0,1.0,,,0 days 00:00:25.602000,0 days 00:00:28.041000,0 days 00:00:27.091000,0 days 01:01:27.513000,0 days 01:01:55.554000,0 days 01:02:22.645000,215.0,251.0,276.0,282.0,False,MEDIUM,5.0,True,Red Bull Racing,0 days 01:01:01.870000,,1,1.0,False,,False,True,2024-07,Emilia Romagna Grand Prix,2024,7,2024-05-19,test,80.734,True,
0 days 01:03:43.472000,VER,1,0 days 00:01:20.868000,6.0,1.0,,,0 days 00:00:25.697000,0 days 00:00:28.085000,0 days 00:00:27.086000,0 days 01:02:48.342000,0 days 01:03:16.427000,0 days 01:03:43.513000,212.0,252.0,276.0,284.0,False,MEDIUM,6.0,True,Red Bull Racing,0 days 01:02:22.604000,,1,1.0,False,,False,True,2024-07,Emilia Romagna Grand Prix,2024,7,2024-05-19,test,80.868,True,
0 days 01:05:04.340000,VER,1,0 days 00:01:20.868000,7.0,1.0,,,0 days 00:00:25.734000,0 days 00:00:28.186000,0 days 00:00:26.948000,0 days 01:04:09.247000,0 days 01:04:37.433000,0 days 01:05:04.381000,214.0,250.0,276.0,284.0,False,MEDIUM,7.0,True,Red Bull Racing,0 days 01:03:43.472000,,1,1.0,False,,False,True,2024-07,Emilia Romagna Grand Prix,2024,7,2024-05-19,test,80.868,True,
0 days 01:06:25.102000,VER,1,0 days 00:01:20.762000,8.0,1.0,,,0 days 00:00:25.710000,0 days 00:00:28.135000,0 days 00:00:26.917000,0 days 01:05:30.091000,0 days 01:05:58.226000,0 days 01:06:25.143000,215.0,252.0,276.0,286.0,False,MEDIUM,8.0,True,Red Bull Racing,0 days 01:05:04.340000,,1,1.0,False,,False,True,2024-07,Emilia Romagna Grand Prix,2024,7,2024-05-19,test,80.762,True,
0 days 01:07:45.645000,VER,1,0 days 00:01:20.543000,9.0,1.0,,,0 days 00:00:25.629000,0 days 00:00:27.978000,0 days 00:00:26.936000,0 days 01:06:50.772000,0 days 01:07:18.750000,0 days 01:07:45.686000,219.0,255.0,277.0,287.0,True,MEDIUM,9.0,True,Red Bull Racing,0 days 01:06:25.102000,,1,1.0,False,,False,True,2024-07,Emilia Romagna Grand Prix,2024,7,2024-05-19,test,80.543,True,
0 days 01:09:06.738000,VER,1,0 days 00:01:21.093000,10.0,1.0,,,0 days 00:00:25.633000,0 days 00:00:28.203000,0 days 00:00:27.257000,0 days 01:08:11.319000,0 days 01:08:39.522000,0 days 01:09:06.779000,218.0,251.0,276.0,283.0,False,MEDIUM,10.0,True,Red Bull Racing,0 days 01:07:45.645000,,1,1.0,False,,False,True,2024-07,Emilia Romagna Grand Prix,2024,7,2024-05-19,test,81.093,True,
0 days 01:10:27.623000,VER,1,0 days 00:01:20.885000,11.0,1.0,,,0 days 00:00:25.704000,0 days 00:00:28.030000,0 days 00:00:27.151000,0 days 01:09:32.483000,0 days 01:10:00.513000,0 days 01:10:27.664000,218.0,255.0,277.0,289.0,False,MEDIUM,11.0,True,Red Bull Racing,0 days 01:09:06.738000,,1,1.0,True,TRACK LIMITS AT TURN 17 LAP 11 ,False,True,2024-07,Emilia Romagna Grand Prix,2024,7,2024-05-19,test,80.885,False,deleted_or_unknown
0 days 01:11:48.910000,VER,1,0 days 00:01:21.287000,12.0,1.0,,,0 days 00:00:25.804000,0 days 00:00:28.255000,0 days 00:00:27.228000,0 days 01:10:53.468000,0 days 01:11:21.723000,0 days 01:11:48.951000,216.0,251.0,276.0,287.0,False,MEDIUM,12.0,True,Red Bull Racing,0 days 01:10:27.623000,,1,1.0,False,,False,True,2024-07,Emilia Romagna Grand Prix,2024,7,2024-05-19,test,81.287,True,
0 days 01:13:09.983000,VER,1,0 days 00:01:21.073000,13.0,1.0,,,0 days 00:00:25.696000,0 days 00:00:28.234000,0 days 00:00:27.143000,0 days 01:12:14.647000,0 days 01:12:42.881000,0 days 01:13:10.024000,218.0,252.0,277.0,289.0,False,MEDIUM,13.0,True,Red Bull Racing,0 days 01:11:48.910000,,1,1.0,False,,False,True,2024-07,Emilia Romagna Grand Prix,2024,7,2024-05-19,test,81.073,True,
0 days 01:14:30.965000,VER,1,0 days 00:01:20.982000,14.0,1.0,,,0 days 00:00:25.581000,0 days 00:00:28.272000,0 days 00:00:27.129000,0 days 01:13:35.605000,0 days 01:14:03.877000,0 days 01:14:31.006000,217.0,253.0,277.0,288.0,False,MEDIUM,14.0,True,Red Bull Racing,0 days 01:13:09.983000,,1,1.0,False,,False,True,2024-07,Emilia Romagna Grand Prix,2024,7,2024-05-19,test,80.982,True,
0 days 01:15:52.288000,VER,1,0 days 00:01:21.323000,15.0,1.0,,,0 days 00:00:25.748000,0 days 00:00:28.272000,0 days 00:00:27.303000,0 days 01:14:56.754000,0 days 01:15:25.026000,0 days 01:15:52.329000,214.0,255.0,278.0,285.0,False,MEDIUM,15.0,True,Red Bull Racing,0 days 01:14:30.965000,,1,1.0,True,TRACK LIMITS AT TURN 18 LAP 15 ,False,True,2024-07,Emilia Romagna Grand Prix,2024,7,2024-05-19,test,81.323,False,deleted_or_unknown
0 days 01:17:13.650000,VER,1,0 days 00:01:21.362000,16.0,1.0,,,0 days 00:00:25.738000,0 days 00:00:28.326000,0 days 00:00:27.298000,0 days 01:16:18.067000,0 days 01:16:46.393000,0 days 01:17:13.691000,217.0,254.0,278.0,287.0,False,MEDIUM,16.0,True,Red Bull Racing,0 days 01:15:52.288000,,1,1.0,False,,False,True,2024-07,Emilia Romagna Grand Prix,2024,7,2024-05-19,test,81.362,True,
0 days 01:18:34.978000,VER,1,0 days 00:01:21.328000,17.0,1.0,,,0 days 00:00:25.732000,0 days 00:00:28.315000,0 days 00:00:27.281000,0 days 01:17:39.423000,0 days 01:18:07.738000,0 days 01:18:35.019000,216.0,253.0,277.0,288.0,False,MEDIUM,17.0,True,Red Bull Racing,0 days 01:17:13.650000,,1,1.0,False,,False,True,2024-07,Emilia Romagna Grand Prix,2024,7,2024-05-19,test,81.328,True,
0 days 01:19:56.389000,VER,1,0 days 00:01:21.411000,18.0,1.0,,,0 days 00:00:25.765000,0 days 00:00:28.307000,0 days 00:00:27.339000,0 days 01:19:00.784000,0 days 01:19:29.091000,0 days 01:19:56.430000,213.0,254.0,278.0,290.0,False,MEDIUM,18.0,True,Red Bull Racing,0 days 01:18:34.978000,,1,1.0,False,,False,True,2024-07,Emilia Romagna Grand Prix,2024,7,2024-05-19,test,81.411,True,
0 days 01:21:17.906000,VER,1,0 days 00:01:21.517000,19.0,1.0,,,0 days 00:00:25.826000,0 days 00:00:28.376000,0 days 00:00:27.315000,0 days 01:20:22.256000,0 days 01:20:50.632000,0 days 01:21:17.947000,213.0,252.0,277.0,288.0,False,MEDIUM,19.0,True,Red Bull Racing,0 days 01:19:56.389000,,1,1.0,False,,False,True,2024-07,Emilia Romagna Grand Prix,2024,7,2024-05-19,test,81.517,True,
0 days 01:22:39.456000,VER,1,0 days 00:01:21.550000,20.0,1.0,,,0 days 00:00:25.731000,0 days 00:00:28.433000,0 days 00:00:27.386000,0 days 01:21:43.678000,0 days 01:22:12.111000,0 days 01:22:39.497000,216.0,253.0,277.0,290.0,False,MEDIUM,20.0,True,Red Bull Racing,0 days 01:21:17.906000,,1,1.0,True,TRACK LIMITS AT TURN 6 LAP 20 ,False,True,2024-07,Emilia Romagna Grand Prix,2024,7,2024-05-19,test,81.55,False,deleted_or_unknown
0 days 01:24:01.064000,VER,1,0 days 00:01:21.608000,21.0,1.0,,,0 days 00:00:25.888000,0 days 00:00:28.323000,0 days 00:00:27.397000,0 days 01:23:05.385000,0 days 01:23:33.708000,0 days 01:24:01.105000,214.0,253.0,279.0,289.0,False,MEDIUM,21.0,True,Red Bull Racing,0 days 01:22:39.456000,,1,1.0,False,,False,True,2024-07,Emilia Romagna Grand Prix,2024,7,2024-05-19,test,81.608,True,
0 days 01:25:22.827000,VER,1,0 days 00:01:21.763000,22.0,1.0,,,0 days 00:00:25.802000,0 days 00:00:28.448000,0 days 00:00:27.513000,0 days 01:24:26.907000,0 days 01:24:55.355000,0 days 01:25:22.868000,214.0,254.0,278.0,294.0,False,MEDIUM,22.0,True,Red Bull Racing,0 days 01:24:01.064000,,1,1.0,False,,False,True,2024-07,Emilia Romagna Grand Prix,2024,7,2024-05-19,test,81.763,True,
0 days 01:26:44.815000,VER,1,0 days 00:01:21.988000,23.0,1.0,,,0 days 00:00:25.778000,0 days 00:00:28.626000,0 days 00:00:27.584000,0 days 01:25:48.646000,0 days 01:26:17.272000,0 days 01:26:44.856000,214.0,255.0,278.0,287.0,False,MEDIUM,23.0,True,Red Bull Racing,0 days 01:25:22.827000,,1,1.0,False,,False,True,2024-07,Emilia Romagna Grand Prix,2024,7,2024-05-19,test,81.988,True,
0 days 01:28:11.027000,VER,1,0 days 00:01:26.212000,24.0,1.0,,0 days 01:28:06.696000,0 days 00:00:25.862000,0 days 00:00:28.604000,0 days 00:00:31.746000,0 days 01:27:10.718000,0 days 01:27:39.322000,0 days 01:28:11.068000,215.0,255.0,,293.0,False,MEDIUM,24.0,True,Red Bull Racing,0 days 01:26:44.815000,,1,1.0,False,,False,False,2024-07,Emilia Romagna Grand Prix,2024,7,2024-05-19,test,86.212,False,pit_in;timing_not_accurate
0 days 01:29:54.629000,VER,1,0 days 00:01:43.602000,25.0,2.0,0 days 01:28:36.985000,,0 days 00:00:48.939000,0 days 00:00:27.886000,0 days 00:00:26.777000,0 days 01:29:00.007000,0 days 01:29:27.893000,0 days 01:29:54.670000,219.0,255.0,280.0,287.0,False,HARD,1.0,True,Red Bull Racing,0 days 01:28:11.027000,,1,4.0,False,,False,False,2024-07,Emilia Romagna Grand Prix,2024,7,2024-05-19,test,103.602,False,pit_out;timing_not_accurate
0 days 01:31:15.111000,VER,1,0 days 00:01:20.482000,26.0,2.0,,,0 days 00:00:25.444000,0 days 00:00:28.057000,0 days 00:00:26.981000,0 days 01:30:20.114000,0 days 01:30:48.171000,0 days 01:31:15.152000,218.0,255.0,280.0,288.0,True,HARD,2.0,True,Red Bull Racing,0 days 01:29:54.629000,,1,3.0,False,,False,True,2024-07,Emilia Romagna Grand Prix,2024,7,2024-05-19,test,80.482,True,
0 days 01:32:36.054000,VER,1,0 days 00:01:20.943000,27.0,2.0,,,0 days 00:00:25.567000,0 days 00:00:28.163000,0 days 00:00:27.213000,0 days 01:31:40.719000,0 days 01:32:08.882000,0 days 01:32:36.095000,217.0,254.0,279.0,288.0,False,HARD,3.0,True,Red Bull Racing,0 days 01:31:15.111000,,1,2.0,False,,False,True,2024-07,Emilia Romagna Grand Prix,2024,7,2024-05-19,test,80.943,True,
0 days 01:33:56.763000,VER,1,0 days 00:01:20.709000,28.0,2.0,,,0 days 00:00:25.598000,0 days 00:00:28.087000,0 days 00:00:27.024000,0 days 01:33:01.693000,0 days 01:33:29.780000,0 days 01:33:56.804000,217.0,253.0,278.0,290.0,False,HARD,4.0,True,Red Bull Racing,0 days 01:32:36.054000,,1,1.0,False,,False,True,2024-07,Emilia Romagna Grand Prix,2024,7,2024-05-19,test,80.709,True,
0 days 01:35:17.378000,VER,1,0 days 00:01:20.615000,29.0,2.0,,,0 days 00:00:25.528000,0 days 00:00:28.108000,0 days 00:00:26.979000,0 days 01:34:22.332000,0 days 01:34:50.440000,0 days 01:35:17.419000,215.0,254.0,278.0,292.0,False,HARD,5.0,True,Red Bull Racing,0 days 01:33:56.763000,,1,1.0,False,,False,True,2024-07,Emilia Romagna Grand Prix,2024,7,2024-05-19,test,80.615,True,
0 days 01:36:37.949000,VER,1,0 days 00:01:20.571000,30.0,2.0,,,0 days 00:00:25.523000,0 days 00:00:28.170000,0 days 00:00:26.878000,0 days 01:35:42.942000,0 days 01:36:11.112000,0 days 01:36:37.990000,216.0,254.0,278.0,293.0,False,HARD,6.0,True,Red Bull Racing,0 days 01:35:17.378000,,1,1.0,False,,False,True,2024-07,Emilia Romagna Grand Prix,2024,7,2024-05-19,test,80.571,True,
0 days 01:37:58.494000,VER,1,0 days 00:01:20.545000,31.0,2.0,,,0 days 00:00:25.429000,0 days 00:00:28.108000,0 days 00:00:27.008000,0 days 01:37:03.419000,0 days 01:37:31.527000,0 days 01:37:58.535000,216.0,253.0,278.0,294.0,False,HARD,7.0,True,Red Bull Racing,0 days 01:36:37.949000,,1,1.0,False,,False,True,2024-07,Emilia Romagna Grand Prix,2024,7,2024-05-19,test,80.545,True,
0 days 01:39:19.207000,VER,1,0 days 00:01:20.713000,32.0,2.0,,,0 days 00:00:25.456000,0 days 00:00:28.238000,0 days 00:00:27.019000,0 days 01:38:23.991000,0 days 01:38:52.229000,0 days 01:39:19.248000,217.0,254.0,279.0,294.0,False,HARD,8.0,True,Red Bull Racing,0 days 01:37:58.494000,,1,1.0,False,,False,True,2024-07,Emilia Romagna Grand Prix,2024,7,2024-05-19,test,80.713,True,
0 days 01:40:40.348000,VER,1,0 days 00:01:21.141000,33.0,2.0,,,0 days 00:00:25.780000,0 days 00:00:28.264000,0 days 00:00:27.097000,0 days 01:39:45.028000,0 days 01:40:13.292000,0 days 01:40:40.389000,207.0,254.0,280.0,295.0,False,HARD,9.0,True,Red Bull Racing,0 days 01:39:19.207000,,1,1.0,False,,False,True,2024-07,Emilia Romagna Grand Prix,2024,7,2024-05-19,test,81.141,True,
0 days 01:42:01.108000,VER,1,0 days 00:01:20.760000,34.0,2.0,,,0 days 00:00:25.491000,0 days 00:00:28.155000,0 days 00:00:27.114000,0 days 01:41:05.880000,0 days 01:41:34.035000,0 days 01:42:01.149000,212.0,255.0,280.0,295.0,False,HARD,10.0,True,Red Bull Racing,0 days 01:40:40.348000,,1,1.0,False,,False,True,2024-07,Emilia Romagna Grand Prix,2024,7,2024-05-19,test,80.76,True,
0 days 01:43:21.908000,VER,1,0 days 00:01:20.800000,35.0,2.0,,,0 days 00:00:25.532000,0 days 00:00:28.176000,0 days 00:00:27.092000,0 days 01:42:26.681000,0 days 01:42:54.857000,0 days 01:43:21.949000,217.0,254.0,280.0,296.0,False,HARD,11.0,True,Red Bull Racing,0 days 01:42:01.108000,,1,1.0,False,,False,True,2024-07,Emilia Romagna Grand Prix,2024,7,2024-05-19,test,80.8,True,
0 days 01:44:42.612000,VER,1,0 days 00:01:20.704000,36.0,2.0,,,0 days 00:00:25.508000,0 days 00:00:28.082000,0 days 00:00:27.114000,0 days 01:43:47.457000,0 days 01:44:15.539000,0 days 01:44:42.653000,218.0,256.0,281.0,297.0,False,HARD,12.0,True,Red Bull Racing,0 days 01:43:21.908000,,1,1.0,False,,False,True,2024-07,Emilia Romagna Grand Prix,2024,7,2024-05-19,test,80.704,True,
0 days 01:46:03.096000,VER,1,0 days 00:01:20.484000,37.0,2.0,,,0 days 00:00:25.385000,0 days 00:00:28.131000,0 days 00:00:26.968000,0 days 01:45:08.038000,0 days 01:45:36.169000,0 days 01:46:03.137000,216.0,254.0,281.0,296.0,False,HARD,13.0,True,Red Bull Racing,0 days 01:44:42.612000,,1,1.0,False,,False,True,2024-07,Emilia Romagna Grand Prix,2024,7,2024-05-19,test,80.484,True,
0 days 01:47:23.462000,VER,1,0 days 00:01:20.366000,38.0,2.0,,,0 days 00:00:25.301000,0 days 00:00:28.086000,0 days 00:00:26.979000,0 days 01:46:28.438000,0 days 01:46:56.524000,0 days 01:47:23.503000,216.0,253.0,280.0,295.0,True,HARD,14.0,True,Red Bull Racing,0 days 01:46:03.096000,,1,1.0,False,,False,True,2024-07,Emilia Romagna Grand Prix,2024,7,2024-05-19,test,80.366,True,
0 days 01:48:44.009000,VER,1,0 days 00:01:20.547000,39.0,2.0,,,0 days 00:00:25.552000,0 days 00:00:28.024000,0 days 00:00:26.971000,0 days 01:47:49.055000,0 days 01:48:17.079000,0 days 01:48:44.050000,217.0,254.0,281.0,296.0,False,HARD,15.0,True,Red Bull Racing,0 days 01:47:23.462000,,1,1.0,False,,False,True,2024-07,Emilia Romagna Grand Prix,2024,7,2024-05-19,test,80.547,True,
0 days 01:50:04.654000,VER,1,0 days 00:01:20.645000,40.0,2.0,,,0 days 00:00:25.473000,0 days 00:00:28.046000,0 days 00:00:27.126000,0 days 01:49:09.523000,0 days 01:49:37.569000,0 days 01:50:04.695000,214.0,254.0,280.0,294.0,False,HARD,16.0,True,Red Bull Racing,0 days 01:48:44.009000,,1,1.0,False,,False,True,2024-07,Emilia Romagna Grand Prix,2024,7,2024-05-19,test,80.645,True,
0 days 01:51:25.329000,VER,1,0 days 00:01:20.675000,41.0,2.0,,,0 days 00:00:25.483000,0 days 00:00:28.075000,0 days 00:00:27.117000,0 days 01:50:30.178000,0 days 01:50:58.253000,0 days 01:51:25.370000,214.0,255.0,280.0,296.0,False,HARD,17.0,True,Red Bull Racing,0 days 01:50:04.654000,,1,1.0,False,,False,True,2024-07,Emilia Romagna Grand Prix,2024,7,2024-05-19,test,80.675,True,
0 days 01:52:46.161000,VER,1,0 days 00:01:20.832000,42.0,2.0,,,0 days 00:00:25.655000,0 days 00:00:28.098000,0 days 00:00:27.079000,0 days 01:51:51.025000,0 days 01:52:19.123000,0 days 01:52:46.202000,215.0,254.0,280.0,296.0,False,HARD,18.0,True,Red Bull Racing,0 days 01:51:25.329000,,1,1.0,False,,False,True,2024-07,Emilia Romagna Grand Prix,2024,7,2024-05-19,test,80.832,True,
0 days 01:54:06.918000,VER,1,0 days 00:01:20.757000,43.0,2.0,,,0 days 00:00:25.580000,0 days 00:00:28.096000,0 days 00:00:27.081000,0 days 01:53:11.782000,0 days 01:53:39.878000,0 days 01:54:06.959000,215.0,255.0,282.0,294.0,False,HARD,19.0,True,Red Bull Racing,0 days 01:52:46.161000,,1,1.0,False,,False,True,2024-07,Emilia Romagna Grand Prix,2024,7,2024-05-19,test,80.757,True,
0 days 01:55:27.752000,VER,1,0 days 00:01:20.834000,44.0,2.0,,,0 days 00:00:25.442000,0 days 00:00:28.139000,0 days 00:00:27.253000,0 days 01:54:32.401000,0 days 01:55:00.540000,0 days 01:55:27.793000,215.0,255.0,282.0,295.0,False,HARD,20.0,True,Red Bull Racing,0 days 01:54:06.918000,,1,1.0,False,,False,True,2024-07,Emilia Romagna Grand Prix,2024,7,2024-05-19,test,80.834,True,
0 days 01:56:49.116000,VER,1,0 days 00:01:21.364000,45.0,2.0,,,0 days 00:00:25.628000,0 days 00:00:28.332000,0 days 00:00:27.404000,0 days 01:55:53.421000,0 days 01:56:21.753000,0 days 01:56:49.157000,205.0,255.0,283.0,296.0,False,HARD,21.0,True,Red Bull Racing,0 days 01:55:27.752000,,1,1.0,False,,False,True,2024-07,Emilia Romagna Grand Prix,2024,7,2024-05-19,test,81.364,True,
0 days 01:58:09.816000,VER,1,0 days 00:01:20.700000,46.0,2.0,,,0 days 00:00:25.324000,0 days 00:00:28.278000,0 days 00:00:27.098000,0 days 01:57:14.481000,0 days 01:57:42.759000,0 days 01:58:09.857000,214.0,254.0,281.0,295.0,False,HARD,22.0,True,Red Bull Racing,0 days 01:56:49.116000,,1,1.0,False,,False,True,2024-07,Emilia Romagna Grand Prix,2024,7,2024-05-19,test,80.7,True,
0 days 01:59:30.725000,VER,1,0 days 00:01:20.909000,47.0,2.0,,,0 days 00:00:25.657000,0 days 00:00:28.143000,0 days 00:00:27.109000,0 days 01:58:35.514000,0 days 01:59:03.657000,0 days 01:59:30.766000,214.0,253.0,281.0,293.0,False,HARD,23.0,True,Red Bull Racing,0 days 01:58:09.816000,,1,1.0,False,,False,True,2024-07,Emilia Romagna Grand Prix,2024,7,2024-05-19,test,80.909,True,
0 days 02:00:51.648000,VER,1,0 days 00:01:20.923000,48.0,2.0,,,0 days 00:00:25.612000,0 days 00:00:28.250000,0 days 00:00:27.061000,0 days 01:59:56.378000,0 days 02:00:24.628000,0 days 02:00:51.689000,216.0,255.0,281.0,295.0,False,HARD,24.0,True,Red Bull Racing,0 days 01:59:30.725000,,1,1.0,False,,False,True,2024-07,Emilia Romagna Grand Prix,2024,7,2024-05-19,test,80.923,True,
0 days 02:02:12.471000,VER,1,0 days 00:01:20.823000,49.0,2.0,,,0 days 00:00:25.522000,0 days 00:00:28.202000,0 days 00:00:27.099000,0 days 02:01:17.211000,0 days 02:01:45.413000,0 days 02:02:12.512000,212.0,253.0,282.0,297.0,False,HARD,25.0,True,Red Bull Racing,0 days 02:00:51.648000,,1,1.0,False,,False,True,2024-07,Emilia Romagna Grand Prix,2024,7,2024-05-19,test,80.823,True,
0 days 02:03:33.288000,VER,1,0 days 00:01:20.817000,50.0,2.0,,,0 days 00:00:25.456000,0 days 00:00:28.139000,0 days 00:00:27.222000,0 days 02:02:37.968000,0 days 02:03:06.107000,0 days 02:03:33.329000,215.0,254.0,283.0,297.0,False,HARD,26.0,True,Red Bull Racing,0 days 02:02:12.471000,,1,1.0,False,,False,True,2024-07,Emilia Romagna Grand Prix,2024,7,2024-05-19,test,80.817,True,
0 days 02:04:54.024000,VER,1,0 days 00:01:20.736000,51.0,2.0,,,0 days 00:00:25.541000,0 days 00:00:28.085000,0 days 00:00:27.110000,0 days 02:03:58.870000,0 days 02:04:26.955000,0 days 02:04:54.065000,216.0,255.0,282.0,297.0,False,HARD,27.0,True,Red Bull Racing,0 days 02:03:33.288000,,1,1.0,False,,False,True,2024-07,Emilia Romagna Grand Prix,2024,7,2024-05-19,test,80.736,True,
0 days 02:06:14.580000,VER,1,0 days 00:01:20.556000,52.0,2.0,,,0 days 00:00:25.536000,0 days 00:00:28.206000,0 days 00:00:26.814000,0 days 02:05:19.601000,0 days 02:05:47.807000,0 days 02:06:14.621000,215.0,256.0,282.0,298.0,False,HARD,28.0,True,Red Bull Racing,0 days 02:04:54.024000,,1,1.0,False,,False,True,2024-07,Emilia Romagna Grand Prix,2024,7,2024-05-19,test,80.556,True,
0 days 02:07:35.218000,VER,1,0 days 00:01:20.638000,53.0,2.0,,,0 days 00:00:25.396000,0 days 00:00:28.185000,0 days 00:00:27.057000,0 days 02:06:40.017000,0 days 02:07:08.202000,0 days 02:07:35.259000,214.0,253.0,281.0,296.0,False,HARD,29.0,True,Red Bull Racing,0 days 02:06:14.580000,,1,1.0,False,,False,True,2024-07,Emilia Romagna Grand Prix,2024,7,2024-05-19,test,80.638,True,
0 days 02:08:56.136000,VER,1,0 days 00:01:20.918000,54.0,2.0,,,0 days 00:00:25.422000,0 days 00:00:28.128000,0 days 00:00:27.368000,0 days 02:08:00.681000,0 days 02:08:28.809000,0 days 02:08:56.177000,216.0,254.0,283.0,295.0,False,HARD,30.0,True,Red Bull Racing,0 days 02:07:35.218000,,1,1.0,False,,False,True,2024-07,Emilia Romagna Grand Prix,2024,7,2024-05-19,test,80.918,True,
0 days 02:10:17.098000,VER,1,0 days 00:01:20.962000,55.0,2.0,,,0 days 00:00:25.670000,0 days 00:00:28.278000,0 days 00:00:27.014000,0 days 02:09:21.847000,0 days 02:09:50.125000,0 days 02:10:17.139000,215.0,253.0,283.0,294.0,False,HARD,31.0,True,Red Bull Racing,0 days 02:08:56.136000,,1,1.0,False,,False,True,2024-07,Emilia Romagna Grand Prix,2024,7,2024-05-19,test,80.962,True,
0 days 02:11:37.588000,VER,1,0 days 00:01:20.490000,56.0,2.0,,,0 days 00:00:25.434000,0 days 00:00:28.118000,0 days 00:00:26.938000,0 days 02:10:42.573000,0 days 02:11:10.691000,0 days 02:11:37.629000,217.0,255.0,283.0,294.0,False,HARD,32.0,True,Red Bull Racing,0 days 02:10:17.098000,,1,1.0,False,,False,True,2024-07,Emilia Romagna Grand Prix,2024,7,2024-05-19,test,80.49,True,
0 days 02:12:58.099000,VER,1,0 days 00:01:20.511000,57.0,2.0,,,0 days 00:00:25.479000,0 days 00:00:27.981000,0 days 00:00:27.051000,0 days 02:12:03.108000,0 days 02:12:31.089000,0 days 02:12:58.140000,216.0,253.0,281.0,296.0,False,HARD,33.0,True,Red Bull Racing,0 days 02:11:37.588000,,1,1.0,False,,False,True,2024-07,Emilia Romagna Grand Prix,2024,7,2024-05-19,test,80.511,True,
0 days 02:14:18.612000,VER,1,0 days 00:01:20.513000,58.0,2.0,,,0 days 00:00:25.436000,0 days 00:00:28.125000,0 days 00:00:26.952000,0 days 02:13:23.576000,0 days 02:13:51.701000,0 days 02:14:18.653000,217.0,252.0,281.0,296.0,False,HARD,34.0,True,Red Bull Racing,0 days 02:12:58.099000,,1,1.0,False,,False,True,2024-07,Emilia Romagna Grand Prix,2024,7,2024-05-19,test,80.513,True,
0 days 02:15:38.979000,VER,1,0 days 00:01:20.367000,59.0,2.0,,,0 days 00:00:25.461000,0 days 00:00:27.898000,0 days 00:00:27.008000,0 days 02:14:44.114000,0 days 02:15:12.012000,0 days 02:15:39.020000,217.0,254.0,281.0,295.0,False,HARD,35.0,True,Red Bull Racing,0 days 02:14:18.612000,,1,1.0,False,,False,True,2024-07,Emilia Romagna Grand Prix,2024,7,2024-05-19,test,80.367,True,
0 days 02:16:59.616000,VER,1,0 days 00:01:20.637000,60.0,2.0,,,0 days 00:00:25.549000,0 days 00:00:28.010000,0 days 00:00:27.078000,0 days 02:16:04.569000,0 days 02:16:32.579000,0 days 02:16:59.657000,216.0,253.0,282.0,296.0,False,HARD,36.0,True,Red Bull Racing,0 days 02:15:38.979000,,1,1.0,False,,False,True,2024-07,Emilia Romagna Grand Prix,2024,7,2024-05-19,test,80.637,True,
0 days 02:18:20.314000,VER,1,0 days 00:01:20.698000,61.0,2.0,,,0 days 00:00:25.458000,0 days 00:00:28.148000,0 days 00:00:27.092000,0 days 02:17:25.115000,0 days 02:17:53.263000,0 days 02:18:20.355000,213.0,255.0,282.0,289.0,False,HARD,37.0,True,Red Bull Racing,0 days 02:16:59.616000,,1,1.0,False,,False,True,2024-07,Emilia Romagna Grand Prix,2024,7,2024-05-19,test,80.698,True,
0 days 02:19:41.067000,VER,1,0 days 00:01:20.753000,62.0,2.0,,,0 days 00:00:25.616000,0 days 00:00:27.997000,0 days 00:00:27.140000,0 days 02:18:45.971000,0 days 02:19:13.968000,0 days 02:19:41.108000,219.0,255.0,281.0,291.0,False,HARD,38.0,True,Red Bull Racing,0 days 02:18:20.314000,,1,1.0,False,,False,True,2024-07,Emilia Romagna Grand Prix,2024,7,2024-05-19,test,80.753,True,
0 days 02:21:02.102000,VER,1,0 days 00:01:21.035000,63.0,2.0,,,0 days 00:00:25.644000,0 days 00:00:28.107000,0 days 00:00:27.284000,0 days 02:20:06.752000,0 days 02:20:34.859000,0 days 02:21:02.143000,220.0,259.0,281.0,299.0,False,HARD,39.0,True,Red Bull Racing,0 days 02:19:41.067000,,1,1.0,False,,False,True,2024-07,Emilia Romagna Grand Prix,2024,7,2024-05-19,test,81.035,True,
