Driver,Compound,Stint,OriginLapNumber,TargetLapNumber,OriginStartSeconds,OriginEndSeconds,TargetStartSeconds,TargetEndSeconds,TyreLife,LastLapSeconds,TrailingMedianSeconds,TrailingDeltaSeconds,HistoryCount,TargetSeconds,ResidualTargetSeconds,EventKey,EventName,Year,RoundNumber,EventDate,Role,Split,ActualSeconds,PersistenceSeconds,RidgeSeconds,RidgeErrorSeconds,PersistenceErrorSeconds,TrailingMedianErrorSeconds
VER,MEDIUM,1,2,3,3419.963,3520.066,3520.066,3620.56,2.0,100.103,100.103,0.0,1,100.494,0.39100000000000534,2024-05,Chinese Grand Prix,2024,5,2024-04-21,validation,validation,100.494,100.103,100.1767533809372,-0.31724661906280005,-0.39100000000000534,-0.39100000000000534
PER,MEDIUM,1,2,3,3422.405,3523.286,3523.286,3624.259,2.0,100.881,100.881,0.0,1,100.973,0.09199999999999875,2024-05,Chinese Grand Prix,2024,5,2024-04-21,validation,validation,100.973,100.881,100.96071869874673,-0.01228130125326743,-0.09199999999999875,-0.09199999999999875
RUS,MEDIUM,1,2,3,3424.181,3525.877,3525.877,3627.648,2.0,101.696,101.696,0.0,1,101.771,0.07500000000000284,2024-05,Chinese Grand Prix,2024,5,2024-04-21,validation,validation,101.771,101.696,101.75306030679793,-0.017939693202066564,-0.07500000000000284,-0.07500000000000284
LEC,MEDIUM,1,2,3,3424.923,3526.735,3526.735,3628.825,2.0,101.812,101.812,0.0,1,102.09,0.2780000000000058,2024-05,Chinese Grand Prix,2024,5,2024-04-21,validation,validation,102.09,101.812,101.83152569073003,-0.25847430926997106,-0.2780000000000058,-0.2780000000000058
SAI,MEDIUM,1,2,3,3425.582,3527.697,3527.697,3629.676,2.0,102.115,102.115,0.0,1,101.979,-0.13599999999999568,2024-05,Chinese Grand Prix,2024,5,2024-04-21,validation,validation,101.979,102.115,102.16852545140547,0.18952545140547272,0.13599999999999568,0.13599999999999568
HAM,SOFT,1,2,3,3429.937,3534.072,3534.072,3636.978,2.0,104.135,104.135,0.0,1,102.906,-1.2289999999999992,2024-05,Chinese Grand Prix,2024,5,2024-04-21,validation,validation,102.906,104.135,104.28113375314824,1.3751337531482335,1.2289999999999992,1.2289999999999992
VER,MEDIUM,1,3,4,3520.066,3620.56,3620.56,3721.133,3.0,100.494,100.29849999999999,-0.19550000000000978,2,100.573,0.07899999999999352,2024-05,Chinese Grand Prix,2024,5,2024-04-21,validation,validation,100.573,100.494,100.47469959263795,-0.09830040736204637,-0.07899999999999352,-0.2745000000000033
PER,MEDIUM,1,3,4,3523.286,3624.259,3624.259,3725.863,3.0,100.973,100.92699999999999,-0.04600000000000648,2,101.604,0.6310000000000002,2024-05,Chinese Grand Prix,2024,5,2024-04-21,validation,validation,101.604,100.973,101.03101599358577,-0.5729840064142309,-0.6310000000000002,-0.6770000000000067
RUS,MEDIUM,1,3,4,3525.877,3627.648,3627.648,3730.061,3.0,101.771,101.73349999999999,-0.037500000000008527,2,102.413,0.6419999999999959,2024-05,Chinese Grand Prix,2024,5,2024-04-21,validation,validation,102.413,101.771,101.81041435218329,-0.60258564781671,-0.6419999999999959,-0.6795000000000044
LEC,MEDIUM,1,3,4,3526.735,3628.825,3628.825,3731.045,3.0,102.09,101.951,-0.13900000000001,2,102.22,0.12999999999999545,2024-05,Chinese Grand Prix,2024,5,2024-04-21,validation,validation,102.22,102.09,102.04343736194458,-0.17656263805541528,-0.12999999999999545,-0.26900000000000546
SAI,MEDIUM,1,3,4,3527.697,3629.676,3629.676,3731.821,3.0,101.979,102.047,0.06799999999999784,2,102.145,0.16599999999999682,2024-05,Chinese Grand Prix,2024,5,2024-04-21,validation,validation,102.145,101.979,102.06523093004226,-0.07976906995773447,-0.16599999999999682,-0.09799999999999898
HAM,SOFT,1,3,4,3534.072,3636.978,3636.978,3739.991,3.0,102.906,103.5205,0.6144999999999925,2,103.013,0.10699999999999932,2024-05,Chinese Grand Prix,2024,5,2024-04-21,validation,validation,103.013,102.906,103.34566442867515,0.33266442867514456,-0.10699999999999932,0.5074999999999932
VER,MEDIUM,1,4,5,3620.56,3721.133,3721.133,3822.052,4.0,100.573,100.494,-0.07899999999999352,3,100.919,0.34600000000000364,2024-05,Chinese Grand Prix,2024,5,2024-04-21,validation,validation,100.919,100.573,100.61023682132347,-0.3087631786765286,-0.34600000000000364,-0.42499999999999716
PER,MEDIUM,1,4,5,3624.259,3725.863,3725.863,3827.488,4.0,101.604,100.973,-0.6310000000000002,3,101.625,0.021000000000000796,2024-05,Chinese Grand Prix,2024,5,2024-04-21,validation,validation,101.625,101.604,101.38188521741584,-0.24311478258415775,-0.021000000000000796,-0.652000000000001
RUS,MEDIUM,1,4,5,3627.648,3730.061,3730.061,3832.246,4.0,102.413,101.771,-0.6419999999999959,3,102.185,-0.22799999999999443,2024-05,Chinese Grand Prix,2024,5,2024-04-21,validation,validation,102.185,102.413,102.16291549170208,-0.02208450829792241,0.22799999999999443,-0.4140000000000015
LEC,MEDIUM,1,4,5,3628.825,3731.045,3731.045,3833.14,4.0,102.22,102.09,-0.12999999999999545,3,102.095,-0.125,2024-05,Chinese Grand Prix,2024,5,2024-04-21,validation,validation,102.095,102.22,102.17830887454934,0.08330887454934555,0.125,-0.0049999999999954525
SAI,MEDIUM,1,4,5,3629.676,3731.821,3731.821,3834.031,4.0,102.145,102.115,-0.030000000000001137,3,102.21,0.06499999999999773,2024-05,Chinese Grand Prix,2024,5,2024-04-21,validation,validation,102.21,102.145,102.18464464830471,-0.025355351695282025,-0.06499999999999773,-0.09499999999999886
HAM,SOFT,1,4,5,3636.978,3739.991,3739.991,3843.49,4.0,103.013,103.013,0.0,3,103.499,0.48599999999999,2024-05,Chinese Grand Prix,2024,5,2024-04-21,validation,validation,103.499,103.013,103.15717546271551,-0.3418245372844808,-0.48599999999999,-0.48599999999999
VER,MEDIUM,1,5,6,3721.133,3822.052,3822.052,3923.199,5.0,100.919,100.573,-0.34600000000000364,3,101.147,0.22800000000000864,2024-05,Chinese Grand Prix,2024,5,2024-04-21,validation,validation,101.147,100.919,100.82864620184627,-0.318353798153737,-0.22800000000000864,-0.5740000000000123
PER,MEDIUM,1,5,6,3725.863,3827.488,3827.488,3929.144,5.0,101.625,101.604,-0.021000000000000796,3,101.656,0.03100000000000591,2024-05,Chinese Grand Prix,2024,5,2024-04-21,validation,validation,101.656,101.625,101.69699048093847,0.04099048093846136,-0.03100000000000591,-0.05200000000000671
RUS,MEDIUM,1,5,6,3730.061,3832.246,3832.246,3934.843,5.0,102.185,102.185,0.0,3,102.597,0.41199999999999193,2024-05,Chinese Grand Prix,2024,5,2024-04-21,validation,validation,102.597,102.185,102.24388740861075,-0.3531125913892481,-0.41199999999999193,-0.41199999999999193
LEC,MEDIUM,1,5,6,3731.045,3833.14,3833.14,3935.462,5.0,102.095,102.095,0.0,3,102.322,0.22700000000000387,2024-05,Chinese Grand Prix,2024,5,2024-04-21,validation,validation,102.322,102.095,102.11590090731396,-0.20609909268604554,-0.22700000000000387,-0.22700000000000387
SAI,MEDIUM,1,5,6,3731.821,3834.031,3834.031,3936.44,5.0,102.21,102.145,-0.06499999999999773,3,102.409,0.19900000000001228,2024-05,Chinese Grand Prix,2024,5,2024-04-21,validation,validation,102.409,102.21,102.23318088752738,-0.17581911247262383,-0.19900000000001228,-0.26400000000001
HAM,SOFT,1,5,6,3739.991,3843.49,3843.49,3946.957,5.0,103.499,103.013,-0.48599999999999,3,103.467,-0.031999999999996476,2024-05,Chinese Grand Prix,2024,5,2024-04-21,validation,validation,103.467,103.499,103.41041016052465,-0.056589839475350345,0.031999999999996476,-0.4539999999999935
VER,MEDIUM,1,6,7,3822.052,3923.199,3923.199,4024.317,6.0,101.147,100.919,-0.22800000000000864,3,101.118,-0.029000000000010573,2024-05,Chinese Grand Prix,2024,5,2024-04-21,validation,validation,101.118,101.147,101.11423275756466,-0.0037672424353303313,0.029000000000010573,-0.19899999999999807
PER,MEDIUM,1,6,7,3827.488,3929.144,3929.144,4030.727,6.0,101.656,101.625,-0.03100000000000591,3,101.583,-0.0730000000000075,2024-05,Chinese Grand Prix,2024,5,2024-04-21,validation,validation,101.583,101.656,101.72349343729688,0.14049343729688246,0.0730000000000075,0.04200000000000159
RUS,MEDIUM,1,6,7,3832.246,3934.843,3934.843,4037.432,6.0,102.597,102.413,-0.1839999999999975,3,102.589,-0.007999999999995566,2024-05,Chinese Grand Prix,2024,5,2024-04-21,validation,validation,102.589,102.597,102.56841868434337,-0.020581315656627908,0.007999999999995566,-0.17600000000000193
LEC,MEDIUM,1,6,7,3833.14,3935.462,3935.462,4037.879,6.0,102.322,102.22,-0.10200000000000387,3,102.417,0.09499999999999886,2024-05,Chinese Grand Prix,2024,5,2024-04-21,validation,validation,102.417,102.322,102.29452182822943,-0.12247817177056675,-0.09499999999999886,-0.19700000000000273
SAI,MEDIUM,1,6,7,3834.031,3936.44,3936.44,4039.223,6.0,102.409,102.21,-0.19900000000001228,3,102.783,0.3739999999999952,2024-05,Chinese Grand Prix,2024,5,2024-04-21,validation,validation,102.783,102.409,102.36832752297721,-0.41467247702279053,-0.3739999999999952,-0.5730000000000075
HAM,SOFT,1,6,7,3843.49,3946.957,3946.957,4051.013,6.0,103.467,103.467,0.0,3,104.056,0.5889999999999986,2024-05,Chinese Grand Prix,2024,5,2024-04-21,validation,validation,104.056,103.467,103.61267431364556,-0.4433256863544415,-0.5889999999999986,-0.5889999999999986
VER,MEDIUM,1,7,8,3923.199,4024.317,4024.317,4125.427,7.0,101.118,101.118,0.0,3,101.11,-0.007999999999995566,2024-05,Chinese Grand Prix,2024,5,2024-04-21,validation,validation,101.11,101.118,101.1952372741484,0.08523727414839755,0.007999999999995566,0.007999999999995566
PER,MEDIUM,1,7,8,3929.144,4030.727,4030.727,4132.44,7.0,101.583,101.625,0.04200000000000159,3,101.713,0.12999999999999545,2024-05,Chinese Grand Prix,2024,5,2024-04-21,validation,validation,101.713,101.583,101.68574537387042,-0.027254626129575854,-0.12999999999999545,-0.08799999999999386
RUS,MEDIUM,1,7,8,3934.843,4037.432,4037.432,4140.546,7.0,102.589,102.589,0.0,3,103.114,0.5250000000000057,2024-05,Chinese Grand Prix,2024,5,2024-04-21,validation,validation,103.114,102.589,102.64927657865998,-0.4647234213400253,-0.5250000000000057,-0.5250000000000057
LEC,MEDIUM,1,7,8,3935.462,4037.879,4037.879,4140.848,7.0,102.417,102.322,-0.09499999999999886,3,102.969,0.5519999999999925,2024-05,Chinese Grand Prix,2024,5,2024-04-21,validation,validation,102.969,102.417,102.39335326020687,-0.5756467397931289,-0.5519999999999925,-0.6469999999999914
SAI,MEDIUM,1,7,8,3936.44,4039.223,4039.223,4142.174,7.0,102.783,102.409,-0.3739999999999952,3,102.951,0.16799999999999216,2024-05,Chinese Grand Prix,2024,5,2024-04-21,validation,validation,102.951,102.783,102.65911030928893,-0.2918896907110593,-0.16799999999999216,-0.5419999999999874
HAM,SOFT,1,7,8,3946.957,4051.013,4051.013,4154.782,7.0,104.056,103.499,-0.5570000000000022,3,103.769,-0.28699999999999193,2024-05,Chinese Grand Prix,2024,5,2024-04-21,validation,validation,103.769,104.056,103.9349376616866,0.1659376616865984,0.28699999999999193,-0.27000000000001023
VER,MEDIUM,1,8,9,4024.317,4125.427,4125.427,4226.582,8.0,101.11,101.118,0.007999999999995566,3,101.155,0.045000000000001705,2024-05,Chinese Grand Prix,2024,5,2024-04-21,validation,validation,101.155,101.11,101.19132441551676,0.036324415516759245,-0.045000000000001705,-0.03700000000000614
PER,MEDIUM,1,8,9,4030.727,4132.44,4132.44,4234.208,8.0,101.713,101.656,-0.05699999999998795,3,101.768,0.05500000000000682,2024-05,Chinese Grand Prix,2024,5,2024-04-21,validation,validation,101.768,101.713,101.7685984698933,0.0005984698933048094,-0.05500000000000682,-0.11199999999999477
RUS,MEDIUM,1,8,9,4037.432,4140.546,4140.546,4244.531,8.0,103.114,102.597,-0.5170000000000101,3,103.985,0.8709999999999951,2024-05,Chinese Grand Prix,2024,5,2024-04-21,validation,validation,103.985,103.114,102.92666561538913,-1.0583343846108733,-0.8709999999999951,-1.3880000000000052
LEC,MEDIUM,1,8,9,4037.879,4140.848,4140.848,4243.037,8.0,102.969,102.417,-0.5519999999999925,3,102.189,-0.7800000000000011,2024-05,Chinese Grand Prix,2024,5,2024-04-21,validation,validation,102.189,102.969,102.7267006449349,0.5377006449349011,0.7800000000000011,0.22800000000000864
SAI,MEDIUM,1,8,9,4039.223,4142.174,4142.174,4244.974,8.0,102.951,102.783,-0.16799999999999216,3,102.8,-0.15099999999999625,2024-05,Chinese Grand Prix,2024,5,2024-04-21,validation,validation,102.8,102.951,102.92695062442448,0.1269506244244809,0.15099999999999625,-0.016999999999995907
VER,MEDIUM,1,9,10,4125.427,4226.582,4226.582,4328.006,9.0,101.155,101.118,-0.03700000000000614,3,101.424,0.26900000000000546,2024-05,Chinese Grand Prix,2024,5,2024-04-21,validation,validation,101.424,101.155,101.21500026233323,-0.2089997376667725,-0.26900000000000546,-0.3060000000000116
PER,MEDIUM,1,9,10,4132.44,4234.208,4234.208,4336.048,9.0,101.768,101.713,-0.05500000000000682,3,101.84,0.07200000000000273,2024-05,Chinese Grand Prix,2024,5,2024-04-21,validation,validation,101.84,101.768,101.82493389713916,-0.015066102860842534,-0.07200000000000273,-0.12700000000000955
LEC,MEDIUM,1,9,10,4140.848,4243.037,4243.037,4345.361,9.0,102.189,102.417,0.22800000000000864,3,102.324,0.13500000000000512,2024-05,Chinese Grand Prix,2024,5,2024-04-21,validation,validation,102.324,102.189,102.32092966166303,-0.003070338336968348,-0.13500000000000512,0.09300000000000352
RUS,MEDIUM,1,9,10,4140.546,4244.531,4244.531,4347.758,9.0,103.985,103.114,-0.8709999999999951,3,103.227,-0.7579999999999956,2024-05,Chinese Grand Prix,2024,5,2024-04-21,validation,validation,103.227,103.985,103.62932292069159,0.4023229206915886,0.7579999999999956,-0.11299999999999955
SAI,MEDIUM,1,9,10,4142.174,4244.974,4244.974,4348.212,9.0,102.8,102.8,0.0,3,103.238,0.4380000000000024,2024-05,Chinese Grand Prix,2024,5,2024-04-21,validation,validation,103.238,102.8,102.8567883993358,-0.38121160066420146,-0.4380000000000024,-0.4380000000000024
VER,MEDIUM,1,10,11,4226.582,4328.006,4328.006,4429.407,10.0,101.424,101.155,-0.26900000000000546,3,101.401,-0.023000000000010346,2024-05,Chinese Grand Prix,2024,5,2024-04-21,validation,validation,101.401,101.424,101.3730985544882,-0.027901445511801626,0.023000000000010346,-0.2459999999999951
PER,MEDIUM,1,10,11,4234.208,4336.048,4336.048,4437.815,10.0,101.84,101.768,-0.07200000000000273,3,101.767,-0.0730000000000075,2024-05,Chinese Grand Prix,2024,5,2024-04-21,validation,validation,101.767,101.84,101.88915522778211,0.12215522778211607,0.0730000000000075,0.0010000000000047748
LEC,MEDIUM,1,10,11,4243.037,4345.361,4345.361,4447.489,10.0,102.324,102.324,0.0,3,102.128,-0.19599999999999795,2024-05,Chinese Grand Prix,2024,5,2024-04-21,validation,validation,102.128,102.324,102.346660617079,0.21866061707899576,0.19599999999999795,0.19599999999999795
SAI,MEDIUM,1,10,11,4244.974,4348.212,4348.212,4451.511,10.0,103.238,102.951,-0.28700000000000614,3,103.299,0.06100000000000705,2024-05,Chinese Grand Prix,2024,5,2024-04-21,validation,validation,103.299,103.238,103.15776655257152,-0.14123344742849042,-0.06100000000000705,-0.3480000000000132
VER,MEDIUM,1,11,12,4328.006,4429.407,4429.407,4530.725,11.0,101.401,101.401,0.0,3,101.318,-0.08299999999999841,2024-05,Chinese Grand Prix,2024,5,2024-04-21,validation,validation,101.318,101.401,101.4798639649985,0.16186396499850275,0.08299999999999841,0.08299999999999841
PER,MEDIUM,1,11,12,4336.048,4437.815,4437.815,4540.081,11.0,101.767,101.768,0.0010000000000047748,3,102.266,0.49900000000000944,2024-05,Chinese Grand Prix,2024,5,2024-04-21,validation,validation,102.266,101.767,101.85140716435565,-0.41459283564435623,-0.49900000000000944,-0.49800000000000466
LEC,MEDIUM,1,11,12,4345.361,4447.489,4447.489,4549.428,11.0,102.128,102.189,0.06099999999999284,3,101.939,-0.18900000000000716,2024-05,Chinese Grand Prix,2024,5,2024-04-21,validation,validation,101.939,102.128,102.17986291462111,0.2408629146211183,0.18900000000000716,0.25
SAI,MEDIUM,1,11,12,4348.212,4451.511,4451.511,4554.114,11.0,103.299,103.238,-0.06100000000000705,3,102.603,-0.6960000000000122,2024-05,Chinese Grand Prix,2024,5,2024-04-21,validation,validation,102.603,103.299,103.32800519072991,0.7250051907299166,0.6960000000000122,0.6350000000000051
HAM,MEDIUM,2,11,12,4381.633,4483.042,4483.042,4584.946,2.0,101.409,101.409,0.0,1,101.904,0.49499999999999034,2024-05,Chinese Grand Prix,2024,5,2024-04-21,validation,validation,101.904,101.409,101.48398366763435,-0.4200163323656483,-0.49499999999999034,-0.49499999999999034
LEC,MEDIUM,1,12,13,4447.489,4549.428,4549.428,4651.507,12.0,101.939,102.128,0.18900000000000716,3,102.079,0.14000000000000057,2024-05,Chinese Grand Prix,2024,5,2024-04-21,validation,validation,102.079,101.939,102.05235125184751,-0.02664874815248197,-0.14000000000000057,0.049000000000006594
SAI,MEDIUM,1,12,13,4451.511,4554.114,4554.114,4656.514,12.0,102.603,103.238,0.6350000000000051,3,102.4,-0.20299999999998875,2024-05,Chinese Grand Prix,2024,5,2024-04-21,validation,validation,102.4,102.603,102.96595970288523,0.5659597028852232,0.20299999999998875,0.8379999999999939
HAM,MEDIUM,2,12,13,4483.042,4584.946,4584.946,4686.873,3.0,101.904,101.6565,-0.24750000000000227,2,101.927,0.023000000000010346,2024-05,Chinese Grand Prix,2024,5,2024-04-21,validation,validation,101.927,101.904,101.86111211128699,-0.06588788871302143,-0.023000000000010346,-0.2705000000000126
LEC,MEDIUM,1,13,14,4549.428,4651.507,4651.507,4753.319,13.0,102.079,102.079,0.0,3,101.812,-0.2669999999999959,2024-05,Chinese Grand Prix,2024,5,2024-04-21,validation,validation,101.812,102.079,102.10187760356166,0.2898776035616635,0.2669999999999959,0.2669999999999959
SAI,MEDIUM,1,13,14,4554.114,4656.514,4656.514,4759.601,13.0,102.4,102.603,0.20299999999998875,3,103.087,0.6869999999999976,2024-05,Chinese Grand Prix,2024,5,2024-04-21,validation,validation,103.087,102.4,102.5546922064479,-0.532307793552107,-0.6869999999999976,-0.48400000000000887
RUS,MEDIUM,2,13,14,4573.777,4674.562,4674.562,4776.316,2.0,100.785,100.785,0.0,1,101.754,0.9690000000000083,2024-05,Chinese Grand Prix,2024,5,2024-04-21,validation,validation,101.754,100.785,100.83565837014557,-0.9183416298544387,-0.9690000000000083,-0.9690000000000083
HAM,MEDIUM,2,13,14,4584.946,4686.873,4686.873,4788.593,4.0,101.927,101.904,-0.023000000000010346,3,101.72,-0.20700000000000784,2024-05,Chinese Grand Prix,2024,5,2024-04-21,validation,validation,101.72,101.927,101.99254491396789,0.2725449139678915,0.20700000000000784,0.1839999999999975
LEC,MEDIUM,1,14,15,4651.507,4753.319,4753.319,4855.183,14.0,101.812,101.939,0.12699999999999534,3,101.864,0.05200000000000671,2024-05,Chinese Grand Prix,2024,5,2024-04-21,validation,validation,101.864,101.812,101.89571318660865,0.03171318660864131,-0.05200000000000671,0.07499999999998863
SAI,MEDIUM,1,14,15,4656.514,4759.601,4759.601,4862.393,14.0,103.087,102.603,-0.48400000000000887,3,102.792,-0.2950000000000017,2024-05,Chinese Grand Prix,2024,5,2024-04-21,validation,validation,102.792,103.087,102.91255576831492,0.12055576831491521,0.2950000000000017,-0.18900000000000716
RUS,MEDIUM,2,14,15,4674.562,4776.316,4776.316,4877.624,3.0,101.754,101.2695,-0.48450000000001125,2,101.308,-0.44599999999999795,2024-05,Chinese Grand Prix,2024,5,2024-04-21,validation,validation,101.308,101.754,101.57367506327131,0.26567506327130275,0.44599999999999795,-0.0385000000000133
HAM,MEDIUM,2,14,15,4686.873,4788.593,4788.593,4890.907,5.0,101.72,101.904,0.1839999999999975,3,102.314,0.5939999999999941,2024-05,Chinese Grand Prix,2024,5,2024-04-21,validation,validation,102.314,101.72,101.88504427450283,-0.4289557254971612,-0.5939999999999941,-0.4099999999999966
LEC,MEDIUM,1,15,16,4753.319,4855.183,4855.183,4957.912,15.0,101.864,101.864,0.0,3,102.729,0.8649999999999949,2024-05,Chinese Grand Prix,2024,5,2024-04-21,validation,validation,102.729,101.864,101.88690892430664,-0.8420910756933608,-0.8649999999999949,-0.8649999999999949
VER,HARD,2,15,16,4756.325,4855.916,4855.916,4955.901,2.0,99.591,99.591,0.0,1,99.985,0.39400000000000546,2024-05,Chinese Grand Prix,2024,5,2024-04-21,validation,validation,99.985,99.591,99.67122646797816,-0.3137735320218411,-0.39400000000000546,-0.39400000000000546
SAI,MEDIUM,1,15,16,4759.601,4862.393,4862.393,4965.086,15.0,102.792,102.792,0.0,3,102.693,-0.09900000000000375,2024-05,Chinese Grand Prix,2024,5,2024-04-21,validation,validation,102.693,102.792,102.85027969599206,0.1572796959920595,0.09900000000000375,0.09900000000000375
PER,HARD,2,15,16,4765.202,4865.24,4865.24,4965.796,2.0,100.038,100.038,0.0,1,100.556,0.5180000000000007,2024-05,Chinese Grand Prix,2024,5,2024-04-21,validation,validation,100.556,100.038,100.12346569835681,-0.4325343016431873,-0.5180000000000007,-0.5180000000000007
RUS,MEDIUM,2,15,16,4776.316,4877.624,4877.624,4979.024,4.0,101.308,101.308,0.0,3,101.4,0.09199999999999875,2024-05,Chinese Grand Prix,2024,5,2024-04-21,validation,validation,101.4,101.308,101.36030858069113,-0.03969141930888043,-0.09199999999999875,-0.09199999999999875
HAM,MEDIUM,2,15,16,4788.593,4890.907,4890.907,4993.438,6.0,102.314,101.927,-0.38699999999998624,3,102.531,0.21700000000001296,2024-05,Chinese Grand Prix,2024,5,2024-04-21,validation,validation,102.531,102.314,102.20557546255654,-0.32542453744346744,-0.21700000000001296,-0.6039999999999992
VER,HARD,2,16,17,4855.916,4955.901,4955.901,5055.42,3.0,99.985,99.788,-0.19700000000000273,2,99.519,-0.465999999999994,2024-05,Chinese Grand Prix,2024,5,2024-04-21,validation,validation,99.519,99.985,99.97145678252367,0.4524567825236687,0.465999999999994,0.26899999999999125
LEC,MEDIUM,1,16,17,4855.183,4957.912,4957.912,5059.891,16.0,102.729,101.864,-0.8649999999999949,3,101.979,-0.75,2024-05,Chinese Grand Prix,2024,5,2024-04-21,validation,validation,101.979,102.729,102.33742889315029,0.3584288931502897,0.75,-0.11499999999999488
PER,HARD,2,16,17,4865.24,4965.796,4965.796,5067.899,3.0,100.556,100.297,-0.25900000000000034,2,102.103,1.546999999999997,2024-05,Chinese Grand Prix,2024,5,2024-04-21,validation,validation,102.103,100.556,100.51810559715265,-1.5848944028473397,-1.546999999999997,-1.8059999999999974
RUS,MEDIUM,2,16,17,4877.624,4979.024,4979.024,5080.4,5.0,101.4,101.4,0.0,3,101.376,-0.02400000000000091,2024-05,Chinese Grand Prix,2024,5,2024-04-21,validation,validation,101.376,101.4,101.452761867778,0.07676186777798932,0.02400000000000091,0.02400000000000091
HAM,MEDIUM,2,16,17,4890.907,4993.438,4993.438,5095.661,7.0,102.531,102.314,-0.21700000000001296,3,102.223,-0.30800000000000693,2024-05,Chinese Grand Prix,2024,5,2024-04-21,validation,validation,102.223,102.531,102.50518379276131,0.282183792761316,0.30800000000000693,0.09099999999999397
VER,HARD,2,17,18,4955.901,5055.42,5055.42,5155.49,4.0,99.519,99.591,0.07199999999998852,3,100.07,0.5509999999999877,2024-05,Chinese Grand Prix,2024,5,2024-04-21,validation,validation,100.07,99.519,99.63425042043012,-0.4357495795698725,-0.5509999999999877,-0.4789999999999992
LEC,MEDIUM,1,17,18,4957.912,5059.891,5059.891,5162.005,17.0,101.979,101.979,0.0,3,102.114,0.13500000000000512,2024-05,Chinese Grand Prix,2024,5,2024-04-21,validation,validation,102.114,101.979,102.00266413886486,-0.11133586113514582,-0.13500000000000512,-0.13500000000000512
PER,HARD,2,17,18,4965.796,5067.899,5067.899,5168.098,4.0,102.103,100.556,-1.546999999999997,3,100.199,-1.9039999999999964,2024-05,Chinese Grand Prix,2024,5,2024-04-21,validation,validation,100.199,102.103,101.4483828149314,1.2493828149314083,1.9039999999999964,0.3569999999999993
RUS,MEDIUM,2,17,18,4979.024,5080.4,5080.4,5181.891,6.0,101.376,101.376,0.0,3,101.491,0.11499999999999488,2024-05,Chinese Grand Prix,2024,5,2024-04-21,validation,validation,101.491,101.376,101.4289606952214,-0.06203930477859387,-0.11499999999999488,-0.11499999999999488
HAM,MEDIUM,2,17,18,4993.438,5095.661,5095.661,5198.225,8.0,102.223,102.314,0.09099999999999397,3,102.564,0.340999999999994,2024-05,Chinese Grand Prix,2024,5,2024-04-21,validation,validation,102.564,102.223,102.3451084504612,-0.21889154953879597,-0.340999999999994,-0.25
VER,HARD,2,18,19,5055.42,5155.49,5155.49,5255.629,5.0,100.07,99.985,-0.08499999999999375,3,100.139,0.06900000000000261,2024-05,Chinese Grand Prix,2024,5,2024-04-21,validation,validation,100.139,100.07,100.11109121315684,-0.027908786843156008,-0.06900000000000261,-0.15399999999999636
LEC,MEDIUM,1,18,19,5059.891,5162.005,5162.005,5263.987,18.0,102.114,102.114,0.0,3,101.982,-0.132000000000005,2024-05,Chinese Grand Prix,2024,5,2024-04-21,validation,validation,101.982,102.114,102.13821175150922,0.1562117515092183,0.132000000000005,0.132000000000005
PER,HARD,2,18,19,5067.899,5168.098,5168.098,5268.411,5.0,100.199,100.556,0.3569999999999993,3,100.313,0.11400000000000432,2024-05,Chinese Grand Prix,2024,5,2024-04-21,validation,validation,100.313,100.199,100.45752305951498,0.1445230595149809,-0.11400000000000432,0.242999999999995
RUS,MEDIUM,2,18,19,5080.4,5181.891,5181.891,5283.307,7.0,101.491,101.4,-0.09099999999999397,3,101.416,-0.07500000000000284,2024-05,Chinese Grand Prix,2024,5,2024-04-21,validation,validation,101.416,101.491,101.50063410302316,0.08463410302316277,0.07500000000000284,-0.015999999999991132
HAM,MEDIUM,2,18,19,5095.661,5198.225,5198.225,5301.079,9.0,102.564,102.531,-0.03299999999998704,3,102.854,0.29000000000000625,2024-05,Chinese Grand Prix,2024,5,2024-04-21,validation,validation,102.854,102.564,102.62738309966637,-0.22661690033362447,-0.29000000000000625,-0.3229999999999933
VER,HARD,2,19,20,5155.49,5255.629,5255.629,5355.71,6.0,100.139,100.07,-0.06900000000000261,3,100.081,-0.057999999999992724,2024-05,Chinese Grand Prix,2024,5,2024-04-21,validation,validation,100.081,100.139,100.18820047912475,0.10720047912474229,0.057999999999992724,-0.01100000000000989
VER,HARD,3,32,33,6891.128,6989.732,6989.732,7088.138,9.0,98.604,98.604,0.0,1,98.406,-0.1979999999999933,2024-05,Chinese Grand Prix,2024,5,2024-04-21,validation,validation,98.406,98.604,98.67981845906893,0.2738184590689201,0.1979999999999933,0.1979999999999933
LEC,HARD,2,32,33,6892.643,6992.168,6992.168,7091.552,11.0,99.525,99.525,0.0,1,99.384,-0.14100000000000534,2024-05,Chinese Grand Prix,2024,5,2024-04-21,validation,validation,99.384,99.525,99.54616579234991,0.16216579234991002,0.14100000000000534,0.14100000000000534
PER,HARD,3,32,33,6893.137,6992.868,6992.868,7092.256,9.0,99.731,99.731,0.0,1,99.388,-0.3429999999999893,2024-05,Chinese Grand Prix,2024,5,2024-04-21,validation,validation,99.388,99.731,99.81354934942644,0.42554934942643285,0.3429999999999893,0.3429999999999893
SAI,HARD,2,32,33,6894.396,6994.797,6994.797,7094.845,15.0,100.401,100.401,0.0,1,100.048,-0.35299999999999443,2024-05,Chinese Grand Prix,2024,5,2024-04-21,validation,validation,100.048,100.401,100.46002968425833,0.41202968425832864,0.35299999999999443,0.35299999999999443
RUS,HARD,3,32,33,6894.941,6995.631,6995.631,7096.107,9.0,100.69,100.69,0.0,1,100.476,-0.21399999999999864,2024-05,Chinese Grand Prix,2024,5,2024-04-21,validation,validation,100.476,100.69,100.75020683841434,0.2742068384143437,0.21399999999999864,0.21399999999999864
HAM,HARD,3,32,33,6897.075,6998.193,6998.193,7099.05,11.0,101.118,101.118,0.0,1,100.857,-0.2609999999999957,2024-05,Chinese Grand Prix,2024,5,2024-04-21,validation,validation,100.857,101.118,101.20260513538277,0.34560513538276894,0.2609999999999957,0.2609999999999957
VER,HARD,3,33,34,6989.732,7088.138,7088.138,7186.564,10.0,98.406,98.505,0.09899999999998954,2,98.426,0.01999999999999602,2024-05,Chinese Grand Prix,2024,5,2024-04-21,validation,validation,98.426,98.406,98.52931914558054,0.10331914558054223,-0.01999999999999602,0.07899999999999352
LEC,HARD,2,33,34,6992.168,7091.552,7091.552,7191.113,12.0,99.384,99.4545,0.07049999999999557,2,99.561,0.1770000000000067,2024-05,Chinese Grand Prix,2024,5,2024-04-21,validation,validation,99.561,99.384,99.43906443291209,-0.12193556708791675,-0.1770000000000067,-0.10650000000001114
PER,HARD,3,33,34,6992.868,7092.256,7092.256,7191.768,10.0,99.388,99.5595,0.17149999999999466,2,99.512,0.12399999999999523,2024-05,Chinese Grand Prix,2024,5,2024-04-21,validation,validation,99.512,99.388,99.55265173177435,0.040651731774346445,-0.12399999999999523,0.04749999999999943
SAI,HARD,2,33,34,6994.797,7094.845,7094.845,7195.261,16.0,100.048,100.2245,0.17650000000000432,2,100.416,0.367999999999995,2024-05,Chinese Grand Prix,2024,5,2024-04-21,validation,validation,100.416,100.048,100.19151839045703,-0.2244816095429627,-0.367999999999995,-0.19149999999999068
RUS,HARD,3,33,34,6995.631,7096.107,7096.107,7196.574,10.0,100.476,100.583,0.10699999999999932,2,100.467,-0.009000000000000341,2024-05,Chinese Grand Prix,2024,5,2024-04-21,validation,validation,100.467,100.476,100.5875256430872,0.12052564308720548,0.009000000000000341,0.11599999999999966
HAM,HARD,3,33,34,6998.193,7099.05,7099.05,7199.885,12.0,100.857,100.9875,0.13049999999999784,2,100.835,-0.02200000000000557,2024-05,Chinese Grand Prix,2024,5,2024-04-21,validation,validation,100.835,100.857,101.00413966215429,0.16913966215429355,0.02200000000000557,0.1525000000000034
VER,HARD,3,34,35,7088.138,7186.564,7186.564,7285.329,11.0,98.426,98.426,0.0,3,98.765,0.33899999999999864,2024-05,Chinese Grand Prix,2024,5,2024-04-21,validation,validation,98.765,98.426,98.50193094366568,-0.26306905633431654,-0.33899999999999864,-0.33899999999999864
LEC,HARD,2,34,35,7091.552,7191.113,7191.113,7290.82,13.0,99.561,99.525,-0.036000000000001364,3,99.707,0.14599999999998658,2024-05,Chinese Grand Prix,2024,5,2024-04-21,validation,validation,99.707,99.561,99.56540823892253,-0.14159176107746418,-0.14599999999998658,-0.18199999999998795
PER,HARD,3,34,35,7092.256,7191.768,7191.768,7291.466,11.0,99.512,99.512,0.0,3,99.698,0.18599999999999284,2024-05,Chinese Grand Prix,2024,5,2024-04-21,validation,validation,99.698,99.512,99.59457189570094,-0.10342810429905569,-0.18599999999999284,-0.18599999999999284
SAI,HARD,2,34,35,7094.845,7195.261,7195.261,7295.572,17.0,100.416,100.401,-0.015000000000000568,3,100.311,-0.10499999999998977,2024-05,Chinese Grand Prix,2024,5,2024-04-21,validation,validation,100.311,100.416,100.46834075697416,0.1573407569741505,0.10499999999998977,0.0899999999999892
RUS,HARD,3,34,35,7096.107,7196.574,7196.574,7297.067,11.0,100.467,100.476,0.009000000000000341,3,100.493,0.02599999999999625,2024-05,Chinese Grand Prix,2024,5,2024-04-21,validation,validation,100.493,100.467,100.53155547826687,0.038555478266872,-0.02599999999999625,-0.016999999999995907
HAM,HARD,3,34,35,7099.05,7199.885,7199.885,7300.793,13.0,100.835,100.857,0.02200000000000557,3,100.908,0.0730000000000075,2024-05,Chinese Grand Prix,2024,5,2024-04-21,validation,validation,100.908,100.835,100.93008363424836,0.022083634248360795,-0.0730000000000075,-0.05100000000000193
VER,HARD,3,35,36,7186.564,7285.329,7285.329,7384.154,12.0,98.765,98.426,-0.33899999999999864,3,98.825,0.060000000000002274,2024-05,Chinese Grand Prix,2024,5,2024-04-21,validation,validation,98.825,98.765,98.67864602447726,-0.14635397552274299,-0.060000000000002274,-0.3990000000000009
LEC,HARD,2,35,36,7191.113,7290.82,7290.82,7390.595,14.0,99.707,99.561,-0.14599999999998658,3,99.775,0.06800000000001205,2024-05,Chinese Grand Prix,2024,5,2024-04-21,validation,validation,99.775,99.707,99.658998260768,-0.1160017392320043,-0.06800000000001205,-0.21399999999999864
PER,HARD,3,35,36,7191.768,7291.466,7291.466,7391.146,12.0,99.698,99.512,-0.18599999999999284,3,99.68,-0.01799999999998647,2024-05,Chinese Grand Prix,2024,5,2024-04-21,validation,validation,99.68,99.698,99.69164410984159,0.011644109841583372,0.01799999999998647,-0.16800000000000637
SAI,HARD,2,35,36,7195.261,7295.572,7295.572,7396.187,18.0,100.311,100.311,0.0,3,100.615,0.30399999999998784,2024-05,Chinese Grand Prix,2024,5,2024-04-21,validation,validation,100.615,100.311,100.37058668147151,-0.2444133185284869,-0.30399999999998784,-0.30399999999998784
RUS,HARD,3,35,36,7196.574,7297.067,7297.067,7397.563,12.0,100.493,100.476,-0.016999999999995907,3,100.496,0.0030000000000001137,2024-05,Chinese Grand Prix,2024,5,2024-04-21,validation,validation,100.496,100.493,100.54534103445098,0.049341034450989696,-0.0030000000000001137,-0.01999999999999602
HAM,HARD,3,35,36,7199.885,7300.793,7300.793,7402.082,14.0,100.908,100.857,-0.05100000000000193,3,101.289,0.3810000000000002,2024-05,Chinese Grand Prix,2024,5,2024-04-21,validation,validation,101.289,100.908,100.96833464620723,-0.3206653537927764,-0.3810000000000002,-0.43200000000000216
VER,HARD,3,36,37,7285.329,7384.154,7384.154,7482.955,13.0,98.825,98.765,-0.060000000000002274,3,98.801,-0.02400000000000091,2024-05,Chinese Grand Prix,2024,5,2024-04-21,validation,validation,98.801,98.825,98.87341002530358,0.07241002530358287,0.02400000000000091,-0.036000000000001364
LEC,HARD,2,36,37,7290.82,7390.595,7390.595,7490.635,15.0,99.775,99.707,-0.06800000000001205,3,100.04,0.26500000000000057,2024-05,Chinese Grand Prix,2024,5,2024-04-21,validation,validation,100.04,99.775,99.76496775745233,-0.275032242547681,-0.26500000000000057,-0.3330000000000126
PER,HARD,3,36,37,7291.466,7391.146,7391.146,7491.151,13.0,99.68,99.68,0.0,3,100.005,0.32499999999998863,2024-05,Chinese Grand Prix,2024,5,2024-04-21,validation,validation,100.005,99.68,99.76344337199282,-0.24155662800717437,-0.32499999999998863,-0.32499999999998863
SAI,HARD,2,36,37,7295.572,7396.187,7396.187,7496.913,19.0,100.615,100.416,-0.19899999999999807,3,100.726,0.1110000000000042,2024-05,Chinese Grand Prix,2024,5,2024-04-21,validation,validation,100.726,100.615,100.57965626642078,-0.14634373357921504,-0.1110000000000042,-0.3100000000000023
RUS,HARD,3,36,37,7297.067,7397.563,7397.563,7498.25,13.0,100.496,100.493,-0.0030000000000001137,3,100.687,0.1910000000000025,2024-05,Chinese Grand Prix,2024,5,2024-04-21,validation,validation,100.687,100.496,100.55534221764546,-0.1316577823545373,-0.1910000000000025,-0.19400000000000261
HAM,HARD,3,36,37,7300.793,7402.082,7402.082,7503.297,15.0,101.289,100.908,-0.3810000000000002,3,101.215,-0.07399999999999807,2024-05,Chinese Grand Prix,2024,5,2024-04-21,validation,validation,101.215,101.289,101.19147672700717,-0.023523272992832744,0.07399999999999807,-0.30700000000000216
VER,HARD,3,37,38,7384.154,7482.955,7482.955,7581.81,14.0,98.801,98.801,0.0,3,98.855,0.054000000000002046,2024-05,Chinese Grand Prix,2024,5,2024-04-21,validation,validation,98.855,98.801,98.87850797307027,0.02350797307026653,-0.054000000000002046,-0.054000000000002046
LEC,HARD,2,37,38,7390.595,7490.635,7490.635,7590.693,16.0,100.04,99.775,-0.26500000000000057,3,100.058,0.018000000000000682,2024-05,Chinese Grand Prix,2024,5,2024-04-21,validation,validation,100.058,100.04,99.93591509532538,-0.12208490467462241,-0.018000000000000682,-0.28300000000000125
PER,HARD,3,37,38,7391.146,7491.151,7491.151,7591.219,14.0,100.005,99.698,-0.30700000000000216,3,100.068,0.06300000000000239,2024-05,Chinese Grand Prix,2024,5,2024-04-21,validation,validation,100.068,100.005,99.94154060633018,-0.12645939366981906,-0.06300000000000239,-0.37000000000000455
SAI,HARD,2,37,38,7396.187,7496.913,7496.913,7597.516,20.0,100.726,100.615,-0.1110000000000042,3,100.603,-0.12300000000000466,2024-05,Chinese Grand Prix,2024,5,2024-04-21,validation,validation,100.603,100.726,100.73353660871648,0.13053660871648276,0.12300000000000466,0.012000000000000455
RUS,HARD,3,37,38,7397.563,7498.25,7498.25,7598.701,14.0,100.687,100.496,-0.1910000000000025,3,100.451,-0.2360000000000042,2024-05,Chinese Grand Prix,2024,5,2024-04-21,validation,validation,100.451,100.687,100.65646209586342,0.20546209586342457,0.2360000000000042,0.045000000000001705
HAM,HARD,3,37,38,7402.082,7503.297,7503.297,7604.271,16.0,101.215,101.215,0.0,3,100.974,-0.24099999999999966,2024-05,Chinese Grand Prix,2024,5,2024-04-21,validation,validation,100.974,101.215,101.30107528762251,0.32707528762250604,0.24099999999999966,0.24099999999999966
VER,HARD,3,38,39,7482.955,7581.81,7581.81,7680.552,15.0,98.855,98.825,-0.030000000000001137,3,98.742,-0.11299999999999955,2024-05,Chinese Grand Prix,2024,5,2024-04-21,validation,validation,98.742,98.855,98.9184283425261,0.17642834252609418,0.11299999999999955,0.08299999999999841
LEC,HARD,2,38,39,7490.635,7590.693,7590.693,7691.482,17.0,100.058,100.04,-0.018000000000000682,3,100.789,0.7309999999999945,2024-05,Chinese Grand Prix,2024,5,2024-04-21,validation,validation,100.789,100.058,100.07317410003944,-0.7158258999605636,-0.7309999999999945,-0.7489999999999952
PER,HARD,3,38,39,7491.151,7591.219,7591.219,7690.628,15.0,100.068,100.005,-0.06300000000000239,3,99.409,-0.6589999999999918,2024-05,Chinese Grand Prix,2024,5,2024-04-21,validation,validation,99.409,100.068,100.12245336782078,0.713453367820776,0.6589999999999918,0.5959999999999894
SAI,HARD,2,38,39,7496.913,7597.516,7597.516,7698.013,21.0,100.603,100.615,0.012000000000000455,3,100.497,-0.10599999999999454,2024-05,Chinese Grand Prix,2024,5,2024-04-21,validation,validation,100.497,100.603,100.6697614646786,0.17276146467860087,0.10599999999999454,0.117999999999995
RUS,HARD,3,38,39,7498.25,7598.701,7598.701,7698.813,15.0,100.451,100.496,0.045000000000001705,3,100.112,-0.33899999999999864,2024-05,Chinese Grand Prix,2024,5,2024-04-21,validation,validation,100.112,100.451,100.53386574964375,0.4218657496437572,0.33899999999999864,0.38400000000000034
HAM,HARD,3,38,39,7503.297,7604.271,7604.271,7705.384,17.0,100.974,101.215,0.24099999999999966,3,101.113,0.1389999999999958,2024-05,Chinese Grand Prix,2024,5,2024-04-21,validation,validation,101.113,100.974,101.1758762333417,0.06287623334169723,-0.1389999999999958,0.10200000000000387
VER,HARD,3,39,40,7581.81,7680.552,7680.552,7779.508,16.0,98.742,98.801,0.0589999999999975,3,98.956,0.21399999999999864,2024-05,Chinese Grand Prix,2024,5,2024-04-21,validation,validation,98.956,98.742,98.8482989664812,-0.10770103351880778,-0.21399999999999864,-0.15500000000000114
PER,HARD,3,39,40,7591.219,7690.628,7690.628,7790.315,16.0,99.409,100.005,0.5959999999999894,3,99.687,0.2779999999999916,2024-05,Chinese Grand Prix,2024,5,2024-04-21,validation,validation,99.687,99.409,99.77966791962855,0.09266791962855336,-0.2779999999999916,0.31799999999999784
LEC,HARD,2,39,40,7590.693,7691.482,7691.482,7791.213,18.0,100.789,100.058,-0.7309999999999945,3,99.731,-1.058000000000007,2024-05,Chinese Grand Prix,2024,5,2024-04-21,validation,validation,99.731,100.789,100.46261122894147,0.7316112289414747,1.058000000000007,0.3270000000000124
SAI,HARD,2,39,40,7597.516,7698.013,7698.013,7798.888,22.0,100.497,100.603,0.10599999999999454,3,100.875,0.3780000000000001,2024-05,Chinese Grand Prix,2024,5,2024-04-21,validation,validation,100.875,100.497,100.60905570398396,-0.26594429601604475,-0.3780000000000001,-0.27200000000000557
RUS,HARD,3,39,40,7598.701,7698.813,7698.813,7799.593,16.0,100.112,100.451,0.33899999999999864,3,100.78,0.6680000000000064,2024-05,Chinese Grand Prix,2024,5,2024-04-21,validation,validation,100.78,100.112,100.33597927712212,-0.4440207228778803,-0.6680000000000064,-0.32900000000000773
HAM,HARD,3,39,40,7604.271,7705.384,7705.384,7806.884,18.0,101.113,101.113,0.0,3,101.5,0.38700000000000045,2024-05,Chinese Grand Prix,2024,5,2024-04-21,validation,validation,101.5,101.113,101.19935448715806,-0.30064551284193897,-0.38700000000000045,-0.38700000000000045
VER,HARD,3,40,41,7680.552,7779.508,7779.508,7878.575,17.0,98.956,98.855,-0.10099999999999909,3,99.067,0.11099999999999,2024-05,Chinese Grand Prix,2024,5,2024-04-21,validation,validation,99.067,98.956,98.98595555405518,-0.08104444594481208,-0.11099999999999,-0.21199999999998909
PER,HARD,3,40,41,7690.628,7790.315,7790.315,7889.914,17.0,99.687,99.687,0.0,3,99.599,-0.08799999999999386,2024-05,Chinese Grand Prix,2024,5,2024-04-21,validation,validation,99.599,99.687,99.77146462438091,0.1724646243809076,0.08799999999999386,0.08799999999999386
LEC,HARD,2,40,41,7691.482,7791.213,7791.213,7890.838,19.0,99.731,100.058,0.3270000000000124,3,99.625,-0.10599999999999454,2024-05,Chinese Grand Prix,2024,5,2024-04-21,validation,validation,99.625,99.731,99.91212967747016,0.28712967747016194,0.10599999999999454,0.43300000000000693
SAI,HARD,2,40,41,7698.013,7798.888,7798.888,7899.187,23.0,100.875,100.603,-0.27200000000000557,3,100.299,-0.5759999999999934,2024-05,Chinese Grand Prix,2024,5,2024-04-21,validation,validation,100.299,100.875,100.80607190767243,0.5070719076724259,0.5759999999999934,0.30399999999998784
RUS,HARD,3,40,41,7698.813,7799.593,7799.593,7900.617,17.0,100.78,100.451,-0.32900000000000773,3,101.024,0.24399999999999977,2024-05,Chinese Grand Prix,2024,5,2024-04-21,validation,validation,101.024,100.78,100.6839525483568,-0.34004745164320127,-0.24399999999999977,-0.5730000000000075
HAM,HARD,3,40,41,7705.384,7806.884,7806.884,7907.766,19.0,101.5,101.113,-0.38700000000000045,3,100.882,-0.617999999999995,2024-05,Chinese Grand Prix,2024,5,2024-04-21,validation,validation,100.882,101.5,101.4010555653566,0.5190555653565951,0.617999999999995,0.23099999999999454
VER,HARD,3,41,42,7779.508,7878.575,7878.575,7977.802,18.0,99.067,98.956,-0.11099999999999,3,99.227,0.1600000000000108,2024-05,Chinese Grand Prix,2024,5,2024-04-21,validation,validation,99.227,99.067,99.09263399982287,-0.1343660001771383,-0.1600000000000108,-0.2710000000000008
PER,HARD,3,41,42,7790.315,7889.914,7889.914,7989.435,18.0,99.599,99.599,0.0,3,99.521,-0.07800000000000296,2024-05,Chinese Grand Prix,2024,5,2024-04-21,validation,validation,99.521,99.599,99.6835230602969,0.16252306029690544,0.07800000000000296,0.07800000000000296
LEC,HARD,2,41,42,7791.213,7890.838,7890.838,7990.744,20.0,99.625,99.731,0.10599999999999454,3,99.906,0.2810000000000059,2024-05,Chinese Grand Prix,2024,5,2024-04-21,validation,validation,99.906,99.625,99.69970353507837,-0.20629646492163545,-0.2810000000000059,-0.17500000000001137
SAI,HARD,2,41,42,7798.888,7899.187,7899.187,7999.943,24.0,100.299,100.497,0.1979999999999933,3,100.756,0.45699999999999363,2024-05,Chinese Grand Prix,2024,5,2024-04-21,validation,validation,100.756,100.299,100.45543630072406,-0.3005636992759406,-0.45699999999999363,-0.25900000000000034
RUS,HARD,3,41,42,7799.593,7900.617,7900.617,8001.389,18.0,101.024,100.78,-0.24399999999999977,3,100.772,-0.25199999999999534,2024-05,Chinese Grand Prix,2024,5,2024-04-21,validation,validation,100.772,101.024,100.96967968577925,0.19767968577924933,0.25199999999999534,0.007999999999995566
HAM,HARD,3,41,42,7806.884,7907.766,7907.766,8008.834,20.0,100.882,101.113,0.23099999999999454,3,101.068,0.18599999999999284,2024-05,Chinese Grand Prix,2024,5,2024-04-21,validation,validation,101.068,100.882,101.07961232326574,0.011612323265737245,-0.18599999999999284,0.045000000000001705
VER,HARD,3,42,43,7878.575,7977.802,7977.802,8077.026,19.0,99.227,99.067,-0.1600000000000108,3,99.224,-0.0030000000000001137,2024-05,Chinese Grand Prix,2024,5,2024-04-21,validation,validation,99.224,99.227,99.22963550464362,0.005635504643620948,0.0030000000000001137,-0.1570000000000107
PER,HARD,3,42,43,7889.914,7989.435,7989.435,8089.042,19.0,99.521,99.599,0.07800000000000296,3,99.607,0.08599999999999852,2024-05,Chinese Grand Prix,2024,5,2024-04-21,validation,validation,99.607,99.521,99.6431722888093,0.036172288809297015,-0.08599999999999852,-0.007999999999995566
LEC,HARD,2,42,43,7890.838,7990.744,7990.744,8090.652,21.0,99.906,99.731,-0.17500000000001137,3,99.908,0.001999999999995339,2024-05,Chinese Grand Prix,2024,5,2024-04-21,validation,validation,99.908,99.906,99.84622720238072,-0.06177279761928389,-0.001999999999995339,-0.1770000000000067
SAI,HARD,2,42,43,7899.187,7999.943,7999.943,8100.288,25.0,100.756,100.756,0.0,3,100.345,-0.41100000000000136,2024-05,Chinese Grand Prix,2024,5,2024-04-21,validation,validation,100.345,100.756,100.81832316117398,0.47332316117397966,0.41100000000000136,0.41100000000000136
RUS,HARD,3,42,43,7900.617,8001.389,8001.389,8102.07,19.0,100.772,100.78,0.007999999999995566,3,100.681,-0.09100000000000819,2024-05,Chinese Grand Prix,2024,5,2024-04-21,validation,validation,100.681,100.772,100.83875467376393,0.15775467376393237,0.09100000000000819,0.09900000000000375
HAM,HARD,3,42,43,7907.766,8008.834,8008.834,8110.056,21.0,101.068,101.068,0.0,3,101.222,0.15399999999999636,2024-05,Chinese Grand Prix,2024,5,2024-04-21,validation,validation,101.222,101.068,101.15501019716393,-0.06698980283606204,-0.15399999999999636,-0.15399999999999636
VER,HARD,3,43,44,7977.802,8077.026,8077.026,8176.331,20.0,99.224,99.224,0.0,3,99.305,0.08100000000000307,2024-05,Chinese Grand Prix,2024,5,2024-04-21,validation,validation,99.305,99.224,99.30394471891901,-0.0010552810809940638,-0.08100000000000307,-0.08100000000000307
PER,HARD,3,43,44,7989.435,8089.042,8089.042,8188.764,20.0,99.607,99.599,-0.007999999999995566,3,99.722,0.11499999999999488,2024-05,Chinese Grand Prix,2024,5,2024-04-21,validation,validation,99.722,99.607,99.68819034172714,-0.0338096582728582,-0.11499999999999488,-0.12299999999999045
LEC,HARD,2,43,44,7990.744,8090.652,8090.652,8190.493,22.0,99.908,99.906,-0.001999999999995339,3,99.841,-0.06700000000000728,2024-05,Chinese Grand Prix,2024,5,2024-04-21,validation,validation,99.841,99.908,99.93180886081423,0.090808860814235,0.06700000000000728,0.06500000000001194
SAI,HARD,2,43,44,7999.943,8100.288,8100.288,8200.397,26.0,100.345,100.345,0.0,3,100.109,-0.2360000000000042,2024-05,Chinese Grand Prix,2024,5,2024-04-21,validation,validation,100.109,100.345,100.40667305860002,0.2976730586000258,0.2360000000000042,0.2360000000000042
RUS,HARD,3,43,44,8001.389,8102.07,8102.07,8202.45,20.0,100.681,100.772,0.09100000000000819,3,100.38,-0.30100000000000193,2024-05,Chinese Grand Prix,2024,5,2024-04-21,validation,validation,100.38,100.681,100.78778364527425,0.40778364527425026,0.30100000000000193,0.3920000000000101
HAM,HARD,3,43,44,8008.834,8110.056,8110.056,8210.971,22.0,101.222,101.068,-0.15399999999999636,3,100.915,-0.30699999999998795,2024-05,Chinese Grand Prix,2024,5,2024-04-21,validation,validation,100.915,101.222,101.23542507971328,0.3204250797132744,0.30699999999998795,0.1529999999999916
VER,HARD,3,44,45,8077.026,8176.331,8176.331,8275.547,21.0,99.305,99.227,-0.07800000000000296,3,99.216,-0.08900000000001285,2024-05,Chinese Grand Prix,2024,5,2024-04-21,validation,validation,99.216,99.305,99.34780501979186,0.13180501979186943,0.08900000000001285,0.01100000000000989
PER,HARD,3,44,45,8089.042,8188.764,8188.764,8288.613,21.0,99.722,99.607,-0.11499999999999488,3,99.849,0.12700000000000955,2024-05,Chinese Grand Prix,2024,5,2024-04-21,validation,validation,99.849,99.722,99.75215731744268,-0.0968426825573232,-0.12700000000000955,-0.24200000000000443
LEC,HARD,2,44,45,8090.652,8190.493,8190.493,8290.518,23.0,99.841,99.906,0.06500000000001194,3,100.025,0.1840000000000117,2024-05,Chinese Grand Prix,2024,5,2024-04-21,validation,validation,100.025,99.841,99.89718404706112,-0.1278159529388887,-0.1840000000000117,-0.11899999999999977
SAI,HARD,2,44,45,8100.288,8200.397,8200.397,8300.617,27.0,100.109,100.345,0.2360000000000042,3,100.22,0.1110000000000042,2024-05,Chinese Grand Prix,2024,5,2024-04-21,validation,validation,100.22,100.109,100.28407671238034,0.0640767123803414,-0.1110000000000042,0.125
RUS,HARD,3,44,45,8102.07,8202.45,8202.45,8303.069,21.0,100.38,100.681,0.30100000000000193,3,100.619,0.23900000000000432,2024-05,Chinese Grand Prix,2024,5,2024-04-21,validation,validation,100.619,100.38,100.58752176176945,-0.03147823823054807,-0.23900000000000432,0.06199999999999761
HAM,HARD,3,44,45,8110.056,8210.971,8210.971,8312.069,23.0,100.915,101.068,0.1529999999999916,3,101.098,0.18299999999999272,2024-05,Chinese Grand Prix,2024,5,2024-04-21,validation,validation,101.098,100.915,101.07587027902541,-0.022129720974589873,-0.18299999999999272,-0.030000000000001137
VER,HARD,3,45,46,8176.331,8275.547,8275.547,8374.98,22.0,99.216,99.224,0.008000000000009777,3,99.433,0.21700000000001296,2024-05,Chinese Grand Prix,2024,5,2024-04-21,validation,validation,99.433,99.216,99.30028333455357,-0.1327166654464378,-0.21700000000001296,-0.20900000000000318
PER,HARD,3,45,46,8188.764,8288.613,8288.613,8388.579,22.0,99.849,99.722,-0.12700000000000955,3,99.966,0.11699999999999022,2024-05,Chinese Grand Prix,2024,5,2024-04-21,validation,validation,99.966,99.849,99.87390755708145,-0.0920924429185419,-0.11699999999999022,-0.24399999999999977
LEC,HARD,2,45,46,8190.493,8290.518,8290.518,8390.742,24.0,100.025,99.908,-0.11700000000000443,3,100.224,0.19899999999999807,2024-05,Chinese Grand Prix,2024,5,2024-04-21,validation,validation,100.224,100.025,99.9941784819881,-0.22982151801190298,-0.19899999999999807,-0.3160000000000025
SAI,HARD,2,45,46,8200.397,8300.617,8300.617,8400.844,28.0,100.22,100.22,0.0,3,100.227,0.007000000000005002,2024-05,Chinese Grand Prix,2024,5,2024-04-21,validation,validation,100.227,100.22,100.28190180493041,0.054901804930409526,-0.007000000000005002,-0.007000000000005002
RUS,HARD,3,45,46,8202.45,8303.069,8303.069,8403.449,22.0,100.619,100.619,0.0,3,100.38,-0.23900000000000432,2024-05,Chinese Grand Prix,2024,5,2024-04-21,validation,validation,100.38,100.619,100.68232025702417,0.30232025702417786,0.23900000000000432,0.23900000000000432
HAM,HARD,3,45,46,8210.971,8312.069,8312.069,8413.41,24.0,101.098,101.098,0.0,3,101.341,0.242999999999995,2024-05,Chinese Grand Prix,2024,5,2024-04-21,validation,validation,101.341,101.098,101.18583042849102,-0.1551695715089778,-0.242999999999995,-0.242999999999995
VER,HARD,3,46,47,8275.547,8374.98,8374.98,8474.402,23.0,99.433,99.305,-0.1280000000000001,3,99.422,-0.01100000000000989,2024-05,Chinese Grand Prix,2024,5,2024-04-21,validation,validation,99.422,99.433,99.45250615110972,0.030506151109719326,0.01100000000000989,-0.11699999999999022
PER,HARD,3,46,47,8288.613,8388.579,8388.579,8488.534,23.0,99.966,99.849,-0.11699999999999022,3,99.955,-0.01099999999999568,2024-05,Chinese Grand Prix,2024,5,2024-04-21,validation,validation,99.955,99.966,99.99623220466259,0.0412322046625917,0.01099999999999568,-0.10599999999999454
LEC,HARD,2,46,47,8290.518,8390.742,8390.742,8491.058,25.0,100.224,100.025,-0.19899999999999807,3,100.316,0.09199999999999875,2024-05,Chinese Grand Prix,2024,5,2024-04-21,validation,validation,100.316,100.224,100.15437102171809,-0.16162897828191092,-0.09199999999999875,-0.2909999999999968
SAI,HARD,2,46,47,8300.617,8400.844,8400.844,8501.446,29.0,100.227,100.22,-0.007000000000005002,3,100.602,0.375,2024-05,Chinese Grand Prix,2024,5,2024-04-21,validation,validation,100.602,100.227,100.28579707048222,-0.31620292951778595,-0.375,-0.382000000000005
RUS,HARD,3,46,47,8303.069,8403.449,8403.449,8503.853,23.0,100.38,100.38,0.0,3,100.404,0.02400000000000091,2024-05,Chinese Grand Prix,2024,5,2024-04-21,validation,validation,100.404,100.38,100.44304745668015,0.03904745668015153,-0.02400000000000091,-0.02400000000000091
HAM,HARD,3,46,47,8312.069,8413.41,8413.41,8514.786,25.0,101.341,101.098,-0.242999999999995,3,101.376,0.0350000000000108,2024-05,Chinese Grand Prix,2024,5,2024-04-21,validation,validation,101.376,101.341,101.31257351452868,-0.06342648547132512,-0.0350000000000108,-0.2780000000000058
VER,HARD,3,47,48,8374.98,8474.402,8474.402,8573.727,24.0,99.422,99.422,0.0,3,99.325,-0.0969999999999942,2024-05,Chinese Grand Prix,2024,5,2024-04-21,validation,validation,99.325,99.422,99.50338495227176,0.178384952271756,0.0969999999999942,0.0969999999999942
PER,HARD,3,47,48,8388.579,8488.534,8488.534,8588.495,24.0,99.955,99.955,0.0,3,99.961,0.006000000000000227,2024-05,Chinese Grand Prix,2024,5,2024-04-21,validation,validation,99.961,99.955,100.04181283376538,0.0808128337653784,-0.006000000000000227,-0.006000000000000227
LEC,HARD,2,47,48,8390.742,8491.058,8491.058,8591.216,26.0,100.316,100.224,-0.09199999999999875,3,100.158,-0.15800000000000125,2024-05,Chinese Grand Prix,2024,5,2024-04-21,validation,validation,100.158,100.316,100.29836107338143,0.14036107338142756,0.15800000000000125,0.0660000000000025
SAI,HARD,2,47,48,8400.844,8501.446,8501.446,8601.917,30.0,100.602,100.227,-0.375,3,100.471,-0.13100000000000023,2024-05,Chinese Grand Prix,2024,5,2024-04-21,validation,validation,100.471,100.602,100.48462321337172,0.013623213371715792,0.13100000000000023,-0.24399999999999977
RUS,HARD,3,47,48,8403.449,8503.853,8503.853,8604.247,24.0,100.404,100.404,0.0,3,100.394,-0.009999999999990905,2024-05,Chinese Grand Prix,2024,5,2024-04-21,validation,validation,100.394,100.404,100.46735157776912,0.07335157776911672,0.009999999999990905,0.009999999999990905
HAM,HARD,3,47,48,8413.41,8514.786,8514.786,8616.101,26.0,101.376,101.341,-0.0350000000000108,3,101.315,-0.06100000000000705,2024-05,Chinese Grand Prix,2024,5,2024-04-21,validation,validation,101.315,101.376,101.44808538253207,0.13308538253207303,0.06100000000000705,0.02599999999999625
VER,HARD,3,48,49,8474.402,8573.727,8573.727,8673.077,25.0,99.325,99.422,0.0969999999999942,3,99.35,0.024999999999991473,2024-05,Chinese Grand Prix,2024,5,2024-04-21,validation,validation,99.35,99.325,99.45314389015181,0.10314389015181291,-0.024999999999991473,0.07200000000000273
PER,HARD,3,48,49,8488.534,8588.495,8588.495,8688.398,25.0,99.961,99.961,0.0,3,99.903,-0.057999999999992724,2024-05,Chinese Grand Prix,2024,5,2024-04-21,validation,validation,99.903,99.961,100.04807746973727,0.14507746973725943,0.057999999999992724,0.057999999999992724
LEC,HARD,2,48,49,8491.058,8591.216,8591.216,8691.639,27.0,100.158,100.224,0.0660000000000025,3,100.423,0.26500000000000057,2024-05,Chinese Grand Prix,2024,5,2024-04-21,validation,validation,100.423,100.158,100.21636697291557,-0.2066330270844361,-0.26500000000000057,-0.19899999999999807
SAI,HARD,2,48,49,8501.446,8601.917,8601.917,8702.026,31.0,100.471,100.471,0.0,3,100.109,-0.362000000000009,2024-05,Chinese Grand Prix,2024,5,2024-04-21,validation,validation,100.109,100.471,100.53420682575062,0.42520682575062096,0.362000000000009,0.362000000000009
RUS,HARD,3,48,49,8503.853,8604.247,8604.247,8704.465,25.0,100.394,100.394,0.0,3,100.218,-0.17600000000000193,2024-05,Chinese Grand Prix,2024,5,2024-04-21,validation,validation,100.218,100.394,100.45758111585917,0.23958111585916697,0.17600000000000193,0.17600000000000193
HAM,HARD,3,48,49,8514.786,8616.101,8616.101,8718.021,27.0,101.315,101.341,0.02599999999999625,3,101.92,0.605000000000004,2024-05,Chinese Grand Prix,2024,5,2024-04-21,validation,validation,101.92,101.315,101.41658381845235,-0.5034161815476494,-0.605000000000004,-0.5790000000000077
VER,HARD,3,49,50,8573.727,8673.077,8673.077,8772.522,26.0,99.35,99.35,0.0,3,99.445,0.09499999999999886,2024-05,Chinese Grand Prix,2024,5,2024-04-21,validation,validation,99.445,99.35,99.4317299603358,-0.013270039664192268,-0.09499999999999886,-0.09499999999999886
PER,HARD,3,49,50,8588.495,8688.398,8688.398,8788.45,26.0,99.903,99.955,0.0519999999999925,3,100.052,0.1490000000000009,2024-05,Chinese Grand Prix,2024,5,2024-04-21,validation,validation,100.052,99.903,100.0152476184619,-0.03675238153810767,-0.1490000000000009,-0.09700000000000841
LEC,HARD,2,49,50,8591.216,8691.639,8691.639,8791.976,28.0,100.423,100.316,-0.10699999999999932,3,100.337,-0.08599999999999852,2024-05,Chinese Grand Prix,2024,5,2024-04-21,validation,validation,100.337,100.423,100.39887395891792,0.06187395891791425,0.08599999999999852,-0.021000000000000796
SAI,HARD,2,49,50,8601.917,8702.026,8702.026,8802.378,32.0,100.109,100.471,0.362000000000009,3,100.352,0.2430000000000092,2024-05,Chinese Grand Prix,2024,5,2024-04-21,validation,validation,100.352,100.109,100.34602223639018,-0.005977763609820386,-0.2430000000000092,0.11899999999999977
RUS,HARD,3,49,50,8604.247,8704.465,8704.465,8804.931,26.0,100.218,100.394,0.17600000000000193,3,100.466,0.24799999999999045,2024-05,Chinese Grand Prix,2024,5,2024-04-21,validation,validation,100.466,100.218,100.3662172663732,-0.09978273362679602,-0.24799999999999045,-0.07199999999998852
HAM,HARD,3,49,50,8616.101,8718.021,8718.021,8819.327,28.0,101.92,101.376,-0.5439999999999969,3,101.306,-0.6140000000000043,2024-05,Chinese Grand Prix,2024,5,2024-04-21,validation,validation,101.306,101.92,101.74862078830522,0.44262078830522,0.6140000000000043,0.07000000000000739
VER,HARD,3,50,51,8673.077,8772.522,8772.522,8871.798,27.0,99.445,99.35,-0.09499999999999886,3,99.276,-0.16899999999999693,2024-05,Chinese Grand Prix,2024,5,2024-04-21,validation,validation,99.276,99.445,99.48143288776367,0.20543288776367774,0.16899999999999693,0.07399999999999807
PER,HARD,3,50,51,8688.398,8788.45,8788.45,8888.356,27.0,100.052,99.961,-0.09100000000000819,3,99.906,-0.1460000000000008,2024-05,Chinese Grand Prix,2024,5,2024-04-21,validation,validation,99.906,100.052,100.09594970498244,0.18994970498243902,0.1460000000000008,0.05499999999999261
LEC,HARD,2,50,51,8691.639,8791.976,8791.976,8892.181,29.0,100.337,100.337,0.0,3,100.205,-0.132000000000005,2024-05,Chinese Grand Prix,2024,5,2024-04-21,validation,validation,100.205,100.337,100.36447354664563,0.15947354664562852,0.132000000000005,0.132000000000005
SAI,HARD,2,50,51,8702.026,8802.378,8802.378,8902.617,33.0,100.352,100.352,0.0,3,100.239,-0.11299999999999955,2024-05,Chinese Grand Prix,2024,5,2024-04-21,validation,validation,100.239,100.352,100.41544873378672,0.17644873378671377,0.11299999999999955,0.11299999999999955
RUS,HARD,3,50,51,8704.465,8804.931,8804.931,8905.265,27.0,100.466,100.394,-0.07199999999998852,3,100.334,-0.1319999999999908,2024-05,Chinese Grand Prix,2024,5,2024-04-21,validation,validation,100.334,100.466,100.495563060472,0.1615630604719911,0.1319999999999908,0.060000000000002274
HAM,HARD,3,50,51,8718.021,8819.327,8819.327,8920.812,29.0,101.306,101.315,0.009000000000000341,3,101.485,0.17900000000000205,2024-05,Chinese Grand Prix,2024,5,2024-04-21,validation,validation,101.485,101.306,101.3998789403346,-0.08512105966539707,-0.17900000000000205,-0.1700000000000017
VER,HARD,3,51,52,8772.522,8871.798,8871.798,8971.492,28.0,99.276,99.35,0.07399999999999807,3,99.694,0.41800000000000637,2024-05,Chinese Grand Prix,2024,5,2024-04-21,validation,validation,99.694,99.276,99.3937128295633,-0.30028717043670383,-0.41800000000000637,-0.3440000000000083
PER,HARD,3,51,52,8788.45,8888.356,8888.356,8988.479,28.0,99.906,99.906,0.0,3,100.123,0.21699999999999875,2024-05,Chinese Grand Prix,2024,5,2024-04-21,validation,validation,100.123,99.906,99.99371124356699,-0.12928875643301296,-0.21699999999999875,-0.21699999999999875
LEC,HARD,2,51,52,8791.976,8892.181,8892.181,8992.634,30.0,100.205,100.337,0.132000000000005,3,100.453,0.24800000000000466,2024-05,Chinese Grand Prix,2024,5,2024-04-21,validation,validation,100.453,100.205,100.29601352809769,-0.1569864719023144,-0.24800000000000466,-0.11599999999999966
SAI,HARD,2,51,52,8802.378,8902.617,8902.617,9003.03,34.0,100.239,100.239,0.0,3,100.413,0.17399999999999238,2024-05,Chinese Grand Prix,2024,5,2024-04-21,validation,validation,100.413,100.239,100.30245232926231,-0.11054767073768801,-0.17399999999999238,-0.17399999999999238
RUS,HARD,3,51,52,8804.931,8905.265,8905.265,9005.996,28.0,100.334,100.334,0.0,3,100.731,0.39699999999999136,2024-05,Chinese Grand Prix,2024,5,2024-04-21,validation,validation,100.731,100.334,100.39820392160081,-0.3327960783991841,-0.39699999999999136,-0.39699999999999136
HAM,HARD,3,51,52,8819.327,8920.812,8920.812,9022.273,30.0,101.485,101.485,0.0,3,101.461,-0.02400000000000091,2024-05,Chinese Grand Prix,2024,5,2024-04-21,validation,validation,101.461,101.485,101.57518820410557,0.11418820410557373,0.02400000000000091,0.02400000000000091
VER,HARD,3,52,53,8871.798,8971.492,8971.492,9071.146,29.0,99.694,99.445,-0.24900000000000944,3,99.654,-0.04000000000000625,2024-05,Chinese Grand Prix,2024,5,2024-04-21,validation,validation,99.654,99.694,99.65730763825275,0.0033076382527497117,0.04000000000000625,-0.20900000000000318
PER,HARD,3,52,53,8888.356,8988.479,8988.479,9088.675,29.0,100.123,100.052,-0.07099999999999795,3,100.196,0.07299999999999329,2024-05,Chinese Grand Prix,2024,5,2024-04-21,validation,validation,100.196,100.123,100.17724144047332,-0.018758559526673935,-0.07299999999999329,-0.14399999999999125
LEC,HARD,2,52,53,8892.181,8992.634,8992.634,9093.0,31.0,100.453,100.337,-0.11599999999999966,3,100.366,-0.0870000000000033,2024-05,Chinese Grand Prix,2024,5,2024-04-21,validation,validation,100.366,100.453,100.4253593221965,0.05935932219649942,0.0870000000000033,-0.028999999999996362
SAI,HARD,2,52,53,8902.617,9003.03,9003.03,9103.591,35.0,100.413,100.352,-0.06099999999999284,3,100.561,0.14800000000001035,2024-05,Chinese Grand Prix,2024,5,2024-04-21,validation,validation,100.561,100.413,100.44770472066503,-0.1132952793349773,-0.14800000000001035,-0.20900000000000318
RUS,HARD,3,52,53,8905.265,9005.996,9005.996,9106.666,29.0,100.731,100.466,-0.26500000000000057,3,100.67,-0.06099999999999284,2024-05,Chinese Grand Prix,2024,5,2024-04-21,validation,validation,100.67,100.731,100.6686884806328,-0.0013115193672064152,0.06099999999999284,-0.20400000000000773
HAM,HARD,3,52,53,8920.812,9022.273,9022.273,9123.794,31.0,101.461,101.461,0.0,3,101.521,0.060000000000002274,2024-05,Chinese Grand Prix,2024,5,2024-04-21,validation,validation,101.521,101.461,101.55138703154898,0.030387031548983146,-0.060000000000002274,-0.060000000000002274
VER,HARD,3,53,54,8971.492,9071.146,9071.146,9170.919,30.0,99.654,99.654,0.0,3,99.773,0.11899999999999977,2024-05,Chinese Grand Prix,2024,5,2024-04-21,validation,validation,99.773,99.654,99.73740271715585,-0.03559728284415087,-0.11899999999999977,-0.11899999999999977
PER,HARD,3,53,54,8988.479,9088.675,9088.675,9188.903,30.0,100.196,100.123,-0.07299999999999329,3,100.228,0.031999999999996476,2024-05,Chinese Grand Prix,2024,5,2024-04-21,validation,validation,100.228,100.196,100.2496897448147,0.02168974481470798,-0.031999999999996476,-0.10499999999998977
LEC,HARD,2,53,54,8992.634,9093.0,9093.0,9193.171,32.0,100.366,100.366,0.0,3,100.171,-0.19499999999999318,2024-05,Chinese Grand Prix,2024,5,2024-04-21,validation,validation,100.171,100.366,100.39429158435509,0.22329158435508134,0.19499999999999318,0.19499999999999318
SAI,HARD,2,53,54,9003.03,9103.591,9103.591,9203.872,36.0,100.561,100.413,-0.14800000000001035,3,100.281,-0.28000000000000114,2024-05,Chinese Grand Prix,2024,5,2024-04-21,validation,validation,100.281,100.561,100.55437712586966,0.2733771258696578,0.28000000000000114,0.1319999999999908
RUS,HARD,3,53,54,9005.996,9106.666,9106.666,9207.506,30.0,100.67,100.67,0.0,3,100.84,0.1700000000000017,2024-05,Chinese Grand Prix,2024,5,2024-04-21,validation,validation,100.84,100.67,100.73544392565216,-0.10455607434784042,-0.1700000000000017,-0.1700000000000017
HAM,HARD,3,53,54,9022.273,9123.794,9123.794,9225.287,32.0,101.521,101.485,-0.036000000000001364,3,101.493,-0.028000000000005798,2024-05,Chinese Grand Prix,2024,5,2024-04-21,validation,validation,101.493,101.521,101.59443065067819,0.10143065067819634,0.028000000000005798,-0.007999999999995566
VER,HARD,3,54,55,9071.146,9170.919,9170.919,9270.724,31.0,99.773,99.694,-0.07899999999999352,3,99.805,0.03200000000001069,2024-05,Chinese Grand Prix,2024,5,2024-04-21,validation,validation,99.805,99.773,99.81886472349271,0.013864723492702069,-0.03200000000001069,-0.1110000000000042
PER,HARD,3,54,55,9088.675,9188.903,9188.903,9289.496,31.0,100.228,100.196,-0.031999999999996476,3,100.593,0.3650000000000091,2024-05,Chinese Grand Prix,2024,5,2024-04-21,validation,validation,100.593,100.228,100.30175914706551,-0.291240852934493,-0.3650000000000091,-0.39700000000000557
LEC,HARD,2,54,55,9093.0,9193.171,9193.171,9294.053,33.0,100.171,100.366,0.19499999999999318,3,100.882,0.7109999999999985,2024-05,Chinese Grand Prix,2024,5,2024-04-21,validation,validation,100.882,100.171,100.29303744423677,-0.5889625557632314,-0.7109999999999985,-0.5160000000000053
SAI,HARD,2,54,55,9103.591,9203.872,9203.872,9304.583,37.0,100.281,100.413,0.1319999999999908,3,100.711,0.4299999999999926,2024-05,Chinese Grand Prix,2024,5,2024-04-21,validation,validation,100.711,100.281,100.40887694871195,-0.3021230512880493,-0.4299999999999926,-0.2980000000000018
RUS,HARD,3,54,55,9106.666,9207.506,9207.506,9308.935,31.0,100.84,100.731,-0.10900000000000887,3,101.429,0.5889999999999986,2024-05,Chinese Grand Prix,2024,5,2024-04-21,validation,validation,101.429,100.84,100.85356824632582,-0.5754317536741809,-0.5889999999999986,-0.6980000000000075
HAM,HARD,3,54,55,9123.794,9225.287,9225.287,9326.891,33.0,101.493,101.493,0.0,3,101.604,0.1110000000000042,2024-05,Chinese Grand Prix,2024,5,2024-04-21,validation,validation,101.604,101.493,101.58396017584509,-0.020039824154906682,-0.1110000000000042,-0.1110000000000042
VER,HARD,3,55,56,9170.919,9270.724,9270.724,9370.977,32.0,99.805,99.773,-0.03200000000001069,3,100.253,0.4479999999999933,2024-05,Chinese Grand Prix,2024,5,2024-04-21,validation,validation,100.253,99.805,99.87382403777585,-0.37917596222415284,-0.4479999999999933,-0.480000000000004
PER,HARD,3,55,56,9188.903,9289.496,9289.496,9390.146,32.0,100.593,100.228,-0.3650000000000091,3,100.65,0.05700000000000216,2024-05,Chinese Grand Prix,2024,5,2024-04-21,validation,validation,100.65,100.593,100.50742117396743,-0.142578826032576,-0.05700000000000216,-0.42200000000001125
LEC,HARD,2,55,56,9193.171,9294.053,9294.053,9394.621,34.0,100.882,100.366,-0.5160000000000053,3,100.568,-0.31400000000000716,2024-05,Chinese Grand Prix,2024,5,2024-04-21,validation,validation,100.568,100.882,100.66339400479727,0.09539400479727078,0.31400000000000716,-0.20199999999999818
SAI,HARD,2,55,56,9203.872,9304.583,9304.583,9404.993,38.0,100.711,100.561,-0.14999999999999147,3,100.41,-0.30100000000000193,2024-05,Chinese Grand Prix,2024,5,2024-04-21,validation,validation,100.41,100.711,100.70424581303368,0.29424581303368313,0.30100000000000193,0.15100000000001046
RUS,HARD,3,55,56,9207.506,9308.935,9308.935,9409.728,32.0,101.429,100.84,-0.5889999999999986,3,100.793,-0.6359999999999957,2024-05,Chinese Grand Prix,2024,5,2024-04-21,validation,validation,100.793,101.429,101.21291879878173,0.41991879878172256,0.6359999999999957,0.046999999999997044
HAM,HARD,3,55,56,9225.287,9326.891,9326.891,9428.975,34.0,101.604,101.521,-0.08299999999999841,3,102.084,0.480000000000004,2024-05,Chinese Grand Prix,2024,5,2024-04-21,validation,validation,102.084,101.604,101.65547802521948,-0.4285219747805229,-0.480000000000004,-0.5630000000000024
VER,MEDIUM,1,2,3,3437.644,3530.737,3530.737,3623.874,2.0,93.093,93.093,0.0,1,93.137,0.04399999999999693,2024-06,Miami Grand Prix,2024,6,2024-05-05,test,test,93.137,93.093,93.15137612144925,0.014376121449245716,-0.04399999999999693,-0.04399999999999693
LEC,MEDIUM,1,2,3,3439.003,3532.32,3532.32,3625.63,2.0,93.317,93.317,0.0,1,93.31,-0.006999999999990791,2024-06,Miami Grand Prix,2024,6,2024-05-05,test,test,93.31,93.317,93.31789090908235,0.007890909082348685,0.006999999999990791,0.006999999999990791
SAI,MEDIUM,1,2,3,3440.54,3533.53,3533.53,3626.769,2.0,92.99,92.99,0.0,1,93.239,0.24900000000000944,2024-06,Miami Grand Prix,2024,6,2024-05-05,test,test,93.239,92.99,93.02350869065972,-0.2154913093402797,-0.24900000000000944,-0.24900000000000944
PER,MEDIUM,1,2,3,3441.588,3534.769,3534.769,3628.29,2.0,93.181,93.181,0.0,1,93.521,0.3400000000000034,2024-06,Miami Grand Prix,2024,6,2024-05-05,test,test,93.521,93.181,93.24382784310374,-0.2771721568962562,-0.3400000000000034,-0.3400000000000034
HAM,HARD,1,2,3,3443.23,3538.196,3538.196,3632.227,2.0,94.966,94.966,0.0,1,94.031,-0.9349999999999881,2024-06,Miami Grand Prix,2024,6,2024-05-05,test,test,94.031,94.966,95.04325351060338,1.0122535106033723,0.9349999999999881,0.9349999999999881
RUS,MEDIUM,1,2,3,3444.933,3539.328,3539.328,3633.423,5.0,94.395,94.395,0.0,1,94.095,-0.29999999999999716,2024-06,Miami Grand Prix,2024,6,2024-05-05,test,test,94.095,94.395,94.438000095838,0.3430000958380077,0.29999999999999716,0.29999999999999716
VER,MEDIUM,1,3,4,3530.737,3623.874,3623.874,3717.378,3.0,93.137,93.11500000000001,-0.02199999999999136,2,93.504,0.36700000000000443,2024-06,Miami Grand Prix,2024,6,2024-05-05,test,test,93.504,93.137,93.18512777077201,-0.31887222922799197,-0.36700000000000443,-0.3889999999999958
LEC,MEDIUM,1,3,4,3532.32,3625.63,3625.63,3719.404,3.0,93.31,93.3135,0.003500000000002501,2,93.774,0.46399999999999864,2024-06,Miami Grand Prix,2024,6,2024-05-05,test,test,93.774,93.31,93.31281281004411,-0.4611871899558935,-0.46399999999999864,-0.46049999999999613
SAI,MEDIUM,1,3,4,3533.53,3626.769,3626.769,3720.018,3.0,93.239,93.11449999999999,-0.12450000000001182,2,93.249,0.009999999999990905,2024-06,Miami Grand Prix,2024,6,2024-05-05,test,test,93.249,93.239,93.21334070104153,-0.03565929895846409,-0.009999999999990905,-0.13450000000000273
PER,MEDIUM,1,3,4,3534.769,3628.29,3628.29,3721.715,3.0,93.521,93.351,-0.1700000000000017,2,93.425,-0.09600000000000364,2024-06,Miami Grand Prix,2024,6,2024-05-05,test,test,93.425,93.521,93.50294430644347,0.07794430644347017,0.09600000000000364,-0.07399999999999807
HAM,HARD,1,3,4,3538.196,3632.227,3632.227,3726.088,3.0,94.031,94.4985,0.46750000000000114,2,93.861,-0.1700000000000017,2024-06,Miami Grand Prix,2024,6,2024-05-05,test,test,93.861,94.031,94.3316262649174,0.47062626491739934,0.1700000000000017,0.6375000000000028
RUS,MEDIUM,1,3,4,3539.328,3633.423,3633.423,3727.548,6.0,94.095,94.245,0.15000000000000568,2,94.125,0.030000000000001137,2024-06,Miami Grand Prix,2024,6,2024-05-05,test,test,94.125,94.095,94.20984128562758,0.08484128562757576,-0.030000000000001137,0.12000000000000455
VER,MEDIUM,1,4,5,3623.874,3717.378,3717.378,3810.212,4.0,93.504,93.137,-0.36700000000000443,3,92.834,-0.6700000000000017,2024-06,Miami Grand Prix,2024,6,2024-05-05,test,test,92.834,93.504,93.38701436084452,0.5530143608445144,0.6700000000000017,0.30299999999999727
LEC,MEDIUM,1,4,5,3625.63,3719.404,3719.404,3813.213,4.0,93.774,93.317,-0.45700000000000784,3,93.809,0.03499999999999659,2024-06,Miami Grand Prix,2024,6,2024-05-05,test,test,93.809,93.774,93.55628137440307,-0.2527186255969269,-0.03499999999999659,-0.49200000000000443
SAI,MEDIUM,1,4,5,3626.769,3720.018,3720.018,3813.587,4.0,93.249,93.239,-0.009999999999990905,3,93.569,0.3200000000000074,2024-06,Miami Grand Prix,2024,6,2024-05-05,test,test,93.569,93.249,93.27876326610078,-0.29023673389922067,-0.3200000000000074,-0.3299999999999983
PER,MEDIUM,1,4,5,3628.29,3721.715,3721.715,3815.033,4.0,93.425,93.425,0.0,3,93.318,-0.10699999999999932,2024-06,Miami Grand Prix,2024,6,2024-05-05,test,test,93.318,93.425,93.48886603433444,0.1708660343344377,0.10699999999999932,0.10699999999999932
HAM,HARD,1,4,5,3632.227,3726.088,3726.088,3819.754,4.0,93.861,94.031,0.1700000000000017,3,93.666,-0.1950000000000074,2024-06,Miami Grand Prix,2024,6,2024-05-05,test,test,93.666,93.861,94.01821335258605,0.35221335258604825,0.1950000000000074,0.3650000000000091
RUS,MEDIUM,1,4,5,3633.423,3727.548,3727.548,3821.48,7.0,94.125,94.125,0.0,3,93.932,-0.19299999999999784,2024-06,Miami Grand Prix,2024,6,2024-05-05,test,test,93.932,94.125,94.16791076761409,0.23591076761408658,0.19299999999999784,0.19299999999999784
VER,MEDIUM,1,5,6,3717.378,3810.212,3810.212,3903.151,5.0,92.834,93.137,0.30299999999999727,3,92.939,0.10499999999998977,2024-06,Miami Grand Prix,2024,6,2024-05-05,test,test,92.939,92.834,93.03850295491777,0.0995029549177815,-0.10499999999998977,0.1980000000000075
LEC,MEDIUM,1,5,6,3719.404,3813.213,3813.213,3906.153,5.0,93.809,93.774,-0.03499999999999659,3,92.94,-0.8689999999999998,2024-06,Miami Grand Prix,2024,6,2024-05-05,test,test,92.94,93.809,93.79486677155944,0.8548667715594434,0.8689999999999998,0.8340000000000032
SAI,MEDIUM,1,5,6,3720.018,3813.587,3813.587,3906.498,5.0,93.569,93.249,-0.3200000000000074,3,92.911,-0.6580000000000013,2024-06,Miami Grand Prix,2024,6,2024-05-05,test,test,92.911,93.569,93.45040457633391,0.5394045763339079,0.6580000000000013,0.33799999999999386
PER,MEDIUM,1,5,6,3721.715,3815.033,3815.033,3908.231,5.0,93.318,93.425,0.10699999999999932,3,93.198,-0.12000000000000455,2024-06,Miami Grand Prix,2024,6,2024-05-05,test,test,93.198,93.318,93.43341955609222,0.23541955609222498,0.12000000000000455,0.22700000000000387
HAM,HARD,1,5,6,3726.088,3819.754,3819.754,3913.433,5.0,93.666,93.861,0.1950000000000074,3,93.679,0.01300000000000523,2024-06,Miami Grand Prix,2024,6,2024-05-05,test,test,93.679,93.666,93.83507837155182,0.15607837155181414,-0.01300000000000523,0.18200000000000216
RUS,MEDIUM,1,5,6,3727.548,3821.48,3821.48,3915.116,8.0,93.932,94.095,0.1629999999999967,3,93.636,-0.2960000000000065,2024-06,Miami Grand Prix,2024,6,2024-05-05,test,test,93.636,93.932,94.0532481505586,0.4172481505586063,0.2960000000000065,0.4590000000000032
VER,MEDIUM,1,6,7,3810.212,3903.151,3903.151,3996.046,6.0,92.939,92.939,0.0,3,92.895,-0.04399999999999693,2024-06,Miami Grand Prix,2024,6,2024-05-05,test,test,92.895,92.939,92.99804420140116,0.10304420140116122,0.04399999999999693,0.04399999999999693
LEC,MEDIUM,1,6,7,3813.213,3906.153,3906.153,3999.431,6.0,92.94,93.774,0.8340000000000032,3,93.278,0.33800000000000807,2024-06,Miami Grand Prix,2024,6,2024-05-05,test,test,93.278,92.94,93.34276758479928,0.06476758479927014,-0.33800000000000807,0.4959999999999951
SAI,MEDIUM,1,6,7,3813.587,3906.498,3906.498,3999.919,6.0,92.911,93.249,0.33799999999999386,3,93.421,0.5100000000000051,2024-06,Miami Grand Prix,2024,6,2024-05-05,test,test,93.421,92.911,93.1081396697539,-0.31286033024611015,-0.5100000000000051,-0.17200000000001125
PER,MEDIUM,1,6,7,3815.033,3908.231,3908.231,4001.406,6.0,93.198,93.318,0.12000000000000455,3,93.175,-0.022999999999996135,2024-06,Miami Grand Prix,2024,6,2024-05-05,test,test,93.175,93.198,93.31966927231453,0.14466927231453042,0.022999999999996135,0.14300000000000068
HAM,HARD,1,6,7,3819.754,3913.433,3913.433,4007.899,6.0,93.679,93.679,0.0,3,94.466,0.7869999999999919,2024-06,Miami Grand Prix,2024,6,2024-05-05,test,test,94.466,93.679,93.75443622179642,-0.7115637782035691,-0.7869999999999919,-0.7869999999999919
RUS,MEDIUM,1,6,7,3821.48,3915.116,3915.116,4009.052,9.0,93.636,93.932,0.2960000000000065,3,93.936,0.30000000000001137,2024-06,Miami Grand Prix,2024,6,2024-05-05,test,test,93.936,93.636,93.82091003072703,-0.11508996927297233,-0.30000000000001137,-0.0040000000000048885
VER,MEDIUM,1,7,8,3903.151,3996.046,3996.046,4088.884,7.0,92.895,92.895,0.0,3,92.838,-0.05700000000000216,2024-06,Miami Grand Prix,2024,6,2024-05-05,test,test,92.838,92.895,92.95419915649227,0.11619915649227153,0.05700000000000216,0.05700000000000216
LEC,MEDIUM,1,7,8,3906.153,3999.431,3999.431,4092.544,7.0,93.278,93.278,0.0,3,93.113,-0.16500000000000625,2024-06,Miami Grand Prix,2024,6,2024-05-05,test,test,93.113,93.278,93.28006272932633,0.16706272932633226,0.16500000000000625,0.16500000000000625
SAI,MEDIUM,1,7,8,3906.498,3999.919,3999.919,4093.258,7.0,93.421,93.421,0.0,3,93.339,-0.08200000000000784,2024-06,Miami Grand Prix,2024,6,2024-05-05,test,test,93.339,93.421,93.4567115111832,0.11771151118320233,0.08200000000000784,0.08200000000000784
PER,MEDIUM,1,7,8,3908.231,4001.406,4001.406,4094.553,7.0,93.175,93.198,0.022999999999996135,3,93.147,-0.027999999999991587,2024-06,Miami Grand Prix,2024,6,2024-05-05,test,test,93.147,93.175,93.25015004885296,0.10315004885295309,0.027999999999991587,0.05099999999998772
HAM,HARD,1,7,8,3913.433,4007.899,4007.899,4102.52,7.0,94.466,93.679,-0.7869999999999919,3,94.621,0.15500000000000114,2024-06,Miami Grand Prix,2024,6,2024-05-05,test,test,94.621,94.466,94.16435394488626,-0.4566460551137368,-0.15500000000000114,-0.9419999999999931
RUS,MEDIUM,1,7,8,3915.116,4009.052,4009.052,4102.871,10.0,93.936,93.932,-0.0040000000000048885,3,93.819,-0.11700000000000443,2024-06,Miami Grand Prix,2024,6,2024-05-05,test,test,93.819,93.936,93.97732398866172,0.1583239886617207,0.11700000000000443,0.11299999999999955
VER,MEDIUM,1,8,9,3996.046,4088.884,4088.884,4182.173,8.0,92.838,92.895,0.05700000000000216,3,93.289,0.4510000000000076,2024-06,Miami Grand Prix,2024,6,2024-05-05,test,test,93.289,92.838,92.92477975886145,-0.364220241138554,-0.4510000000000076,-0.39400000000000546
LEC,MEDIUM,1,8,9,3999.431,4092.544,4092.544,4185.696,8.0,93.113,93.113,0.0,3,93.152,0.03900000000000148,2024-06,Miami Grand Prix,2024,6,2024-05-05,test,test,93.152,93.113,93.11495225668588,-0.037047743314118975,-0.03900000000000148,-0.03900000000000148
SAI,MEDIUM,1,8,9,3999.919,4093.258,4093.258,4186.336,8.0,93.339,93.339,0.0,3,93.078,-0.2609999999999957,2024-06,Miami Grand Prix,2024,6,2024-05-05,test,test,93.078,93.339,93.37478310880489,0.29678310880488823,0.2609999999999957,0.2609999999999957
PER,MEDIUM,1,8,9,4001.406,4094.553,4094.553,4188.043,8.0,93.147,93.175,0.027999999999991587,3,93.49,0.3429999999999893,2024-06,Miami Grand Prix,2024,6,2024-05-05,test,test,93.49,93.147,93.22474836185285,-0.2652516381471486,-0.3429999999999893,-0.3149999999999977
HAM,HARD,1,8,9,4007.899,4102.52,4102.52,4196.544,8.0,94.621,94.466,-0.15500000000000114,3,94.024,-0.5969999999999942,2024-06,Miami Grand Prix,2024,6,2024-05-05,test,test,94.024,94.621,94.62434949728797,0.600349497287965,0.5969999999999942,0.44199999999999307
RUS,MEDIUM,1,8,9,4009.052,4102.871,4102.871,4197.23,11.0,93.819,93.819,0.0,3,94.359,0.539999999999992,2024-06,Miami Grand Prix,2024,6,2024-05-05,test,test,94.359,93.819,93.8622454176884,-0.4967545823115955,-0.539999999999992,-0.539999999999992
VER,MEDIUM,1,9,10,4088.884,4182.173,4182.173,4275.44,9.0,93.289,92.895,-0.39400000000000546,3,93.267,-0.02200000000000557,2024-06,Miami Grand Prix,2024,6,2024-05-05,test,test,93.267,93.289,93.1597955002426,-0.1072044997574011,0.02200000000000557,-0.3719999999999999
LEC,MEDIUM,1,9,10,4092.544,4185.696,4185.696,4279.174,9.0,93.152,93.152,0.0,3,93.478,0.3259999999999934,2024-06,Miami Grand Prix,2024,6,2024-05-05,test,test,93.478,93.152,93.1542892820391,-0.3237107179608927,-0.3259999999999934,-0.3259999999999934
SAI,MEDIUM,1,9,10,4093.258,4186.336,4186.336,4279.67,9.0,93.078,93.339,0.2609999999999957,3,93.334,0.2560000000000002,2024-06,Miami Grand Prix,2024,6,2024-05-05,test,test,93.334,93.078,93.2391732222795,-0.09482677772049897,-0.2560000000000002,0.0049999999999954525
PER,MEDIUM,1,9,10,4094.553,4188.043,4188.043,4281.622,9.0,93.49,93.175,-0.3149999999999977,3,93.579,0.08899999999999864,2024-06,Miami Grand Prix,2024,6,2024-05-05,test,test,93.579,93.49,93.40354560911334,-0.1754543908866566,-0.08899999999999864,-0.40399999999999636
HAM,HARD,1,9,10,4102.52,4196.544,4196.544,4291.146,9.0,94.024,94.466,0.44199999999999307,3,94.602,0.578000000000003,2024-06,Miami Grand Prix,2024,6,2024-05-05,test,test,94.602,94.024,94.3138376290539,-0.28816237094611097,-0.578000000000003,-0.1360000000000099
RUS,MEDIUM,1,9,10,4102.871,4197.23,4197.23,4292.015,12.0,94.359,93.936,-0.4229999999999876,3,94.785,0.42600000000000193,2024-06,Miami Grand Prix,2024,6,2024-05-05,test,test,94.785,94.359,94.19994264718822,-0.5850573528117735,-0.42600000000000193,-0.8489999999999895
VER,MEDIUM,1,10,11,4182.173,4275.44,4275.44,4368.941,10.0,93.267,93.267,0.0,3,93.501,0.23400000000000887,2024-06,Miami Grand Prix,2024,6,2024-05-05,test,test,93.501,93.267,93.327769605044,-0.17323039495600767,-0.23400000000000887,-0.23400000000000887
LEC,MEDIUM,1,10,11,4185.696,4279.174,4279.174,4372.345,10.0,93.478,93.152,-0.3259999999999934,3,93.171,-0.30699999999998795,2024-06,Miami Grand Prix,2024,6,2024-05-05,test,test,93.171,93.478,93.32423732189172,0.1532373218917087,0.30699999999998795,-0.019000000000005457
SAI,MEDIUM,1,10,11,4186.336,4279.67,4279.67,4373.025,10.0,93.334,93.334,0.0,3,93.355,0.021000000000000796,2024-06,Miami Grand Prix,2024,6,2024-05-05,test,test,93.355,93.334,93.3702750892492,0.015275089249200846,-0.021000000000000796,-0.021000000000000796
PER,MEDIUM,1,10,11,4188.043,4281.622,4281.622,4375.154,10.0,93.579,93.49,-0.08899999999999864,3,93.532,-0.046999999999997044,2024-06,Miami Grand Prix,2024,6,2024-05-05,test,test,93.532,93.579,93.60184566856498,0.0698456685649802,0.046999999999997044,-0.04200000000000159
HAM,HARD,1,10,11,4196.544,4291.146,4291.146,4385.518,10.0,94.602,94.602,0.0,3,94.372,-0.23000000000000398,2024-06,Miami Grand Prix,2024,6,2024-05-05,test,test,94.372,94.602,94.68046682792075,0.3084668279207534,0.23000000000000398,0.23000000000000398
RUS,MEDIUM,1,10,11,4197.23,4292.015,4292.015,4386.82,13.0,94.785,94.359,-0.42600000000000193,3,94.805,0.020000000000010232,2024-06,Miami Grand Prix,2024,6,2024-05-05,test,test,94.805,94.785,94.62568364654265,-0.1793163534573523,-0.020000000000010232,-0.44600000000001216
VER,MEDIUM,1,11,12,4275.44,4368.941,4368.941,4462.038,11.0,93.501,93.289,-0.2120000000000033,3,93.097,-0.4040000000000106,2024-06,Miami Grand Prix,2024,6,2024-05-05,test,test,93.097,93.501,93.46042416069014,0.36342416069014405,0.4040000000000106,0.19200000000000728
LEC,MEDIUM,1,11,12,4279.174,4372.345,4372.345,4465.468,11.0,93.171,93.171,0.0,3,93.123,-0.04800000000000182,2024-06,Miami Grand Prix,2024,6,2024-05-05,test,test,93.123,93.171,93.17383390930621,0.05083390930620624,0.04800000000000182,0.04800000000000182
SAI,MEDIUM,1,11,12,4279.67,4373.025,4373.025,4466.178,11.0,93.355,93.334,-0.021000000000000796,3,93.153,-0.20199999999999818,2024-06,Miami Grand Prix,2024,6,2024-05-05,test,test,93.153,93.355,93.3814579373722,0.22845793737219822,0.20199999999999818,0.18099999999999739
PER,MEDIUM,1,11,12,4281.622,4375.154,4375.154,4468.909,11.0,93.532,93.532,0.0,3,93.755,0.22299999999999898,2024-06,Miami Grand Prix,2024,6,2024-05-05,test,test,93.755,93.532,93.59786107128274,-0.15713892871725932,-0.22299999999999898,-0.22299999999999898
HAM,HARD,1,11,12,4291.146,4385.518,4385.518,4479.508,11.0,94.372,94.372,0.0,3,93.99,-0.382000000000005,2024-06,Miami Grand Prix,2024,6,2024-05-05,test,test,93.99,94.372,94.45021377013528,0.4602137701352831,0.382000000000005,0.382000000000005
RUS,MEDIUM,1,11,12,4292.015,4386.82,4386.82,4481.212,14.0,94.805,94.785,-0.020000000000010232,3,94.392,-0.4130000000000109,2024-06,Miami Grand Prix,2024,6,2024-05-05,test,test,94.392,94.805,94.84152970734858,0.44952970734858866,0.4130000000000109,0.3930000000000007
VER,MEDIUM,1,12,13,4368.941,4462.038,4462.038,4555.167,12.0,93.097,93.267,0.1700000000000017,3,93.129,0.03200000000001069,2024-06,Miami Grand Prix,2024,6,2024-05-05,test,test,93.129,93.097,93.23978047949758,0.11078047949757774,-0.03200000000001069,0.13799999999999102
LEC,MEDIUM,1,12,13,4372.345,4465.468,4465.468,4558.795,12.0,93.123,93.171,0.04800000000000182,3,93.327,0.20399999999999352,2024-06,Miami Grand Prix,2024,6,2024-05-05,test,test,93.327,93.123,93.14909938618545,-0.17790061381454336,-0.20399999999999352,-0.1559999999999917
SAI,MEDIUM,1,12,13,4373.025,4466.178,4466.178,4559.783,12.0,93.153,93.334,0.18099999999999739,3,93.605,0.4519999999999982,2024-06,Miami Grand Prix,2024,6,2024-05-05,test,test,93.605,93.153,93.27656000596829,-0.32843999403171154,-0.4519999999999982,-0.2710000000000008
PER,MEDIUM,1,12,13,4375.154,4468.909,4468.909,4562.88,12.0,93.755,93.579,-0.17600000000000193,3,93.971,0.21600000000000819,2024-06,Miami Grand Prix,2024,6,2024-05-05,test,test,93.971,93.755,93.73683096932905,-0.23416903067095518,-0.21600000000000819,-0.3920000000000101
HAM,HARD,1,12,13,4385.518,4479.508,4479.508,4573.379,12.0,93.99,94.372,0.382000000000005,3,93.871,-0.11899999999999977,2024-06,Miami Grand Prix,2024,6,2024-05-05,test,test,93.871,93.99,94.25161834853027,0.38061834853027676,0.11899999999999977,0.5010000000000048
RUS,MEDIUM,1,12,13,4386.82,4481.212,4481.212,4575.253,15.0,94.392,94.785,0.3930000000000007,3,94.041,-0.3509999999999991,2024-06,Miami Grand Prix,2024,6,2024-05-05,test,test,94.041,94.392,94.62679749576449,0.5857974957644956,0.3509999999999991,0.7439999999999998
VER,MEDIUM,1,13,14,4462.038,4555.167,4555.167,4648.085,13.0,93.129,93.129,0.0,3,92.918,-0.21099999999999852,2024-06,Miami Grand Prix,2024,6,2024-05-05,test,test,92.918,93.129,93.19022130861158,0.27222130861157723,0.21099999999999852,0.21099999999999852
LEC,MEDIUM,1,13,14,4465.468,4558.795,4558.795,4651.76,13.0,93.327,93.171,-0.1559999999999917,3,92.965,-0.36199999999999477,2024-06,Miami Grand Prix,2024,6,2024-05-05,test,test,92.965,93.327,93.25554134934622,0.29054134934621345,0.36199999999999477,0.20600000000000307
SAI,MEDIUM,1,13,14,4466.178,4559.783,4559.783,4652.775,13.0,93.605,93.355,-0.25,3,92.992,-0.6129999999999995,2024-06,Miami Grand Prix,2024,6,2024-05-05,test,test,92.992,93.605,93.5222109810748,0.5302109810748021,0.6129999999999995,0.36299999999999955
PER,MEDIUM,1,13,14,4468.909,4562.88,4562.88,4656.712,13.0,93.971,93.755,-0.21600000000000819,3,93.832,-0.13900000000001,2024-06,Miami Grand Prix,2024,6,2024-05-05,test,test,93.832,93.971,93.9342901847848,0.10229018478480612,0.13900000000001,-0.07699999999999818
HAM,HARD,1,13,14,4479.508,4573.379,4573.379,4667.072,13.0,93.871,93.99,0.11899999999999977,3,93.693,-0.17799999999999727,2024-06,Miami Grand Prix,2024,6,2024-05-05,test,test,93.693,93.871,94.0059343048832,0.31293430488319984,0.17799999999999727,0.29699999999999704
RUS,MEDIUM,1,13,14,4481.212,4575.253,4575.253,4668.846,16.0,94.041,94.392,0.3509999999999991,3,93.593,-0.4479999999999933,2024-06,Miami Grand Prix,2024,6,2024-05-05,test,test,93.593,94.041,94.2550496260212,0.6620496260212008,0.4479999999999933,0.7989999999999924
VER,MEDIUM,1,14,15,4555.167,4648.085,4648.085,4740.892,14.0,92.918,93.097,0.17899999999998784,3,92.807,-0.1110000000000042,2024-06,Miami Grand Prix,2024,6,2024-05-05,test,test,92.807,92.918,93.0652256385252,0.25822563852520375,0.1110000000000042,0.28999999999999204
LEC,MEDIUM,1,14,15,4558.795,4651.76,4651.76,4744.449,14.0,92.965,93.123,0.15800000000000125,3,92.689,-0.27600000000001046,2024-06,Miami Grand Prix,2024,6,2024-05-05,test,test,92.689,92.965,93.04423746372717,0.35523746372717824,0.27600000000001046,0.4340000000000117
SAI,MEDIUM,1,14,15,4559.783,4652.775,4652.775,4745.894,14.0,92.992,93.153,0.16100000000000136,3,93.119,0.12699999999999534,2024-06,Miami Grand Prix,2024,6,2024-05-05,test,test,93.119,92.992,93.10607674195676,-0.012923258043244346,-0.12699999999999534,0.034000000000006025
PER,MEDIUM,1,14,15,4562.88,4656.712,4656.712,4750.049,14.0,93.832,93.832,0.0,3,93.337,-0.49499999999999034,2024-06,Miami Grand Prix,2024,6,2024-05-05,test,test,93.337,93.832,93.89927357936611,0.5622735793661064,0.49499999999999034,0.49499999999999034
HAM,HARD,1,14,15,4573.379,4667.072,4667.072,4760.416,14.0,93.693,93.871,0.17799999999999727,3,93.344,-0.34900000000000375,2024-06,Miami Grand Prix,2024,6,2024-05-05,test,test,93.344,93.693,93.85621278353163,0.5122127835316377,0.34900000000000375,0.527000000000001
RUS,MEDIUM,1,14,15,4575.253,4668.846,4668.846,4762.235,17.0,93.593,94.041,0.4479999999999933,3,93.389,-0.20400000000000773,2024-06,Miami Grand Prix,2024,6,2024-05-05,test,test,93.389,93.593,93.85303860411805,0.4640386041180591,0.20400000000000773,0.652000000000001
VER,MEDIUM,1,15,16,4648.085,4740.892,4740.892,4833.641,15.0,92.807,92.918,0.1110000000000042,3,92.749,-0.058000000000006935,2024-06,Miami Grand Prix,2024,6,2024-05-05,test,test,92.749,92.807,92.92148128486967,0.17248128486967573,0.058000000000006935,0.16900000000001114
LEC,MEDIUM,1,15,16,4651.76,4744.449,4744.449,4837.475,15.0,92.689,92.965,0.27600000000001046,3,93.026,0.3370000000000033,2024-06,Miami Grand Prix,2024,6,2024-05-05,test,test,93.026,92.689,92.8247184361671,-0.20128156383289308,-0.3370000000000033,-0.06099999999999284
SAI,MEDIUM,1,15,16,4652.775,4745.894,4745.894,4839.139,15.0,93.119,93.119,0.0,3,93.245,0.12600000000000477,2024-06,Miami Grand Prix,2024,6,2024-05-05,test,test,93.245,93.119,93.15606083279276,-0.08893916720724349,-0.12600000000000477,-0.12600000000000477
PER,MEDIUM,1,15,16,4656.712,4750.049,4750.049,4843.223,15.0,93.337,93.832,0.49499999999999034,3,93.174,-0.1629999999999967,2024-06,Miami Grand Prix,2024,6,2024-05-05,test,test,93.174,93.337,93.64185695557931,0.4678569555793075,0.1629999999999967,0.657999999999987
HAM,HARD,1,15,16,4667.072,4760.416,4760.416,4853.937,15.0,93.344,93.693,0.34900000000000375,3,93.521,0.1770000000000067,2024-06,Miami Grand Prix,2024,6,2024-05-05,test,test,93.521,93.344,93.58906117817115,0.0680611781711491,-0.1770000000000067,0.17199999999999704
RUS,MEDIUM,1,15,16,4668.846,4762.235,4762.235,4855.658,18.0,93.389,93.593,0.20400000000000773,3,93.423,0.034000000000006025,2024-06,Miami Grand Prix,2024,6,2024-05-05,test,test,93.423,93.389,93.531319491076,0.1083194910760028,-0.034000000000006025,0.1700000000000017
VER,MEDIUM,1,16,17,4740.892,4833.641,4833.641,4926.561,16.0,92.749,92.807,0.058000000000006935,3,92.92,0.17100000000000648,2024-06,Miami Grand Prix,2024,6,2024-05-05,test,test,92.92,92.749,92.83807797302859,-0.08192202697141227,-0.17100000000000648,-0.11299999999999955
LEC,MEDIUM,1,16,17,4744.449,4837.475,4837.475,4930.543,16.0,93.026,92.965,-0.06099999999999284,3,93.068,0.04200000000000159,2024-06,Miami Grand Prix,2024,6,2024-05-05,test,test,93.068,93.026,93.00039243375423,-0.06760756624576914,-0.04200000000000159,-0.10299999999999443
SAI,MEDIUM,1,16,17,4745.894,4839.139,4839.139,4932.369,16.0,93.245,93.119,-0.12600000000000477,3,93.23,-0.015000000000000568,2024-06,Miami Grand Prix,2024,6,2024-05-05,test,test,93.23,93.245,93.22190055019972,-0.008099449800283764,0.015000000000000568,-0.1110000000000042
HAM,HARD,1,16,17,4760.416,4853.937,4853.937,4947.539,16.0,93.521,93.521,0.0,3,93.602,0.08100000000000307,2024-06,Miami Grand Prix,2024,6,2024-05-05,test,test,93.602,93.521,93.59860437287507,-0.003395627124930911,-0.08100000000000307,-0.08100000000000307
RUS,MEDIUM,1,16,17,4762.235,4855.658,4855.658,4949.265,19.0,93.423,93.423,0.0,3,93.607,0.1839999999999975,2024-06,Miami Grand Prix,2024,6,2024-05-05,test,test,93.607,93.423,93.46738853924205,-0.13961146075794773,-0.1839999999999975,-0.1839999999999975
VER,MEDIUM,1,17,18,4833.641,4926.561,4926.561,5019.583,17.0,92.92,92.807,-0.11299999999999955,3,93.022,0.10200000000000387,2024-06,Miami Grand Prix,2024,6,2024-05-05,test,test,93.022,92.92,92.92734206298583,-0.09465793701417624,-0.10200000000000387,-0.2150000000000034
LEC,MEDIUM,1,17,18,4837.475,4930.543,4930.543,5023.372,17.0,93.068,93.026,-0.04200000000000159,3,92.829,-0.23900000000000432,2024-06,Miami Grand Prix,2024,6,2024-05-05,test,test,92.829,93.068,93.05188742806266,0.2228874280626627,0.23900000000000432,0.19700000000000273
SAI,MEDIUM,1,17,18,4839.139,4932.369,4932.369,5025.434,17.0,93.23,93.23,0.0,3,93.065,-0.16500000000000625,2024-06,Miami Grand Prix,2024,6,2024-05-05,test,test,93.065,93.23,93.26780727288053,0.20280727288053413,0.16500000000000625,0.16500000000000625
HAM,HARD,1,17,18,4853.937,4947.539,4947.539,5040.845,17.0,93.602,93.521,-0.08100000000000307,3,93.306,-0.2960000000000065,2024-06,Miami Grand Prix,2024,6,2024-05-05,test,test,93.306,93.602,93.64101971773177,0.3350197177317682,0.2960000000000065,0.2150000000000034
RUS,MEDIUM,1,17,18,4855.658,4949.265,4949.265,5042.97,20.0,93.607,93.423,-0.1839999999999975,3,93.705,0.09799999999999898,2024-06,Miami Grand Prix,2024,6,2024-05-05,test,test,93.705,93.607,93.56341967015825,-0.1415803298417444,-0.09799999999999898,-0.2819999999999965
VER,MEDIUM,1,18,19,4926.561,5019.583,5019.583,5112.251,18.0,93.022,92.92,-0.10200000000000387,3,92.668,-0.3539999999999992,2024-06,Miami Grand Prix,2024,6,2024-05-05,test,test,92.668,93.022,93.03511545830811,0.3671154583081062,0.3539999999999992,0.25199999999999534
SAI,MEDIUM,1,18,19,4932.369,5025.434,5025.434,5118.272,18.0,93.065,93.23,0.16500000000000625,3,92.838,-0.22700000000000387,2024-06,Miami Grand Prix,2024,6,2024-05-05,test,test,92.838,93.065,93.18216938112906,0.34416938112906337,0.22700000000000387,0.3920000000000101
HAM,HARD,1,18,19,4947.539,5040.845,5040.845,5134.178,18.0,93.306,93.521,0.2150000000000034,3,93.333,0.027000000000001023,2024-06,Miami Grand Prix,2024,6,2024-05-05,test,test,93.333,93.306,93.48719087477839,0.15419087477839355,-0.027000000000001023,0.1880000000000024
RUS,MEDIUM,1,18,19,4949.265,5042.97,5042.97,5136.532,21.0,93.705,93.607,-0.09799999999999898,3,93.562,-0.14300000000000068,2024-06,Miami Grand Prix,2024,6,2024-05-05,test,test,93.562,93.705,93.70330819141415,0.1413081914141543,0.14300000000000068,0.045000000000001705
VER,MEDIUM,1,19,20,5019.583,5112.251,5112.251,5204.781,19.0,92.668,92.92,0.25199999999999534,3,92.53,-0.13800000000000523,2024-06,Miami Grand Prix,2024,6,2024-05-05,test,test,92.53,92.668,92.85109520184551,0.3210952018455089,0.13800000000000523,0.39000000000000057
SAI,MEDIUM,1,19,20,5025.434,5118.272,5118.272,5210.9,19.0,92.838,93.065,0.22700000000000387,3,92.628,-0.20999999999999375,2024-06,Miami Grand Prix,2024,6,2024-05-05,test,test,92.628,92.838,92.98478532853046,0.35678532853046363,0.20999999999999375,0.4369999999999976
HAM,HARD,1,19,20,5040.845,5134.178,5134.178,5227.226,19.0,93.333,93.333,0.0,3,93.048,-0.2849999999999966,2024-06,Miami Grand Prix,2024,6,2024-05-05,test,test,93.048,93.333,93.41094639556187,0.36294639556186326,0.2849999999999966,0.2849999999999966
RUS,MEDIUM,1,19,20,5042.97,5136.532,5136.532,5230.343,22.0,93.562,93.607,0.045000000000001705,3,93.811,0.24900000000000944,2024-06,Miami Grand Prix,2024,6,2024-05-05,test,test,93.811,93.562,93.6291222151317,-0.18187778486830553,-0.24900000000000944,-0.20400000000000773
PER,HARD,2,19,20,5048.757,5141.916,5141.916,5234.985,2.0,93.159,93.159,0.0,1,93.069,-0.09000000000000341,2024-06,Miami Grand Prix,2024,6,2024-05-05,test,test,93.069,93.159,93.22777451150229,0.15877451150228694,0.09000000000000341,0.09000000000000341
SAI,MEDIUM,1,20,21,5118.272,5210.9,5210.9,5303.678,20.0,92.628,92.838,0.20999999999999375,3,92.778,0.15000000000000568,2024-06,Miami Grand Prix,2024,6,2024-05-05,test,test,92.778,92.628,92.76638805900572,-0.011611940994285419,-0.15000000000000568,0.05999999999998806
HAM,HARD,1,20,21,5134.178,5227.226,5227.226,5321.411,20.0,93.048,93.306,0.25799999999999557,3,94.185,1.1370000000000005,2024-06,Miami Grand Prix,2024,6,2024-05-05,test,test,94.185,93.048,93.24983890619754,-0.9351610938024635,-1.1370000000000005,-0.8790000000000049
RUS,MEDIUM,1,20,21,5136.532,5230.343,5230.343,5324.056,23.0,93.811,93.705,-0.10600000000000875,3,93.713,-0.09800000000001319,2024-06,Miami Grand Prix,2024,6,2024-05-05,test,test,93.713,93.811,93.80619044737074,0.09319044737074478,0.09800000000001319,-0.007999999999995566
PER,HARD,2,20,21,5141.916,5234.985,5234.985,5327.738,3.0,93.069,93.114,0.045000000000001705,2,92.753,-0.3160000000000025,2024-06,Miami Grand Prix,2024,6,2024-05-05,test,test,92.753,93.069,93.1595029004255,0.40650290042549386,0.3160000000000025,0.3610000000000042
SAI,MEDIUM,1,21,22,5210.9,5303.678,5303.678,5396.453,21.0,92.778,92.778,0.0,3,92.775,-0.0030000000000001137,2024-06,Miami Grand Prix,2024,6,2024-05-05,test,test,92.775,92.778,92.8158216547829,0.04082165478288857,0.0030000000000001137,0.0030000000000001137
LEC,HARD,2,21,22,5228.023,5320.136,5320.136,5412.777,2.0,92.113,92.113,0.0,1,92.641,0.5280000000000058,2024-06,Miami Grand Prix,2024,6,2024-05-05,test,test,92.641,92.113,92.11644407582168,-0.5245559241783297,-0.5280000000000058,-0.5280000000000058
HAM,HARD,1,21,22,5227.226,5321.411,5321.411,5414.77,21.0,94.185,93.333,-0.8520000000000039,3,93.359,-0.8260000000000076,2024-06,Miami Grand Prix,2024,6,2024-05-05,test,test,93.359,94.185,93.85495079771275,0.4959507977127515,0.8260000000000076,-0.02599999999999625
SAI,MEDIUM,1,24,25,5503.859,5596.499,5596.499,5688.954,24.0,92.64,92.64,0.0,1,92.455,-0.18500000000000227,2024-06,Miami Grand Prix,2024,6,2024-05-05,test,test,92.455,92.64,92.67827335835048,0.22327335835048245,0.18500000000000227,0.18500000000000227
LEC,HARD,2,24,25,5520.501,5612.896,5612.896,5705.175,5.0,92.395,92.395,0.0,1,92.279,-0.11599999999999966,2024-06,Miami Grand Prix,2024,6,2024-05-05,test,test,92.279,92.395,92.39981709878798,0.12081709878798108,0.11599999999999966,0.11599999999999966
HAM,HARD,1,24,25,5523.553,5616.405,5616.405,5709.337,24.0,92.852,92.852,0.0,1,92.932,0.0799999999999983,2024-06,Miami Grand Prix,2024,6,2024-05-05,test,test,92.932,92.852,92.93014863681957,-0.001851363180435328,-0.0799999999999983,-0.0799999999999983
PER,HARD,2,24,25,5528.579,5620.965,5620.965,5713.728,7.0,92.386,92.386,0.0,1,92.763,0.37700000000000955,2024-06,Miami Grand Prix,2024,6,2024-05-05,test,test,92.763,92.386,92.45433621641611,-0.3086637835838957,-0.37700000000000955,-0.37700000000000955
SAI,MEDIUM,1,25,26,5596.499,5688.954,5688.954,5781.527,25.0,92.455,92.5475,0.09250000000000114,2,92.573,0.117999999999995,2024-06,Miami Grand Prix,2024,6,2024-05-05,test,test,92.573,92.455,92.53767182385609,-0.035328176143906376,-0.117999999999995,-0.02549999999999386
VER,HARD,2,25,26,5609.638,5701.936,5701.936,5794.346,2.0,92.298,92.298,0.0,1,92.41,0.11199999999999477,2024-06,Miami Grand Prix,2024,6,2024-05-05,test,test,92.41,92.298,92.35822518651923,-0.05177481348076185,-0.11199999999999477,-0.11199999999999477
LEC,HARD,2,25,26,5612.896,5705.175,5705.175,5797.567,6.0,92.279,92.33699999999999,0.057999999999992724,2,92.392,0.11299999999999955,2024-06,Miami Grand Prix,2024,6,2024-05-05,test,test,92.392,92.279,92.3117499297232,-0.0802500702767901,-0.11299999999999955,-0.05500000000000682
PER,HARD,2,25,26,5620.965,5713.728,5713.728,5806.24,8.0,92.763,92.5745,-0.18850000000000477,2,92.512,-0.2510000000000048,2024-06,Miami Grand Prix,2024,6,2024-05-05,test,test,92.512,92.763,92.74162328150796,0.22962328150795486,0.2510000000000048,0.0625
VER,HARD,2,26,27,5701.936,5794.346,5794.346,5886.861,3.0,92.41,92.354,-0.055999999999997385,2,92.515,0.10500000000000398,2024-06,Miami Grand Prix,2024,6,2024-05-05,test,test,92.515,92.41,92.44374983365671,-0.07125016634329029,-0.10500000000000398,-0.16100000000000136
LEC,HARD,2,26,27,5705.175,5797.567,5797.567,5889.624,7.0,92.392,92.392,0.0,3,92.057,-0.33499999999999375,2024-06,Miami Grand Prix,2024,6,2024-05-05,test,test,92.057,92.392,92.39731346646752,0.3403134664675207,0.33499999999999375,0.33499999999999375
PER,HARD,2,26,27,5713.728,5806.24,5806.24,5898.401,9.0,92.512,92.512,0.0,3,92.161,-0.3509999999999991,2024-06,Miami Grand Prix,2024,6,2024-05-05,test,test,92.161,92.512,92.58111556076813,0.4201155607681244,0.3509999999999991,0.3509999999999991
RUS,HARD,2,26,27,5731.492,5823.85,5823.85,5916.445,2.0,92.358,92.358,0.0,1,92.595,0.23699999999999477,2024-06,Miami Grand Prix,2024,6,2024-05-05,test,test,92.595,92.358,92.39776897375613,-0.19723102624386968,-0.23699999999999477,-0.23699999999999477
VER,HARD,2,33,34,6513.32,6605.547,6605.547,6697.158,10.0,92.227,92.227,0.0,1,91.611,-0.6159999999999997,2024-06,Miami Grand Prix,2024,6,2024-05-05,test,test,91.611,92.227,92.28908123379809,0.6780812337980819,0.6159999999999997,0.6159999999999997
LEC,HARD,2,33,34,6513.618,6606.405,6606.405,6697.904,14.0,92.787,92.787,0.0,1,91.499,-1.288000000000011,2024-06,Miami Grand Prix,2024,6,2024-05-05,test,test,91.499,92.787,92.79494026528921,1.295940265289218,1.288000000000011,1.288000000000011
PER,MEDIUM,3,33,34,6514.484,6608.073,6608.073,6700.261,10.0,93.589,93.589,0.0,1,92.188,-1.4009999999999962,2024-06,Miami Grand Prix,2024,6,2024-05-05,test,test,92.188,93.589,93.64552720839366,1.4575272083936568,1.4009999999999962,1.4009999999999962
HAM,MEDIUM,2,33,34,6515.36,6609.447,6609.447,6701.715,10.0,94.087,94.087,0.0,1,92.268,-1.8190000000000026,2024-06,Miami Grand Prix,2024,6,2024-05-05,test,test,92.268,94.087,94.14232927411987,1.874329274119873,1.8190000000000026,1.8190000000000026
RUS,HARD,2,33,34,6515.924,6610.379,6610.379,6703.141,9.0,94.455,94.455,0.0,1,92.762,-1.6929999999999978,2024-06,Miami Grand Prix,2024,6,2024-05-05,test,test,92.762,94.455,94.50112930976019,1.7391293097601874,1.6929999999999978,1.6929999999999978
VER,HARD,2,34,35,6605.547,6697.158,6697.158,6788.567,11.0,91.611,91.91900000000001,0.30800000000000693,2,91.409,-0.20199999999999818,2024-06,Miami Grand Prix,2024,6,2024-05-05,test,test,91.409,91.611,91.82033025727226,0.4113302572722546,0.20199999999999818,0.5100000000000051
LEC,HARD,2,34,35,6606.405,6697.904,6697.904,6789.353,15.0,91.499,92.143,0.6440000000000055,2,91.449,-0.04999999999999716,2024-06,Miami Grand Prix,2024,6,2024-05-05,test,test,91.449,91.499,91.81455025153572,0.36555025153572274,0.04999999999999716,0.6940000000000026
PER,MEDIUM,3,34,35,6608.073,6700.261,6700.261,6791.85,11.0,92.188,92.8885,0.700499999999991,2,91.589,-0.5990000000000038,2024-06,Miami Grand Prix,2024,6,2024-05-05,test,test,91.589,92.188,92.57910265415397,0.9901026541539721,0.5990000000000038,1.2994999999999948
HAM,MEDIUM,2,34,35,6609.447,6701.715,6701.715,6793.1,11.0,92.268,93.17750000000001,0.9095000000000084,2,91.385,-0.8829999999999956,2024-06,Miami Grand Prix,2024,6,2024-05-05,test,test,91.385,92.268,92.75765305684273,1.3726530568427222,0.8829999999999956,1.792500000000004
RUS,HARD,2,34,35,6610.379,6703.141,6703.141,6795.418,10.0,92.762,93.60849999999999,0.8464999999999918,2,92.277,-0.48499999999999943,2024-06,Miami Grand Prix,2024,6,2024-05-05,test,test,92.277,92.762,93.21238541196324,0.9353854119632388,0.48499999999999943,1.3314999999999912
VER,HARD,2,35,36,6697.158,6788.567,6788.567,6880.023,12.0,91.409,91.611,0.20199999999999818,3,91.456,0.046999999999997044,2024-06,Miami Grand Prix,2024,6,2024-05-05,test,test,91.456,91.409,91.56708350820892,0.11108350820892099,-0.046999999999997044,0.15500000000000114
LEC,HARD,2,35,36,6697.904,6789.353,6789.353,6881.217,16.0,91.449,91.499,0.04999999999999716,3,91.864,0.41500000000000625,2024-06,Miami Grand Prix,2024,6,2024-05-05,test,test,91.864,91.449,91.47859075372082,-0.38540924627918116,-0.41500000000000625,-0.3650000000000091
SAI,HARD,2,35,36,6699.617,6791.04,6791.04,6883.145,8.0,91.423,91.423,0.0,1,92.105,0.6820000000000022,2024-06,Miami Grand Prix,2024,6,2024-05-05,test,test,92.105,91.423,91.45657183725312,-0.6484281627468818,-0.6820000000000022,-0.6820000000000022
PER,MEDIUM,3,35,36,6700.261,6791.85,6791.85,6884.034,12.0,91.589,92.188,0.5990000000000038,3,92.184,0.5949999999999989,2024-06,Miami Grand Prix,2024,6,2024-05-05,test,test,92.184,91.589,91.93015247292135,-0.25384752707864777,-0.5949999999999989,0.0040000000000048885
HAM,MEDIUM,2,35,36,6701.715,6793.1,6793.1,6885.34,12.0,91.385,92.268,0.8829999999999956,3,92.24,0.8549999999999898,2024-06,Miami Grand Prix,2024,6,2024-05-05,test,test,92.24,91.385,91.86020378861124,-0.37979621138875075,-0.8549999999999898,0.028000000000005798
RUS,HARD,2,35,36,6703.141,6795.418,6795.418,6887.763,11.0,92.277,92.762,0.48499999999999943,3,92.345,0.06799999999999784,2024-06,Miami Grand Prix,2024,6,2024-05-05,test,test,92.345,92.277,92.55245578173803,0.2074557817380338,-0.06799999999999784,0.4170000000000016
VER,HARD,2,36,37,6788.567,6880.023,6880.023,6971.4,13.0,91.456,91.456,0.0,3,91.377,-0.07900000000000773,2024-06,Miami Grand Prix,2024,6,2024-05-05,test,test,91.377,91.456,91.51714437741475,0.1401443774147566,0.07900000000000773,0.07900000000000773
LEC,HARD,2,36,37,6789.353,6881.217,6881.217,6973.058,17.0,91.864,91.499,-0.3650000000000091,3,91.841,-0.023000000000010346,2024-06,Miami Grand Prix,2024,6,2024-05-05,test,test,91.841,91.864,91.69486699706175,-0.14613300293824238,0.023000000000010346,-0.34199999999999875
SAI,HARD,2,36,37,6791.04,6883.145,6883.145,6975.46,9.0,92.105,91.76400000000001,-0.340999999999994,2,92.315,0.20999999999999375,2024-06,Miami Grand Prix,2024,6,2024-05-05,test,test,92.315,92.105,91.97607602489622,-0.338923975103782,-0.20999999999999375,-0.5509999999999877
PER,MEDIUM,3,36,37,6791.85,6884.034,6884.034,6976.587,13.0,92.184,92.184,0.0,3,92.553,0.3689999999999998,2024-06,Miami Grand Prix,2024,6,2024-05-05,test,test,92.553,92.184,92.23819959844181,-0.31480040155818756,-0.3689999999999998,-0.3689999999999998
HAM,MEDIUM,2,36,37,6793.1,6885.34,6885.34,6977.277,13.0,92.24,92.24,0.0,3,91.937,-0.30299999999999727,2024-06,Miami Grand Prix,2024,6,2024-05-05,test,test,91.937,92.24,92.29203208518176,0.35503208518176166,0.30299999999999727,0.30299999999999727
RUS,HARD,2,36,37,6795.418,6887.763,6887.763,6980.038,12.0,92.345,92.345,0.0,3,92.275,-0.06999999999999318,2024-06,Miami Grand Prix,2024,6,2024-05-05,test,test,92.275,92.345,92.38725519938909,0.11225519938908235,0.06999999999999318,0.06999999999999318
VER,HARD,2,37,38,6880.023,6971.4,6971.4,7062.926,14.0,91.377,91.409,0.03200000000001069,3,91.526,0.1490000000000009,2024-06,Miami Grand Prix,2024,6,2024-05-05,test,test,91.526,91.377,91.4536354200617,-0.07236457993829504,-0.1490000000000009,-0.11699999999999022
LEC,HARD,2,37,38,6881.217,6973.058,6973.058,7064.811,18.0,91.841,91.841,0.0,3,91.753,-0.08799999999999386,2024-06,Miami Grand Prix,2024,6,2024-05-05,test,test,91.753,91.841,91.84787100008928,0.09487100008928451,0.08799999999999386,0.08799999999999386
SAI,HARD,2,37,38,6883.145,6975.46,6975.46,7066.826,10.0,92.315,92.105,-0.20999999999999375,3,91.366,-0.9489999999999981,2024-06,Miami Grand Prix,2024,6,2024-05-05,test,test,91.366,92.315,92.24988457156755,0.883884571567549,0.9489999999999981,0.7390000000000043
PER,MEDIUM,3,37,38,6884.034,6976.587,6976.587,7068.251,14.0,92.553,92.184,-0.3689999999999998,3,91.664,-0.8889999999999958,2024-06,Miami Grand Prix,2024,6,2024-05-05,test,test,91.664,92.553,92.43053092762024,0.7665309276202379,0.8889999999999958,0.519999999999996
HAM,MEDIUM,2,37,38,6885.34,6977.277,6977.277,7069.049,14.0,91.937,91.937,0.0,3,91.772,-0.16499999999999204,2024-06,Miami Grand Prix,2024,6,2024-05-05,test,test,91.772,91.937,91.98861889331032,0.21661889331031148,0.16499999999999204,0.16499999999999204
RUS,HARD,2,37,38,6887.763,6980.038,6980.038,7072.329,13.0,92.275,92.277,0.001999999999995339,3,92.291,0.015999999999991132,2024-06,Miami Grand Prix,2024,6,2024-05-05,test,test,92.291,92.275,92.31831642443294,0.027316424432939357,-0.015999999999991132,-0.013999999999995794
VER,HARD,2,38,39,6971.4,7062.926,7062.926,7154.262,15.0,91.526,91.456,-0.06999999999999318,3,91.336,-0.18999999999999773,2024-06,Miami Grand Prix,2024,6,2024-05-05,test,test,91.336,91.526,91.55408523880313,0.2180852388031269,0.18999999999999773,0.12000000000000455
LEC,HARD,2,38,39,6973.058,7064.811,7064.811,7156.372,19.0,91.753,91.841,0.08799999999999386,3,91.561,-0.19199999999999307,2024-06,Miami Grand Prix,2024,6,2024-05-05,test,test,91.561,91.753,91.8023148124794,0.2413148124793878,0.19199999999999307,0.2799999999999869
SAI,HARD,2,38,39,6975.46,7066.826,7066.826,7159.024,11.0,91.366,92.105,0.7390000000000043,3,92.198,0.8319999999999936,2024-06,Miami Grand Prix,2024,6,2024-05-05,test,test,92.198,91.366,91.75614205582912,-0.4418579441708772,-0.8319999999999936,-0.09299999999998931
PER,MEDIUM,3,38,39,6976.587,7068.251,7068.251,7160.446,15.0,91.664,92.184,0.519999999999996,3,92.195,0.5309999999999917,2024-06,Miami Grand Prix,2024,6,2024-05-05,test,test,92.195,91.664,91.96802090861551,-0.2269790913844787,-0.5309999999999917,-0.01099999999999568
HAM,MEDIUM,2,38,39,6977.277,7069.049,7069.049,7161.216,15.0,91.772,91.937,0.16499999999999204,3,92.167,0.394999999999996,2024-06,Miami Grand Prix,2024,6,2024-05-05,test,test,92.167,91.772,91.90298100155886,-0.26401899844114496,-0.394999999999996,-0.23000000000000398
RUS,HARD,2,38,39,6980.038,7072.329,7072.329,7164.577,14.0,92.291,92.291,0.0,3,92.248,-0.042999999999992156,2024-06,Miami Grand Prix,2024,6,2024-05-05,test,test,92.248,92.291,92.33363969257022,0.08563969257021142,0.042999999999992156,0.042999999999992156
VER,HARD,2,39,40,7062.926,7154.262,7154.262,7245.749,16.0,91.336,91.377,0.04099999999999682,3,91.487,0.15099999999999625,2024-06,Miami Grand Prix,2024,6,2024-05-05,test,test,91.487,91.336,91.41738329832032,-0.06961670167967782,-0.15099999999999625,-0.10999999999999943
LEC,HARD,2,39,40,7064.811,7156.372,7156.372,7248.024,20.0,91.561,91.753,0.19199999999999307,3,91.652,0.09099999999999397,2024-06,Miami Grand Prix,2024,6,2024-05-05,test,test,91.652,91.561,91.66023692072366,0.008236920723661001,-0.09099999999999397,0.10099999999999909
SAI,HARD,2,39,40,7066.826,7159.024,7159.024,7251.479,12.0,92.198,92.198,0.0,3,92.455,0.257000000000005,2024-06,Miami Grand Prix,2024,6,2024-05-05,test,test,92.455,92.198,92.23427778797029,-0.2207222120297132,-0.257000000000005,-0.257000000000005
PER,MEDIUM,3,39,40,7068.251,7160.446,7160.446,7253.091,16.0,92.195,92.195,0.0,3,92.645,0.45000000000000284,2024-06,Miami Grand Prix,2024,6,2024-05-05,test,test,92.645,92.195,92.24997815103417,-0.3950218489658255,-0.45000000000000284,-0.45000000000000284
HAM,MEDIUM,2,39,40,7069.049,7161.216,7161.216,7253.746,16.0,92.167,91.937,-0.23000000000000398,3,92.53,0.36299999999999955,2024-06,Miami Grand Prix,2024,6,2024-05-05,test,test,92.53,92.167,92.10884641265521,-0.42115358734479,-0.36299999999999955,-0.5930000000000035
RUS,HARD,2,39,40,7072.329,7164.577,7164.577,7256.854,15.0,92.248,92.275,0.027000000000001023,3,92.277,0.028999999999996362,2024-06,Miami Grand Prix,2024,6,2024-05-05,test,test,92.277,92.248,92.3038014454244,0.026801445424396775,-0.028999999999996362,-0.001999999999995339
VER,HARD,2,40,41,7154.262,7245.749,7245.749,7337.124,17.0,91.487,91.487,0.0,3,91.375,-0.11199999999999477,2024-06,Miami Grand Prix,2024,6,2024-05-05,test,test,91.375,91.487,91.54921827662564,0.1742182766256377,0.11199999999999477,0.11199999999999477
LEC,HARD,2,40,41,7156.372,7248.024,7248.024,7339.37,21.0,91.652,91.652,0.0,3,91.346,-0.3059999999999974,2024-06,Miami Grand Prix,2024,6,2024-05-05,test,test,91.346,91.652,91.65921082915847,0.3132108291584643,0.3059999999999974,0.3059999999999974
SAI,HARD,2,40,41,7159.024,7251.479,7251.479,7343.485,13.0,92.455,92.198,-0.257000000000005,3,92.006,-0.44899999999999807,2024-06,Miami Grand Prix,2024,6,2024-05-05,test,test,92.006,92.455,92.36830845657914,0.362308456579143,0.44899999999999807,0.19199999999999307
PER,MEDIUM,3,40,41,7160.446,7253.091,7253.091,7345.228,17.0,92.645,92.195,-0.45000000000000284,3,92.137,-0.5079999999999956,2024-06,Miami Grand Prix,2024,6,2024-05-05,test,test,92.137,92.645,92.4844733508031,0.3474733508030994,0.5079999999999956,0.057999999999992724
HAM,MEDIUM,2,40,41,7161.216,7253.746,7253.746,7345.889,17.0,92.53,92.167,-0.36299999999999955,3,92.143,-0.38700000000000045,2024-06,Miami Grand Prix,2024,6,2024-05-05,test,test,92.143,92.53,92.40883445339945,0.26583445339944944,0.38700000000000045,0.02400000000000091
RUS,HARD,2,40,41,7164.577,7256.854,7256.854,7349.502,16.0,92.277,92.277,0.0,3,92.648,0.3709999999999951,2024-06,Miami Grand Prix,2024,6,2024-05-05,test,test,92.648,92.277,92.320111930456,-0.3278880695440023,-0.3709999999999951,-0.3709999999999951
VER,HARD,2,41,42,7245.749,7337.124,7337.124,7428.579,18.0,91.375,91.375,0.0,3,91.455,0.0799999999999983,2024-06,Miami Grand Prix,2024,6,2024-05-05,test,test,91.455,91.375,91.43722406571885,-0.017775934281146988,-0.0799999999999983,-0.0799999999999983
LEC,HARD,2,41,42,7248.024,7339.37,7339.37,7430.87,22.0,91.346,91.561,0.2150000000000034,3,91.5,0.15399999999999636,2024-06,Miami Grand Prix,2024,6,2024-05-05,test,test,91.5,91.346,91.45634623759254,-0.043653762407458885,-0.15399999999999636,0.06100000000000705
SAI,HARD,2,41,42,7251.479,7343.485,7343.485,7435.066,14.0,92.006,92.198,0.19199999999999307,3,91.581,-0.42499999999999716,2024-06,Miami Grand Prix,2024,6,2024-05-05,test,test,91.581,92.006,92.13483674695485,0.5538367469548433,0.42499999999999716,0.6169999999999902
PER,MEDIUM,3,41,42,7253.091,7345.228,7345.228,7436.741,18.0,92.137,92.195,0.057999999999992724,3,91.513,-0.6239999999999952,2024-06,Miami Grand Prix,2024,6,2024-05-05,test,test,91.513,92.137,92.22028968605733,0.7072896860573223,0.6239999999999952,0.681999999999988
HAM,MEDIUM,2,41,42,7253.746,7345.889,7345.889,7437.561,18.0,92.143,92.167,0.02400000000000091,3,91.672,-0.47100000000000364,2024-06,Miami Grand Prix,2024,6,2024-05-05,test,test,91.672,92.143,92.2076363237333,0.5356363237333,0.47100000000000364,0.49500000000000455
RUS,HARD,2,41,42,7256.854,7349.502,7349.502,7441.669,17.0,92.648,92.277,-0.3709999999999951,3,92.167,-0.48099999999999454,2024-06,Miami Grand Prix,2024,6,2024-05-05,test,test,92.167,92.648,92.51348434285887,0.3464843428588722,0.48099999999999454,0.10999999999999943
VER,HARD,2,42,43,7337.124,7428.579,7428.579,7520.014,19.0,91.455,91.455,0.0,3,91.435,-0.01999999999999602,2024-06,Miami Grand Prix,2024,6,2024-05-05,test,test,91.435,91.455,91.51765102939432,0.08265102939431301,0.01999999999999602,0.01999999999999602
LEC,HARD,2,42,43,7339.37,7430.87,7430.87,7522.502,23.0,91.5,91.5,0.0,3,91.632,0.132000000000005,2024-06,Miami Grand Prix,2024,6,2024-05-05,test,test,91.632,91.5,91.50738034781322,-0.12461965218678017,-0.132000000000005,-0.132000000000005
SAI,HARD,2,42,43,7343.485,7435.066,7435.066,7526.118,15.0,91.581,92.006,0.42499999999999716,3,91.052,-0.5289999999999964,2024-06,Miami Grand Prix,2024,6,2024-05-05,test,test,91.052,91.581,91.8213808509896,0.7693808509895916,0.5289999999999964,0.9539999999999935
PER,MEDIUM,3,42,43,7345.228,7436.741,7436.741,7528.146,19.0,91.513,92.137,0.6239999999999952,3,91.405,-0.10800000000000409,2024-06,Miami Grand Prix,2024,6,2024-05-05,test,test,91.405,91.513,91.8677873779806,0.46278737798060376,0.10800000000000409,0.7319999999999993
HAM,MEDIUM,2,42,43,7345.889,7437.561,7437.561,7528.978,19.0,91.672,92.143,0.47100000000000364,3,91.417,-0.25499999999999545,2024-06,Miami Grand Prix,2024,6,2024-05-05,test,test,91.417,91.672,91.95115305051068,0.5341530505106817,0.25499999999999545,0.7259999999999991
RUS,HARD,2,42,43,7349.502,7441.669,7441.669,7533.59,18.0,92.167,92.277,0.10999999999999943,3,91.921,-0.2459999999999951,2024-06,Miami Grand Prix,2024,6,2024-05-05,test,test,91.921,92.167,92.26335530164327,0.34235530164326633,0.2459999999999951,0.35599999999999454
VER,HARD,2,43,44,7428.579,7520.014,7520.014,7611.466,20.0,91.435,91.435,0.0,3,91.452,0.016999999999995907,2024-06,Miami Grand Prix,2024,6,2024-05-05,test,test,91.452,91.435,91.4978586313082,0.045858631308206554,-0.016999999999995907,-0.016999999999995907
LEC,HARD,2,43,44,7430.87,7522.502,7522.502,7614.056,24.0,91.632,91.5,-0.132000000000005,3,91.554,-0.07800000000000296,2024-06,Miami Grand Prix,2024,6,2024-05-05,test,test,91.554,91.632,91.57634331489356,0.022343314893561228,0.07800000000000296,-0.054000000000002046
SAI,HARD,2,43,44,7435.066,7526.118,7526.118,7617.48,16.0,91.052,91.581,0.5289999999999964,3,91.362,0.30999999999998806,2024-06,Miami Grand Prix,2024,6,2024-05-05,test,test,91.362,91.052,91.34156371009728,-0.02043628990271884,-0.30999999999998806,0.2190000000000083
PER,MEDIUM,3,43,44,7436.741,7528.146,7528.146,7619.655,20.0,91.405,91.513,0.10800000000000409,3,91.509,0.1039999999999992,2024-06,Miami Grand Prix,2024,6,2024-05-05,test,test,91.509,91.405,91.51126950676422,0.0022695067642217737,-0.1039999999999992,0.0040000000000048885
HAM,MEDIUM,2,43,44,7437.561,7528.978,7528.978,7620.489,20.0,91.417,91.672,0.25499999999999545,3,91.511,0.09399999999999409,2024-06,Miami Grand Prix,2024,6,2024-05-05,test,test,91.511,91.417,91.59180831912106,0.08080831912106134,-0.09399999999999409,0.16100000000000136
VER,HARD,2,44,45,7520.014,7611.466,7611.466,7703.003,21.0,91.452,91.452,0.0,3,91.537,0.08500000000000796,2024-06,Miami Grand Prix,2024,6,2024-05-05,test,test,91.537,91.452,91.51514739707386,-0.021852602926145437,-0.08500000000000796,-0.08500000000000796
LEC,HARD,2,44,45,7522.502,7614.056,7614.056,7705.434,25.0,91.554,91.554,0.0,3,91.378,-0.17600000000000193,2024-06,Miami Grand Prix,2024,6,2024-05-05,test,test,91.378,91.554,91.5620017516969,0.18400175169689703,0.17600000000000193,0.17600000000000193
SAI,HARD,2,44,45,7526.118,7617.48,7617.48,7708.981,17.0,91.362,91.362,0.0,3,91.501,0.13900000000001,2024-06,Miami Grand Prix,2024,6,2024-05-05,test,test,91.501,91.362,91.39770129497431,-0.1032987050256935,-0.13900000000001,-0.13900000000001
PER,MEDIUM,3,44,45,7528.146,7619.655,7619.655,7711.187,21.0,91.509,91.509,0.0,3,91.532,0.022999999999996135,2024-06,Miami Grand Prix,2024,6,2024-05-05,test,test,91.532,91.509,91.56373070068061,0.03173070068061179,-0.022999999999996135,-0.022999999999996135
HAM,MEDIUM,2,44,45,7528.978,7620.489,7620.489,7711.968,21.0,91.511,91.511,0.0,3,91.479,-0.031999999999996476,2024-06,Miami Grand Prix,2024,6,2024-05-05,test,test,91.479,91.511,91.56344473206929,0.08444473206928649,0.031999999999996476,0.031999999999996476
VER,HARD,2,45,46,7611.466,7703.003,7703.003,7794.791,22.0,91.537,91.452,-0.08500000000000796,3,91.788,0.25099999999999056,2024-06,Miami Grand Prix,2024,6,2024-05-05,test,test,91.788,91.537,91.55964490837947,-0.22835509162052858,-0.25099999999999056,-0.3359999999999985
LEC,HARD,2,45,46,7614.056,7705.434,7705.434,7796.971,26.0,91.378,91.554,0.17600000000000193,3,91.537,0.15900000000000603,2024-06,Miami Grand Prix,2024,6,2024-05-05,test,test,91.537,91.378,91.47063790221091,-0.06636209778909574,-0.15900000000000603,0.016999999999995907
SAI,HARD,2,45,46,7617.48,7708.981,7708.981,7800.329,18.0,91.501,91.362,-0.13900000000001,3,91.348,-0.1530000000000058,2024-06,Miami Grand Prix,2024,6,2024-05-05,test,test,91.348,91.501,91.47030805334025,0.12230805334024808,0.1530000000000058,0.013999999999995794
PER,MEDIUM,3,45,46,7619.655,7711.187,7711.187,7802.868,22.0,91.532,91.509,-0.022999999999996135,3,91.681,0.1490000000000009,2024-06,Miami Grand Prix,2024,6,2024-05-05,test,test,91.681,91.532,91.57595463202806,-0.10504536797193964,-0.1490000000000009,-0.17199999999999704
HAM,MEDIUM,2,45,46,7620.489,7711.968,7711.968,7803.647,22.0,91.479,91.479,0.0,3,91.679,0.20000000000000284,2024-06,Miami Grand Prix,2024,6,2024-05-05,test,test,91.679,91.479,91.53162601057178,-0.14737398942821756,-0.20000000000000284,-0.20000000000000284
RUS,HARD,2,45,46,7627.288,7719.419,7719.419,7811.723,21.0,92.131,92.131,0.0,1,92.304,0.17300000000000182,2024-06,Miami Grand Prix,2024,6,2024-05-05,test,test,92.304,92.131,92.17504903361504,-0.12895096638496284,-0.17300000000000182,-0.17300000000000182
VER,HARD,2,46,47,7703.003,7794.791,7794.791,7886.304,23.0,91.788,91.537,-0.25099999999999056,3,91.513,-0.2749999999999915,2024-06,Miami Grand Prix,2024,6,2024-05-05,test,test,91.513,91.788,91.73149274777292,0.21849274777291328,0.2749999999999915,0.02400000000000091
LEC,HARD,2,46,47,7705.434,7796.971,7796.971,7888.598,27.0,91.537,91.537,0.0,3,91.627,0.0899999999999892,2024-06,Miami Grand Prix,2024,6,2024-05-05,test,test,91.627,91.537,91.54546740872982,-0.0815325912701752,-0.0899999999999892,-0.0899999999999892
SAI,HARD,2,46,47,7708.981,7800.329,7800.329,7891.852,19.0,91.348,91.362,0.013999999999995794,3,91.523,0.17499999999999716,2024-06,Miami Grand Prix,2024,6,2024-05-05,test,test,91.523,91.348,91.39091666093552,-0.13208333906447933,-0.17499999999999716,-0.16100000000000136
PER,MEDIUM,3,46,47,7711.187,7802.868,7802.868,7894.237,23.0,91.681,91.532,-0.1490000000000009,3,91.369,-0.3119999999999976,2024-06,Miami Grand Prix,2024,6,2024-05-05,test,test,91.369,91.681,91.66484480264018,0.29584480264017543,0.3119999999999976,0.1629999999999967
HAM,MEDIUM,2,46,47,7711.968,7803.647,7803.647,7894.977,23.0,91.679,91.511,-0.16800000000000637,3,91.33,-0.34900000000000375,2024-06,Miami Grand Prix,2024,6,2024-05-05,test,test,91.33,91.679,91.65139867145604,0.32139867145603773,0.34900000000000375,0.18099999999999739
RUS,HARD,2,46,47,7719.419,7811.723,7811.723,7903.921,22.0,92.304,92.2175,-0.08650000000000091,2,92.198,-0.10600000000000875,2024-06,Miami Grand Prix,2024,6,2024-05-05,test,test,92.198,92.304,92.30701710526277,0.10901710526277952,0.10600000000000875,0.019500000000007844
VER,HARD,2,47,48,7794.791,7886.304,7886.304,7977.565,24.0,91.513,91.537,0.02400000000000091,3,91.261,-0.25200000000000955,2024-06,Miami Grand Prix,2024,6,2024-05-05,test,test,91.261,91.513,91.58859527867635,0.3275952786763554,0.25200000000000955,0.27600000000001046
LEC,HARD,2,47,48,7796.971,7888.598,7888.598,7979.825,28.0,91.627,91.537,-0.0899999999999892,3,91.227,-0.3999999999999915,2024-06,Miami Grand Prix,2024,6,2024-05-05,test,test,91.227,91.627,91.59256762809656,0.3655676280965565,0.3999999999999915,0.3100000000000023
SAI,HARD,2,47,48,7800.329,7891.852,7891.852,7983.244,20.0,91.523,91.501,-0.02199999999999136,3,91.392,-0.13100000000000023,2024-06,Miami Grand Prix,2024,6,2024-05-05,test,test,91.392,91.523,91.54921254609056,0.15721254609056245,0.13100000000000023,0.10900000000000887
PER,MEDIUM,3,47,48,7802.868,7894.237,7894.237,7985.786,24.0,91.369,91.532,0.1629999999999967,3,91.549,0.18000000000000682,2024-06,Miami Grand Prix,2024,6,2024-05-05,test,test,91.549,91.369,91.50268729389116,-0.046312706108849966,-0.18000000000000682,-0.017000000000010118
HAM,MEDIUM,2,47,48,7803.647,7894.977,7894.977,7986.603,24.0,91.33,91.479,0.1490000000000009,3,91.626,0.2960000000000065,2024-06,Miami Grand Prix,2024,6,2024-05-05,test,test,91.626,91.33,91.45456825888216,-0.17143174111784276,-0.2960000000000065,-0.14700000000000557
RUS,HARD,2,47,48,7811.723,7903.921,7903.921,7996.096,23.0,92.198,92.198,0.0,3,92.175,-0.022999999999996135,2024-06,Miami Grand Prix,2024,6,2024-05-05,test,test,92.175,92.198,92.2426989545277,0.06769895452769958,0.022999999999996135,0.022999999999996135
VER,HARD,2,48,49,7886.304,7977.565,7977.565,8069.162,25.0,91.261,91.513,0.25200000000000955,3,91.597,0.3359999999999985,2024-06,Miami Grand Prix,2024,6,2024-05-05,test,test,91.597,91.261,91.4461106185317,-0.15088938146828923,-0.3359999999999985,-0.08399999999998897
LEC,HARD,2,48,49,7888.598,7979.825,7979.825,8071.143,29.0,91.227,91.537,0.3100000000000023,3,91.318,0.09099999999999397,2024-06,Miami Grand Prix,2024,6,2024-05-05,test,test,91.318,91.227,91.38460245747144,0.066602457471447,-0.09099999999999397,0.2190000000000083
SAI,HARD,2,48,49,7891.852,7983.244,7983.244,8074.659,21.0,91.392,91.392,0.0,3,91.415,0.023000000000010346,2024-06,Miami Grand Prix,2024,6,2024-05-05,test,test,91.415,91.392,91.42877300056759,0.013773000567582017,-0.023000000000010346,-0.023000000000010346
PER,MEDIUM,3,48,49,7894.237,7985.786,7985.786,8077.182,25.0,91.549,91.549,0.0,3,91.396,-0.1530000000000058,2024-06,Miami Grand Prix,2024,6,2024-05-05,test,test,91.396,91.549,91.60482434245004,0.20882434245004333,0.1530000000000058,0.1530000000000058
HAM,MEDIUM,2,48,49,7894.977,7986.603,7986.603,8078.035,25.0,91.626,91.626,0.0,3,91.432,-0.19400000000000261,2024-06,Miami Grand Prix,2024,6,2024-05-05,test,test,91.432,91.626,91.67970289515992,0.24770289515991806,0.19400000000000261,0.19400000000000261
RUS,HARD,2,48,49,7903.921,7996.096,7996.096,8088.216,24.0,92.175,92.198,0.022999999999996135,3,92.12,-0.05499999999999261,2024-06,Miami Grand Prix,2024,6,2024-05-05,test,test,92.12,92.175,92.23097797171265,0.1109779717126429,0.05499999999999261,0.07799999999998875
VER,HARD,2,49,50,7977.565,8069.162,8069.162,8160.5,26.0,91.597,91.513,-0.08399999999998897,3,91.338,-0.25900000000000034,2024-06,Miami Grand Prix,2024,6,2024-05-05,test,test,91.338,91.597,91.6212640745066,0.2832640745066044,0.25900000000000034,0.17500000000001137
LEC,HARD,2,49,50,7979.825,8071.143,8071.143,8163.079,30.0,91.318,91.318,0.0,3,91.936,0.6180000000000092,2024-06,Miami Grand Prix,2024,6,2024-05-05,test,test,91.936,91.318,91.3267414292705,-0.6092585707295086,-0.6180000000000092,-0.6180000000000092
SAI,HARD,2,49,50,7983.244,8074.659,8074.659,8166.205,22.0,91.415,91.415,0.0,3,91.546,0.13100000000000023,2024-06,Miami Grand Prix,2024,6,2024-05-05,test,test,91.546,91.415,91.45207492803895,-0.09392507196105271,-0.13100000000000023,-0.13100000000000023
PER,MEDIUM,3,49,50,7985.786,8077.182,8077.182,8168.917,26.0,91.396,91.396,0.0,3,91.735,0.33899999999999864,2024-06,Miami Grand Prix,2024,6,2024-05-05,test,test,91.735,91.396,91.451740193221,-0.2832598067790002,-0.33899999999999864,-0.33899999999999864
HAM,MEDIUM,2,49,50,7986.603,8078.035,8078.035,8169.66,26.0,91.432,91.432,0.0,3,91.625,0.19299999999999784,2024-06,Miami Grand Prix,2024,6,2024-05-05,test,test,91.625,91.432,91.48552880760862,-0.13947119239138317,-0.19299999999999784,-0.19299999999999784
RUS,HARD,2,49,50,7996.096,8088.216,8088.216,8180.654,25.0,92.12,92.175,0.05499999999999261,3,92.438,0.31799999999999784,2024-06,Miami Grand Prix,2024,6,2024-05-05,test,test,92.438,92.12,92.19152166118238,-0.24647833881762438,-0.31799999999999784,-0.26300000000000523
VER,HARD,2,50,51,8069.162,8160.5,8160.5,8251.784,27.0,91.338,91.338,0.0,3,91.284,-0.053999999999987836,2024-06,Miami Grand Prix,2024,6,2024-05-05,test,test,91.284,91.338,91.40240617026282,0.11840617026281564,0.053999999999987836,0.053999999999987836
LEC,HARD,2,50,51,8071.143,8163.079,8163.079,8254.302,31.0,91.936,91.318,-0.6180000000000092,3,91.223,-0.7130000000000081,2024-06,Miami Grand Prix,2024,6,2024-05-05,test,test,91.223,91.936,91.64868761989378,0.4256876198937789,0.7130000000000081,0.09499999999999886
SAI,HARD,2,50,51,8074.659,8166.205,8166.205,8257.244,23.0,91.546,91.415,-0.13100000000000023,3,91.039,-0.507000000000005,2024-06,Miami Grand Prix,2024,6,2024-05-05,test,test,91.039,91.546,91.52051735350706,0.4815173535070585,0.507000000000005,0.3760000000000048
PER,MEDIUM,3,50,51,8077.182,8168.917,8168.917,8260.436,27.0,91.735,91.549,-0.18599999999999284,3,91.519,-0.21599999999999397,2024-06,Miami Grand Prix,2024,6,2024-05-05,test,test,91.519,91.735,91.70214803085689,0.18314803085688425,0.21599999999999397,0.030000000000001137
HAM,MEDIUM,2,50,51,8078.035,8169.66,8169.66,8261.16,27.0,91.625,91.625,0.0,3,91.5,-0.125,2024-06,Miami Grand Prix,2024,6,2024-05-05,test,test,91.5,91.625,91.6792036500747,0.1792036500746974,0.125,0.125
RUS,HARD,2,50,51,8088.216,8180.654,8180.654,8272.707,26.0,92.438,92.175,-0.26300000000000523,3,92.053,-0.3850000000000051,2024-06,Miami Grand Prix,2024,6,2024-05-05,test,test,92.053,92.438,92.35730536813716,0.3043053681371646,0.3850000000000051,0.12199999999999989
VER,HARD,2,51,52,8160.5,8251.784,8251.784,8343.212,28.0,91.284,91.338,0.053999999999987836,3,91.428,0.14399999999999125,2024-06,Miami Grand Prix,2024,6,2024-05-05,test,test,91.428,91.284,91.3745483974687,-0.05345160253129677,-0.14399999999999125,-0.09000000000000341
LEC,HARD,2,51,52,8163.079,8254.302,8254.302,8346.081,32.0,91.223,91.318,0.09499999999999886,3,91.779,0.5559999999999974,2024-06,Miami Grand Prix,2024,6,2024-05-05,test,test,91.779,91.223,91.27779292464122,-0.5012070753587778,-0.5559999999999974,-0.4609999999999985
SAI,HARD,2,51,52,8166.205,8257.244,8257.244,8348.607,24.0,91.039,91.415,0.3760000000000048,3,91.363,0.32399999999999807,2024-06,Miami Grand Prix,2024,6,2024-05-05,test,test,91.363,91.039,91.25685423037352,-0.10614576962647959,-0.32399999999999807,0.05200000000000671
PER,MEDIUM,3,51,52,8168.917,8260.436,8260.436,8351.966,28.0,91.519,91.519,0.0,3,91.53,0.01099999999999568,2024-06,Miami Grand Prix,2024,6,2024-05-05,test,test,91.53,91.519,91.57551295672016,0.045512956720159536,-0.01099999999999568,-0.01099999999999568
HAM,MEDIUM,2,51,52,8169.66,8261.16,8261.16,8352.856,28.0,91.5,91.5,0.0,3,91.696,0.19599999999999795,2024-06,Miami Grand Prix,2024,6,2024-05-05,test,test,91.696,91.5,91.5541809221389,-0.1418190778611006,-0.19599999999999795,-0.19599999999999795
RUS,HARD,2,51,52,8180.654,8272.707,8272.707,8364.892,27.0,92.053,92.12,0.06700000000000728,3,92.185,0.132000000000005,2024-06,Miami Grand Prix,2024,6,2024-05-05,test,test,92.185,92.053,92.13065746139915,-0.054342538600849366,-0.132000000000005,-0.06499999999999773
VER,HARD,2,52,53,8251.784,8343.212,8343.212,8434.685,29.0,91.428,91.338,-0.09000000000000341,3,91.473,0.045000000000001705,2024-06,Miami Grand Prix,2024,6,2024-05-05,test,test,91.473,91.428,91.44975786389577,-0.02324213610422987,-0.045000000000001705,-0.13500000000000512
LEC,HARD,2,52,53,8254.302,8346.081,8346.081,8437.536,33.0,91.779,91.779,0.0,3,91.455,-0.32399999999999807,2024-06,Miami Grand Prix,2024,6,2024-05-05,test,test,91.455,91.779,91.78950710979005,0.33450710979005294,0.32399999999999807,0.32399999999999807
SAI,HARD,2,52,53,8257.244,8348.607,8348.607,8440.174,25.0,91.363,91.363,0.0,3,91.567,0.20399999999999352,2024-06,Miami Grand Prix,2024,6,2024-05-05,test,test,91.567,91.363,91.40071528272152,-0.16628471727847227,-0.20399999999999352,-0.20399999999999352
PER,MEDIUM,3,52,53,8260.436,8351.966,8351.966,8443.282,29.0,91.53,91.53,0.0,3,91.316,-0.21399999999999864,2024-06,Miami Grand Prix,2024,6,2024-05-05,test,test,91.316,91.53,91.58678856078012,0.2707885607801188,0.21399999999999864,0.21399999999999864
HAM,MEDIUM,2,52,53,8261.16,8352.856,8352.856,8444.228,29.0,91.696,91.625,-0.07099999999999795,3,91.372,-0.32399999999999807,2024-06,Miami Grand Prix,2024,6,2024-05-05,test,test,91.372,91.696,91.7166650530753,0.34466505307530326,0.32399999999999807,0.2530000000000001
RUS,HARD,2,52,53,8272.707,8364.892,8364.892,8458.286,28.0,92.185,92.185,0.0,3,93.394,1.2090000000000032,2024-06,Miami Grand Prix,2024,6,2024-05-05,test,test,93.394,92.185,92.23092780882969,-1.1630721911703148,-1.2090000000000032,-1.2090000000000032
VER,HARD,2,53,54,8343.212,8434.685,8434.685,8526.231,30.0,91.473,91.428,-0.045000000000001705,3,91.546,0.0730000000000075,2024-06,Miami Grand Prix,2024,6,2024-05-05,test,test,91.546,91.473,91.51678239119713,-0.029217608802881045,-0.0730000000000075,-0.11800000000000921
LEC,HARD,2,53,54,8346.081,8437.536,8437.536,8529.128,34.0,91.455,91.455,0.0,3,91.592,0.13700000000000045,2024-06,Miami Grand Prix,2024,6,2024-05-05,test,test,91.592,91.455,91.46504785194868,-0.12695214805131627,-0.13700000000000045,-0.13700000000000045
SAI,HARD,2,53,54,8348.607,8440.174,8440.174,8531.499,26.0,91.567,91.363,-0.20399999999999352,3,91.325,-0.24199999999999022,2024-06,Miami Grand Prix,2024,6,2024-05-05,test,test,91.325,91.567,91.50715724588227,0.18215724588226578,0.24199999999999022,0.0379999999999967
PER,MEDIUM,3,53,54,8351.966,8443.282,8443.282,8534.46,30.0,91.316,91.519,0.20300000000000296,3,91.178,-0.13800000000000523,2024-06,Miami Grand Prix,2024,6,2024-05-05,test,test,91.178,91.316,91.47034595797021,0.29234595797021257,0.13800000000000523,0.3410000000000082
HAM,MEDIUM,2,53,54,8352.856,8444.228,8444.228,8535.461,30.0,91.372,91.5,0.1280000000000001,3,91.233,-0.1389999999999958,2024-06,Miami Grand Prix,2024,6,2024-05-05,test,test,91.233,91.372,91.48805454430607,0.2550545443060628,0.1389999999999958,0.2669999999999959
RUS,HARD,2,53,54,8364.892,8458.286,8458.286,8550.823,29.0,93.394,92.185,-1.2090000000000032,3,92.537,-0.8569999999999993,2024-06,Miami Grand Prix,2024,6,2024-05-05,test,test,92.537,93.394,92.86051409227986,0.32351409227985073,0.8569999999999993,-0.35200000000000387
VER,HARD,2,54,55,8434.685,8526.231,8526.231,8617.639,31.0,91.546,91.473,-0.0730000000000075,3,91.408,-0.13800000000000523,2024-06,Miami Grand Prix,2024,6,2024-05-05,test,test,91.408,91.546,91.57670774339844,0.16870774339844274,0.13800000000000523,0.06499999999999773
LEC,HARD,2,54,55,8437.536,8529.128,8529.128,8620.409,35.0,91.592,91.592,0.0,3,91.281,-0.31099999999999284,2024-06,Miami Grand Prix,2024,6,2024-05-05,test,test,91.281,91.592,91.60259985182827,0.32159985182826745,0.31099999999999284,0.31099999999999284
SAI,HARD,2,54,55,8440.174,8531.499,8531.499,8622.427,27.0,91.325,91.363,0.0379999999999967,3,90.928,-0.39700000000000557,2024-06,Miami Grand Prix,2024,6,2024-05-05,test,test,90.928,91.325,91.38143764998924,0.4534376499892403,0.39700000000000557,0.4350000000000023
PER,MEDIUM,3,54,55,8443.282,8534.46,8534.46,8625.315,31.0,91.178,91.316,0.13800000000000523,3,90.855,-0.3229999999999933,2024-06,Miami Grand Prix,2024,6,2024-05-05,test,test,90.855,91.178,91.3009873326552,0.44598733265519286,0.3229999999999933,0.4609999999999985
HAM,MEDIUM,2,54,55,8444.228,8535.461,8535.461,8626.715,31.0,91.233,91.372,0.1389999999999958,3,91.254,0.021000000000000796,2024-06,Miami Grand Prix,2024,6,2024-05-05,test,test,91.254,91.233,91.35429927778291,0.10029927778290926,-0.021000000000000796,0.117999999999995
RUS,HARD,2,54,55,8458.286,8550.823,8550.823,8642.853,30.0,92.537,92.537,0.0,3,92.03,-0.507000000000005,2024-06,Miami Grand Prix,2024,6,2024-05-05,test,test,92.03,92.537,92.58420291076291,0.5542029107629105,0.507000000000005,0.507000000000005
VER,HARD,2,55,56,8526.231,8617.639,8617.639,8709.129,32.0,91.408,91.473,0.06499999999999773,3,91.49,0.08199999999999363,2024-06,Miami Grand Prix,2024,6,2024-05-05,test,test,91.49,91.408,91.50512447517714,0.015124475177145769,-0.08199999999999363,-0.016999999999995907
LEC,HARD,2,55,56,8529.128,8620.409,8620.409,8711.493,36.0,91.281,91.455,0.17399999999999238,3,91.084,-0.19700000000000273,2024-06,Miami Grand Prix,2024,6,2024-05-05,test,test,91.084,91.281,91.37497655995337,0.29097655995336424,0.19700000000000273,0.3709999999999951
SAI,HARD,2,55,56,8531.499,8622.427,8622.427,8713.489,28.0,90.928,91.325,0.39700000000000557,3,91.062,0.13400000000000034,2024-06,Miami Grand Prix,2024,6,2024-05-05,test,test,91.062,90.928,91.15673132799608,0.09473132799608663,-0.13400000000000034,0.26300000000000523
PER,MEDIUM,3,55,56,8534.46,8625.315,8625.315,8716.609,32.0,90.855,91.178,0.3229999999999933,3,91.294,0.43899999999999295,2024-06,Miami Grand Prix,2024,6,2024-05-05,test,test,91.294,90.855,91.06663588942817,-0.22736411057182693,-0.43899999999999295,-0.11599999999999966
HAM,MEDIUM,2,55,56,8535.461,8626.715,8626.715,8718.144,32.0,91.254,91.254,0.0,3,91.429,0.17499999999999716,2024-06,Miami Grand Prix,2024,6,2024-05-05,test,test,91.429,91.254,91.30864718927016,-0.12035281072984105,-0.17499999999999716,-0.17499999999999716
RUS,HARD,2,55,56,8550.823,8642.853,8642.853,8735.232,31.0,92.03,92.537,0.507000000000005,3,92.379,0.34900000000000375,2024-06,Miami Grand Prix,2024,6,2024-05-05,test,test,92.379,92.03,92.32053978762937,-0.05846021237063326,-0.34900000000000375,0.15800000000000125
VER,HARD,2,56,57,8617.639,8709.129,8709.129,8800.828,33.0,91.49,91.49,0.0,3,91.699,0.20900000000000318,2024-06,Miami Grand Prix,2024,6,2024-05-05,test,test,91.699,91.49,91.55624844573764,-0.14275155426236097,-0.20900000000000318,-0.20900000000000318
LEC,HARD,2,56,57,8620.409,8711.493,8711.493,8803.122,37.0,91.084,91.281,0.19700000000000273,3,91.629,0.5450000000000017,2024-06,Miami Grand Prix,2024,6,2024-05-05,test,test,91.629,91.084,91.18887388767313,-0.4401261123268796,-0.5450000000000017,-0.347999999999999
SAI,HARD,2,56,57,8622.427,8713.489,8713.489,8804.589,29.0,91.062,91.062,0.0,3,91.1,0.0379999999999967,2024-06,Miami Grand Prix,2024,6,2024-05-05,test,test,91.1,91.062,91.10006090088389,6.09008838949876e-05,-0.0379999999999967,-0.0379999999999967
PER,MEDIUM,3,56,57,8625.315,8716.609,8716.609,8807.832,33.0,91.294,91.178,-0.11599999999999966,3,91.223,-0.07099999999999795,2024-06,Miami Grand Prix,2024,6,2024-05-05,test,test,91.223,91.294,91.29540513146257,0.07240513146257399,0.07099999999999795,-0.045000000000001705
HAM,MEDIUM,2,56,57,8626.715,8718.144,8718.144,8809.767,33.0,91.429,91.254,-0.17499999999999716,3,91.623,0.19400000000000261,2024-06,Miami Grand Prix,2024,6,2024-05-05,test,test,91.623,91.429,91.3999934456763,-0.2230065543237032,-0.19400000000000261,-0.3689999999999998
RUS,HARD,2,56,57,8642.853,8735.232,8735.232,8827.971,32.0,92.379,92.379,0.0,3,92.739,0.35999999999999943,2024-06,Miami Grand Prix,2024,6,2024-05-05,test,test,92.739,92.379,92.42635926771197,-0.31264073228803113,-0.35999999999999943,-0.35999999999999943
VER,MEDIUM,1,2,3,3419.731,3500.327,3500.327,3581.199,2.0,80.596,80.596,0.0,1,80.872,0.27599999999999625,2024-07,Emilia Romagna Grand Prix,2024,7,2024-05-19,test,test,80.872,80.596,80.62696248210244,-0.24503751789755768,-0.27599999999999625,-0.27599999999999625
LEC,MEDIUM,1,2,3,3421.43,3502.356,3502.356,3583.287,2.0,80.926,80.926,0.0,1,80.931,0.0049999999999954525,2024-07,Emilia Romagna Grand Prix,2024,7,2024-05-19,test,test,80.931,80.926,80.89970979320286,-0.0312902067971379,-0.0049999999999954525,-0.0049999999999954525
SAI,MEDIUM,1,2,3,3421.999,3503.101,3503.101,3584.067,2.0,81.102,81.102,0.0,1,80.966,-0.1360000000000099,2024-07,Emilia Romagna Grand Prix,2024,7,2024-05-19,test,test,80.966,81.102,81.10943096444106,0.14343096444106607,0.1360000000000099,0.1360000000000099
RUS,MEDIUM,1,2,3,3423.348,3504.91,3504.91,3586.045,2.0,81.562,81.562,0.0,1,81.135,-0.4269999999999925,2024-07,Emilia Romagna Grand Prix,2024,7,2024-05-19,test,test,81.135,81.562,81.57489400971795,0.43989400971794623,0.4269999999999925,0.4269999999999925
HAM,MEDIUM,1,2,3,3423.961,3505.802,3505.802,3587.024,2.0,81.841,81.841,0.0,1,81.222,-0.6189999999999998,2024-07,Emilia Romagna Grand Prix,2024,7,2024-05-19,test,test,81.222,81.841,81.87666186349207,0.6546618634920804,0.6189999999999998,0.6189999999999998
PER,HARD,1,2,3,3425.625,3508.224,3508.224,3590.137,2.0,82.599,82.599,0.0,1,81.913,-0.686000000000007,2024-07,Emilia Romagna Grand Prix,2024,7,2024-05-19,test,test,81.913,82.599,82.65141539739322,0.7384153973932257,0.686000000000007,0.686000000000007
VER,MEDIUM,1,3,4,3500.327,3581.199,3581.199,3661.87,3.0,80.872,80.73400000000001,-0.13799999999999102,2,80.671,-0.2009999999999934,2024-07,Emilia Romagna Grand Prix,2024,7,2024-05-19,test,test,80.671,80.872,80.83735141808715,0.16635141808714593,0.2009999999999934,0.06300000000000239
LEC,MEDIUM,1,3,4,3502.356,3583.287,3583.287,3664.566,3.0,80.931,80.9285,-0.0024999999999977263,2,81.279,0.347999999999999,2024-07,Emilia Romagna Grand Prix,2024,7,2024-05-19,test,test,81.279,80.931,80.90376810554366,-0.3752318944563342,-0.347999999999999,-0.3504999999999967
SAI,MEDIUM,1,3,4,3503.101,3584.067,3584.067,3665.408,3.0,80.966,81.03399999999999,0.06799999999999784,2,81.341,0.375,2024-07,Emilia Romagna Grand Prix,2024,7,2024-05-19,test,test,81.341,80.966,81.00613644307784,-0.3348635569221585,-0.375,-0.30700000000000216
RUS,MEDIUM,1,3,4,3504.91,3586.045,3586.045,3667.673,3.0,81.135,81.3485,0.21349999999999625,2,81.628,0.492999999999995,2024-07,Emilia Romagna Grand Prix,2024,7,2024-05-19,test,test,81.628,81.135,81.25004151241241,-0.3779584875875912,-0.492999999999995,-0.27949999999999875
HAM,MEDIUM,1,3,4,3505.802,3587.024,3587.024,3668.739,3.0,81.222,81.5315,0.3094999999999999,2,81.715,0.4930000000000092,2024-07,Emilia Romagna Grand Prix,2024,7,2024-05-19,test,test,81.715,81.222,81.40562678412148,-0.30937321587852296,-0.4930000000000092,-0.18350000000000932
PER,HARD,1,3,4,3508.224,3590.137,3590.137,3672.319,3.0,81.913,82.256,0.3430000000000035,2,82.182,0.26900000000000546,2024-07,Emilia Romagna Grand Prix,2024,7,2024-05-19,test,test,82.182,81.913,82.12936868782283,-0.05263131217716932,-0.26900000000000546,0.07399999999999807
VER,MEDIUM,1,4,5,3581.199,3661.87,3661.87,3742.604,4.0,80.671,80.671,0.0,3,80.734,0.06299999999998818,2024-07,Emilia Romagna Grand Prix,2024,7,2024-05-19,test,test,80.734,80.671,80.70262995195604,-0.0313700480439536,-0.06299999999998818,-0.06299999999998818
LEC,MEDIUM,1,4,5,3583.287,3664.566,3664.566,3745.688,4.0,81.279,80.931,-0.347999999999999,3,81.122,-0.15699999999999648,2024-07,Emilia Romagna Grand Prix,2024,7,2024-05-19,test,test,81.122,81.279,81.08637219087876,-0.03562780912123742,0.15699999999999648,-0.1910000000000025
SAI,MEDIUM,1,4,5,3584.067,3665.408,3665.408,3746.684,4.0,81.341,81.102,-0.2389999999999901,3,81.276,-0.06499999999999773,2024-07,Emilia Romagna Grand Prix,2024,7,2024-05-19,test,test,81.276,81.341,81.234343358296,-0.041656641703994524,0.06499999999999773,-0.17399999999999238
RUS,MEDIUM,1,4,5,3586.045,3667.673,3667.673,3749.148,4.0,81.628,81.562,-0.0660000000000025,3,81.475,-0.1530000000000058,2024-07,Emilia Romagna Grand Prix,2024,7,2024-05-19,test,test,81.475,81.628,81.60975270465742,0.13475270465742994,0.1530000000000058,0.0870000000000033
HAM,MEDIUM,1,4,5,3587.024,3668.739,3668.739,3750.283,4.0,81.715,81.715,0.0,3,81.544,-0.17100000000000648,2024-07,Emilia Romagna Grand Prix,2024,7,2024-05-19,test,test,81.544,81.715,81.75088841620487,0.20688841620487608,0.17100000000000648,0.17100000000000648
PER,HARD,1,4,5,3590.137,3672.319,3672.319,3754.472,4.0,82.182,82.182,0.0,3,82.153,-0.028999999999996362,2024-07,Emilia Romagna Grand Prix,2024,7,2024-05-19,test,test,82.153,82.182,82.23400360737975,0.081003607379742,0.028999999999996362,0.028999999999996362
VER,MEDIUM,1,5,6,3661.87,3742.604,3742.604,3823.472,5.0,80.734,80.734,0.0,3,80.868,0.13400000000000034,2024-07,Emilia Romagna Grand Prix,2024,7,2024-05-19,test,test,80.868,80.734,80.76601962413203,-0.10198037586796715,-0.13400000000000034,-0.13400000000000034
LEC,MEDIUM,1,5,6,3664.566,3745.688,3745.688,3826.731,5.0,81.122,81.122,0.0,3,81.043,-0.07899999999999352,2024-07,Emilia Romagna Grand Prix,2024,7,2024-05-19,test,test,81.043,81.122,81.09689416505418,0.05389416505417444,0.07899999999999352,0.07899999999999352
SAI,MEDIUM,1,5,6,3665.408,3746.684,3746.684,3827.844,5.0,81.276,81.276,0.0,3,81.16,-0.11599999999999966,2024-07,Emilia Romagna Grand Prix,2024,7,2024-05-19,test,test,81.16,81.276,81.28456707670483,0.12456707670483524,0.11599999999999966,0.11599999999999966
RUS,MEDIUM,1,5,6,3667.673,3749.148,3749.148,3830.64,5.0,81.475,81.475,0.0,3,81.492,0.017000000000010118,2024-07,Emilia Romagna Grand Prix,2024,7,2024-05-19,test,test,81.492,81.475,81.48845758778396,-0.003542412216049229,-0.017000000000010118,-0.017000000000010118
HAM,MEDIUM,1,5,6,3668.739,3750.283,3750.283,3831.852,5.0,81.544,81.544,0.0,3,81.569,0.025000000000005684,2024-07,Emilia Romagna Grand Prix,2024,7,2024-05-19,test,test,81.569,81.544,81.57976478185873,0.010764781858725314,-0.025000000000005684,-0.025000000000005684
PER,HARD,1,5,6,3672.319,3754.472,3754.472,3836.672,5.0,82.153,82.153,0.0,3,82.2,0.046999999999997044,2024-07,Emilia Romagna Grand Prix,2024,7,2024-05-19,test,test,82.2,82.153,82.20519146673509,0.005191466735084305,-0.046999999999997044,-0.046999999999997044
VER,MEDIUM,1,6,7,3742.604,3823.472,3823.472,3904.34,6.0,80.868,80.734,-0.13400000000000034,3,80.868,0.0,2024-07,Emilia Romagna Grand Prix,2024,7,2024-05-19,test,test,80.868,80.868,80.83602367443682,-0.03197632556317842,0.0,-0.13400000000000034
LEC,MEDIUM,1,6,7,3745.688,3826.731,3826.731,3907.756,6.0,81.043,81.122,0.07899999999999352,3,81.025,-0.018000000000000682,2024-07,Emilia Romagna Grand Prix,2024,7,2024-05-19,test,test,81.025,81.043,81.05602285195434,0.031022851954332964,0.018000000000000682,0.0969999999999942
SAI,MEDIUM,1,6,7,3746.684,3827.844,3827.844,3909.08,6.0,81.16,81.276,0.11599999999999966,3,81.236,0.07600000000000762,2024-07,Emilia Romagna Grand Prix,2024,7,2024-05-19,test,test,81.236,81.16,81.22443572395254,-0.011564276047465682,-0.07600000000000762,0.03999999999999204
RUS,MEDIUM,1,6,7,3749.148,3830.64,3830.64,3911.907,6.0,81.492,81.492,0.0,3,81.267,-0.22500000000000853,2024-07,Emilia Romagna Grand Prix,2024,7,2024-05-19,test,test,81.267,81.492,81.50574635354964,0.2387463535496437,0.22500000000000853,0.22500000000000853
HAM,MEDIUM,1,6,7,3750.283,3831.852,3831.852,3913.298,6.0,81.569,81.569,0.0,3,81.446,-0.12300000000000466,2024-07,Emilia Romagna Grand Prix,2024,7,2024-05-19,test,test,81.446,81.569,81.60507109656533,0.15907109656532725,0.12300000000000466,0.12300000000000466
PER,HARD,1,6,7,3754.472,3836.672,3836.672,3919.313,6.0,82.2,82.182,-0.018000000000000682,3,82.641,0.4410000000000025,2024-07,Emilia Romagna Grand Prix,2024,7,2024-05-19,test,test,82.641,82.2,82.24387630493226,-0.3971236950677479,-0.4410000000000025,-0.4590000000000032
VER,MEDIUM,1,7,8,3823.472,3904.34,3904.34,3985.102,7.0,80.868,80.868,0.0,3,80.762,-0.10599999999999454,2024-07,Emilia Romagna Grand Prix,2024,7,2024-05-19,test,test,80.762,80.868,80.90081651742497,0.1388165174249707,0.10599999999999454,0.10599999999999454
LEC,MEDIUM,1,7,8,3826.731,3907.756,3907.756,3988.872,7.0,81.025,81.043,0.018000000000000682,3,81.116,0.09099999999999397,2024-07,Emilia Romagna Grand Prix,2024,7,2024-05-19,test,test,81.116,81.025,81.00885406877481,-0.10714593122519034,-0.09099999999999397,-0.07299999999999329
SAI,MEDIUM,1,7,8,3827.844,3909.08,3909.08,3990.511,7.0,81.236,81.236,0.0,3,81.431,0.19499999999999318,2024-07,Emilia Romagna Grand Prix,2024,7,2024-05-19,test,test,81.431,81.236,81.24498228053258,-0.18601771946741508,-0.19499999999999318,-0.19499999999999318
RUS,MEDIUM,1,7,8,3830.64,3911.907,3911.907,3993.282,7.0,81.267,81.475,0.2079999999999984,3,81.375,0.10800000000000409,2024-07,Emilia Romagna Grand Prix,2024,7,2024-05-19,test,test,81.375,81.267,81.38068788097287,0.00568788097287154,-0.10800000000000409,0.09999999999999432
HAM,MEDIUM,1,7,8,3831.852,3913.298,3913.298,3994.891,7.0,81.446,81.544,0.09799999999999898,3,81.593,0.14700000000000557,2024-07,Emilia Romagna Grand Prix,2024,7,2024-05-19,test,test,81.593,81.446,81.52925465239275,-0.06374534760725226,-0.14700000000000557,-0.049000000000006594
PER,HARD,1,7,8,3836.672,3919.313,3919.313,4001.651,7.0,82.641,82.2,-0.4410000000000025,3,82.338,-0.3030000000000115,2024-07,Emilia Romagna Grand Prix,2024,7,2024-05-19,test,test,82.338,82.641,82.4823563662881,0.14435636628810755,0.3030000000000115,-0.13799999999999102
VER,MEDIUM,1,8,9,3904.34,3985.102,3985.102,4065.645,8.0,80.762,80.868,0.10599999999999454,3,80.543,-0.2189999999999941,2024-07,Emilia Romagna Grand Prix,2024,7,2024-05-19,test,test,80.543,80.762,80.84589058079497,0.30289058079496556,0.2189999999999941,0.32499999999998863
LEC,MEDIUM,1,8,9,3907.756,3988.872,3988.872,4070.087,8.0,81.116,81.043,-0.07299999999999329,3,81.215,0.09900000000000375,2024-07,Emilia Romagna Grand Prix,2024,7,2024-05-19,test,test,81.215,81.116,81.05647482975377,-0.1585251702462358,-0.09900000000000375,-0.17199999999999704
SAI,MEDIUM,1,8,9,3909.08,3990.511,3990.511,4072.004,8.0,81.431,81.236,-0.19499999999999318,3,81.493,0.06199999999999761,2024-07,Emilia Romagna Grand Prix,2024,7,2024-05-19,test,test,81.493,81.431,81.3467393691833,-0.14626063081669827,-0.06199999999999761,-0.2569999999999908
RUS,MEDIUM,1,8,9,3911.907,3993.282,3993.282,4074.873,8.0,81.375,81.375,0.0,3,81.591,0.21599999999999397,2024-07,Emilia Romagna Grand Prix,2024,7,2024-05-19,test,test,81.591,81.375,81.38899264882096,-0.20200735117903434,-0.21599999999999397,-0.21599999999999397
HAM,MEDIUM,1,8,9,3913.298,3994.891,3994.891,4076.401,8.0,81.593,81.569,-0.02400000000000091,3,81.51,-0.08299999999999841,2024-07,Emilia Romagna Grand Prix,2024,7,2024-05-19,test,test,81.51,81.593,81.6180670437912,0.1080670437911948,0.08299999999999841,0.0589999999999975
PER,HARD,1,8,9,3919.313,4001.651,4001.651,4084.242,8.0,82.338,82.338,0.0,3,82.591,0.2530000000000001,2024-07,Emilia Romagna Grand Prix,2024,7,2024-05-19,test,test,82.591,82.338,82.39135170879263,-0.19964829120736738,-0.2530000000000001,-0.2530000000000001
VER,MEDIUM,1,9,10,3985.102,4065.645,4065.645,4146.738,9.0,80.543,80.762,0.2189999999999941,3,81.093,0.5499999999999972,2024-07,Emilia Romagna Grand Prix,2024,7,2024-05-19,test,test,81.093,80.543,80.68108832941209,-0.4119116705879122,-0.5499999999999972,-0.33100000000000307
LEC,MEDIUM,1,9,10,3988.872,4070.087,4070.087,4151.474,9.0,81.215,81.116,-0.09900000000000375,3,81.387,0.17199999999999704,2024-07,Emilia Romagna Grand Prix,2024,7,2024-05-19,test,test,81.387,81.215,81.14342052002387,-0.24357947997613394,-0.17199999999999704,-0.2710000000000008
SAI,MEDIUM,1,9,10,3990.511,4072.004,4072.004,4153.59,9.0,81.493,81.431,-0.06199999999999761,3,81.586,0.09300000000000352,2024-07,Emilia Romagna Grand Prix,2024,7,2024-05-19,test,test,81.586,81.493,81.47318656445825,-0.11281343554175294,-0.09300000000000352,-0.15500000000000114
RUS,MEDIUM,1,9,10,3993.282,4074.873,4074.873,4156.469,9.0,81.591,81.375,-0.21599999999999397,3,81.596,0.005000000000009663,2024-07,Emilia Romagna Grand Prix,2024,7,2024-05-19,test,test,81.596,81.591,81.50168111132845,-0.0943188886715518,-0.005000000000009663,-0.22100000000000364
HAM,MEDIUM,1,9,10,3994.891,4076.401,4076.401,4157.945,9.0,81.51,81.51,0.0,3,81.544,0.033999999999991815,2024-07,Emilia Romagna Grand Prix,2024,7,2024-05-19,test,test,81.544,81.51,81.54669609592459,0.002696095924591191,-0.033999999999991815,-0.033999999999991815
PER,HARD,1,9,10,4001.651,4084.242,4084.242,4166.787,9.0,82.591,82.591,0.0,3,82.545,-0.04599999999999227,2024-07,Emilia Romagna Grand Prix,2024,7,2024-05-19,test,test,82.545,82.591,82.64515816831566,0.10015816831565871,0.04599999999999227,0.04599999999999227
LEC,MEDIUM,1,10,11,4070.087,4151.474,4151.474,4232.621,10.0,81.387,81.215,-0.17199999999999704,3,81.147,-0.23999999999999488,2024-07,Emilia Romagna Grand Prix,2024,7,2024-05-19,test,test,81.147,81.387,81.28088870012671,0.13388870012670395,0.23999999999999488,0.06799999999999784
SAI,MEDIUM,1,10,11,4072.004,4153.59,4153.59,4234.906,10.0,81.586,81.493,-0.09300000000000352,3,81.316,-0.269999999999996,2024-07,Emilia Romagna Grand Prix,2024,7,2024-05-19,test,test,81.316,81.586,81.55171083299571,0.23571083299570716,0.269999999999996,0.1769999999999925
RUS,MEDIUM,1,10,11,4074.873,4156.469,4156.469,4237.935,10.0,81.596,81.591,-0.005000000000009663,3,81.466,-0.13000000000000966,2024-07,Emilia Romagna Grand Prix,2024,7,2024-05-19,test,test,81.466,81.596,81.60857212681954,0.14257212681954456,0.13000000000000966,0.125
HAM,MEDIUM,1,10,11,4076.401,4157.945,4157.945,4239.417,10.0,81.544,81.544,0.0,3,81.472,-0.07200000000000273,2024-07,Emilia Romagna Grand Prix,2024,7,2024-05-19,test,test,81.472,81.544,81.58102215318972,0.10902215318972708,0.07200000000000273,0.07200000000000273
PER,HARD,1,10,11,4084.242,4166.787,4166.787,4248.915,10.0,82.545,82.545,0.0,3,82.128,-0.4170000000000016,2024-07,Emilia Romagna Grand Prix,2024,7,2024-05-19,test,test,82.128,82.545,82.59930873617154,0.4713087361715367,0.4170000000000016,0.4170000000000016
LEC,MEDIUM,1,11,12,4151.474,4232.621,4232.621,4313.97,11.0,81.147,81.215,0.06799999999999784,3,81.349,0.20199999999999818,2024-07,Emilia Romagna Grand Prix,2024,7,2024-05-19,test,test,81.349,81.147,81.15621018745813,-0.192789812541875,-0.20199999999999818,-0.13400000000000034
SAI,MEDIUM,1,11,12,4153.59,4234.906,4234.906,4316.806,11.0,81.316,81.493,0.1769999999999925,3,81.9,0.5840000000000032,2024-07,Emilia Romagna Grand Prix,2024,7,2024-05-19,test,test,81.9,81.316,81.41141607196028,-0.4885839280397306,-0.5840000000000032,-0.4070000000000107
RUS,MEDIUM,1,11,12,4156.469,4237.935,4237.935,4319.755,11.0,81.466,81.591,0.125,3,81.82,0.3539999999999992,2024-07,Emilia Romagna Grand Prix,2024,7,2024-05-19,test,test,81.82,81.466,81.54115319149606,-0.2788468085039284,-0.3539999999999992,-0.2289999999999992
HAM,MEDIUM,1,11,12,4157.945,4239.417,4239.417,4321.173,11.0,81.472,81.51,0.038000000000010914,3,81.756,0.284000000000006,2024-07,Emilia Romagna Grand Prix,2024,7,2024-05-19,test,test,81.756,81.472,81.52741846319229,-0.22858153680770954,-0.284000000000006,-0.2459999999999951
PER,HARD,1,11,12,4166.787,4248.915,4248.915,4331.362,11.0,82.128,82.545,0.4170000000000016,3,82.447,0.3190000000000026,2024-07,Emilia Romagna Grand Prix,2024,7,2024-05-19,test,test,82.447,82.128,82.38249435813854,-0.06450564186145868,-0.3190000000000026,0.09799999999999898
VER,MEDIUM,1,12,13,4227.623,4308.91,4308.91,4389.983,12.0,81.287,81.287,0.0,1,81.073,-0.21400000000001285,2024-07,Emilia Romagna Grand Prix,2024,7,2024-05-19,test,test,81.073,81.287,81.32199301453706,0.24899301453706357,0.21400000000001285,0.21400000000001285
LEC,MEDIUM,1,12,13,4232.621,4313.97,4313.97,4395.412,12.0,81.349,81.349,0.0,3,81.442,0.09299999999998931,2024-07,Emilia Romagna Grand Prix,2024,7,2024-05-19,test,test,81.442,81.349,81.32615243611639,-0.11584756388360518,-0.09299999999998931,-0.09299999999998931
SAI,MEDIUM,1,12,13,4234.906,4316.806,4316.806,4398.553,12.0,81.9,81.586,-0.31400000000000716,3,81.747,-0.1530000000000058,2024-07,Emilia Romagna Grand Prix,2024,7,2024-05-19,test,test,81.747,81.9,81.76045748426884,0.013457484268840858,0.1530000000000058,-0.16100000000000136
RUS,MEDIUM,1,12,13,4237.935,4319.755,4319.755,4401.622,12.0,81.82,81.596,-0.22399999999998954,3,81.867,0.047000000000011255,2024-07,Emilia Romagna Grand Prix,2024,7,2024-05-19,test,test,81.867,81.82,81.728084656518,-0.1389153434819974,-0.047000000000011255,-0.2710000000000008
HAM,MEDIUM,1,12,13,4239.417,4321.173,4321.173,4402.94,12.0,81.756,81.544,-0.2120000000000033,3,81.767,0.01099999999999568,2024-07,Emilia Romagna Grand Prix,2024,7,2024-05-19,test,test,81.767,81.756,81.6918799235145,-0.07512007648549002,-0.01099999999999568,-0.22299999999999898
PER,HARD,1,12,13,4248.915,4331.362,4331.362,4413.721,12.0,82.447,82.447,0.0,3,82.359,-0.08800000000000807,2024-07,Emilia Romagna Grand Prix,2024,7,2024-05-19,test,test,82.359,82.447,82.50159671017757,0.14259671017757114,0.08800000000000807,0.08800000000000807
VER,MEDIUM,1,13,14,4308.91,4389.983,4389.983,4470.965,13.0,81.073,81.18,0.10700000000001353,2,80.982,-0.09099999999999397,2024-07,Emilia Romagna Grand Prix,2024,7,2024-05-19,test,test,80.982,81.073,81.15931181920992,0.177311819209919,0.09099999999999397,0.1980000000000075
LEC,MEDIUM,1,13,14,4313.97,4395.412,4395.412,4477.073,13.0,81.442,81.349,-0.09299999999998931,3,81.661,0.2190000000000083,2024-07,Emilia Romagna Grand Prix,2024,7,2024-05-19,test,test,81.661,81.442,81.37481428031981,-0.2861857196801907,-0.2190000000000083,-0.3119999999999976
SAI,MEDIUM,1,13,14,4316.806,4398.553,4398.553,4480.191,13.0,81.747,81.747,0.0,3,81.638,-0.10899999999999466,2024-07,Emilia Romagna Grand Prix,2024,7,2024-05-19,test,test,81.638,81.747,81.75861206473154,0.12061206473153163,0.10899999999999466,0.10899999999999466
RUS,MEDIUM,1,13,14,4319.755,4401.622,4401.622,4483.44,13.0,81.867,81.82,-0.047000000000011255,3,81.818,-0.049000000000006594,2024-07,Emilia Romagna Grand Prix,2024,7,2024-05-19,test,test,81.818,81.867,81.86069163576578,0.04269163576577739,0.049000000000006594,0.001999999999995339
HAM,MEDIUM,1,13,14,4321.173,4402.94,4402.94,4485.02,13.0,81.767,81.756,-0.01099999999999568,3,82.08,0.3130000000000024,2024-07,Emilia Romagna Grand Prix,2024,7,2024-05-19,test,test,82.08,81.767,81.79996758065741,-0.2800324193425894,-0.3130000000000024,-0.32399999999999807
PER,HARD,1,13,14,4331.362,4413.721,4413.721,4495.549,13.0,82.359,82.359,0.0,3,81.828,-0.5309999999999917,2024-07,Emilia Romagna Grand Prix,2024,7,2024-05-19,test,test,81.828,82.359,82.41365514609355,0.5856551460935435,0.5309999999999917,0.5309999999999917
LEC,MEDIUM,1,14,15,4395.412,4477.073,4477.073,4558.537,14.0,81.661,81.442,-0.2190000000000083,3,81.464,-0.19700000000000273,2024-07,Emilia Romagna Grand Prix,2024,7,2024-05-19,test,test,81.464,81.661,81.53385800416505,0.06985800416505583,0.19700000000000273,-0.02200000000000557
SAI,MEDIUM,1,14,15,4398.553,4480.191,4480.191,4561.801,14.0,81.638,81.747,0.10899999999999466,3,81.61,-0.028000000000005798,2024-07,Emilia Romagna Grand Prix,2024,7,2024-05-19,test,test,81.61,81.638,81.70212450326486,0.09212450326485566,0.028000000000005798,0.13700000000000045
RUS,MEDIUM,1,14,15,4401.622,4483.44,4483.44,4565.284,14.0,81.818,81.82,0.001999999999995339,3,81.844,0.02599999999999625,2024-07,Emilia Romagna Grand Prix,2024,7,2024-05-19,test,test,81.844,81.818,81.83543657103279,-0.008563428967207187,-0.02599999999999625,-0.02400000000000091
HAM,MEDIUM,1,14,15,4402.94,4485.02,4485.02,4566.749,14.0,82.08,81.767,-0.3130000000000024,3,81.729,-0.3509999999999991,2024-07,Emilia Romagna Grand Prix,2024,7,2024-05-19,test,test,81.729,82.08,81.96844675161032,0.23944675161031626,0.3509999999999991,0.0379999999999967
PER,HARD,1,14,15,4413.721,4495.549,4495.549,4577.231,14.0,81.828,82.359,0.5309999999999917,3,81.682,-0.1460000000000008,2024-07,Emilia Romagna Grand Prix,2024,7,2024-05-19,test,test,81.682,81.828,82.13749902426653,0.4554990242665298,0.1460000000000008,0.6769999999999925
LEC,MEDIUM,1,15,16,4477.073,4558.537,4558.537,4640.501,15.0,81.464,81.464,0.0,3,81.964,0.5,2024-07,Emilia Romagna Grand Prix,2024,7,2024-05-19,test,test,81.964,81.464,81.44215912494082,-0.5218408750591834,-0.5,-0.5
SAI,MEDIUM,1,15,16,4480.191,4561.801,4561.801,4643.472,15.0,81.61,81.638,0.028000000000005798,3,81.671,0.06100000000000705,2024-07,Emilia Romagna Grand Prix,2024,7,2024-05-19,test,test,81.671,81.61,81.6353007438014,-0.035699256198611806,-0.06100000000000705,-0.03300000000000125
RUS,MEDIUM,1,15,16,4483.44,4565.284,4565.284,4647.051,15.0,81.844,81.844,0.0,3,81.767,-0.07699999999999818,2024-07,Emilia Romagna Grand Prix,2024,7,2024-05-19,test,test,81.767,81.844,81.86078177534623,0.09378177534622978,0.07699999999999818,0.07699999999999818
HAM,MEDIUM,1,15,16,4485.02,4566.749,4566.749,4648.948,15.0,81.729,81.767,0.0379999999999967,3,82.199,0.46999999999999886,2024-07,Emilia Romagna Grand Prix,2024,7,2024-05-19,test,test,82.199,81.729,81.7859881199844,-0.41301188001560263,-0.46999999999999886,-0.43200000000000216
PER,HARD,1,15,16,4495.549,4577.231,4577.231,4659.068,15.0,81.682,81.828,0.1460000000000008,3,81.837,0.15500000000000114,2024-07,Emilia Romagna Grand Prix,2024,7,2024-05-19,test,test,81.837,81.682,81.80599420828653,-0.03100579171346851,-0.15500000000000114,-0.009000000000000341
VER,MEDIUM,1,16,17,4552.288,4633.65,4633.65,4714.978,16.0,81.362,81.362,0.0,1,81.328,-0.033999999999991815,2024-07,Emilia Romagna Grand Prix,2024,7,2024-05-19,test,test,81.328,81.362,81.39816343292303,0.07016343292302452,0.033999999999991815,0.033999999999991815
LEC,MEDIUM,1,16,17,4558.537,4640.501,4640.501,4722.215,16.0,81.964,81.661,-0.30299999999999727,3,81.714,-0.25,2024-07,Emilia Romagna Grand Prix,2024,7,2024-05-19,test,test,81.714,81.964,81.79756685038252,0.08356685038252465,0.25,-0.05299999999999727
SAI,MEDIUM,1,16,17,4561.801,4643.472,4643.472,4725.645,16.0,81.671,81.638,-0.03300000000000125,3,82.173,0.5019999999999953,2024-07,Emilia Romagna Grand Prix,2024,7,2024-05-19,test,test,82.173,81.671,81.66730525641351,-0.5056947435864885,-0.5019999999999953,-0.5349999999999966
RUS,MEDIUM,1,16,17,4565.284,4647.051,4647.051,4729.042,16.0,81.767,81.818,0.05100000000000193,3,81.991,0.22400000000000375,2024-07,Emilia Romagna Grand Prix,2024,7,2024-05-19,test,test,81.991,81.767,81.80842859333076,-0.18257140666923988,-0.22400000000000375,-0.17300000000000182
HAM,MEDIUM,1,16,17,4566.749,4648.948,4648.948,4730.794,16.0,82.199,82.08,-0.11899999999999977,3,81.846,-0.35299999999999443,2024-07,Emilia Romagna Grand Prix,2024,7,2024-05-19,test,test,81.846,82.199,82.18165122968422,0.3356512296842169,0.35299999999999443,0.23399999999999466
VER,MEDIUM,1,17,18,4633.65,4714.978,4714.978,4796.389,17.0,81.328,81.345,0.016999999999995907,2,81.411,0.08299999999999841,2024-07,Emilia Romagna Grand Prix,2024,7,2024-05-19,test,test,81.411,81.328,81.37252840828188,-0.03847159171812109,-0.08299999999999841,-0.0660000000000025
LEC,MEDIUM,1,17,18,4640.501,4722.215,4722.215,4803.934,17.0,81.714,81.714,0.0,3,81.719,0.0049999999999954525,2024-07,Emilia Romagna Grand Prix,2024,7,2024-05-19,test,test,81.719,81.714,81.6932104778772,-0.02578952212279262,-0.0049999999999954525,-0.0049999999999954525
SAI,MEDIUM,1,17,18,4643.472,4725.645,4725.645,4807.383,17.0,82.173,81.671,-0.5019999999999953,3,81.738,-0.4350000000000023,2024-07,Emilia Romagna Grand Prix,2024,7,2024-05-19,test,test,81.738,82.173,81.9447631361961,0.20676313619610198,0.4350000000000023,-0.06699999999999307
RUS,MEDIUM,1,17,18,4647.051,4729.042,4729.042,4811.25,17.0,81.991,81.844,-0.14700000000000557,3,82.208,0.21699999999999875,2024-07,Emilia Romagna Grand Prix,2024,7,2024-05-19,test,test,82.208,81.991,81.93780434087617,-0.2701956591238286,-0.21699999999999875,-0.3640000000000043
HAM,MEDIUM,1,17,18,4648.948,4730.794,4730.794,4812.814,17.0,81.846,81.846,0.0,3,82.02,0.17399999999999238,2024-07,Emilia Romagna Grand Prix,2024,7,2024-05-19,test,test,82.02,81.846,81.88544494557313,-0.134555054426869,-0.17399999999999238,-0.17399999999999238
VER,MEDIUM,1,18,19,4714.978,4796.389,4796.389,4877.906,18.0,81.411,81.362,-0.049000000000006594,3,81.517,0.10599999999999454,2024-07,Emilia Romagna Grand Prix,2024,7,2024-05-19,test,test,81.517,81.411,81.42417292045461,-0.09282707954538694,-0.10599999999999454,-0.15500000000000114
LEC,MEDIUM,1,18,19,4722.215,4803.934,4803.934,4885.606,18.0,81.719,81.719,0.0,3,81.672,-0.046999999999997044,2024-07,Emilia Romagna Grand Prix,2024,7,2024-05-19,test,test,81.672,81.719,81.69847292023147,0.026472920231469743,0.046999999999997044,0.046999999999997044
SAI,MEDIUM,1,18,19,4725.645,4807.383,4807.383,4889.496,18.0,81.738,81.738,0.0,3,82.113,0.375,2024-07,Emilia Romagna Grand Prix,2024,7,2024-05-19,test,test,82.113,81.738,81.75084969350397,-0.36215030649603364,-0.375,-0.375
RUS,MEDIUM,1,18,19,4729.042,4811.25,4811.25,4893.28,18.0,82.208,81.991,-0.21699999999999875,3,82.03,-0.17799999999999727,2024-07,Emilia Romagna Grand Prix,2024,7,2024-05-19,test,test,82.03,82.208,82.1218161897879,0.09181618978790596,0.17799999999999727,-0.03900000000000148
HAM,MEDIUM,1,18,19,4730.794,4812.814,4812.814,4894.788,18.0,82.02,82.02,0.0,3,81.974,-0.04599999999999227,2024-07,Emilia Romagna Grand Prix,2024,7,2024-05-19,test,test,81.974,82.02,82.0600781093045,0.08607810930449489,0.04599999999999227,0.04599999999999227
PER,HARD,1,18,19,4745.868,4828.303,4828.303,4910.157,18.0,82.435,82.435,0.0,1,81.854,-0.5810000000000031,2024-07,Emilia Romagna Grand Prix,2024,7,2024-05-19,test,test,81.854,82.435,82.49107923236336,0.6370792323633623,0.5810000000000031,0.5810000000000031
LEC,MEDIUM,1,19,20,4803.934,4885.606,4885.606,4967.363,19.0,81.672,81.714,0.04200000000000159,3,81.757,0.08500000000000796,2024-07,Emilia Romagna Grand Prix,2024,7,2024-05-19,test,test,81.757,81.672,81.671850678696,-0.08514932130400155,-0.08500000000000796,-0.043000000000006366
SAI,MEDIUM,1,19,20,4807.383,4889.496,4889.496,4971.521,19.0,82.113,82.113,0.0,3,82.025,-0.08799999999999386,2024-07,Emilia Romagna Grand Prix,2024,7,2024-05-19,test,test,82.025,82.113,82.12692377437615,0.10192377437614653,0.08799999999999386,0.08799999999999386
RUS,MEDIUM,1,19,20,4811.25,4893.28,4893.28,4975.495,19.0,82.03,82.03,0.0,3,82.215,0.18500000000000227,2024-07,Emilia Romagna Grand Prix,2024,7,2024-05-19,test,test,82.215,82.03,82.0481956852876,-0.16680431471240809,-0.18500000000000227,-0.18500000000000227
HAM,MEDIUM,1,19,20,4812.814,4894.788,4894.788,4977.01,19.0,81.974,81.974,0.0,3,82.222,0.24799999999999045,2024-07,Emilia Romagna Grand Prix,2024,7,2024-05-19,test,test,82.222,81.974,82.01422867716036,-0.2077713228396334,-0.24799999999999045,-0.24799999999999045
PER,HARD,1,19,20,4828.303,4910.157,4910.157,4992.425,19.0,81.854,82.1445,0.29049999999999443,2,82.268,0.4140000000000015,2024-07,Emilia Romagna Grand Prix,2024,7,2024-05-19,test,test,82.268,81.854,82.04897612235979,-0.21902387764021114,-0.4140000000000015,-0.12350000000000705
LEC,MEDIUM,1,20,21,4885.606,4967.363,4967.363,5049.032,20.0,81.757,81.719,-0.038000000000010914,3,81.669,-0.08800000000000807,2024-07,Emilia Romagna Grand Prix,2024,7,2024-05-19,test,test,81.669,81.757,81.71875645002855,0.049756450028553445,0.08800000000000807,0.04999999999999716
SAI,MEDIUM,1,20,21,4889.496,4971.521,4971.521,5053.527,20.0,82.025,82.025,0.0,3,82.006,-0.019000000000005457,2024-07,Emilia Romagna Grand Prix,2024,7,2024-05-19,test,test,82.006,82.025,82.03898221029216,0.032982210292161085,0.019000000000005457,0.019000000000005457
HAM,MEDIUM,1,20,21,4894.788,4977.01,4977.01,5059.285,20.0,82.222,82.02,-0.20199999999999818,3,82.275,0.05300000000001148,2024-07,Emilia Romagna Grand Prix,2024,7,2024-05-19,test,test,82.275,82.222,82.165730463507,-0.1092695364930023,-0.05300000000001148,-0.25500000000000966
PER,HARD,1,20,21,4910.157,4992.425,4992.425,5074.365,20.0,82.268,82.268,0.0,3,81.94,-0.32800000000000296,2024-07,Emilia Romagna Grand Prix,2024,7,2024-05-19,test,test,81.94,82.268,82.32421584675389,0.3842158467538894,0.32800000000000296,0.32800000000000296
VER,MEDIUM,1,21,22,4959.456,5041.064,5041.064,5122.827,21.0,81.608,81.608,0.0,1,81.763,0.15500000000000114,2024-07,Emilia Romagna Grand Prix,2024,7,2024-05-19,test,test,81.763,81.608,81.64596043418756,-0.11703956581244768,-0.15500000000000114,-0.15500000000000114
LEC,MEDIUM,1,21,22,4967.363,5049.032,5049.032,5131.05,21.0,81.669,81.672,0.0030000000000001137,3,82.018,0.34900000000000375,2024-07,Emilia Romagna Grand Prix,2024,7,2024-05-19,test,test,82.018,81.669,81.65056261816542,-0.3674373818345771,-0.34900000000000375,-0.34600000000000364
SAI,MEDIUM,1,21,22,4971.521,5053.527,5053.527,5135.453,21.0,82.006,82.025,0.019000000000005457,3,81.926,-0.0799999999999983,2024-07,Emilia Romagna Grand Prix,2024,7,2024-05-19,test,test,81.926,82.006,82.02934339392601,0.10334339392601066,0.0799999999999983,0.09900000000000375
HAM,MEDIUM,1,21,22,4977.01,5059.285,5059.285,5141.131,21.0,82.275,82.222,-0.05300000000001148,3,81.846,-0.42900000000000205,2024-07,Emilia Romagna Grand Prix,2024,7,2024-05-19,test,test,81.846,82.275,82.29086434830961,0.44486434830960775,0.42900000000000205,0.37599999999999056
PER,HARD,1,21,22,4992.425,5074.365,5074.365,5156.236,21.0,81.94,81.94,0.0,3,81.871,-0.06900000000000261,2024-07,Emilia Romagna Grand Prix,2024,7,2024-05-19,test,test,81.871,81.94,81.99574781444204,0.12474781444204552,0.06900000000000261,0.06900000000000261
VER,MEDIUM,1,22,23,5041.064,5122.827,5122.827,5204.815,22.0,81.763,81.6855,-0.07750000000000057,2,81.988,0.22499999999999432,2024-07,Emilia Romagna Grand Prix,2024,7,2024-05-19,test,test,81.988,81.763,81.76422388876668,-0.2237761112333203,-0.22499999999999432,-0.3024999999999949
LEC,MEDIUM,1,22,23,5049.032,5131.05,5131.05,5212.993,22.0,82.018,81.757,-0.2609999999999957,3,81.943,-0.07500000000000284,2024-07,Emilia Romagna Grand Prix,2024,7,2024-05-19,test,test,81.943,82.018,81.87342353555725,-0.06957646444274701,0.07500000000000284,-0.18599999999999284
SAI,MEDIUM,1,22,23,5053.527,5135.453,5135.453,5217.265,22.0,81.926,82.006,0.0799999999999983,3,81.812,-0.11400000000000432,2024-07,Emilia Romagna Grand Prix,2024,7,2024-05-19,test,test,81.812,81.926,81.97880015111159,0.16680015111158752,0.11400000000000432,0.19400000000000261
HAM,MEDIUM,1,22,23,5059.285,5141.131,5141.131,5222.692,22.0,81.846,82.222,0.37599999999999056,3,81.561,-0.2849999999999966,2024-07,Emilia Romagna Grand Prix,2024,7,2024-05-19,test,test,81.561,81.846,82.06780347092989,0.5068034709298814,0.2849999999999966,0.6609999999999872
PER,HARD,1,22,23,5074.365,5156.236,5156.236,5238.206,22.0,81.871,81.94,0.06900000000000261,3,81.97,0.09900000000000375,2024-07,Emilia Romagna Grand Prix,2024,7,2024-05-19,test,test,81.97,81.871,81.96008191746448,-0.009918082535520512,-0.09900000000000375,-0.030000000000001137
LEC,MEDIUM,1,23,24,5131.05,5212.993,5212.993,5294.593,23.0,81.943,81.943,0.0,3,81.6,-0.3430000000000035,2024-07,Emilia Romagna Grand Prix,2024,7,2024-05-19,test,test,81.6,81.943,81.92422166190843,0.3242216619084388,0.3430000000000035,0.3430000000000035
SAI,MEDIUM,1,23,24,5135.453,5217.265,5217.265,5299.038,23.0,81.812,81.926,0.11400000000000432,3,81.773,-0.03900000000000148,2024-07,Emilia Romagna Grand Prix,2024,7,2024-05-19,test,test,81.773,81.812,81.88117772115274,0.10817772115274238,0.03900000000000148,0.1530000000000058
HAM,MEDIUM,1,23,24,5141.131,5222.692,5222.692,5305.037,23.0,81.561,81.846,0.2849999999999966,3,82.345,0.7839999999999918,2024-07,Emilia Romagna Grand Prix,2024,7,2024-05-19,test,test,82.345,81.561,81.73859943168526,-0.60640056831474,-0.7839999999999918,-0.4989999999999952
PER,HARD,1,23,24,5156.236,5238.206,5238.206,5320.89,23.0,81.97,81.94,-0.030000000000001137,3,82.684,0.7139999999999986,2024-07,Emilia Romagna Grand Prix,2024,7,2024-05-19,test,test,82.684,81.97,82.01186701134128,-0.6721329886587171,-0.7139999999999986,-0.7439999999999998
RUS,HARD,2,23,24,5167.313,5247.982,5247.982,5328.957,2.0,80.669,80.669,0.0,1,80.975,0.3059999999999974,2024-07,Emilia Romagna Grand Prix,2024,7,2024-05-19,test,test,80.975,80.669,80.68432874589871,-0.2906712541012837,-0.3059999999999974,-0.3059999999999974
SAI,MEDIUM,1,24,25,5217.265,5299.038,5299.038,5380.506,24.0,81.773,81.812,0.03900000000000148,3,81.468,-0.3049999999999926,2024-07,Emilia Romagna Grand Prix,2024,7,2024-05-19,test,test,81.468,81.773,81.80621974392783,0.33821974392782295,0.3049999999999926,0.3439999999999941
HAM,MEDIUM,1,24,25,5222.692,5305.037,5305.037,5386.529,24.0,82.345,81.846,-0.4989999999999952,3,81.492,-0.8529999999999944,2024-07,Emilia Romagna Grand Prix,2024,7,2024-05-19,test,test,81.492,82.345,82.14695552993841,0.6549555299384053,0.8529999999999944,0.3539999999999992
PER,HARD,1,24,25,5238.206,5320.89,5320.89,5403.118,24.0,82.684,81.97,-0.7139999999999986,3,82.228,-0.45600000000000307,2024-07,Emilia Romagna Grand Prix,2024,7,2024-05-19,test,test,82.228,82.684,82.3982347569001,0.1702347569001006,0.45600000000000307,-0.25799999999999557
RUS,HARD,2,24,25,5247.982,5328.957,5328.957,5409.908,3.0,80.975,80.822,-0.1529999999999916,2,80.951,-0.02400000000000091,2024-07,Emilia Romagna Grand Prix,2024,7,2024-05-19,test,test,80.951,80.975,80.91755871033108,-0.033441289668914465,0.02400000000000091,-0.12899999999999068
SAI,MEDIUM,1,25,26,5299.038,5380.506,5380.506,5462.094,25.0,81.468,81.773,0.3049999999999926,3,81.588,0.11999999999999034,2024-07,Emilia Romagna Grand Prix,2024,7,2024-05-19,test,test,81.588,81.468,81.6289215982543,0.040921598254300307,-0.11999999999999034,0.18500000000000227
PER,HARD,1,25,26,5320.89,5403.118,5403.118,5485.494,25.0,82.228,82.228,0.0,3,82.376,0.14800000000001035,2024-07,Emilia Romagna Grand Prix,2024,7,2024-05-19,test,test,82.376,82.228,82.28538547338022,-0.0906145266197882,-0.14800000000001035,-0.14800000000001035
RUS,HARD,2,25,26,5328.957,5409.908,5409.908,5491.563,4.0,80.951,80.951,0.0,3,81.655,0.7040000000000077,2024-07,Emilia Romagna Grand Prix,2024,7,2024-05-19,test,test,81.655,80.951,80.9674502945988,-0.6875497054011959,-0.7040000000000077,-0.7040000000000077
VER,HARD,2,26,27,5394.629,5475.111,5475.111,5556.054,2.0,80.482,80.482,0.0,1,80.943,0.4609999999999985,2024-07,Emilia Romagna Grand Prix,2024,7,2024-05-19,test,test,80.943,80.482,80.51590507795035,-0.4270949220496476,-0.4609999999999985,-0.4609999999999985
PER,HARD,1,26,27,5403.118,5485.494,5485.494,5569.267,26.0,82.376,82.376,0.0,3,83.773,1.3969999999999914,2024-07,Emilia Romagna Grand Prix,2024,7,2024-05-19,test,test,83.773,82.376,82.43396160305359,-1.3390383969464068,-1.3969999999999914,-1.3969999999999914
RUS,HARD,2,26,27,5409.908,5491.563,5491.563,5572.299,5.0,81.655,80.975,-0.6800000000000068,3,80.736,-0.9189999999999969,2024-07,Emilia Romagna Grand Prix,2024,7,2024-05-19,test,test,80.736,81.655,81.34572271200302,0.6097227120030198,0.9189999999999969,0.2389999999999901
VER,HARD,2,27,28,5475.111,5556.054,5556.054,5636.763,3.0,80.943,80.7125,-0.23049999999999216,2,80.709,-0.23399999999999466,2024-07,Emilia Romagna Grand Prix,2024,7,2024-05-19,test,test,80.709,80.943,80.86714702269565,0.15814702269564407,0.23399999999999466,0.003500000000002501
LEC,HARD,2,27,28,5485.622,5565.557,5565.557,5646.485,2.0,79.935,79.935,0.0,1,80.928,0.992999999999995,2024-07,Emilia Romagna Grand Prix,2024,7,2024-05-19,test,test,80.928,79.935,79.90932826358299,-1.018671736417005,-0.992999999999995,-0.992999999999995
PER,HARD,1,27,28,5485.494,5569.267,5569.267,5651.498,27.0,83.773,82.376,-1.3969999999999914,3,82.231,-1.5420000000000016,2024-07,Emilia Romagna Grand Prix,2024,7,2024-05-19,test,test,82.231,83.773,83.16140970960268,0.9304097096026851,1.5420000000000016,0.14500000000001023
RUS,HARD,2,27,28,5491.563,5572.299,5572.299,5653.927,6.0,80.736,80.951,0.2149999999999892,3,81.628,0.8919999999999959,2024-07,Emilia Romagna Grand Prix,2024,7,2024-05-19,test,test,81.628,80.736,80.85603679650214,-0.7719632034978616,-0.8919999999999959,-0.6770000000000067
VER,HARD,2,28,29,5556.054,5636.763,5636.763,5717.378,4.0,80.709,80.709,0.0,3,80.615,-0.0940000000000083,2024-07,Emilia Romagna Grand Prix,2024,7,2024-05-19,test,test,80.615,80.709,80.74390597768156,0.12890597768156908,0.0940000000000083,0.0940000000000083
LEC,HARD,2,28,29,5565.557,5646.485,5646.485,5726.987,3.0,80.928,80.4315,-0.4964999999999975,2,80.502,-0.42600000000000193,2024-07,Emilia Romagna Grand Prix,2024,7,2024-05-19,test,test,80.502,80.928,80.66561777946686,0.16361777946686118,0.42600000000000193,-0.07049999999999557
PER,HARD,1,28,29,5569.267,5651.498,5651.498,5733.845,28.0,82.231,82.376,0.14500000000001023,3,82.347,0.11599999999999966,2024-07,Emilia Romagna Grand Prix,2024,7,2024-05-19,test,test,82.347,82.231,82.35898601781288,0.01198601781288744,-0.11599999999999966,0.029000000000010573
RUS,HARD,2,28,29,5572.299,5653.927,5653.927,5735.371,7.0,81.628,81.628,0.0,3,81.444,-0.1839999999999975,2024-07,Emilia Romagna Grand Prix,2024,7,2024-05-19,test,test,81.444,81.628,81.64668979652342,0.20268979652341557,0.1839999999999975,0.1839999999999975
VER,HARD,2,29,30,5636.763,5717.378,5717.378,5797.949,5.0,80.615,80.709,0.0940000000000083,3,80.571,-0.04399999999999693,2024-07,Emilia Romagna Grand Prix,2024,7,2024-05-19,test,test,80.571,80.615,80.69522654039831,0.12422654039831116,0.04399999999999693,0.13800000000000523
LEC,HARD,2,29,30,5646.485,5726.987,5726.987,5807.413,4.0,80.502,80.502,0.0,3,80.426,-0.0759999999999934,2024-07,Emilia Romagna Grand Prix,2024,7,2024-05-19,test,test,80.426,80.502,80.47807499330364,0.05207499330363419,0.0759999999999934,0.0759999999999934
PER,HARD,1,29,30,5651.498,5733.845,5733.845,5817.108,29.0,82.347,82.347,0.0,3,83.263,0.916000000000011,2024-07,Emilia Romagna Grand Prix,2024,7,2024-05-19,test,test,83.263,82.347,82.40565241094131,-0.8573475890586906,-0.916000000000011,-0.916000000000011
SAI,HARD,2,29,30,5652.572,5734.169,5734.169,5814.817,2.0,81.597,81.597,0.0,1,80.648,-0.9489999999999981,2024-07,Emilia Romagna Grand Prix,2024,7,2024-05-19,test,test,80.648,81.597,81.60750850496139,0.9595085049613914,0.9489999999999981,0.9489999999999981
RUS,HARD,2,29,30,5653.927,5735.371,5735.371,5817.469,8.0,81.444,81.444,0.0,3,82.098,0.6539999999999964,2024-07,Emilia Romagna Grand Prix,2024,7,2024-05-19,test,test,82.098,81.444,81.46253764514829,-0.6354623548517111,-0.6539999999999964,-0.6539999999999964
HAM,HARD,2,29,30,5662.496,5743.089,5743.089,5823.675,2.0,80.593,80.593,0.0,1,80.586,-0.007000000000005002,2024-07,Emilia Romagna Grand Prix,2024,7,2024-05-19,test,test,80.586,80.593,80.62791592850779,0.04191592850779102,0.007000000000005002,0.007000000000005002
VER,HARD,2,30,31,5717.378,5797.949,5797.949,5878.494,6.0,80.571,80.615,0.04399999999999693,3,80.545,-0.02599999999999625,2024-07,Emilia Romagna Grand Prix,2024,7,2024-05-19,test,test,80.545,80.571,80.62729889522001,0.08229889522000633,0.02599999999999625,0.06999999999999318
LEC,HARD,2,30,31,5726.987,5807.413,5807.413,5888.357,5.0,80.426,80.502,0.0759999999999934,3,80.944,0.5180000000000007,2024-07,Emilia Romagna Grand Prix,2024,7,2024-05-19,test,test,80.944,80.426,80.43876530504049,-0.5052346949595119,-0.5180000000000007,-0.4420000000000073
SAI,HARD,2,30,31,5734.169,5814.817,5814.817,5895.469,3.0,80.648,81.1225,0.47450000000000614,2,80.652,0.0040000000000048885,2024-07,Emilia Romagna Grand Prix,2024,7,2024-05-19,test,test,80.652,80.648,80.8852221126665,0.23322211266649617,-0.0040000000000048885,0.47050000000000125
PER,HARD,1,30,31,5733.845,5817.108,5817.108,5900.802,30.0,83.263,82.347,-0.916000000000011,3,83.694,0.4309999999999974,2024-07,Emilia Romagna Grand Prix,2024,7,2024-05-19,test,test,83.694,83.263,82.88272000200861,-0.8112799979913916,-0.4309999999999974,-1.3470000000000084
RUS,HARD,2,30,31,5735.371,5817.469,5817.469,5898.986,9.0,82.098,81.628,-0.46999999999999886,3,81.517,-0.5810000000000031,2024-07,Emilia Romagna Grand Prix,2024,7,2024-05-19,test,test,81.517,82.098,81.8918473028031,0.3748473028031043,0.5810000000000031,0.1110000000000042
HAM,HARD,2,30,31,5743.089,5823.675,5823.675,5905.412,3.0,80.586,80.5895,0.003500000000002501,2,81.737,1.1509999999999962,2024-07,Emilia Romagna Grand Prix,2024,7,2024-05-19,test,test,81.737,80.586,80.62283782946953,-1.114162170530463,-1.1509999999999962,-1.1474999999999937
VER,HARD,2,31,32,5797.949,5878.494,5878.494,5959.207,7.0,80.545,80.571,0.02599999999999625,3,80.713,0.16799999999999216,2024-07,Emilia Romagna Grand Prix,2024,7,2024-05-19,test,test,80.713,80.545,80.59282359933123,-0.12017640066876822,-0.16799999999999216,-0.1419999999999959
LEC,HARD,2,31,32,5807.413,5888.357,5888.357,5969.002,6.0,80.944,80.502,-0.4420000000000073,3,80.645,-0.2990000000000066,2024-07,Emilia Romagna Grand Prix,2024,7,2024-05-19,test,test,80.645,80.944,80.70865733444093,0.0636573344409328,0.2990000000000066,-0.14300000000000068
SAI,HARD,2,31,32,5814.817,5895.469,5895.469,5976.105,4.0,80.652,80.652,0.0,3,80.636,-0.016000000000005343,2024-07,Emilia Romagna Grand Prix,2024,7,2024-05-19,test,test,80.636,80.652,80.6609384848467,0.02493848484670025,0.016000000000005343,0.016000000000005343
RUS,HARD,2,31,32,5817.469,5898.986,5898.986,5980.102,10.0,81.517,81.517,0.0,3,81.116,-0.40099999999999625,2024-07,Emilia Romagna Grand Prix,2024,7,2024-05-19,test,test,81.116,81.517,81.53620072776664,0.4202007277666411,0.40099999999999625,0.40099999999999625
PER,HARD,1,31,32,5817.108,5900.802,5900.802,5983.061,31.0,83.694,83.263,-0.4309999999999974,3,82.259,-1.4350000000000023,2024-07,Emilia Romagna Grand Prix,2024,7,2024-05-19,test,test,82.259,83.694,83.54851814808033,1.289518148080333,1.4350000000000023,1.0040000000000049
HAM,HARD,2,31,32,5823.675,5905.412,5905.412,5986.572,4.0,81.737,80.593,-1.1439999999999912,3,81.16,-0.5769999999999982,2024-07,Emilia Romagna Grand Prix,2024,7,2024-05-19,test,test,81.16,81.737,81.22391848142932,0.06391848142932588,0.5769999999999982,-0.5669999999999931
VER,HARD,2,32,33,5878.494,5959.207,5959.207,6040.348,8.0,80.713,80.571,-0.1419999999999959,3,81.141,0.4280000000000115,2024-07,Emilia Romagna Grand Prix,2024,7,2024-05-19,test,test,81.141,80.713,80.68052606445175,-0.4604739355482508,-0.4280000000000115,-0.5700000000000074
LEC,HARD,2,32,33,5888.357,5969.002,5969.002,6049.591,7.0,80.645,80.645,0.0,3,80.589,-0.055999999999997385,2024-07,Emilia Romagna Grand Prix,2024,7,2024-05-19,test,test,80.589,80.645,80.62214310342131,0.03314310342130966,0.055999999999997385,0.055999999999997385
SAI,HARD,2,32,33,5895.469,5976.105,5976.105,6056.829,5.0,80.636,80.648,0.012000000000000455,3,80.724,0.08800000000000807,2024-07,Emilia Romagna Grand Prix,2024,7,2024-05-19,test,test,80.724,80.636,80.6509346852957,-0.07306531470430855,-0.08800000000000807,-0.07600000000000762
RUS,HARD,2,32,33,5898.986,5980.102,5980.102,6061.036,11.0,81.116,81.517,0.40099999999999625,3,80.934,-0.18200000000000216,2024-07,Emilia Romagna Grand Prix,2024,7,2024-05-19,test,test,80.934,81.116,81.3277150155293,0.39371501552929544,0.18200000000000216,0.5829999999999984
PER,HARD,1,32,33,5900.802,5983.061,5983.061,6065.273,32.0,82.259,83.263,1.0040000000000049,3,82.212,-0.046999999999997044,2024-07,Emilia Romagna Grand Prix,2024,7,2024-05-19,test,test,82.212,82.259,82.80179240879896,0.5897924087989566,0.046999999999997044,1.051000000000002
HAM,HARD,2,32,33,5905.412,5986.572,5986.572,6067.514,5.0,81.16,81.16,0.0,3,80.942,-0.21800000000000352,2024-07,Emilia Romagna Grand Prix,2024,7,2024-05-19,test,test,80.942,81.16,81.19691413249463,0.25491413249463335,0.21800000000000352,0.21800000000000352
VER,HARD,2,33,34,5959.207,6040.348,6040.348,6121.108,9.0,81.141,80.713,-0.4280000000000115,3,80.76,-0.3810000000000002,2024-07,Emilia Romagna Grand Prix,2024,7,2024-05-19,test,test,80.76,81.141,80.97196393351672,0.2119639335167136,0.3810000000000002,-0.047000000000011255
LEC,HARD,2,33,34,5969.002,6049.591,6049.591,6130.317,8.0,80.589,80.645,0.055999999999997385,3,80.726,0.13700000000000045,2024-07,Emilia Romagna Grand Prix,2024,7,2024-05-19,test,test,80.726,80.589,80.59324424740272,-0.13275575259727646,-0.13700000000000045,-0.08100000000000307
SAI,HARD,2,33,34,5976.105,6056.829,6056.829,6137.677,6.0,80.724,80.652,-0.07200000000000273,3,80.848,0.12399999999999523,2024-07,Emilia Romagna Grand Prix,2024,7,2024-05-19,test,test,80.848,80.724,80.69892042945953,-0.14907957054046506,-0.12399999999999523,-0.19599999999999795
RUS,HARD,2,33,34,5980.102,6061.036,6061.036,6142.175,12.0,80.934,81.116,0.18200000000000216,3,81.139,0.2049999999999983,2024-07,Emilia Romagna Grand Prix,2024,7,2024-05-19,test,test,81.139,80.934,81.04008546220949,-0.09891453779050607,-0.2049999999999983,-0.022999999999996135
PER,HARD,1,33,34,5983.061,6065.273,6065.273,6147.738,33.0,82.212,82.259,0.046999999999997044,3,82.465,0.2530000000000001,2024-07,Emilia Romagna Grand Prix,2024,7,2024-05-19,test,test,82.465,82.212,82.29399981388117,-0.17100018611883172,-0.2530000000000001,-0.20600000000000307
HAM,HARD,2,33,34,5986.572,6067.514,6067.514,6148.478,6.0,80.942,81.16,0.21800000000000352,3,80.964,0.02200000000000557,2024-07,Emilia Romagna Grand Prix,2024,7,2024-05-19,test,test,80.964,80.942,81.08368753529506,0.11968753529505705,-0.02200000000000557,0.19599999999999795
VER,HARD,2,34,35,6040.348,6121.108,6121.108,6201.908,10.0,80.76,80.76,0.0,3,80.8,0.03999999999999204,2024-07,Emilia Romagna Grand Prix,2024,7,2024-05-19,test,test,80.8,80.76,80.79652669777717,-0.0034733022228294885,-0.03999999999999204,-0.03999999999999204
LEC,HARD,2,34,35,6049.591,6130.317,6130.317,6211.129,9.0,80.726,80.645,-0.08100000000000307,3,80.812,0.08599999999999852,2024-07,Emilia Romagna Grand Prix,2024,7,2024-05-19,test,test,80.812,80.726,80.6648099225442,-0.1471900774558037,-0.08599999999999852,-0.1670000000000016
SAI,HARD,2,34,35,6056.829,6137.677,6137.677,6218.382,7.0,80.848,80.724,-0.12399999999999523,3,80.705,-0.14300000000000068,2024-07,Emilia Romagna Grand Prix,2024,7,2024-05-19,test,test,80.705,80.848,80.79839800802995,0.09339800802995057,0.14300000000000068,0.019000000000005457
RUS,HARD,2,34,35,6061.036,6142.175,6142.175,6223.384,13.0,81.139,81.116,-0.022999999999996135,3,81.209,0.07000000000000739,2024-07,Emilia Romagna Grand Prix,2024,7,2024-05-19,test,test,81.209,81.139,81.14704796698247,-0.06195203301753338,-0.07000000000000739,-0.09300000000000352
PER,HARD,1,34,35,6065.273,6147.738,6147.738,6230.153,34.0,82.465,82.259,-0.20600000000000307,3,82.415,-0.04999999999999716,2024-07,Emilia Romagna Grand Prix,2024,7,2024-05-19,test,test,82.415,82.465,82.42594831604113,0.010948316041123007,0.04999999999999716,-0.1560000000000059
HAM,HARD,2,34,35,6067.514,6148.478,6148.478,6230.643,7.0,80.964,80.964,0.0,3,82.165,1.2010000000000076,2024-07,Emilia Romagna Grand Prix,2024,7,2024-05-19,test,test,82.165,80.964,81.0009871319743,-1.1640128680257078,-1.2010000000000076,-1.2010000000000076
VER,HARD,2,35,36,6121.108,6201.908,6201.908,6282.612,11.0,80.8,80.8,0.0,3,80.704,-0.09600000000000364,2024-07,Emilia Romagna Grand Prix,2024,7,2024-05-19,test,test,80.704,80.8,80.836865916748,0.13286591674800263,0.09600000000000364,0.09600000000000364
LEC,HARD,2,35,36,6130.317,6211.129,6211.129,6291.691,10.0,80.812,80.726,-0.08599999999999852,3,80.562,-0.25,2024-07,Emilia Romagna Grand Prix,2024,7,2024-05-19,test,test,80.562,80.812,80.74884178789843,0.1868417878984303,0.25,0.16400000000000148
SAI,HARD,2,35,36,6137.677,6218.382,6218.382,6299.231,8.0,80.705,80.724,0.019000000000005457,3,80.849,0.14400000000000546,2024-07,Emilia Romagna Grand Prix,2024,7,2024-05-19,test,test,80.849,80.705,80.7242120317475,-0.12478796825250527,-0.14400000000000546,-0.125
RUS,HARD,2,35,36,6142.175,6223.384,6223.384,6304.286,14.0,81.209,81.139,-0.07000000000000739,3,80.902,-0.30700000000000216,2024-07,Emilia Romagna Grand Prix,2024,7,2024-05-19,test,test,80.902,81.209,81.19481535022857,0.2928153502285653,0.30700000000000216,0.23699999999999477
PER,HARD,1,35,36,6147.738,6230.153,6230.153,6313.264,35.0,82.415,82.415,0.0,3,83.111,0.695999999999998,2024-07,Emilia Romagna Grand Prix,2024,7,2024-05-19,test,test,83.111,82.415,82.4753104225364,-0.6356895774636087,-0.695999999999998,-0.695999999999998
HAM,HARD,2,35,36,6148.478,6230.643,6230.643,6313.701,8.0,82.165,80.964,-1.2010000000000076,3,83.058,0.8930000000000007,2024-07,Emilia Romagna Grand Prix,2024,7,2024-05-19,test,test,83.058,82.165,81.62640908252665,-1.4315909174733576,-0.8930000000000007,-2.0940000000000083
VER,HARD,2,36,37,6201.908,6282.612,6282.612,6363.096,12.0,80.704,80.76,0.056000000000011596,3,80.484,-0.21999999999999886,2024-07,Emilia Romagna Grand Prix,2024,7,2024-05-19,test,test,80.484,80.704,80.76787931602477,0.28387931602478034,0.21999999999999886,0.27600000000001046
LEC,HARD,2,36,37,6211.129,6291.691,6291.691,6372.051,11.0,80.562,80.726,0.16400000000000148,3,80.36,-0.20199999999999818,2024-07,Emilia Romagna Grand Prix,2024,7,2024-05-19,test,test,80.36,80.562,80.61895785910755,0.25895785910755365,0.20199999999999818,0.36599999999999966
SAI,HARD,2,36,37,6218.382,6299.231,6299.231,6379.697,9.0,80.849,80.848,-0.0010000000000047748,3,80.466,-0.3830000000000098,2024-07,Emilia Romagna Grand Prix,2024,7,2024-05-19,test,test,80.466,80.849,80.85914634684265,0.3931463468426557,0.3830000000000098,0.382000000000005
RUS,HARD,2,36,37,6223.384,6304.286,6304.286,6385.142,15.0,80.902,81.139,0.23699999999999477,3,80.856,-0.04600000000000648,2024-07,Emilia Romagna Grand Prix,2024,7,2024-05-19,test,test,80.856,80.902,81.0352605495407,0.17926054954070025,0.04600000000000648,0.28300000000000125
HAM,HARD,2,36,37,6230.643,6313.701,6313.701,6394.449,9.0,83.058,82.165,-0.8930000000000007,3,80.748,-2.3100000000000023,2024-07,Emilia Romagna Grand Prix,2024,7,2024-05-19,test,test,80.748,83.058,82.66996827498332,1.921968274983314,2.3100000000000023,1.4170000000000016
VER,HARD,2,37,38,6282.612,6363.096,6363.096,6443.462,13.0,80.484,80.704,0.21999999999999886,3,80.366,-0.117999999999995,2024-07,Emilia Romagna Grand Prix,2024,7,2024-05-19,test,test,80.366,80.484,80.62663912329904,0.26063912329904326,0.117999999999995,0.33799999999999386
LEC,HARD,2,37,38,6291.691,6372.051,6372.051,6452.245,12.0,80.36,80.562,0.20199999999999818,3,80.194,-0.16599999999999682,2024-07,Emilia Romagna Grand Prix,2024,7,2024-05-19,test,test,80.194,80.36,80.43506899882006,0.2410689988200545,0.16599999999999682,0.367999999999995
SAI,HARD,2,37,38,6299.231,6379.697,6379.697,6460.193,10.0,80.466,80.705,0.23900000000000432,3,80.496,0.030000000000001137,2024-07,Emilia Romagna Grand Prix,2024,7,2024-05-19,test,test,80.496,80.466,80.59115414685498,0.09515414685498058,-0.030000000000001137,0.20900000000000318
RUS,HARD,2,37,38,6304.286,6385.142,6385.142,6465.832,16.0,80.856,80.902,0.04600000000000648,3,80.69,-0.16599999999999682,2024-07,Emilia Romagna Grand Prix,2024,7,2024-05-19,test,test,80.69,80.856,80.8974155843675,0.20741558436749585,0.16599999999999682,0.2120000000000033
HAM,HARD,2,37,38,6313.701,6394.449,6394.449,6474.995,10.0,80.748,82.165,1.4170000000000016,3,80.546,-0.20199999999999818,2024-07,Emilia Romagna Grand Prix,2024,7,2024-05-19,test,test,80.546,80.748,81.46776862500222,0.9217686250022155,0.20199999999999818,1.6189999999999998
VER,HARD,2,38,39,6363.096,6443.462,6443.462,6524.009,14.0,80.366,80.484,0.117999999999995,3,80.547,0.18099999999999739,2024-07,Emilia Romagna Grand Prix,2024,7,2024-05-19,test,test,80.547,80.366,80.459503246137,-0.08749675386299316,-0.18099999999999739,-0.06300000000000239
LEC,HARD,2,38,39,6372.051,6452.245,6452.245,6532.752,13.0,80.194,80.36,0.16599999999999682,3,80.507,0.3130000000000024,2024-07,Emilia Romagna Grand Prix,2024,7,2024-05-19,test,test,80.507,80.194,80.25161686036806,-0.25538313963194526,-0.3130000000000024,-0.14700000000000557
SAI,HARD,2,38,39,6379.697,6460.193,6460.193,6540.724,11.0,80.496,80.496,0.0,3,80.531,0.0350000000000108,2024-07,Emilia Romagna Grand Prix,2024,7,2024-05-19,test,test,80.531,80.496,80.50635660036198,-0.02464339963802331,-0.0350000000000108,-0.0350000000000108
RUS,HARD,2,38,39,6385.142,6465.832,6465.832,6546.756,17.0,80.69,80.856,0.16599999999999682,3,80.924,0.23400000000000887,2024-07,Emilia Romagna Grand Prix,2024,7,2024-05-19,test,test,80.924,80.69,80.78910115875597,-0.13489884124403773,-0.23400000000000887,-0.06800000000001205
HAM,HARD,2,38,39,6394.449,6474.995,6474.995,6555.672,11.0,80.546,80.748,0.20199999999999818,3,80.677,0.13100000000000023,2024-07,Emilia Romagna Grand Prix,2024,7,2024-05-19,test,test,80.677,80.546,80.68036980196393,0.0033698019639274435,-0.13100000000000023,0.07099999999999795
VER,HARD,2,39,40,6443.462,6524.009,6524.009,6604.654,15.0,80.547,80.484,-0.06300000000000239,3,80.645,0.09799999999999898,2024-07,Emilia Romagna Grand Prix,2024,7,2024-05-19,test,test,80.645,80.547,80.55397275221652,-0.09102724778347238,-0.09799999999999898,-0.16100000000000136
LEC,HARD,2,39,40,6452.245,6532.752,6532.752,6613.334,14.0,80.507,80.36,-0.14700000000000557,3,80.582,0.07499999999998863,2024-07,Emilia Romagna Grand Prix,2024,7,2024-05-19,test,test,80.582,80.507,80.4147978592617,-0.1672021407382971,-0.07499999999998863,-0.2219999999999942
SAI,HARD,2,39,40,6460.193,6540.724,6540.724,6621.243,12.0,80.531,80.496,-0.0350000000000108,3,80.519,-0.012000000000000455,2024-07,Emilia Romagna Grand Prix,2024,7,2024-05-19,test,test,80.519,80.531,80.52482703105618,0.005827031056170995,0.012000000000000455,-0.023000000000010346
RUS,HARD,2,39,40,6465.832,6546.756,6546.756,6627.912,18.0,80.924,80.856,-0.06800000000001205,3,81.156,0.23199999999999932,2024-07,Emilia Romagna Grand Prix,2024,7,2024-05-19,test,test,81.156,80.924,80.91115937028358,-0.24484062971642118,-0.23199999999999932,-0.30000000000001137
HAM,HARD,2,39,40,6474.995,6555.672,6555.672,6636.509,12.0,80.677,80.677,0.0,3,80.837,0.1599999999999966,2024-07,Emilia Romagna Grand Prix,2024,7,2024-05-19,test,test,80.837,80.677,80.71461493504951,-0.1223850649504925,-0.1599999999999966,-0.1599999999999966
PER,MEDIUM,2,39,40,6504.634,6585.365,6585.365,6665.679,2.0,80.731,80.731,0.0,1,80.314,-0.4170000000000016,2024-07,Emilia Romagna Grand Prix,2024,7,2024-05-19,test,test,80.314,80.731,80.751705359498,0.43770535949801115,0.4170000000000016,0.4170000000000016
VER,HARD,2,40,41,6524.009,6604.654,6604.654,6685.329,16.0,80.645,80.547,-0.09799999999999898,3,80.675,0.030000000000001137,2024-07,Emilia Romagna Grand Prix,2024,7,2024-05-19,test,test,80.675,80.645,80.63558138082051,-0.03941861917948586,-0.030000000000001137,-0.1280000000000001
LEC,HARD,2,40,41,6532.752,6613.334,6613.334,6694.262,15.0,80.582,80.507,-0.07499999999998863,3,80.928,0.34600000000000364,2024-07,Emilia Romagna Grand Prix,2024,7,2024-05-19,test,test,80.928,80.582,80.52489279923701,-0.4031072007629888,-0.34600000000000364,-0.42099999999999227
SAI,HARD,2,40,41,6540.724,6621.243,6621.243,6701.858,13.0,80.519,80.519,0.0,3,80.615,0.09599999999998943,2024-07,Emilia Romagna Grand Prix,2024,7,2024-05-19,test,test,80.615,80.519,80.52991000209956,-0.08508999790043958,-0.09599999999998943,-0.09599999999998943
RUS,HARD,2,40,41,6546.756,6627.912,6627.912,6709.021,19.0,81.156,80.924,-0.23199999999999932,3,81.109,-0.047000000000011255,2024-07,Emilia Romagna Grand Prix,2024,7,2024-05-19,test,test,81.109,81.156,81.06492883495311,-0.04407116504688702,0.047000000000011255,-0.18499999999998806
HAM,HARD,2,40,41,6555.672,6636.509,6636.509,6717.148,13.0,80.837,80.677,-0.1599999999999966,3,80.639,-0.1980000000000075,2024-07,Emilia Romagna Grand Prix,2024,7,2024-05-19,test,test,80.639,80.837,80.79815306727222,0.15915306727222855,0.1980000000000075,0.038000000000010914
PER,MEDIUM,2,40,41,6585.365,6665.679,6665.679,6747.654,3.0,80.314,80.5225,0.2085000000000008,2,81.975,1.6610000000000014,2024-07,Emilia Romagna Grand Prix,2024,7,2024-05-19,test,test,81.975,80.314,80.43446653834168,-1.5405334616583133,-1.6610000000000014,-1.4525000000000006
VER,HARD,2,41,42,6604.654,6685.329,6685.329,6766.161,17.0,80.675,80.645,-0.030000000000001137,3,80.832,0.15699999999999648,2024-07,Emilia Romagna Grand Prix,2024,7,2024-05-19,test,test,80.832,80.675,80.69865099998155,-0.1333490000184412,-0.15699999999999648,-0.1869999999999976
LEC,HARD,2,41,42,6613.334,6694.262,6694.262,6774.502,16.0,80.928,80.582,-0.34600000000000364,3,80.24,-0.6880000000000024,2024-07,Emilia Romagna Grand Prix,2024,7,2024-05-19,test,test,80.24,80.928,80.74137557173826,0.5013755717382651,0.6880000000000024,0.34199999999999875
SAI,HARD,2,41,42,6621.243,6701.858,6701.858,6782.525,14.0,80.615,80.531,-0.08399999999998897,3,80.667,0.05200000000000671,2024-07,Emilia Romagna Grand Prix,2024,7,2024-05-19,test,test,80.667,80.615,80.58591329520432,-0.08108670479568048,-0.05200000000000671,-0.13599999999999568
RUS,HARD,2,41,42,6627.912,6709.021,6709.021,6790.098,20.0,81.109,81.109,0.0,3,81.077,-0.031999999999996476,2024-07,Emilia Romagna Grand Prix,2024,7,2024-05-19,test,test,81.077,81.109,81.12982047444129,0.052820474441290344,0.031999999999996476,0.031999999999996476
HAM,HARD,2,41,42,6636.509,6717.148,6717.148,6797.582,14.0,80.639,80.677,0.038000000000010914,3,80.434,-0.2049999999999983,2024-07,Emilia Romagna Grand Prix,2024,7,2024-05-19,test,test,80.434,80.639,80.69533730231721,0.26133730231721586,0.2049999999999983,0.2430000000000092
PER,MEDIUM,2,41,42,6665.679,6747.654,6747.654,6827.573,4.0,81.975,80.731,-1.2439999999999998,3,79.919,-2.0559999999999974,2024-07,Emilia Romagna Grand Prix,2024,7,2024-05-19,test,test,79.919,81.975,81.39976207364236,1.4807620736423672,2.0559999999999974,0.8119999999999976
VER,HARD,2,42,43,6685.329,6766.161,6766.161,6846.918,18.0,80.832,80.675,-0.15699999999999648,3,80.757,-0.07499999999998863,2024-07,Emilia Romagna Grand Prix,2024,7,2024-05-19,test,test,80.757,80.832,80.79507706752922,0.03807706752921547,0.07499999999998863,-0.08200000000000784
LEC,HARD,2,42,43,6694.262,6774.502,6774.502,6855.444,17.0,80.24,80.582,0.34199999999999875,3,80.942,0.7019999999999982,2024-07,Emilia Romagna Grand Prix,2024,7,2024-05-19,test,test,80.942,80.24,80.38349441679141,-0.5585055832085857,-0.7019999999999982,-0.35999999999999943
SAI,HARD,2,42,43,6701.858,6782.525,6782.525,6863.226,15.0,80.667,80.615,-0.05200000000000671,3,80.701,0.033999999999991815,2024-07,Emilia Romagna Grand Prix,2024,7,2024-05-19,test,test,80.701,80.667,80.65369170175894,-0.047308298241048874,-0.033999999999991815,-0.08599999999999852
RUS,HARD,2,42,43,6709.021,6790.098,6790.098,6870.899,21.0,81.077,81.109,0.031999999999996476,3,80.801,-0.27599999999999625,2024-07,Emilia Romagna Grand Prix,2024,7,2024-05-19,test,test,80.801,81.077,81.11341461711619,0.3124146171161897,0.27599999999999625,0.3079999999999927
HAM,HARD,2,42,43,6717.148,6797.582,6797.582,6877.913,15.0,80.434,80.639,0.2049999999999983,3,80.331,-0.10299999999999443,2024-07,Emilia Romagna Grand Prix,2024,7,2024-05-19,test,test,80.331,80.434,80.57057496987188,0.23957496987188165,0.10299999999999443,0.3079999999999927
PER,MEDIUM,2,42,43,6747.654,6827.573,6827.573,6907.793,5.0,79.919,80.314,0.394999999999996,3,80.22,0.30100000000000193,2024-07,Emilia Romagna Grand Prix,2024,7,2024-05-19,test,test,80.22,79.919,80.12893110692058,-0.09106889307942367,-0.30100000000000193,0.09399999999999409
VER,HARD,2,43,44,6766.161,6846.918,6846.918,6927.752,19.0,80.757,80.757,0.0,3,80.834,0.07699999999999818,2024-07,Emilia Romagna Grand Prix,2024,7,2024-05-19,test,test,80.834,80.757,80.79578338532009,-0.038216614679910776,-0.07699999999999818,-0.07699999999999818
LEC,HARD,2,43,44,6774.502,6855.444,6855.444,6936.146,18.0,80.942,80.928,-0.013999999999995794,3,80.702,-0.23999999999999488,2024-07,Emilia Romagna Grand Prix,2024,7,2024-05-19,test,test,80.702,80.942,80.915817696706,0.21381769670600193,0.23999999999999488,0.2259999999999991
SAI,HARD,2,43,44,6782.525,6863.226,6863.226,6944.292,16.0,80.701,80.667,-0.033999999999991815,3,81.066,0.3650000000000091,2024-07,Emilia Romagna Grand Prix,2024,7,2024-05-19,test,test,81.066,80.701,80.69668749512107,-0.3693125048789341,-0.3650000000000091,-0.3990000000000009
RUS,HARD,2,43,44,6790.098,6870.899,6870.899,6952.063,22.0,80.801,81.077,0.27599999999999625,3,81.164,0.36299999999999955,2024-07,Emilia Romagna Grand Prix,2024,7,2024-05-19,test,test,81.164,80.801,80.95458374223497,-0.20941625776502804,-0.36299999999999955,-0.0870000000000033
HAM,HARD,2,43,44,6797.582,6877.913,6877.913,6958.756,16.0,80.331,80.434,0.10299999999999443,3,80.843,0.5120000000000005,2024-07,Emilia Romagna Grand Prix,2024,7,2024-05-19,test,test,80.843,80.331,80.41847199697409,-0.4245280030259124,-0.5120000000000005,-0.409000000000006
PER,MEDIUM,2,43,44,6827.573,6907.793,6907.793,6988.297,6.0,80.22,80.22,0.0,3,80.504,0.284000000000006,2024-07,Emilia Romagna Grand Prix,2024,7,2024-05-19,test,test,80.504,80.22,80.24059031796104,-0.26340968203896864,-0.284000000000006,-0.284000000000006
VER,HARD,2,44,45,6846.918,6927.752,6927.752,7009.116,20.0,80.834,80.832,-0.0020000000000095497,3,81.364,0.5300000000000011,2024-07,Emilia Romagna Grand Prix,2024,7,2024-05-19,test,test,81.364,80.834,80.87224046413195,-0.49175953586805576,-0.5300000000000011,-0.5320000000000107
LEC,HARD,2,44,45,6855.444,6936.146,6936.146,7016.577,19.0,80.702,80.702,0.0,3,80.431,-0.2710000000000008,2024-07,Emilia Romagna Grand Prix,2024,7,2024-05-19,test,test,80.431,80.702,80.6822858308198,0.2512858308197963,0.2710000000000008,0.2710000000000008
SAI,HARD,2,44,45,6863.226,6944.292,6944.292,7025.548,17.0,81.066,80.701,-0.3650000000000091,3,81.256,0.18999999999999773,2024-07,Emilia Romagna Grand Prix,2024,7,2024-05-19,test,test,81.256,81.066,80.90331282603377,-0.35268717396623117,-0.18999999999999773,-0.5550000000000068
RUS,HARD,2,44,45,6870.899,6952.063,6952.063,7032.991,23.0,81.164,81.077,-0.0870000000000033,3,80.928,-0.2360000000000042,2024-07,Emilia Romagna Grand Prix,2024,7,2024-05-19,test,test,80.928,81.164,81.14379182174004,0.21579182174004075,0.2360000000000042,0.1490000000000009
HAM,HARD,2,44,45,6877.913,6958.756,6958.756,7039.337,17.0,80.843,80.434,-0.409000000000006,3,80.581,-0.26200000000000045,2024-07,Emilia Romagna Grand Prix,2024,7,2024-05-19,test,test,80.581,80.843,80.68524077670116,0.10424077670116105,0.26200000000000045,-0.14700000000000557
PER,MEDIUM,2,44,45,6907.793,6988.297,6988.297,7068.792,7.0,80.504,80.22,-0.284000000000006,3,80.495,-0.009000000000000341,2024-07,Emilia Romagna Grand Prix,2024,7,2024-05-19,test,test,80.495,80.504,80.38867561010007,-0.10632438989993886,0.009000000000000341,-0.2750000000000057
VER,HARD,2,45,46,6927.752,7009.116,7009.116,7089.816,21.0,81.364,80.834,-0.5300000000000011,3,80.7,-0.6640000000000015,2024-07,Emilia Romagna Grand Prix,2024,7,2024-05-19,test,test,80.7,81.364,81.1493422968899,0.44934229688989547,0.6640000000000015,0.13400000000000034
LEC,HARD,2,45,46,6936.146,7016.577,7016.577,7097.173,20.0,80.431,80.702,0.2710000000000008,3,80.596,0.16500000000000625,2024-07,Emilia Romagna Grand Prix,2024,7,2024-05-19,test,test,80.596,80.431,80.54147052817213,-0.05452947182787682,-0.16500000000000625,0.10599999999999454
SAI,HARD,2,45,46,6944.292,7025.548,7025.548,7106.612,18.0,81.256,81.066,-0.18999999999999773,3,81.064,-0.19200000000000728,2024-07,Emilia Romagna Grand Prix,2024,7,2024-05-19,test,test,81.064,81.256,81.17827018858985,0.11427018858985605,0.19200000000000728,0.0020000000000095497
RUS,HARD,2,45,46,6952.063,7032.991,7032.991,7114.218,24.0,80.928,80.928,0.0,3,81.227,0.2990000000000066,2024-07,Emilia Romagna Grand Prix,2024,7,2024-05-19,test,test,81.227,80.928,80.94942932671759,-0.2775706732824119,-0.2990000000000066,-0.2990000000000066
HAM,HARD,2,45,46,6958.756,7039.337,7039.337,7120.281,18.0,80.581,80.581,0.0,3,80.944,0.36299999999999955,2024-07,Emilia Romagna Grand Prix,2024,7,2024-05-19,test,test,80.944,80.581,80.61991319335556,-0.3240868066444449,-0.36299999999999955,-0.36299999999999955
PER,MEDIUM,2,45,46,6988.297,7068.792,7068.792,7149.664,8.0,80.495,80.495,0.0,3,80.872,0.37699999999999534,2024-07,Emilia Romagna Grand Prix,2024,7,2024-05-19,test,test,80.872,80.495,80.51669651133784,-0.3553034886621589,-0.37699999999999534,-0.37699999999999534
VER,HARD,2,46,47,7009.116,7089.816,7089.816,7170.725,22.0,80.7,80.834,0.13400000000000034,3,80.909,0.20900000000000318,2024-07,Emilia Romagna Grand Prix,2024,7,2024-05-19,test,test,80.909,80.7,80.80395414063653,-0.10504585936347155,-0.20900000000000318,-0.07500000000000284
SAI,HARD,2,46,47,7025.548,7106.612,7106.612,7188.676,19.0,81.064,81.066,0.0020000000000095497,3,82.064,1.0,2024-07,Emilia Romagna Grand Prix,2024,7,2024-05-19,test,test,82.064,81.064,81.07857767330822,-0.9854223266917757,-1.0,-0.9979999999999905
RUS,HARD,2,46,47,7032.991,7114.218,7114.218,7195.641,25.0,81.227,81.164,-0.06300000000000239,3,81.423,0.19599999999999795,2024-07,Emilia Romagna Grand Prix,2024,7,2024-05-19,test,test,81.423,81.227,81.21899261631154,-0.20400738368846305,-0.19599999999999795,-0.25900000000000034
HAM,HARD,2,46,47,7039.337,7120.281,7120.281,7201.35,19.0,80.944,80.843,-0.10099999999999909,3,81.069,0.125,2024-07,Emilia Romagna Grand Prix,2024,7,2024-05-19,test,test,81.069,80.944,80.93531409827219,-0.1336859017278158,-0.125,-0.2259999999999991
PER,MEDIUM,2,46,47,7068.792,7149.664,7149.664,7230.178,9.0,80.872,80.504,-0.367999999999995,3,80.514,-0.3580000000000041,2024-07,Emilia Romagna Grand Prix,2024,7,2024-05-19,test,test,80.514,80.872,80.71752704146257,0.2035270414625785,0.3580000000000041,-0.009999999999990905
VER,HARD,2,47,48,7089.816,7170.725,7170.725,7251.648,23.0,80.909,80.909,0.0,3,80.923,0.013999999999995794,2024-07,Emilia Romagna Grand Prix,2024,7,2024-05-19,test,test,80.923,80.909,80.94912271226251,0.026122712262505843,-0.013999999999995794,-0.013999999999995794
SAI,HARD,2,47,48,7106.612,7188.676,7188.676,7269.675,20.0,82.064,81.256,-0.8079999999999927,3,80.999,-1.0649999999999977,2024-07,Emilia Romagna Grand Prix,2024,7,2024-05-19,test,test,80.999,82.064,81.69088464082634,0.6918846408263448,1.0649999999999977,0.257000000000005
RUS,HARD,2,47,48,7114.218,7195.641,7195.641,7277.032,26.0,81.423,81.227,-0.19599999999999795,3,81.391,-0.031999999999996476,2024-07,Emilia Romagna Grand Prix,2024,7,2024-05-19,test,test,81.391,81.423,81.3516143229139,-0.03938567708610208,0.031999999999996476,-0.16400000000000148
HAM,HARD,2,47,48,7120.281,7201.35,7201.35,7282.271,20.0,81.069,80.944,-0.125,3,80.921,-0.14799999999999613,2024-07,Emilia Romagna Grand Prix,2024,7,2024-05-19,test,test,80.921,81.069,81.04928012661108,0.1282801266110738,0.14799999999999613,0.022999999999996135
PER,MEDIUM,2,47,48,7149.664,7230.178,7230.178,7310.383,10.0,80.514,80.514,0.0,3,80.205,-0.3089999999999975,2024-07,Emilia Romagna Grand Prix,2024,7,2024-05-19,test,test,80.205,80.514,80.53624113860492,0.33124113860492344,0.3089999999999975,0.3089999999999975
VER,HARD,2,48,49,7170.725,7251.648,7251.648,7332.471,24.0,80.923,80.909,-0.013999999999995794,3,80.823,-0.10000000000000853,2024-07,Emilia Romagna Grand Prix,2024,7,2024-05-19,test,test,80.823,80.923,80.95666176909991,0.13366176909991623,0.10000000000000853,0.08600000000001273
LEC,HARD,2,48,49,7178.486,7259.999,7259.999,7340.797,23.0,81.513,81.513,0.0,1,80.798,-0.7150000000000034,2024-07,Emilia Romagna Grand Prix,2024,7,2024-05-19,test,test,80.798,81.513,81.49607075177114,0.6980707517711409,0.7150000000000034,0.7150000000000034
SAI,HARD,2,48,49,7188.676,7269.675,7269.675,7350.412,21.0,80.999,81.064,0.06499999999999773,3,80.737,-0.26200000000000045,2024-07,Emilia Romagna Grand Prix,2024,7,2024-05-19,test,test,80.737,80.999,81.044282113035,0.30728211303500075,0.26200000000000045,0.3269999999999982
RUS,HARD,2,48,49,7195.641,7277.032,7277.032,7358.19,27.0,81.391,81.391,0.0,3,81.158,-0.2330000000000041,2024-07,Emilia Romagna Grand Prix,2024,7,2024-05-19,test,test,81.158,81.391,81.41419939447239,0.2561993944723895,0.2330000000000041,0.2330000000000041
HAM,HARD,2,48,49,7201.35,7282.271,7282.271,7363.453,21.0,80.921,80.944,0.022999999999996135,3,81.182,0.2609999999999957,2024-07,Emilia Romagna Grand Prix,2024,7,2024-05-19,test,test,81.182,80.921,80.9724914422675,-0.2095085577325051,-0.2609999999999957,-0.23799999999999955
PER,MEDIUM,2,48,49,7230.178,7310.383,7310.383,7390.329,11.0,80.205,80.514,0.3089999999999975,3,79.946,-0.25900000000000034,2024-07,Emilia Romagna Grand Prix,2024,7,2024-05-19,test,test,79.946,80.205,80.37564525469259,0.42964525469258774,0.25900000000000034,0.5679999999999978
VER,HARD,2,49,50,7251.648,7332.471,7332.471,7413.288,25.0,80.823,80.909,0.08600000000001273,3,80.817,-0.006000000000000227,2024-07,Emilia Romagna Grand Prix,2024,7,2024-05-19,test,test,80.817,80.823,80.90485908214328,0.08785908214328231,0.006000000000000227,0.09200000000001296
LEC,HARD,2,49,50,7259.999,7340.797,7340.797,7421.211,24.0,80.798,81.1555,0.3575000000000017,2,80.414,-0.38400000000000034,2024-07,Emilia Romagna Grand Prix,2024,7,2024-05-19,test,test,80.414,80.798,80.95194438136802,0.5379443813680211,0.38400000000000034,0.741500000000002
SAI,HARD,2,49,50,7269.675,7350.412,7350.412,7431.4,22.0,80.737,80.999,0.26200000000000045,3,80.988,0.2510000000000048,2024-07,Emilia Romagna Grand Prix,2024,7,2024-05-19,test,test,80.988,80.737,80.87684430454718,-0.11115569545282256,-0.2510000000000048,0.01099999999999568
RUS,HARD,2,49,50,7277.032,7358.19,7358.19,7439.681,28.0,81.158,81.391,0.2330000000000041,3,81.491,0.3329999999999984,2024-07,Emilia Romagna Grand Prix,2024,7,2024-05-19,test,test,81.491,81.158,81.2931646730894,-0.19783532691060657,-0.3329999999999984,-0.09999999999999432
HAM,HARD,2,49,50,7282.271,7363.453,7363.453,7444.151,22.0,81.182,81.069,-0.11299999999999955,3,80.698,-0.48400000000000887,2024-07,Emilia Romagna Grand Prix,2024,7,2024-05-19,test,test,80.698,81.182,81.16881077799873,0.47081077799873583,0.48400000000000887,0.3710000000000093
PER,MEDIUM,2,49,50,7310.383,7390.329,7390.329,7470.314,12.0,79.946,80.205,0.25900000000000034,3,79.985,0.03900000000000148,2024-07,Emilia Romagna Grand Prix,2024,7,2024-05-19,test,test,79.985,79.946,80.09224598172686,0.10724598172686228,-0.03900000000000148,0.21999999999999886
VER,HARD,2,50,51,7332.471,7413.288,7413.288,7494.024,26.0,80.817,80.823,0.006000000000000227,3,80.736,-0.08099999999998886,2024-07,Emilia Romagna Grand Prix,2024,7,2024-05-19,test,test,80.736,80.817,80.86056523427276,0.12456523427275101,0.08099999999998886,0.08699999999998909
LEC,HARD,2,50,51,7340.797,7421.211,7421.211,7501.575,25.0,80.414,80.798,0.38400000000000034,3,80.364,-0.04999999999999716,2024-07,Emilia Romagna Grand Prix,2024,7,2024-05-19,test,test,80.364,80.414,80.58011728461246,0.2161172846124515,0.04999999999999716,0.4339999999999975
SAI,HARD,2,50,51,7350.412,7431.4,7431.4,7513.148,23.0,80.988,80.988,0.0,3,81.748,0.7600000000000051,2024-07,Emilia Romagna Grand Prix,2024,7,2024-05-19,test,test,81.748,80.988,81.00245355142341,-0.7455464485765901,-0.7600000000000051,-0.7600000000000051
RUS,HARD,2,50,51,7358.19,7439.681,7439.681,7520.826,29.0,81.491,81.391,-0.09999999999999432,3,81.145,-0.34600000000000364,2024-07,Emilia Romagna Grand Prix,2024,7,2024-05-19,test,test,81.145,81.491,81.4667565042276,0.3217565042276078,0.34600000000000364,0.24600000000000932
HAM,HARD,2,50,51,7363.453,7444.151,7444.151,7524.927,23.0,80.698,80.921,0.2230000000000132,3,80.776,0.07800000000000296,2024-07,Emilia Romagna Grand Prix,2024,7,2024-05-19,test,test,80.776,80.698,80.84583561514906,0.06983561514906,-0.07800000000000296,0.14500000000001023
PER,MEDIUM,2,50,51,7390.329,7470.314,7470.314,7551.346,13.0,79.985,79.985,0.0,3,81.032,1.046999999999997,2024-07,Emilia Romagna Grand Prix,2024,7,2024-05-19,test,test,81.032,79.985,80.00683513768467,-1.0251648623153216,-1.046999999999997,-1.046999999999997
VER,HARD,2,51,52,7413.288,7494.024,7494.024,7574.58,27.0,80.736,80.817,0.08099999999998886,3,80.556,-0.18000000000000682,2024-07,Emilia Romagna Grand Prix,2024,7,2024-05-19,test,test,80.556,80.736,80.81576292591613,0.25976292591613515,0.18000000000000682,0.2609999999999957
LEC,HARD,2,51,52,7421.211,7501.575,7501.575,7581.933,26.0,80.364,80.414,0.04999999999999716,3,80.358,-0.006000000000000227,2024-07,Emilia Romagna Grand Prix,2024,7,2024-05-19,test,test,80.358,80.364,80.36938730819837,0.011387308198365531,0.006000000000000227,0.055999999999997385
SAI,HARD,2,51,52,7431.4,7513.148,7513.148,7594.749,24.0,81.748,80.988,-0.7600000000000051,3,81.601,-0.14700000000000557,2024-07,Emilia Romagna Grand Prix,2024,7,2024-05-19,test,test,81.601,81.748,81.39831665098309,-0.2026833490169082,0.14700000000000557,-0.6129999999999995
HAM,HARD,2,51,52,7444.151,7524.927,7524.927,7606.103,24.0,80.776,80.776,0.0,3,81.176,0.4000000000000057,2024-07,Emilia Romagna Grand Prix,2024,7,2024-05-19,test,test,81.176,80.776,80.81684979438785,-0.3591502056121527,-0.4000000000000057,-0.4000000000000057
PER,MEDIUM,2,51,52,7470.314,7551.346,7551.346,7631.032,14.0,81.032,79.985,-1.046999999999997,3,79.686,-1.3459999999999894,2024-07,Emilia Romagna Grand Prix,2024,7,2024-05-19,test,test,79.686,81.032,80.55209367995386,0.866093679953849,1.3459999999999894,0.2989999999999924
VER,HARD,2,52,53,7494.024,7574.58,7574.58,7655.218,28.0,80.556,80.736,0.18000000000000682,3,80.638,0.08200000000000784,2024-07,Emilia Romagna Grand Prix,2024,7,2024-05-19,test,test,80.638,80.556,80.68330309754485,0.04530309754484563,-0.08200000000000784,0.09799999999999898
LEC,HARD,2,52,53,7501.575,7581.933,7581.933,7662.822,27.0,80.358,80.364,0.006000000000000227,3,80.889,0.5309999999999917,2024-07,Emilia Romagna Grand Prix,2024,7,2024-05-19,test,test,80.889,80.358,80.3424329325218,-0.5465670674781933,-0.5309999999999917,-0.5249999999999915
SAI,HARD,2,52,53,7513.148,7594.749,7594.749,7675.987,25.0,81.601,81.601,0.0,3,81.238,-0.36299999999999955,2024-07,Emilia Romagna Grand Prix,2024,7,2024-05-19,test,test,81.238,81.601,81.6173011875544,0.3793011875544039,0.36299999999999955,0.36299999999999955
HAM,HARD,2,52,53,7524.927,7606.103,7606.103,7687.518,25.0,81.176,80.776,-0.4000000000000057,3,81.415,0.23900000000000432,2024-07,Emilia Romagna Grand Prix,2024,7,2024-05-19,test,test,81.415,81.176,81.02531791354535,-0.3896820864546555,-0.23900000000000432,-0.63900000000001
PER,MEDIUM,2,52,53,7551.346,7631.032,7631.032,7712.176,15.0,79.686,79.985,0.2989999999999924,3,81.144,1.4579999999999984,2024-07,Emilia Romagna Grand Prix,2024,7,2024-05-19,test,test,81.144,79.686,79.85169614416081,-1.2923038558391937,-1.4579999999999984,-1.159000000000006
VER,HARD,2,53,54,7574.58,7655.218,7655.218,7736.136,29.0,80.638,80.638,0.0,3,80.918,0.28000000000000114,2024-07,Emilia Romagna Grand Prix,2024,7,2024-05-19,test,test,80.918,80.638,80.67903708748577,-0.23896291251423918,-0.28000000000000114,-0.28000000000000114
LEC,HARD,2,53,54,7581.933,7662.822,7662.822,7743.22,28.0,80.889,80.364,-0.5249999999999915,3,80.398,-0.49099999999999966,2024-07,Emilia Romagna Grand Prix,2024,7,2024-05-19,test,test,80.398,80.889,80.6190920028812,0.2210920028812069,0.49099999999999966,-0.033999999999991815
SAI,HARD,2,53,54,7594.749,7675.987,7675.987,7756.814,26.0,81.238,81.601,0.36299999999999955,3,80.827,-0.41100000000000136,2024-07,Emilia Romagna Grand Prix,2024,7,2024-05-19,test,test,80.827,81.238,81.42859605658174,0.6015960565817409,0.41100000000000136,0.7740000000000009
HAM,HARD,2,53,54,7606.103,7687.518,7687.518,7768.359,26.0,81.415,81.176,-0.23900000000000432,3,80.841,-0.5740000000000123,2024-07,Emilia Romagna Grand Prix,2024,7,2024-05-19,test,test,80.841,81.415,81.34263963528919,0.5016396352891945,0.5740000000000123,0.33500000000000796
PER,MEDIUM,2,53,54,7631.032,7712.176,7712.176,7792.51,16.0,81.144,81.032,-0.11200000000000898,3,80.334,-0.8100000000000023,2024-07,Emilia Romagna Grand Prix,2024,7,2024-05-19,test,test,80.334,81.144,81.11518693869675,0.7811869386967487,0.8100000000000023,0.6979999999999933
VER,HARD,2,54,55,7655.218,7736.136,7736.136,7817.098,30.0,80.918,80.638,-0.28000000000000114,3,80.962,0.04399999999999693,2024-07,Emilia Romagna Grand Prix,2024,7,2024-05-19,test,test,80.962,80.918,80.82504021317588,-0.13695978682412147,-0.04399999999999693,-0.32399999999999807
LEC,HARD,2,54,55,7662.822,7743.22,7743.22,7823.856,29.0,80.398,80.398,0.0,3,80.636,0.23799999999999955,2024-07,Emilia Romagna Grand Prix,2024,7,2024-05-19,test,test,80.636,80.398,80.38013371372651,-0.25586628627348773,-0.23799999999999955,-0.23799999999999955
SAI,HARD,2,54,55,7675.987,7756.814,7756.814,7837.617,27.0,80.827,81.238,0.41100000000000136,3,80.803,-0.02400000000000091,2024-07,Emilia Romagna Grand Prix,2024,7,2024-05-19,test,test,80.803,80.827,81.04006525026638,0.23706525026638303,0.02400000000000091,0.4350000000000023
HAM,HARD,2,54,55,7687.518,7768.359,7768.359,7849.386,27.0,80.841,81.176,0.33500000000000796,3,81.027,0.18600000000000705,2024-07,Emilia Romagna Grand Prix,2024,7,2024-05-19,test,test,81.027,80.841,81.04410022413636,0.0171002241363567,-0.18600000000000705,0.1490000000000009
RUS,MEDIUM,3,54,55,7709.913,7788.502,7788.502,7868.28,4.0,78.589,78.589,0.0,1,79.778,1.1890000000000072,2024-07,Emilia Romagna Grand Prix,2024,7,2024-05-19,test,test,79.778,78.589,78.57585919214984,-1.2021408078501707,-1.1890000000000072,-1.1890000000000072
PER,MEDIUM,2,54,55,7712.176,7792.51,7792.51,7873.03,17.0,80.334,80.334,0.0,3,80.52,0.18599999999999284,2024-07,Emilia Romagna Grand Prix,2024,7,2024-05-19,test,test,80.52,80.334,80.35760660729744,-0.1623933927025547,-0.18599999999999284,-0.18599999999999284
VER,HARD,2,55,56,7736.136,7817.098,7817.098,7897.588,31.0,80.962,80.918,-0.04399999999999693,3,80.49,-0.4720000000000084,2024-07,Emilia Romagna Grand Prix,2024,7,2024-05-19,test,test,80.49,80.962,80.98305807988868,0.49305807988868366,0.4720000000000084,0.4280000000000115
LEC,HARD,2,55,56,7743.22,7823.856,7823.856,7904.271,30.0,80.636,80.636,0.0,3,80.415,-0.22099999999998943,2024-07,Emilia Romagna Grand Prix,2024,7,2024-05-19,test,test,80.415,80.636,80.61890726898531,0.2039072689853043,0.22099999999998943,0.22099999999998943
SAI,HARD,2,55,56,7756.814,7837.617,7837.617,7918.576,28.0,80.803,80.827,0.02400000000000091,3,80.959,0.1560000000000059,2024-07,Emilia Romagna Grand Prix,2024,7,2024-05-19,test,test,80.959,80.803,80.82986475162475,-0.12913524837524903,-0.1560000000000059,-0.132000000000005
HAM,HARD,2,55,56,7768.359,7849.386,7849.386,7930.683,28.0,81.027,81.027,0.0,3,81.297,0.269999999999996,2024-07,Emilia Romagna Grand Prix,2024,7,2024-05-19,test,test,81.297,81.027,81.06940628947424,-0.2275937105257526,-0.269999999999996,-0.269999999999996
RUS,MEDIUM,3,55,56,7788.502,7868.28,7868.28,7947.851,5.0,79.778,79.18350000000001,-0.5944999999999965,2,79.571,-0.20700000000000784,2024-07,Emilia Romagna Grand Prix,2024,7,2024-05-19,test,test,79.571,79.778,79.48137676055845,-0.0896232394415506,0.20700000000000784,-0.38749999999998863
PER,MEDIUM,2,55,56,7792.51,7873.03,7873.03,7953.32,18.0,80.52,80.52,0.0,3,80.29,-0.22999999999998977,2024-07,Emilia Romagna Grand Prix,2024,7,2024-05-19,test,test,80.29,80.52,80.5442660944402,0.2542660944401973,0.22999999999998977,0.22999999999998977
VER,HARD,2,56,57,7817.098,7897.588,7897.588,7978.099,32.0,80.49,80.918,0.4280000000000115,3,80.511,0.021000000000000796,2024-07,Emilia Romagna Grand Prix,2024,7,2024-05-19,test,test,80.511,80.49,80.73761391318313,0.2266139131831295,-0.021000000000000796,0.4070000000000107
LEC,HARD,2,56,57,7823.856,7904.271,7904.271,7985.023,31.0,80.415,80.415,0.0,3,80.752,0.3369999999999891,2024-07,Emilia Romagna Grand Prix,2024,7,2024-05-19,test,test,80.752,80.415,80.39767395375839,-0.35432604624161,-0.3369999999999891,-0.3369999999999891
SAI,HARD,2,56,57,7837.617,7918.576,7918.576,7999.335,29.0,80.959,80.827,-0.132000000000005,3,80.759,-0.20000000000000284,2024-07,Emilia Romagna Grand Prix,2024,7,2024-05-19,test,test,80.759,80.959,80.91132071739855,0.15232071739855257,0.20000000000000284,0.06799999999999784
HAM,HARD,2,56,57,7849.386,7930.683,7930.683,8012.347,29.0,81.297,81.027,-0.269999999999996,3,81.664,0.36700000000000443,2024-07,Emilia Romagna Grand Prix,2024,7,2024-05-19,test,test,81.664,81.297,81.21020399904208,-0.4537960009579223,-0.36700000000000443,-0.6370000000000005
RUS,MEDIUM,3,56,57,7868.28,7947.851,7947.851,8027.308,6.0,79.571,79.571,0.0,3,79.457,-0.11400000000000432,2024-07,Emilia Romagna Grand Prix,2024,7,2024-05-19,test,test,79.457,79.571,79.56051627318112,0.10351627318112833,0.11400000000000432,0.11400000000000432
PER,MEDIUM,2,56,57,7873.03,7953.32,7953.32,8033.548,19.0,80.29,80.334,0.04399999999999693,3,80.228,-0.06200000000001182,2024-07,Emilia Romagna Grand Prix,2024,7,2024-05-19,test,test,80.228,80.29,80.3352057248918,0.10720572489179858,0.06200000000001182,0.10600000000000875
VER,HARD,2,57,58,7897.588,7978.099,7978.099,8058.612,33.0,80.511,80.511,0.0,3,80.513,0.0020000000000095497,2024-07,Emilia Romagna Grand Prix,2024,7,2024-05-19,test,test,80.513,80.511,80.55276439511331,0.03976439511330909,-0.0020000000000095497,-0.0020000000000095497
LEC,HARD,2,57,58,7904.271,7985.023,7985.023,8065.576,32.0,80.752,80.636,-0.11599999999999966,3,80.553,-0.19899999999999807,2024-07,Emilia Romagna Grand Prix,2024,7,2024-05-19,test,test,80.553,80.752,80.67979304453618,0.12679304453618556,0.19899999999999807,0.08299999999999841
SAI,HARD,2,57,58,7918.576,7999.335,7999.335,8080.127,30.0,80.759,80.803,0.04399999999999693,3,80.792,0.03300000000000125,2024-07,Emilia Romagna Grand Prix,2024,7,2024-05-19,test,test,80.792,80.759,80.7959042210898,0.0039042210897974883,-0.03300000000000125,0.01099999999999568
HAM,HARD,2,57,58,7930.683,8012.347,8012.347,8093.908,30.0,81.664,81.297,-0.36700000000000443,3,81.561,-0.10299999999999443,2024-07,Emilia Romagna Grand Prix,2024,7,2024-05-19,test,test,81.561,81.664,81.53154028645072,-0.029459713549286448,0.10299999999999443,-0.26400000000001
RUS,MEDIUM,3,57,58,7947.851,8027.308,8027.308,8106.924,7.0,79.457,79.571,0.11400000000000432,3,79.616,0.15900000000000603,2024-07,Emilia Romagna Grand Prix,2024,7,2024-05-19,test,test,79.616,79.457,79.5014260036533,-0.11457399634670651,-0.15900000000000603,-0.045000000000001705
PER,MEDIUM,2,57,58,7953.32,8033.548,8033.548,8113.833,20.0,80.228,80.29,0.06200000000001182,3,80.285,0.05700000000000216,2024-07,Emilia Romagna Grand Prix,2024,7,2024-05-19,test,test,80.285,80.228,80.28199093096276,-0.003009069037233303,-0.05700000000000216,0.005000000000009663
VER,HARD,2,58,59,7978.099,8058.612,8058.612,8138.979,34.0,80.513,80.511,-0.0020000000000095497,3,80.367,-0.1460000000000008,2024-07,Emilia Romagna Grand Prix,2024,7,2024-05-19,test,test,80.367,80.513,80.55405695260397,0.18705695260396737,0.1460000000000008,0.14399999999999125
LEC,HARD,2,58,59,7985.023,8065.576,8065.576,8146.082,33.0,80.553,80.553,0.0,3,80.506,-0.046999999999997044,2024-07,Emilia Romagna Grand Prix,2024,7,2024-05-19,test,test,80.506,80.553,80.53647962152178,0.030479621521777744,0.046999999999997044,0.046999999999997044
SAI,HARD,2,58,59,7999.335,8080.127,8080.127,8160.867,31.0,80.792,80.792,0.0,3,80.74,-0.05200000000000671,2024-07,Emilia Romagna Grand Prix,2024,7,2024-05-19,test,test,80.74,80.792,80.80803539650026,0.0680353965002638,0.05200000000000671,0.05200000000000671
HAM,HARD,2,58,59,8012.347,8093.908,8093.908,8174.557,31.0,81.561,81.561,0.0,3,80.649,-0.9120000000000061,2024-07,Emilia Romagna Grand Prix,2024,7,2024-05-19,test,test,80.649,81.561,81.60533210407978,0.9563321040797774,0.9120000000000061,0.9120000000000061
RUS,MEDIUM,3,58,59,8027.308,8106.924,8106.924,8186.805,8.0,79.616,79.571,-0.045000000000001705,3,79.881,0.26500000000000057,2024-07,Emilia Romagna Grand Prix,2024,7,2024-05-19,test,test,79.881,79.616,79.58444359426379,-0.29655640573621156,-0.26500000000000057,-0.3100000000000023
PER,MEDIUM,2,58,59,8033.548,8113.833,8113.833,8193.926,21.0,80.285,80.285,0.0,3,80.093,-0.19199999999999307,2024-07,Emilia Romagna Grand Prix,2024,7,2024-05-19,test,test,80.093,80.285,80.30950501709904,0.21650501709903835,0.19199999999999307,0.19199999999999307
VER,HARD,2,59,60,8058.612,8138.979,8138.979,8219.616,35.0,80.367,80.511,0.14399999999999125,3,80.637,0.269999999999996,2024-07,Emilia Romagna Grand Prix,2024,7,2024-05-19,test,test,80.637,80.367,80.47830935148485,-0.15869064851514736,-0.269999999999996,-0.12600000000000477
LEC,HARD,2,59,60,8065.576,8146.082,8146.082,8226.775,34.0,80.506,80.553,0.046999999999997044,3,80.693,0.1869999999999976,2024-07,Emilia Romagna Grand Prix,2024,7,2024-05-19,test,test,80.693,80.506,80.51226564001324,-0.1807343599867579,-0.1869999999999976,-0.14000000000000057
SAI,HARD,2,59,60,8080.127,8160.867,8160.867,8241.859,32.0,80.74,80.759,0.019000000000005457,3,80.992,0.25200000000000955,2024-07,Emilia Romagna Grand Prix,2024,7,2024-05-19,test,test,80.992,80.74,80.76532419075279,-0.22667580924721165,-0.25200000000000955,-0.2330000000000041
HAM,HARD,2,59,60,8093.908,8174.557,8174.557,8255.186,32.0,80.649,81.561,0.9120000000000061,3,80.629,-0.01999999999999602,2024-07,Emilia Romagna Grand Prix,2024,7,2024-05-19,test,test,80.629,80.649,81.13084962799378,0.5018496279937779,0.01999999999999602,0.9320000000000022
RUS,MEDIUM,3,59,60,8106.924,8186.805,8186.805,8266.898,9.0,79.881,79.616,-0.26500000000000057,3,80.093,0.2120000000000033,2024-07,Emilia Romagna Grand Prix,2024,7,2024-05-19,test,test,80.093,79.881,79.74431293601292,-0.3486870639870858,-0.2120000000000033,-0.47700000000000387
PER,MEDIUM,2,59,60,8113.833,8193.926,8193.926,8274.334,22.0,80.093,80.228,0.1349999999999909,3,80.408,0.3149999999999977,2024-07,Emilia Romagna Grand Prix,2024,7,2024-05-19,test,test,80.408,80.093,80.18235833751031,-0.22564166248969286,-0.3149999999999977,-0.18000000000000682
VER,HARD,2,60,61,8138.979,8219.616,8219.616,8300.314,36.0,80.637,80.513,-0.12399999999999523,3,80.698,0.06099999999999284,2024-07,Emilia Romagna Grand Prix,2024,7,2024-05-19,test,test,80.698,80.637,80.62007036506346,-0.07792963493653815,-0.06099999999999284,-0.18499999999998806
LEC,HARD,2,60,61,8146.082,8226.775,8226.775,8307.558,35.0,80.693,80.553,-0.14000000000000057,3,80.783,0.09000000000000341,2024-07,Emilia Romagna Grand Prix,2024,7,2024-05-19,test,test,80.783,80.693,80.60985839576612,-0.17314160423387648,-0.09000000000000341,-0.23000000000000398
SAI,HARD,2,60,61,8160.867,8241.859,8241.859,8323.237,33.0,80.992,80.792,-0.20000000000000284,3,81.378,0.3859999999999957,2024-07,Emilia Romagna Grand Prix,2024,7,2024-05-19,test,test,81.378,80.992,80.91264666747831,-0.465353332521687,-0.3859999999999957,-0.5859999999999985
HAM,HARD,2,60,61,8174.557,8255.186,8255.186,8335.912,33.0,80.629,80.649,0.01999999999999602,3,80.726,0.0969999999999942,2024-07,Emilia Romagna Grand Prix,2024,7,2024-05-19,test,test,80.726,80.629,80.68142364110183,-0.04457635889816913,-0.0969999999999942,-0.07699999999999818
RUS,MEDIUM,3,60,61,8186.805,8266.898,8266.898,8347.601,10.0,80.093,79.881,-0.2120000000000033,3,80.703,0.6099999999999994,2024-07,Emilia Romagna Grand Prix,2024,7,2024-05-19,test,test,80.703,80.093,79.98255701349926,-0.7204429865007427,-0.6099999999999994,-0.8220000000000027
PER,MEDIUM,2,60,61,8193.926,8274.334,8274.334,8355.167,23.0,80.408,80.285,-0.12300000000000466,3,80.833,0.42499999999999716,2024-07,Emilia Romagna Grand Prix,2024,7,2024-05-19,test,test,80.833,80.408,80.37403458393551,-0.45896541606448693,-0.42499999999999716,-0.5480000000000018
VER,HARD,2,61,62,8219.616,8300.314,8300.314,8381.067,37.0,80.698,80.637,-0.06099999999999284,3,80.753,0.05500000000000682,2024-07,Emilia Romagna Grand Prix,2024,7,2024-05-19,test,test,80.753,80.698,80.71179972634364,-0.04120027365635792,-0.05500000000000682,-0.11599999999999966
LEC,HARD,2,61,62,8226.775,8307.558,8307.558,8388.865,36.0,80.783,80.693,-0.09000000000000341,3,81.307,0.5240000000000009,2024-07,Emilia Romagna Grand Prix,2024,7,2024-05-19,test,test,81.307,80.783,80.72438989588714,-0.5826101041128595,-0.5240000000000009,-0.6140000000000043
SAI,HARD,2,61,62,8241.859,8323.237,8323.237,8404.207,34.0,81.378,80.992,-0.3859999999999957,3,80.97,-0.40800000000000125,2024-07,Emilia Romagna Grand Prix,2024,7,2024-05-19,test,test,80.97,81.378,81.21015760514216,0.24015760514215856,0.40800000000000125,0.02200000000000557
HAM,HARD,2,61,62,8255.186,8335.912,8335.912,8416.557,34.0,80.726,80.649,-0.07699999999999818,3,80.645,-0.08100000000000307,2024-07,Emilia Romagna Grand Prix,2024,7,2024-05-19,test,test,80.645,80.726,80.73216765175417,0.08716765175417152,0.08100000000000307,0.0040000000000048885
RUS,MEDIUM,3,61,62,8266.898,8347.601,8347.601,8429.164,11.0,80.703,80.093,-0.6099999999999994,3,81.563,0.8599999999999994,2024-07,Emilia Romagna Grand Prix,2024,7,2024-05-19,test,test,81.563,80.703,80.4024490963669,-1.1605509036331085,-0.8599999999999994,-1.4699999999999989
PER,MEDIUM,2,61,62,8274.334,8355.167,8355.167,8435.934,24.0,80.833,80.408,-0.42499999999999716,3,80.767,-0.0660000000000025,2024-07,Emilia Romagna Grand Prix,2024,7,2024-05-19,test,test,80.767,80.833,80.65475944006141,-0.11224055993858428,0.0660000000000025,-0.35899999999999466
VER,HARD,2,62,63,8300.314,8381.067,8381.067,8462.102,38.0,80.753,80.698,-0.05500000000000682,3,81.035,0.2819999999999965,2024-07,Emilia Romagna Grand Prix,2024,7,2024-05-19,test,test,81.035,80.753,80.77006176161105,-0.26493823838895025,-0.2819999999999965,-0.3370000000000033
LEC,HARD,2,62,63,8307.558,8388.865,8388.865,8470.018,37.0,81.307,80.783,-0.5240000000000009,3,81.153,-0.15399999999999636,2024-07,Emilia Romagna Grand Prix,2024,7,2024-05-19,test,test,81.153,81.307,81.04075385544586,-0.11224614455414894,0.15399999999999636,-0.37000000000000455
SAI,HARD,2,62,63,8323.237,8404.207,8404.207,8484.427,35.0,80.97,80.992,0.02200000000000557,3,80.22,-0.75,2024-07,Emilia Romagna Grand Prix,2024,7,2024-05-19,test,test,80.22,80.97,80.99802810161923,0.7780281016192276,0.75,0.7720000000000056
HAM,HARD,2,62,63,8335.912,8416.557,8416.557,8497.206,35.0,80.645,80.645,0.0,3,80.649,0.0040000000000048885,2024-07,Emilia Romagna Grand Prix,2024,7,2024-05-19,test,test,80.649,80.645,80.68832864740833,0.03932864740832542,-0.0040000000000048885,-0.0040000000000048885
RUS,MEDIUM,3,62,63,8347.601,8429.164,8429.164,8509.256,12.0,81.563,80.703,-0.8599999999999994,3,80.092,-1.4710000000000036,2024-07,Emilia Romagna Grand Prix,2024,7,2024-05-19,test,test,80.092,81.563,81.1441740804359,1.052174080435904,1.4710000000000036,0.6110000000000042
PER,MEDIUM,2,62,63,8355.167,8435.934,8435.934,8516.878,25.0,80.767,80.767,0.0,3,80.944,0.1770000000000067,2024-07,Emilia Romagna Grand Prix,2024,7,2024-05-19,test,test,80.944,80.767,80.79356823785473,-0.1504317621452742,-0.1770000000000067,-0.1770000000000067
