Time,Driver,DriverNumber,LapTime,LapNumber,Stint,PitOutTime,PitInTime,Sector1Time,Sector2Time,Sector3Time,Sector1SessionTime,Sector2SessionTime,Sector3SessionTime,SpeedI1,SpeedI2,SpeedFL,SpeedST,IsPersonalBest,Compound,TyreLife,FreshTyre,Team,LapStartTime,LapStartDate,TrackStatus,Position,Deleted,DeletedReason,FastF1Generated,IsAccurate,EventKey,EventName,Year,RoundNumber,EventDate,Role
0 days 01:01:37.489000,VER,1,0 days 00:01:37.284000,1.0,1.0,,,,0 days 00:00:41.266000,0 days 00:00:23.616000,,0 days 01:01:13.987000,0 days 01:01:37.669000,234.0,250.0,276.0,251.0,False,SOFT,4.0,False,Red Bull Racing,0 days 00:59:59.911000,,12,1.0,False,,False,False,2024-01,Bahrain Grand Prix,2024,1,2024-03-02,train
0 days 01:03:13.785000,VER,1,0 days 00:01:36.296000,2.0,1.0,,,0 days 00:00:30.916000,0 days 00:00:41.661000,0 days 00:00:23.719000,0 days 01:02:08.426000,0 days 01:02:50.087000,0 days 01:03:13.806000,232.0,248.0,276.0,287.0,True,SOFT,5.0,False,Red Bull Racing,0 days 01:01:37.489000,,1,1.0,False,,False,True,2024-01,Bahrain Grand Prix,2024,1,2024-03-02,train
0 days 01:04:50.538000,VER,1,0 days 00:01:36.753000,3.0,1.0,,,0 days 00:00:30.999000,0 days 00:00:41.966000,0 days 00:00:23.788000,0 days 01:03:44.805000,0 days 01:04:26.771000,0 days 01:04:50.559000,231.0,243.0,276.0,290.0,False,SOFT,6.0,False,Red Bull Racing,0 days 01:03:13.785000,,1,1.0,False,,False,True,2024-01,Bahrain Grand Prix,2024,1,2024-03-02,train
0 days 01:06:27.185000,VER,1,0 days 00:01:36.647000,4.0,1.0,,,0 days 00:00:30.931000,0 days 00:00:41.892000,0 days 00:00:23.824000,0 days 01:05:21.490000,0 days 01:06:03.382000,0 days 01:06:27.206000,233.0,253.0,276.0,290.0,False,SOFT,7.0,False,Red Bull Racing,0 days 01:04:50.538000,,1,1.0,False,,False,True,2024-01,Bahrain Grand Prix,2024,1,2024-03-02,train
0 days 01:08:04.358000,VER,1,0 days 00:01:37.173000,5.0,1.0,,,0 days 00:00:31.255000,0 days 00:00:42.056000,0 days 00:00:23.862000,0 days 01:06:58.461000,0 days 01:07:40.517000,0 days 01:08:04.379000,231.0,245.0,276.0,289.0,False,SOFT,8.0,False,Red Bull Racing,0 days 01:06:27.185000,,1,1.0,False,,False,True,2024-01,Bahrain Grand Prix,2024,1,2024-03-02,train
0 days 01:09:41.450000,VER,1,0 days 00:01:37.092000,6.0,1.0,,,0 days 00:00:31.041000,0 days 00:00:42.187000,0 days 00:00:23.864000,0 days 01:08:35.420000,0 days 01:09:17.607000,0 days 01:09:41.471000,231.0,247.0,276.0,296.0,False,SOFT,9.0,False,Red Bull Racing,0 days 01:08:04.358000,,1,1.0,False,,False,True,2024-01,Bahrain Grand Prix,2024,1,2024-03-02,train
0 days 01:11:18.488000,VER,1,0 days 00:01:37.038000,7.0,1.0,,,0 days 00:00:31.015000,0 days 00:00:42.118000,0 days 00:00:23.905000,0 days 01:10:12.486000,0 days 01:10:54.604000,0 days 01:11:18.509000,232.0,242.0,277.0,291.0,False,SOFT,10.0,False,Red Bull Racing,0 days 01:09:41.450000,,1,1.0,False,,False,True,2024-01,Bahrain Grand Prix,2024,1,2024-03-02,train
0 days 01:12:55.512000,VER,1,0 days 00:01:37.024000,8.0,1.0,,,0 days 00:00:31.041000,0 days 00:00:42.077000,0 days 00:00:23.906000,0 days 01:11:49.550000,0 days 01:12:31.627000,0 days 01:12:55.533000,231.0,250.0,277.0,291.0,False,SOFT,11.0,False,Red Bull Racing,0 days 01:11:18.488000,,1,1.0,False,,False,True,2024-01,Bahrain Grand Prix,2024,1,2024-03-02,train
0 days 01:14:32.741000,VER,1,0 days 00:01:37.229000,9.0,1.0,,,0 days 00:00:31.100000,0 days 00:00:42.166000,0 days 00:00:23.963000,0 days 01:13:26.633000,0 days 01:14:08.799000,0 days 01:14:32.762000,231.0,243.0,276.0,292.0,False,SOFT,12.0,False,Red Bull Racing,0 days 01:12:55.512000,,1,1.0,False,,False,True,2024-01,Bahrain Grand Prix,2024,1,2024-03-02,train
0 days 01:16:09.701000,VER,1,0 days 00:01:36.960000,10.0,1.0,,,0 days 00:00:30.986000,0 days 00:00:42.009000,0 days 00:00:23.965000,0 days 01:15:03.748000,0 days 01:15:45.757000,0 days 01:16:09.722000,232.0,244.0,277.0,293.0,False,SOFT,13.0,False,Red Bull Racing,0 days 01:14:32.741000,,12,1.0,False,,False,True,2024-01,Bahrain Grand Prix,2024,1,2024-03-02,train
0 days 01:17:46.786000,VER,1,0 days 00:01:37.085000,11.0,1.0,,,0 days 00:00:30.974000,0 days 00:00:42.142000,0 days 00:00:23.969000,0 days 01:16:40.696000,0 days 01:17:22.838000,0 days 01:17:46.807000,232.0,246.0,277.0,292.0,False,SOFT,14.0,False,Red Bull Racing,0 days 01:16:09.701000,,21,1.0,False,,False,True,2024-01,Bahrain Grand Prix,2024,1,2024-03-02,train
0 days 01:19:23.831000,VER,1,0 days 00:01:37.045000,12.0,1.0,,,0 days 00:00:30.966000,0 days 00:00:42.091000,0 days 00:00:23.988000,0 days 01:18:17.773000,0 days 01:18:59.864000,0 days 01:19:23.852000,234.0,249.0,277.0,292.0,False,SOFT,15.0,False,Red Bull Racing,0 days 01:17:46.786000,,1,1.0,False,,False,True,2024-01,Bahrain Grand Prix,2024,1,2024-03-02,train
0 days 01:21:00.861000,VER,1,0 days 00:01:37.030000,13.0,1.0,,,0 days 00:00:30.964000,0 days 00:00:42.055000,0 days 00:00:24.011000,0 days 01:19:54.816000,0 days 01:20:36.871000,0 days 01:21:00.882000,233.0,251.0,277.0,292.0,False,SOFT,16.0,False,Red Bull Racing,0 days 01:19:23.831000,,1,1.0,False,,False,True,2024-01,Bahrain Grand Prix,2024,1,2024-03-02,train
0 days 01:22:37.889000,VER,1,0 days 00:01:37.028000,14.0,1.0,,,0 days 00:00:30.938000,0 days 00:00:42.042000,0 days 00:00:24.048000,0 days 01:21:31.820000,0 days 01:22:13.862000,0 days 01:22:37.910000,233.0,253.0,277.0,293.0,False,SOFT,17.0,False,Red Bull Racing,0 days 01:21:00.861000,,1,1.0,False,,False,True,2024-01,Bahrain Grand Prix,2024,1,2024-03-02,train
0 days 01:24:14.900000,VER,1,0 days 00:01:37.011000,15.0,1.0,,,0 days 00:00:30.887000,0 days 00:00:42.058000,0 days 00:00:24.066000,0 days 01:23:08.797000,0 days 01:23:50.855000,0 days 01:24:14.921000,232.0,254.0,276.0,293.0,False,SOFT,18.0,False,Red Bull Racing,0 days 01:22:37.889000,,1,1.0,False,,False,True,2024-01,Bahrain Grand Prix,2024,1,2024-03-02,train
0 days 01:25:52.068000,VER,1,0 days 00:01:37.168000,16.0,1.0,,,0 days 00:00:31.048000,0 days 00:00:42.032000,0 days 00:00:24.088000,0 days 01:24:45.969000,0 days 01:25:28.001000,0 days 01:25:52.089000,233.0,260.0,277.0,292.0,False,SOFT,19.0,False,Red Bull Racing,0 days 01:24:14.900000,,1,1.0,False,,False,True,2024-01,Bahrain Grand Prix,2024,1,2024-03-02,train
0 days 01:27:31.964000,VER,1,0 days 00:01:39.896000,17.0,1.0,,0 days 01:27:30.291000,0 days 00:00:31.006000,0 days 00:00:42.060000,0 days 00:00:26.830000,0 days 01:26:23.095000,0 days 01:27:05.155000,0 days 01:27:31.985000,232.0,262.0,,293.0,False,SOFT,20.0,False,Red Bull Racing,0 days 01:25:52.068000,,1,1.0,False,,False,False,2024-01,Bahrain Grand Prix,2024,1,2024-03-02,train
0 days 01:29:29.818000,VER,1,0 days 00:01:57.854000,18.0,2.0,0 days 01:27:55.379000,,0 days 00:00:52.815000,0 days 00:00:41.511000,0 days 00:00:23.528000,0 days 01:28:24.800000,0 days 01:29:06.311000,0 days 01:29:29.839000,232.0,252.0,277.0,212.0,False,HARD,1.0,True,Red Bull Racing,0 days 01:27:31.964000,,1,1.0,False,,False,False,2024-01,Bahrain Grand Prix,2024,1,2024-03-02,train
0 days 01:31:05.101000,VER,1,0 days 00:01:35.283000,19.0,2.0,,,0 days 00:00:30.628000,0 days 00:00:41.162000,0 days 00:00:23.493000,0 days 01:30:00.467000,0 days 01:30:41.629000,0 days 01:31:05.122000,233.0,248.0,278.0,288.0,True,HARD,2.0,True,Red Bull Racing,0 days 01:29:29.818000,,1,1.0,False,,False,True,2024-01,Bahrain Grand Prix,2024,1,2024-03-02,train
0 days 01:32:40.261000,VER,1,0 days 00:01:35.160000,20.0,2.0,,,0 days 00:00:30.585000,0 days 00:00:41.100000,0 days 00:00:23.475000,0 days 01:31:35.707000,0 days 01:32:16.807000,0 days 01:32:40.282000,233.0,256.0,278.0,291.0,True,HARD,3.0,True,Red Bull Racing,0 days 01:31:05.101000,,1,1.0,False,,False,True,2024-01,Bahrain Grand Prix,2024,1,2024-03-02,train
0 days 01:34:15.577000,VER,1,0 days 00:01:35.316000,21.0,2.0,,,0 days 00:00:30.576000,0 days 00:00:41.240000,0 days 00:00:23.500000,0 days 01:33:10.858000,0 days 01:33:52.098000,0 days 01:34:15.598000,235.0,251.0,278.0,293.0,False,HARD,4.0,True,Red Bull Racing,0 days 01:32:40.261000,,1,1.0,False,,False,True,2024-01,Bahrain Grand Prix,2024,1,2024-03-02,train
0 days 01:35:50.781000,VER,1,0 days 00:01:35.204000,22.0,2.0,,,0 days 00:00:30.560000,0 days 00:00:41.142000,0 days 00:00:23.502000,0 days 01:34:46.158000,0 days 01:35:27.300000,0 days 01:35:50.802000,234.0,254.0,279.0,294.0,False,HARD,5.0,True,Red Bull Racing,0 days 01:34:15.577000,,1,1.0,False,,False,True,2024-01,Bahrain Grand Prix,2024,1,2024-03-02,train
0 days 01:37:25.997000,VER,1,0 days 00:01:35.216000,23.0,2.0,,,0 days 00:00:30.553000,0 days 00:00:41.145000,0 days 00:00:23.518000,0 days 01:36:21.355000,0 days 01:37:02.500000,0 days 01:37:26.018000,234.0,253.0,279.0,294.0,False,HARD,6.0,True,Red Bull Racing,0 days 01:35:50.781000,,1,1.0,False,,False,True,2024-01,Bahrain Grand Prix,2024,1,2024-03-02,train
0 days 01:39:01.286000,VER,1,0 days 00:01:35.289000,24.0,2.0,,,0 days 00:00:30.548000,0 days 00:00:41.257000,0 days 00:00:23.484000,0 days 01:37:56.566000,0 days 01:38:37.823000,0 days 01:39:01.307000,234.0,257.0,279.0,294.0,False,HARD,7.0,True,Red Bull Racing,0 days 01:37:25.997000,,1,1.0,False,,False,True,2024-01,Bahrain Grand Prix,2024,1,2024-03-02,train
0 days 01:40:36.628000,VER,1,0 days 00:01:35.342000,25.0,2.0,,,0 days 00:00:30.518000,0 days 00:00:41.282000,0 days 00:00:23.542000,0 days 01:39:31.825000,0 days 01:40:13.107000,0 days 01:40:36.649000,233.0,250.0,279.0,295.0,False,HARD,8.0,True,Red Bull Racing,0 days 01:39:01.286000,,1,1.0,False,,False,True,2024-01,Bahrain Grand Prix,2024,1,2024-03-02,train
0 days 01:42:11.851000,VER,1,0 days 00:01:35.223000,26.0,2.0,,,0 days 00:00:30.522000,0 days 00:00:41.140000,0 days 00:00:23.561000,0 days 01:41:07.171000,0 days 01:41:48.311000,0 days 01:42:11.872000,235.0,257.0,279.0,295.0,False,HARD,9.0,True,Red Bull Racing,0 days 01:40:36.628000,,1,1.0,False,,False,True,2024-01,Bahrain Grand Prix,2024,1,2024-03-02,train
0 days 01:43:47.432000,VER,1,0 days 00:01:35.581000,27.0,2.0,,,0 days 00:00:30.649000,0 days 00:00:41.338000,0 days 00:00:23.594000,0 days 01:42:42.521000,0 days 01:43:23.859000,0 days 01:43:47.453000,230.0,250.0,279.0,294.0,False,HARD,10.0,True,Red Bull Racing,0 days 01:42:11.851000,,1,1.0,False,,False,True,2024-01,Bahrain Grand Prix,2024,1,2024-03-02,train
0 days 01:45:22.909000,VER,1,0 days 00:01:35.477000,28.0,2.0,,,0 days 00:00:30.588000,0 days 00:00:41.272000,0 days 00:00:23.617000,0 days 01:44:18.041000,0 days 01:44:59.313000,0 days 01:45:22.930000,233.0,258.0,278.0,293.0,False,HARD,11.0,True,Red Bull Racing,0 days 01:43:47.432000,,1,1.0,False,,False,True,2024-01,Bahrain Grand Prix,2024,1,2024-03-02,train
0 days 01:46:58.702000,VER,1,0 days 00:01:35.793000,29.0,2.0,,,0 days 00:00:30.679000,0 days 00:00:41.485000,0 days 00:00:23.629000,0 days 01:45:53.609000,0 days 01:46:35.094000,0 days 01:46:58.723000,234.0,258.0,279.0,293.0,False,HARD,12.0,True,Red Bull Racing,0 days 01:45:22.909000,,1,1.0,False,,False,True,2024-01,Bahrain Grand Prix,2024,1,2024-03-02,train
0 days 01:48:34.473000,VER,1,0 days 00:01:35.771000,30.0,2.0,,,0 days 00:00:30.657000,0 days 00:00:41.470000,0 days 00:00:23.644000,0 days 01:47:29.380000,0 days 01:48:10.850000,0 days 01:48:34.494000,234.0,254.0,279.0,294.0,False,HARD,13.0,True,Red Bull Racing,0 days 01:46:58.702000,,1,1.0,False,,False,True,2024-01,Bahrain Grand Prix,2024,1,2024-03-02,train
0 days 01:50:10.152000,VER,1,0 days 00:01:35.679000,31.0,2.0,,,0 days 00:00:30.635000,0 days 00:00:41.435000,0 days 00:00:23.609000,0 days 01:49:05.129000,0 days 01:49:46.564000,0 days 01:50:10.173000,234.0,260.0,279.0,295.0,False,HARD,14.0,True,Red Bull Racing,0 days 01:48:34.473000,,1,1.0,False,,False,True,2024-01,Bahrain Grand Prix,2024,1,2024-03-02,train
0 days 01:51:46.038000,VER,1,0 days 00:01:35.886000,32.0,2.0,,,0 days 00:00:30.669000,0 days 00:00:41.519000,0 days 00:00:23.698000,0 days 01:50:40.842000,0 days 01:51:22.361000,0 days 01:51:46.059000,234.0,260.0,279.0,296.0,False,HARD,15.0,True,Red Bull Racing,0 days 01:50:10.152000,,1,1.0,False,,False,True,2024-01,Bahrain Grand Prix,2024,1,2024-03-02,train
0 days 01:53:21.901000,VER,1,0 days 00:01:35.863000,33.0,2.0,,,0 days 00:00:30.690000,0 days 00:00:41.459000,0 days 00:00:23.714000,0 days 01:52:16.749000,0 days 01:52:58.208000,0 days 01:53:21.922000,233.0,258.0,279.0,295.0,False,HARD,16.0,True,Red Bull Racing,0 days 01:51:46.038000,,1,1.0,False,,False,True,2024-01,Bahrain Grand Prix,2024,1,2024-03-02,train
0 days 01:54:58.034000,VER,1,0 days 00:01:36.133000,34.0,2.0,,,0 days 00:00:30.685000,0 days 00:00:41.661000,0 days 00:00:23.787000,0 days 01:53:52.607000,0 days 01:54:34.268000,0 days 01:54:58.055000,233.0,261.0,279.0,296.0,False,HARD,17.0,True,Red Bull Racing,0 days 01:53:21.901000,,1,1.0,False,,False,True,2024-01,Bahrain Grand Prix,2024,1,2024-03-02,train
0 days 01:56:34.052000,VER,1,0 days 00:01:36.018000,35.0,2.0,,,0 days 00:00:30.727000,0 days 00:00:41.557000,0 days 00:00:23.734000,0 days 01:55:28.782000,0 days 01:56:10.339000,0 days 01:56:34.073000,234.0,260.0,279.0,295.0,False,HARD,18.0,True,Red Bull Racing,0 days 01:54:58.034000,,1,1.0,False,,False,True,2024-01,Bahrain Grand Prix,2024,1,2024-03-02,train
0 days 01:58:10.257000,VER,1,0 days 00:01:36.205000,36.0,2.0,,,0 days 00:00:30.794000,0 days 00:00:41.561000,0 days 00:00:23.850000,0 days 01:57:04.867000,0 days 01:57:46.428000,0 days 01:58:10.278000,234.0,263.0,280.0,297.0,False,HARD,19.0,True,Red Bull Racing,0 days 01:56:34.052000,,1,1.0,False,,False,True,2024-01,Bahrain Grand Prix,2024,1,2024-03-02,train
0 days 01:59:49.491000,VER,1,0 days 00:01:39.234000,37.0,2.0,,0 days 01:59:47.796000,0 days 00:00:30.877000,0 days 00:00:41.634000,0 days 00:00:26.723000,0 days 01:58:41.155000,0 days 01:59:22.789000,0 days 01:59:49.512000,233.0,264.0,,297.0,False,HARD,20.0,True,Red Bull Racing,0 days 01:58:10.257000,,1,1.0,False,,False,False,2024-01,Bahrain Grand Prix,2024,1,2024-03-02,train
0 days 02:01:45.936000,VER,1,0 days 00:01:56.445000,38.0,3.0,0 days 02:00:12.014000,,0 days 00:00:51.526000,0 days 00:00:41.562000,0 days 00:00:23.357000,0 days 02:00:41.038000,0 days 02:01:22.600000,0 days 02:01:45.957000,236.0,258.0,280.0,217.0,False,SOFT,1.0,True,Red Bull Racing,0 days 01:59:49.491000,,1,1.0,False,,False,False,2024-01,Bahrain Grand Prix,2024,1,2024-03-02,train
0 days 02:03:18.544000,VER,1,0 days 00:01:32.608000,39.0,3.0,,,0 days 00:00:29.741000,0 days 00:00:39.916000,0 days 00:00:22.951000,0 days 02:02:15.698000,0 days 02:02:55.614000,0 days 02:03:18.565000,239.0,265.0,281.0,299.0,True,SOFT,2.0,True,Red Bull Racing,0 days 02:01:45.936000,,1,1.0,False,,False,True,2024-01,Bahrain Grand Prix,2024,1,2024-03-02,train
0 days 02:04:55.133000,VER,1,0 days 00:01:36.589000,40.0,3.0,,,0 days 00:00:31.014000,0 days 00:00:42.023000,0 days 00:00:23.552000,0 days 02:03:49.579000,0 days 02:04:31.602000,0 days 02:04:55.154000,234.0,245.0,281.0,275.0,False,SOFT,3.0,True,Red Bull Racing,0 days 02:03:18.544000,,1,1.0,False,,False,True,2024-01,Bahrain Grand Prix,2024,1,2024-03-02,train
0 days 02:06:30.423000,VER,1,0 days 00:01:35.290000,41.0,3.0,,,0 days 00:00:30.697000,0 days 00:00:41.281000,0 days 00:00:23.312000,0 days 02:05:25.851000,0 days 02:06:07.132000,0 days 02:06:30.444000,237.0,252.0,281.0,292.0,False,SOFT,4.0,True,Red Bull Racing,0 days 02:04:55.133000,,1,1.0,False,,False,True,2024-01,Bahrain Grand Prix,2024,1,2024-03-02,train
0 days 02:08:05.090000,VER,1,0 days 00:01:34.667000,42.0,3.0,,,0 days 00:00:30.477000,0 days 00:00:40.996000,0 days 00:00:23.194000,0 days 02:07:00.921000,0 days 02:07:41.917000,0 days 02:08:05.111000,237.0,261.0,281.0,294.0,False,SOFT,5.0,True,Red Bull Racing,0 days 02:06:30.423000,,1,1.0,False,,False,True,2024-01,Bahrain Grand Prix,2024,1,2024-03-02,train
0 days 02:09:39.241000,VER,1,0 days 00:01:34.151000,43.0,3.0,,,0 days 00:00:30.132000,0 days 00:00:40.772000,0 days 00:00:23.247000,0 days 02:08:35.243000,0 days 02:09:16.015000,0 days 02:09:39.262000,237.0,261.0,281.0,296.0,False,SOFT,6.0,True,Red Bull Racing,0 days 02:08:05.090000,,1,1.0,False,,False,True,2024-01,Bahrain Grand Prix,2024,1,2024-03-02,train
0 days 02:11:13.772000,VER,1,0 days 00:01:34.531000,44.0,3.0,,,0 days 00:00:30.348000,0 days 00:00:40.805000,0 days 00:00:23.378000,0 days 02:10:09.610000,0 days 02:10:50.415000,0 days 02:11:13.793000,237.0,264.0,281.0,293.0,False,SOFT,7.0,True,Red Bull Racing,0 days 02:09:39.241000,,1,1.0,False,,False,True,2024-01,Bahrain Grand Prix,2024,1,2024-03-02,train
0 days 02:12:48.021000,VER,1,0 days 00:01:34.249000,45.0,3.0,,,0 days 00:00:30.180000,0 days 00:00:40.825000,0 days 00:00:23.244000,0 days 02:11:43.973000,0 days 02:12:24.798000,0 days 02:12:48.042000,237.0,260.0,281.0,295.0,False,SOFT,8.0,True,Red Bull Racing,0 days 02:11:13.772000,,1,1.0,False,,False,True,2024-01,Bahrain Grand Prix,2024,1,2024-03-02,train
0 days 02:14:22.214000,VER,1,0 days 00:01:34.193000,46.0,3.0,,,0 days 00:00:30.301000,0 days 00:00:40.682000,0 days 00:00:23.210000,0 days 02:13:18.343000,0 days 02:13:59.025000,0 days 02:14:22.235000,235.0,264.0,281.0,297.0,False,SOFT,9.0,True,Red Bull Racing,0 days 02:12:48.021000,,1,1.0,True,TRACK LIMITS AT TURN 4 LAP 46 ,False,True,2024-01,Bahrain Grand Prix,2024,1,2024-03-02,train
0 days 02:15:56.453000,VER,1,0 days 00:01:34.239000,47.0,3.0,,,0 days 00:00:30.267000,0 days 00:00:40.704000,0 days 00:00:23.268000,0 days 02:14:52.502000,0 days 02:15:33.206000,0 days 02:15:56.474000,235.0,263.0,281.0,295.0,False,SOFT,10.0,True,Red Bull Racing,0 days 02:14:22.214000,,1,1.0,False,,False,True,2024-01,Bahrain Grand Prix,2024,1,2024-03-02,train
0 days 02:17:30.803000,VER,1,0 days 00:01:34.350000,48.0,3.0,,,0 days 00:00:30.245000,0 days 00:00:40.738000,0 days 00:00:23.367000,0 days 02:16:26.719000,0 days 02:17:07.457000,0 days 02:17:30.824000,235.0,264.0,282.0,297.0,False,SOFT,11.0,True,Red Bull Racing,0 days 02:15:56.453000,,1,1.0,False,,False,True,2024-01,Bahrain Grand Prix,2024,1,2024-03-02,train
0 days 02:19:05.206000,VER,1,0 days 00:01:34.403000,49.0,3.0,,,0 days 00:00:30.246000,0 days 00:00:40.804000,0 days 00:00:23.353000,0 days 02:18:01.070000,0 days 02:18:41.874000,0 days 02:19:05.227000,235.0,261.0,282.0,298.0,False,SOFT,12.0,True,Red Bull Racing,0 days 02:17:30.803000,,1,1.0,False,,False,True,2024-01,Bahrain Grand Prix,2024,1,2024-03-02,train
0 days 02:20:39.989000,VER,1,0 days 00:01:34.783000,50.0,3.0,,,0 days 00:00:30.229000,0 days 00:00:40.928000,0 days 00:00:23.626000,0 days 02:19:35.456000,0 days 02:20:16.384000,0 days 02:20:40.010000,236.0,265.0,289.0,298.0,False,SOFT,13.0,True,Red Bull Racing,0 days 02:19:05.206000,,1,1.0,False,,False,True,2024-01,Bahrain Grand Prix,2024,1,2024-03-02,train
0 days 02:22:14.329000,VER,1,0 days 00:01:34.340000,51.0,3.0,,,0 days 00:00:30.003000,0 days 00:00:40.834000,0 days 00:00:23.503000,0 days 02:21:10.013000,0 days 02:21:50.847000,0 days 02:22:14.350000,236.0,267.0,282.0,314.0,False,SOFT,14.0,True,Red Bull Racing,0 days 02:20:39.989000,,1,1.0,False,,False,True,2024-01,Bahrain Grand Prix,2024,1,2024-03-02,train
0 days 02:23:49.235000,VER,1,0 days 00:01:34.906000,52.0,3.0,,,0 days 00:00:30.333000,0 days 00:00:40.919000,0 days 00:00:23.654000,0 days 02:22:44.683000,0 days 02:23:25.602000,0 days 02:23:49.256000,235.0,266.0,284.0,299.0,False,SOFT,15.0,True,Red Bull Racing,0 days 02:22:14.329000,,1,1.0,False,,False,True,2024-01,Bahrain Grand Prix,2024,1,2024-03-02,train
0 days 02:25:24.835000,VER,1,0 days 00:01:35.600000,53.0,3.0,,,0 days 00:00:30.528000,0 days 00:00:41.382000,0 days 00:00:23.690000,0 days 02:24:19.784000,0 days 02:25:01.166000,0 days 02:25:24.856000,237.0,270.0,284.0,300.0,False,SOFT,16.0,True,Red Bull Racing,0 days 02:23:49.235000,,1,1.0,False,,False,True,2024-01,Bahrain Grand Prix,2024,1,2024-03-02,train
0 days 02:27:00.169000,VER,1,0 days 00:01:35.334000,54.0,3.0,,,0 days 00:00:30.427000,0 days 00:00:41.227000,0 days 00:00:23.680000,0 days 02:25:55.283000,0 days 02:26:36.510000,0 days 02:27:00.190000,236.0,270.0,283.0,301.0,False,SOFT,17.0,True,Red Bull Racing,0 days 02:25:24.835000,,1,1.0,False,,False,True,2024-01,Bahrain Grand Prix,2024,1,2024-03-02,train
0 days 02:28:35.353000,VER,1,0 days 00:01:35.184000,55.0,3.0,,,0 days 00:00:30.493000,0 days 00:00:41.220000,0 days 00:00:23.471000,0 days 02:27:30.683000,0 days 02:28:11.903000,0 days 02:28:35.374000,236.0,267.0,281.0,296.0,False,SOFT,18.0,True,Red Bull Racing,0 days 02:27:00.169000,,1,1.0,False,,False,True,2024-01,Bahrain Grand Prix,2024,1,2024-03-02,train
0 days 02:30:10.024000,VER,1,0 days 00:01:34.671000,56.0,3.0,,,0 days 00:00:30.256000,0 days 00:00:40.870000,0 days 00:00:23.545000,0 days 02:29:05.630000,0 days 02:29:46.500000,0 days 02:30:10.045000,236.0,267.0,281.0,297.0,False,SOFT,19.0,True,Red Bull Racing,0 days 02:28:35.353000,,1,1.0,False,,False,True,2024-01,Bahrain Grand Prix,2024,1,2024-03-02,train
0 days 02:31:44.947000,VER,1,0 days 00:01:34.923000,57.0,3.0,,,0 days 00:00:30.384000,0 days 00:00:40.910000,0 days 00:00:23.629000,0 days 02:30:40.429000,0 days 02:31:21.339000,0 days 02:31:44.968000,236.0,267.0,275.0,296.0,False,SOFT,20.0,True,Red Bull Racing,0 days 02:30:10.024000,,1,1.0,False,,False,True,2024-01,Bahrain Grand Prix,2024,1,2024-03-02,train
0 days 01:01:40.258000,PER,11,0 days 00:01:40.053000,1.0,1.0,,,,0 days 00:00:42.610000,0 days 00:00:23.856000,,0 days 01:01:16.543000,0 days 01:01:40.447000,229.0,256.0,278.0,259.0,False,SOFT,4.0,False,Red Bull Racing,0 days 00:59:59.911000,,12,4.0,False,,False,False,2024-01,Bahrain Grand Prix,2024,1,2024-03-02,train
0 days 01:03:16.799000,PER,11,0 days 00:01:36.541000,2.0,1.0,,,0 days 00:00:30.678000,0 days 00:00:41.867000,0 days 00:00:23.996000,0 days 01:02:10.958000,0 days 01:02:52.825000,0 days 01:03:16.821000,234.0,257.0,285.0,302.0,True,SOFT,5.0,False,Red Bull Racing,0 days 01:01:40.258000,,1,4.0,False,,False,True,2024-01,Bahrain Grand Prix,2024,1,2024-03-02,train
0 days 01:04:54.096000,PER,11,0 days 00:01:37.297000,3.0,1.0,,,0 days 00:00:30.596000,0 days 00:00:42.478000,0 days 00:00:24.223000,0 days 01:03:47.417000,0 days 01:04:29.895000,0 days 01:04:54.118000,231.0,245.0,284.0,315.0,False,SOFT,6.0,False,Red Bull Racing,0 days 01:03:16.799000,,1,4.0,False,,False,True,2024-01,Bahrain Grand Prix,2024,1,2024-03-02,train
0 days 01:06:31.818000,PER,11,0 days 00:01:37.722000,4.0,1.0,,,0 days 00:00:30.716000,0 days 00:00:42.623000,0 days 00:00:24.383000,0 days 01:05:24.834000,0 days 01:06:07.457000,0 days 01:06:31.840000,233.0,246.0,283.0,314.0,False,SOFT,7.0,False,Red Bull Racing,0 days 01:04:54.096000,,1,4.0,False,,False,True,2024-01,Bahrain Grand Prix,2024,1,2024-03-02,train
0 days 01:08:09.862000,PER,11,0 days 00:01:38.044000,5.0,1.0,,,0 days 00:00:30.997000,0 days 00:00:42.754000,0 days 00:00:24.293000,0 days 01:07:02.837000,0 days 01:07:45.591000,0 days 01:08:09.884000,227.0,249.0,285.0,320.0,False,SOFT,8.0,False,Red Bull Racing,0 days 01:06:31.818000,,1,4.0,False,,False,True,2024-01,Bahrain Grand Prix,2024,1,2024-03-02,train
0 days 01:09:47.685000,PER,11,0 days 00:01:37.823000,6.0,1.0,,,0 days 00:00:30.843000,0 days 00:00:42.702000,0 days 00:00:24.278000,0 days 01:08:40.727000,0 days 01:09:23.429000,0 days 01:09:47.707000,226.0,249.0,285.0,320.0,False,SOFT,9.0,False,Red Bull Racing,0 days 01:08:09.862000,,1,4.0,False,,False,True,2024-01,Bahrain Grand Prix,2024,1,2024-03-02,train
0 days 01:11:25.506000,PER,11,0 days 00:01:37.821000,7.0,1.0,,,0 days 00:00:31.013000,0 days 00:00:42.682000,0 days 00:00:24.126000,0 days 01:10:18.720000,0 days 01:11:01.402000,0 days 01:11:25.528000,232.0,259.0,278.0,316.0,False,SOFT,10.0,False,Red Bull Racing,0 days 01:09:47.685000,,1,3.0,False,,False,True,2024-01,Bahrain Grand Prix,2024,1,2024-03-02,train
0 days 01:13:03.344000,PER,11,0 days 00:01:37.838000,8.0,1.0,,,0 days 00:00:31.305000,0 days 00:00:42.428000,0 days 00:00:24.105000,0 days 01:11:56.833000,0 days 01:12:39.261000,0 days 01:13:03.366000,232.0,261.0,278.0,302.0,False,SOFT,11.0,False,Red Bull Racing,0 days 01:11:25.506000,,1,3.0,False,,False,True,2024-01,Bahrain Grand Prix,2024,1,2024-03-02,train
0 days 01:14:40.940000,PER,11,0 days 00:01:37.596000,9.0,1.0,,,0 days 00:00:31.145000,0 days 00:00:42.395000,0 days 00:00:24.056000,0 days 01:13:34.511000,0 days 01:14:16.906000,0 days 01:14:40.962000,228.0,257.0,278.0,302.0,False,SOFT,12.0,False,Red Bull Racing,0 days 01:13:03.344000,,1,3.0,False,,False,True,2024-01,Bahrain Grand Prix,2024,1,2024-03-02,train
0 days 01:16:18.570000,PER,11,0 days 00:01:37.630000,10.0,1.0,,,0 days 00:00:31.178000,0 days 00:00:42.322000,0 days 00:00:24.130000,0 days 01:15:12.140000,0 days 01:15:54.462000,0 days 01:16:18.592000,229.0,259.0,279.0,300.0,False,SOFT,13.0,False,Red Bull Racing,0 days 01:14:40.940000,,12,3.0,False,,False,True,2024-01,Bahrain Grand Prix,2024,1,2024-03-02,train
0 days 01:17:56.406000,PER,11,0 days 00:01:37.836000,11.0,1.0,,,0 days 00:00:31.054000,0 days 00:00:42.473000,0 days 00:00:24.309000,0 days 01:16:49.646000,0 days 01:17:32.119000,0 days 01:17:56.428000,233.0,258.0,282.0,300.0,False,SOFT,14.0,False,Red Bull Racing,0 days 01:16:18.570000,,1,2.0,False,,False,True,2024-01,Bahrain Grand Prix,2024,1,2024-03-02,train
0 days 01:19:36.683000,PER,11,0 days 00:01:40.277000,12.0,1.0,,0 days 01:19:34.991000,0 days 00:00:30.891000,0 days 00:00:42.506000,0 days 00:00:26.880000,0 days 01:18:27.319000,0 days 01:19:09.825000,0 days 01:19:36.705000,228.0,257.0,,312.0,False,SOFT,15.0,False,Red Bull Racing,0 days 01:17:56.406000,,1,3.0,False,,False,False,2024-01,Bahrain Grand Prix,2024,1,2024-03-02,train
0 days 01:21:34.307000,PER,11,0 days 00:01:57.624000,13.0,2.0,0 days 01:19:59.484000,,0 days 00:00:51.896000,0 days 00:00:41.803000,0 days 00:00:23.925000,0 days 01:20:28.601000,0 days 01:21:10.404000,0 days 01:21:34.329000,231.0,260.0,288.0,217.0,False,HARD,1.0,True,Red Bull Racing,0 days 01:19:36.683000,,1,8.0,False,,False,False,2024-01,Bahrain Grand Prix,2024,1,2024-03-02,train
0 days 01:23:09.913000,PER,11,0 days 00:01:35.606000,14.0,2.0,,,0 days 00:00:30.063000,0 days 00:00:41.855000,0 days 00:00:23.688000,0 days 01:22:04.392000,0 days 01:22:46.247000,0 days 01:23:09.935000,234.0,263.0,279.0,320.0,True,HARD,2.0,True,Red Bull Racing,0 days 01:21:34.307000,,1,6.0,False,,False,True,2024-01,Bahrain Grand Prix,2024,1,2024-03-02,train
0 days 01:24:46.728000,PER,11,0 days 00:01:36.815000,15.0,2.0,,,0 days 00:00:30.785000,0 days 00:00:41.795000,0 days 00:00:24.235000,0 days 01:23:40.720000,0 days 01:24:22.515000,0 days 01:24:46.750000,229.0,255.0,283.0,299.0,False,HARD,3.0,True,Red Bull Racing,0 days 01:23:09.913000,,1,3.0,False,,False,True,2024-01,Bahrain Grand Prix,2024,1,2024-03-02,train
0 days 01:26:22.511000,PER,11,0 days 00:01:35.783000,16.0,2.0,,,0 days 00:00:30.569000,0 days 00:00:41.558000,0 days 00:00:23.656000,0 days 01:25:17.319000,0 days 01:25:58.877000,0 days 01:26:22.533000,228.0,256.0,277.0,316.0,False,HARD,4.0,True,Red Bull Racing,0 days 01:24:46.728000,,1,2.0,False,,False,True,2024-01,Bahrain Grand Prix,2024,1,2024-03-02,train
0 days 01:27:58.965000,PER,11,0 days 00:01:36.454000,17.0,2.0,,,0 days 00:00:30.922000,0 days 00:00:41.823000,0 days 00:00:23.709000,0 days 01:26:53.455000,0 days 01:27:35.278000,0 days 01:27:58.987000,228.0,258.0,278.0,294.0,False,HARD,5.0,True,Red Bull Racing,0 days 01:26:22.511000,,1,2.0,False,,False,True,2024-01,Bahrain Grand Prix,2024,1,2024-03-02,train
0 days 01:29:35.276000,PER,11,0 days 00:01:36.311000,18.0,2.0,,,0 days 00:00:30.803000,0 days 00:00:41.835000,0 days 00:00:23.673000,0 days 01:28:29.790000,0 days 01:29:11.625000,0 days 01:29:35.298000,235.0,259.0,278.0,291.0,False,HARD,6.0,True,Red Bull Racing,0 days 01:27:58.965000,,1,2.0,False,,False,True,2024-01,Bahrain Grand Prix,2024,1,2024-03-02,train
0 days 01:31:11.314000,PER,11,0 days 00:01:36.038000,19.0,2.0,,,0 days 00:00:30.702000,0 days 00:00:41.633000,0 days 00:00:23.703000,0 days 01:30:06,0 days 01:30:47.633000,0 days 01:31:11.336000,236.0,254.0,278.0,298.0,False,HARD,7.0,True,Red Bull Racing,0 days 01:29:35.276000,,1,2.0,False,,False,True,2024-01,Bahrain Grand Prix,2024,1,2024-03-02,train
0 days 01:32:47.592000,PER,11,0 days 00:01:36.278000,20.0,2.0,,,0 days 00:00:30.918000,0 days 00:00:41.686000,0 days 00:00:23.674000,0 days 01:31:42.254000,0 days 01:32:23.940000,0 days 01:32:47.614000,230.0,260.0,278.0,298.0,False,HARD,8.0,True,Red Bull Racing,0 days 01:31:11.314000,,1,2.0,False,,False,True,2024-01,Bahrain Grand Prix,2024,1,2024-03-02,train
0 days 01:34:23.757000,PER,11,0 days 00:01:36.165000,21.0,2.0,,,0 days 00:00:30.849000,0 days 00:00:41.610000,0 days 00:00:23.706000,0 days 01:33:18.463000,0 days 01:34:00.073000,0 days 01:34:23.779000,230.0,263.0,277.0,298.0,False,HARD,9.0,True,Red Bull Racing,0 days 01:32:47.592000,,1,2.0,False,,False,True,2024-01,Bahrain Grand Prix,2024,1,2024-03-02,train
0 days 01:35:59.794000,PER,11,0 days 00:01:36.037000,22.0,2.0,,,0 days 00:00:30.824000,0 days 00:00:41.536000,0 days 00:00:23.677000,0 days 01:34:54.603000,0 days 01:35:36.139000,0 days 01:35:59.816000,232.0,263.0,278.0,295.0,False,HARD,10.0,True,Red Bull Racing,0 days 01:34:23.757000,,1,2.0,False,,False,True,2024-01,Bahrain Grand Prix,2024,1,2024-03-02,train
0 days 01:37:36.043000,PER,11,0 days 00:01:36.249000,23.0,2.0,,,0 days 00:00:30.840000,0 days 00:00:41.729000,0 days 00:00:23.680000,0 days 01:36:30.656000,0 days 01:37:12.385000,0 days 01:37:36.065000,230.0,262.0,279.0,299.0,False,HARD,11.0,True,Red Bull Racing,0 days 01:35:59.794000,,1,2.0,False,,False,True,2024-01,Bahrain Grand Prix,2024,1,2024-03-02,train
0 days 01:39:12.254000,PER,11,0 days 00:01:36.211000,24.0,2.0,,,0 days 00:00:30.792000,0 days 00:00:41.687000,0 days 00:00:23.732000,0 days 01:38:06.857000,0 days 01:38:48.544000,0 days 01:39:12.276000,235.0,261.0,278.0,299.0,False,HARD,12.0,True,Red Bull Racing,0 days 01:37:36.043000,,1,2.0,False,,False,True,2024-01,Bahrain Grand Prix,2024,1,2024-03-02,train
0 days 01:40:48.598000,PER,11,0 days 00:01:36.344000,25.0,2.0,,,0 days 00:00:30.878000,0 days 00:00:41.719000,0 days 00:00:23.747000,0 days 01:39:43.154000,0 days 01:40:24.873000,0 days 01:40:48.620000,233.0,260.0,279.0,297.0,False,HARD,13.0,True,Red Bull Racing,0 days 01:39:12.254000,,1,2.0,False,,False,True,2024-01,Bahrain Grand Prix,2024,1,2024-03-02,train
0 days 01:42:24.945000,PER,11,0 days 00:01:36.347000,26.0,2.0,,,0 days 00:00:30.938000,0 days 00:00:41.666000,0 days 00:00:23.743000,0 days 01:41:19.558000,0 days 01:42:01.224000,0 days 01:42:24.967000,232.0,263.0,278.0,298.0,False,HARD,14.0,True,Red Bull Racing,0 days 01:40:48.598000,,1,2.0,False,,False,True,2024-01,Bahrain Grand Prix,2024,1,2024-03-02,train
0 days 01:44:01.178000,PER,11,0 days 00:01:36.233000,27.0,2.0,,,0 days 00:00:30.853000,0 days 00:00:41.543000,0 days 00:00:23.837000,0 days 01:42:55.820000,0 days 01:43:37.363000,0 days 01:44:01.200000,235.0,263.0,279.0,299.0,False,HARD,15.0,True,Red Bull Racing,0 days 01:42:24.945000,,1,2.0,False,,False,True,2024-01,Bahrain Grand Prix,2024,1,2024-03-02,train
0 days 01:45:37.404000,PER,11,0 days 00:01:36.226000,28.0,2.0,,,0 days 00:00:30.929000,0 days 00:00:41.588000,0 days 00:00:23.709000,0 days 01:44:32.129000,0 days 01:45:13.717000,0 days 01:45:37.426000,233.0,264.0,279.0,299.0,False,HARD,16.0,True,Red Bull Racing,0 days 01:44:01.178000,,1,2.0,False,,False,True,2024-01,Bahrain Grand Prix,2024,1,2024-03-02,train
0 days 01:47:13.841000,PER,11,0 days 00:01:36.437000,29.0,2.0,,,0 days 00:00:30.926000,0 days 00:00:41.749000,0 days 00:00:23.762000,0 days 01:46:08.352000,0 days 01:46:50.101000,0 days 01:47:13.863000,228.0,263.0,279.0,298.0,False,HARD,17.0,True,Red Bull Racing,0 days 01:45:37.404000,,1,2.0,False,,False,True,2024-01,Bahrain Grand Prix,2024,1,2024-03-02,train
0 days 01:48:50.154000,PER,11,0 days 00:01:36.313000,30.0,2.0,,,0 days 00:00:30.916000,0 days 00:00:41.643000,0 days 00:00:23.754000,0 days 01:47:44.779000,0 days 01:48:26.422000,0 days 01:48:50.176000,230.0,263.0,279.0,299.0,False,HARD,18.0,True,Red Bull Racing,0 days 01:47:13.841000,,1,2.0,False,,False,True,2024-01,Bahrain Grand Prix,2024,1,2024-03-02,train
0 days 01:50:26.493000,PER,11,0 days 00:01:36.339000,31.0,2.0,,,0 days 00:00:30.843000,0 days 00:00:41.752000,0 days 00:00:23.744000,0 days 01:49:21.019000,0 days 01:50:02.771000,0 days 01:50:26.515000,231.0,263.0,279.0,299.0,False,HARD,19.0,True,Red Bull Racing,0 days 01:48:50.154000,,1,2.0,False,,False,True,2024-01,Bahrain Grand Prix,2024,1,2024-03-02,train
0 days 01:52:02.769000,PER,11,0 days 00:01:36.276000,32.0,2.0,,,0 days 00:00:30.856000,0 days 00:00:41.671000,0 days 00:00:23.749000,0 days 01:50:57.371000,0 days 01:51:39.042000,0 days 01:52:02.791000,233.0,263.0,279.0,300.0,False,HARD,20.0,True,Red Bull Racing,0 days 01:50:26.493000,,1,2.0,False,,False,True,2024-01,Bahrain Grand Prix,2024,1,2024-03-02,train
0 days 01:53:39.333000,PER,11,0 days 00:01:36.564000,33.0,2.0,,,0 days 00:00:30.907000,0 days 00:00:41.752000,0 days 00:00:23.905000,0 days 01:52:33.698000,0 days 01:53:15.450000,0 days 01:53:39.355000,230.0,264.0,279.0,299.0,False,HARD,21.0,True,Red Bull Racing,0 days 01:52:02.769000,,1,2.0,False,,False,True,2024-01,Bahrain Grand Prix,2024,1,2024-03-02,train
0 days 01:55:15.711000,PER,11,0 days 00:01:36.378000,34.0,2.0,,,0 days 00:00:30.840000,0 days 00:00:41.734000,0 days 00:00:23.804000,0 days 01:54:10.195000,0 days 01:54:51.929000,0 days 01:55:15.733000,233.0,265.0,279.0,301.0,False,HARD,22.0,True,Red Bull Racing,0 days 01:53:39.333000,,1,2.0,False,,False,True,2024-01,Bahrain Grand Prix,2024,1,2024-03-02,train
0 days 01:56:52.487000,PER,11,0 days 00:01:36.776000,35.0,2.0,,,0 days 00:00:30.938000,0 days 00:00:41.910000,0 days 00:00:23.928000,0 days 01:55:46.671000,0 days 01:56:28.581000,0 days 01:56:52.509000,231.0,261.0,279.0,299.0,False,HARD,23.0,True,Red Bull Racing,0 days 01:55:15.711000,,1,2.0,False,,False,True,2024-01,Bahrain Grand Prix,2024,1,2024-03-02,train
0 days 01:58:31.852000,PER,11,0 days 00:01:39.365000,36.0,2.0,,0 days 01:58:30.216000,0 days 00:00:31.014000,0 days 00:00:41.781000,0 days 00:00:26.570000,0 days 01:57:23.523000,0 days 01:58:05.304000,0 days 01:58:31.874000,234.0,264.0,,299.0,False,HARD,24.0,True,Red Bull Racing,0 days 01:56:52.487000,,1,2.0,False,,False,False,2024-01,Bahrain Grand Prix,2024,1,2024-03-02,train
0 days 02:00:27.660000,PER,11,0 days 00:01:55.808000,37.0,3.0,0 days 01:58:54.639000,,0 days 00:00:51.096000,0 days 00:00:41.214000,0 days 00:00:23.498000,0 days 01:59:22.970000,0 days 02:00:04.184000,0 days 02:00:27.682000,237.0,254.0,280.0,223.0,False,SOFT,1.0,True,Red Bull Racing,0 days 01:58:31.852000,,1,2.0,False,,False,False,2024-01,Bahrain Grand Prix,2024,1,2024-03-02,train
0 days 02:02:02.464000,PER,11,0 days 00:01:34.804000,38.0,3.0,,,0 days 00:00:30.581000,0 days 00:00:40.931000,0 days 00:00:23.292000,0 days 02:00:58.263000,0 days 02:01:39.194000,0 days 02:02:02.486000,233.0,256.0,281.0,295.0,True,SOFT,2.0,True,Red Bull Racing,0 days 02:00:27.660000,,1,2.0,False,,False,True,2024-01,Bahrain Grand Prix,2024,1,2024-03-02,train
0 days 02:03:37.071000,PER,11,0 days 00:01:34.607000,39.0,3.0,,,0 days 00:00:30.563000,0 days 00:00:40.893000,0 days 00:00:23.151000,0 days 02:02:33.049000,0 days 02:03:13.942000,0 days 02:03:37.093000,233.0,260.0,281.0,294.0,True,SOFT,3.0,True,Red Bull Racing,0 days 02:02:02.464000,,1,2.0,False,,False,True,2024-01,Bahrain Grand Prix,2024,1,2024-03-02,train
0 days 02:05:11.435000,PER,11,0 days 00:01:34.364000,40.0,3.0,,,0 days 00:00:30.400000,0 days 00:00:40.772000,0 days 00:00:23.192000,0 days 02:04:07.493000,0 days 02:04:48.265000,0 days 02:05:11.457000,234.0,257.0,281.0,297.0,True,SOFT,4.0,True,Red Bull Racing,0 days 02:03:37.071000,,1,2.0,False,,False,True,2024-01,Bahrain Grand Prix,2024,1,2024-03-02,train
0 days 02:06:45.835000,PER,11,0 days 00:01:34.400000,41.0,3.0,,,0 days 00:00:30.351000,0 days 00:00:40.884000,0 days 00:00:23.165000,0 days 02:05:41.808000,0 days 02:06:22.692000,0 days 02:06:45.857000,239.0,258.0,281.0,301.0,False,SOFT,5.0,True,Red Bull Racing,0 days 02:05:11.435000,,1,2.0,False,,False,True,2024-01,Bahrain Grand Prix,2024,1,2024-03-02,train
0 days 02:08:20.360000,PER,11,0 days 00:01:34.525000,42.0,3.0,,,0 days 00:00:30.299000,0 days 00:00:40.985000,0 days 00:00:23.241000,0 days 02:07:16.156000,0 days 02:07:57.141000,0 days 02:08:20.382000,238.0,260.0,281.0,301.0,False,SOFT,6.0,True,Red Bull Racing,0 days 02:06:45.835000,,1,2.0,False,,False,True,2024-01,Bahrain Grand Prix,2024,1,2024-03-02,train
0 days 02:09:55.157000,PER,11,0 days 00:01:34.797000,43.0,3.0,,,0 days 00:00:30.403000,0 days 00:00:41.148000,0 days 00:00:23.246000,0 days 02:08:50.785000,0 days 02:09:31.933000,0 days 02:09:55.179000,236.0,262.0,281.0,301.0,False,SOFT,7.0,True,Red Bull Racing,0 days 02:08:20.360000,,1,2.0,False,,False,True,2024-01,Bahrain Grand Prix,2024,1,2024-03-02,train
0 days 02:11:29.956000,PER,11,0 days 00:01:34.799000,44.0,3.0,,,0 days 00:00:30.389000,0 days 00:00:41.028000,0 days 00:00:23.382000,0 days 02:10:25.568000,0 days 02:11:06.596000,0 days 02:11:29.978000,235.0,257.0,282.0,298.0,False,SOFT,8.0,True,Red Bull Racing,0 days 02:09:55.157000,,1,2.0,False,,False,True,2024-01,Bahrain Grand Prix,2024,1,2024-03-02,train
0 days 02:13:04.548000,PER,11,0 days 00:01:34.592000,45.0,3.0,,,0 days 00:00:30.338000,0 days 00:00:40.986000,0 days 00:00:23.268000,0 days 02:12:00.316000,0 days 02:12:41.302000,0 days 02:13:04.570000,234.0,263.0,281.0,298.0,False,SOFT,9.0,True,Red Bull Racing,0 days 02:11:29.956000,,1,2.0,False,,False,True,2024-01,Bahrain Grand Prix,2024,1,2024-03-02,train
0 days 02:14:39.392000,PER,11,0 days 00:01:34.844000,46.0,3.0,,,0 days 00:00:30.410000,0 days 00:00:41.109000,0 days 00:00:23.325000,0 days 02:13:34.980000,0 days 02:14:16.089000,0 days 02:14:39.414000,233.0,262.0,281.0,297.0,False,SOFT,10.0,True,Red Bull Racing,0 days 02:13:04.548000,,1,2.0,False,,False,True,2024-01,Bahrain Grand Prix,2024,1,2024-03-02,train
0 days 02:16:14.122000,PER,11,0 days 00:01:34.730000,47.0,3.0,,,0 days 00:00:30.281000,0 days 00:00:41.074000,0 days 00:00:23.375000,0 days 02:15:09.695000,0 days 02:15:50.769000,0 days 02:16:14.144000,235.0,262.0,281.0,299.0,False,SOFT,11.0,True,Red Bull Racing,0 days 02:14:39.392000,,1,2.0,False,,False,True,2024-01,Bahrain Grand Prix,2024,1,2024-03-02,train
0 days 02:17:49.007000,PER,11,0 days 00:01:34.885000,48.0,3.0,,,0 days 00:00:30.358000,0 days 00:00:41.147000,0 days 00:00:23.380000,0 days 02:16:44.502000,0 days 02:17:25.649000,0 days 02:17:49.029000,234.0,264.0,281.0,302.0,False,SOFT,12.0,True,Red Bull Racing,0 days 02:16:14.122000,,1,2.0,False,,False,True,2024-01,Bahrain Grand Prix,2024,1,2024-03-02,train
0 days 02:19:23.973000,PER,11,0 days 00:01:34.966000,49.0,3.0,,,0 days 00:00:30.400000,0 days 00:00:41.133000,0 days 00:00:23.433000,0 days 02:18:19.429000,0 days 02:19:00.562000,0 days 02:19:23.995000,234.0,262.0,281.0,300.0,False,SOFT,13.0,True,Red Bull Racing,0 days 02:17:49.007000,,1,2.0,False,,False,True,2024-01,Bahrain Grand Prix,2024,1,2024-03-02,train
0 days 02:20:59.055000,PER,11,0 days 00:01:35.082000,50.0,3.0,,,0 days 00:00:30.366000,0 days 00:00:41.337000,0 days 00:00:23.379000,0 days 02:19:54.361000,0 days 02:20:35.698000,0 days 02:20:59.077000,236.0,263.0,281.0,301.0,False,SOFT,14.0,True,Red Bull Racing,0 days 02:19:23.973000,,1,2.0,False,,False,True,2024-01,Bahrain Grand Prix,2024,1,2024-03-02,train
0 days 02:22:33.995000,PER,11,0 days 00:01:34.940000,51.0,3.0,,,0 days 00:00:30.360000,0 days 00:00:41.144000,0 days 00:00:23.436000,0 days 02:21:29.437000,0 days 02:22:10.581000,0 days 02:22:34.017000,235.0,265.0,281.0,304.0,False,SOFT,15.0,True,Red Bull Racing,0 days 02:20:59.055000,,1,2.0,False,,False,True,2024-01,Bahrain Grand Prix,2024,1,2024-03-02,train
0 days 02:24:09.178000,PER,11,0 days 00:01:35.183000,52.0,3.0,,,0 days 00:00:30.577000,0 days 00:00:41.129000,0 days 00:00:23.477000,0 days 02:23:04.594000,0 days 02:23:45.723000,0 days 02:24:09.200000,234.0,266.0,282.0,299.0,False,SOFT,16.0,True,Red Bull Racing,0 days 02:22:33.995000,,1,2.0,False,,False,True,2024-01,Bahrain Grand Prix,2024,1,2024-03-02,train
0 days 02:25:45.020000,PER,11,0 days 00:01:35.842000,53.0,3.0,,,0 days 00:00:30.638000,0 days 00:00:41.522000,0 days 00:00:23.682000,0 days 02:24:39.838000,0 days 02:25:21.360000,0 days 02:25:45.042000,235.0,266.0,281.0,299.0,False,SOFT,17.0,True,Red Bull Racing,0 days 02:24:09.178000,,1,2.0,False,,False,True,2024-01,Bahrain Grand Prix,2024,1,2024-03-02,train
0 days 02:27:20.479000,PER,11,0 days 00:01:35.459000,54.0,3.0,,,0 days 00:00:30.578000,0 days 00:00:41.382000,0 days 00:00:23.499000,0 days 02:26:15.620000,0 days 02:26:57.002000,0 days 02:27:20.501000,234.0,265.0,282.0,302.0,False,SOFT,18.0,True,Red Bull Racing,0 days 02:25:45.020000,,1,2.0,False,,False,True,2024-01,Bahrain Grand Prix,2024,1,2024-03-02,train
0 days 02:28:56.090000,PER,11,0 days 00:01:35.611000,55.0,3.0,,,0 days 00:00:30.683000,0 days 00:00:41.420000,0 days 00:00:23.508000,0 days 02:27:51.184000,0 days 02:28:32.604000,0 days 02:28:56.112000,233.0,264.0,282.0,303.0,False,SOFT,19.0,True,Red Bull Racing,0 days 02:27:20.479000,,1,2.0,False,,False,True,2024-01,Bahrain Grand Prix,2024,1,2024-03-02,train
0 days 02:30:31.658000,PER,11,0 days 00:01:35.568000,56.0,3.0,,,0 days 00:00:30.539000,0 days 00:00:41.406000,0 days 00:00:23.623000,0 days 02:29:26.651000,0 days 02:30:08.057000,0 days 02:30:31.680000,235.0,266.0,283.0,304.0,False,SOFT,20.0,True,Red Bull Racing,0 days 02:28:56.090000,,1,2.0,False,,False,True,2024-01,Bahrain Grand Prix,2024,1,2024-03-02,train
0 days 02:32:07.404000,PER,11,0 days 00:01:35.746000,57.0,3.0,,,0 days 00:00:30.521000,0 days 00:00:41.600000,0 days 00:00:23.625000,0 days 02:31:02.201000,0 days 02:31:43.801000,0 days 02:32:07.426000,236.0,267.0,282.0,306.0,False,SOFT,21.0,True,Red Bull Racing,0 days 02:30:31.658000,,1,2.0,False,,False,True,2024-01,Bahrain Grand Prix,2024,1,2024-03-02,train
0 days 01:01:40.825000,SAI,55,0 days 00:01:40.620000,1.0,1.0,,,,0 days 00:00:42.861000,0 days 00:00:23.765000,,0 days 01:01:17.207000,0 days 01:01:40.944000,233.0,249.0,280.0,256.0,False,SOFT,4.0,False,Ferrari,0 days 00:59:59.911000,,12,5.0,False,,False,False,2024-01,Bahrain Grand Prix,2024,1,2024-03-02,train
0 days 01:03:18.061000,SAI,55,0 days 00:01:37.236000,2.0,1.0,,,0 days 00:00:30.974000,0 days 00:00:42.366000,0 days 00:00:23.896000,0 days 01:02:11.850000,0 days 01:02:54.216000,0 days 01:03:18.112000,235.0,244.0,279.0,297.0,True,SOFT,5.0,False,Ferrari,0 days 01:01:40.825000,,1,5.0,False,,False,True,2024-01,Bahrain Grand Prix,2024,1,2024-03-02,train
0 days 01:04:55.141000,SAI,55,0 days 00:01:37.080000,3.0,1.0,,,0 days 00:00:31.049000,0 days 00:00:42.179000,0 days 00:00:23.852000,0 days 01:03:49.161000,0 days 01:04:31.340000,0 days 01:04:55.192000,233.0,246.0,280.0,300.0,True,SOFT,6.0,False,Ferrari,0 days 01:03:18.061000,,1,5.0,False,,False,True,2024-01,Bahrain Grand Prix,2024,1,2024-03-02,train
0 days 01:06:32.405000,SAI,55,0 days 00:01:37.264000,4.0,1.0,,,0 days 00:00:30.957000,0 days 00:00:42.373000,0 days 00:00:23.934000,0 days 01:05:26.149000,0 days 01:06:08.522000,0 days 01:06:32.456000,234.0,245.0,285.0,304.0,False,SOFT,7.0,False,Ferrari,0 days 01:04:55.141000,,1,5.0,False,,False,True,2024-01,Bahrain Grand Prix,2024,1,2024-03-02,train
0 days 01:08:10.437000,SAI,55,0 days 00:01:38.032000,5.0,1.0,,,0 days 00:00:30.967000,0 days 00:00:42.821000,0 days 00:00:24.244000,0 days 01:07:03.423000,0 days 01:07:46.244000,0 days 01:08:10.488000,232.0,245.0,286.0,324.0,False,SOFT,8.0,False,Ferrari,0 days 01:06:32.405000,,1,5.0,False,,False,True,2024-01,Bahrain Grand Prix,2024,1,2024-03-02,train
0 days 01:09:48.178000,SAI,55,0 days 00:01:37.741000,6.0,1.0,,,0 days 00:00:30.879000,0 days 00:00:42.803000,0 days 00:00:24.059000,0 days 01:08:41.367000,0 days 01:09:24.170000,0 days 01:09:48.229000,233.0,243.0,286.0,325.0,False,SOFT,9.0,False,Ferrari,0 days 01:08:10.437000,,1,5.0,False,,False,True,2024-01,Bahrain Grand Prix,2024,1,2024-03-02,train
0 days 01:11:26.438000,SAI,55,0 days 00:01:38.260000,7.0,1.0,,,0 days 00:00:30.847000,0 days 00:00:43.148000,0 days 00:00:24.265000,0 days 01:10:19.076000,0 days 01:11:02.224000,0 days 01:11:26.489000,234.0,242.0,286.0,326.0,False,SOFT,10.0,False,Ferrari,0 days 01:09:48.178000,,1,5.0,False,,False,True,2024-01,Bahrain Grand Prix,2024,1,2024-03-02,train
0 days 01:13:04.621000,SAI,55,0 days 00:01:38.183000,8.0,1.0,,,0 days 00:00:31.341000,0 days 00:00:42.701000,0 days 00:00:24.141000,0 days 01:11:57.830000,0 days 01:12:40.531000,0 days 01:13:04.672000,232.0,246.0,287.0,316.0,False,SOFT,11.0,False,Ferrari,0 days 01:11:26.438000,,1,5.0,False,,False,True,2024-01,Bahrain Grand Prix,2024,1,2024-03-02,train
0 days 01:14:42.651000,SAI,55,0 days 00:01:38.030000,9.0,1.0,,,0 days 00:00:30.990000,0 days 00:00:42.868000,0 days 00:00:24.172000,0 days 01:13:35.662000,0 days 01:14:18.530000,0 days 01:14:42.702000,234.0,247.0,285.0,323.0,False,SOFT,12.0,False,Ferrari,0 days 01:13:04.621000,,1,5.0,False,,False,True,2024-01,Bahrain Grand Prix,2024,1,2024-03-02,train
0 days 01:16:20.259000,SAI,55,0 days 00:01:37.608000,10.0,1.0,,,0 days 00:00:30.819000,0 days 00:00:42.638000,0 days 00:00:24.151000,0 days 01:15:13.521000,0 days 01:15:56.159000,0 days 01:16:20.310000,233.0,248.0,287.0,319.0,False,SOFT,13.0,False,Ferrari,0 days 01:14:42.651000,,12,5.0,False,,False,True,2024-01,Bahrain Grand Prix,2024,1,2024-03-02,train
0 days 01:17:57.915000,SAI,55,0 days 00:01:37.656000,11.0,1.0,,,0 days 00:00:31.266000,0 days 00:00:42.386000,0 days 00:00:24.004000,0 days 01:16:51.576000,0 days 01:17:33.962000,0 days 01:17:57.966000,232.0,252.0,280.0,324.0,False,SOFT,14.0,False,Ferrari,0 days 01:16:20.259000,,1,3.0,False,,False,True,2024-01,Bahrain Grand Prix,2024,1,2024-03-02,train
0 days 01:19:35.565000,SAI,55,0 days 00:01:37.650000,12.0,1.0,,,0 days 00:00:31.089000,0 days 00:00:42.460000,0 days 00:00:24.101000,0 days 01:18:29.055000,0 days 01:19:11.515000,0 days 01:19:35.616000,232.0,248.0,277.0,299.0,False,SOFT,15.0,False,Ferrari,0 days 01:17:57.915000,,1,2.0,False,,False,True,2024-01,Bahrain Grand Prix,2024,1,2024-03-02,train
0 days 01:21:12.808000,SAI,55,0 days 00:01:37.243000,13.0,1.0,,,0 days 00:00:31.025000,0 days 00:00:42.212000,0 days 00:00:24.006000,0 days 01:20:06.641000,0 days 01:20:48.853000,0 days 01:21:12.859000,233.0,250.0,277.0,298.0,False,SOFT,16.0,False,Ferrari,0 days 01:19:35.565000,,1,2.0,False,,False,True,2024-01,Bahrain Grand Prix,2024,1,2024-03-02,train
0 days 01:22:52.561000,SAI,55,0 days 00:01:39.753000,14.0,1.0,,0 days 01:22:50.807000,0 days 00:00:31.011000,0 days 00:00:42.119000,0 days 00:00:26.623000,0 days 01:21:43.870000,0 days 01:22:25.989000,0 days 01:22:52.612000,235.0,258.0,,298.0,False,SOFT,17.0,False,Ferrari,0 days 01:21:12.808000,,1,2.0,False,,False,False,2024-01,Bahrain Grand Prix,2024,1,2024-03-02,train
0 days 01:24:49.786000,SAI,55,0 days 00:01:57.225000,15.0,2.0,0 days 01:23:15.387000,,0 days 00:00:51.656000,0 days 00:00:42.013000,0 days 00:00:23.556000,0 days 01:23:44.268000,0 days 01:24:26.281000,0 days 01:24:49.837000,236.0,252.0,286.0,220.0,False,HARD,1.0,True,Ferrari,0 days 01:22:52.561000,,1,7.0,False,,False,False,2024-01,Bahrain Grand Prix,2024,1,2024-03-02,train
0 days 01:26:26.162000,SAI,55,0 days 00:01:36.376000,16.0,2.0,,,0 days 00:00:30.412000,0 days 00:00:42.131000,0 days 00:00:23.833000,0 days 01:25:20.249000,0 days 01:26:02.380000,0 days 01:26:26.213000,236.0,247.0,289.0,325.0,True,HARD,2.0,True,Ferrari,0 days 01:24:49.786000,,1,5.0,False,,False,True,2024-01,Bahrain Grand Prix,2024,1,2024-03-02,train
0 days 01:28:01.669000,SAI,55,0 days 00:01:35.507000,17.0,2.0,,,0 days 00:00:30.202000,0 days 00:00:41.758000,0 days 00:00:23.547000,0 days 01:26:56.415000,0 days 01:27:38.173000,0 days 01:28:01.720000,233.0,251.0,286.0,332.0,True,HARD,3.0,True,Ferrari,0 days 01:26:26.162000,,1,4.0,False,,False,True,2024-01,Bahrain Grand Prix,2024,1,2024-03-02,train
0 days 01:29:37.757000,SAI,55,0 days 00:01:36.088000,18.0,2.0,,,0 days 00:00:30.590000,0 days 00:00:41.964000,0 days 00:00:23.534000,0 days 01:28:32.310000,0 days 01:29:14.274000,0 days 01:29:37.808000,233.0,249.0,279.0,322.0,False,HARD,4.0,True,Ferrari,0 days 01:28:01.669000,,1,3.0,False,,False,True,2024-01,Bahrain Grand Prix,2024,1,2024-03-02,train
0 days 01:31:13.993000,SAI,55,0 days 00:01:36.236000,19.0,2.0,,,0 days 00:00:30.805000,0 days 00:00:41.897000,0 days 00:00:23.534000,0 days 01:30:08.613000,0 days 01:30:50.510000,0 days 01:31:14.044000,234.0,248.0,279.0,293.0,False,HARD,5.0,True,Ferrari,0 days 01:29:37.757000,,1,3.0,False,,False,True,2024-01,Bahrain Grand Prix,2024,1,2024-03-02,train
0 days 01:32:50.027000,SAI,55,0 days 00:01:36.034000,20.0,2.0,,,0 days 00:00:30.786000,0 days 00:00:41.660000,0 days 00:00:23.588000,0 days 01:31:44.830000,0 days 01:32:26.490000,0 days 01:32:50.078000,235.0,252.0,279.0,297.0,False,HARD,6.0,True,Ferrari,0 days 01:31:13.993000,,1,3.0,False,,False,True,2024-01,Bahrain Grand Prix,2024,1,2024-03-02,train
0 days 01:34:26.131000,SAI,55,0 days 00:01:36.104000,21.0,2.0,,,0 days 00:00:30.796000,0 days 00:00:41.752000,0 days 00:00:23.556000,0 days 01:33:20.874000,0 days 01:34:02.626000,0 days 01:34:26.182000,235.0,252.0,279.0,298.0,False,HARD,7.0,True,Ferrari,0 days 01:32:50.027000,,1,3.0,False,,False,True,2024-01,Bahrain Grand Prix,2024,1,2024-03-02,train
0 days 01:36:02.139000,SAI,55,0 days 00:01:36.008000,22.0,2.0,,,0 days 00:00:30.686000,0 days 00:00:41.770000,0 days 00:00:23.552000,0 days 01:34:56.868000,0 days 01:35:38.638000,0 days 01:36:02.190000,235.0,253.0,280.0,299.0,False,HARD,8.0,True,Ferrari,0 days 01:34:26.131000,,1,3.0,False,,False,True,2024-01,Bahrain Grand Prix,2024,1,2024-03-02,train
0 days 01:37:38.288000,SAI,55,0 days 00:01:36.149000,23.0,2.0,,,0 days 00:00:30.738000,0 days 00:00:41.797000,0 days 00:00:23.614000,0 days 01:36:32.928000,0 days 01:37:14.725000,0 days 01:37:38.339000,236.0,252.0,280.0,300.0,False,HARD,9.0,True,Ferrari,0 days 01:36:02.139000,,1,3.0,False,,False,True,2024-01,Bahrain Grand Prix,2024,1,2024-03-02,train
0 days 01:39:14.488000,SAI,55,0 days 00:01:36.200000,24.0,2.0,,,0 days 00:00:30.698000,0 days 00:00:41.881000,0 days 00:00:23.621000,0 days 01:38:09.037000,0 days 01:38:50.918000,0 days 01:39:14.539000,236.0,251.0,280.0,301.0,False,HARD,10.0,True,Ferrari,0 days 01:37:38.288000,,1,3.0,False,,False,True,2024-01,Bahrain Grand Prix,2024,1,2024-03-02,train
0 days 01:40:50.708000,SAI,55,0 days 00:01:36.220000,25.0,2.0,,,0 days 00:00:30.724000,0 days 00:00:41.907000,0 days 00:00:23.589000,0 days 01:39:45.263000,0 days 01:40:27.170000,0 days 01:40:50.759000,233.0,251.0,280.0,301.0,False,HARD,11.0,True,Ferrari,0 days 01:39:14.488000,,1,3.0,False,,False,True,2024-01,Bahrain Grand Prix,2024,1,2024-03-02,train
0 days 01:42:26.929000,SAI,55,0 days 00:01:36.221000,26.0,2.0,,,0 days 00:00:30.714000,0 days 00:00:41.878000,0 days 00:00:23.629000,0 days 01:41:21.473000,0 days 01:42:03.351000,0 days 01:42:26.980000,237.0,252.0,280.0,302.0,False,HARD,12.0,True,Ferrari,0 days 01:40:50.708000,,1,3.0,False,,False,True,2024-01,Bahrain Grand Prix,2024,1,2024-03-02,train
0 days 01:44:03.201000,SAI,55,0 days 00:01:36.272000,27.0,2.0,,,0 days 00:00:30.807000,0 days 00:00:41.836000,0 days 00:00:23.629000,0 days 01:42:57.787000,0 days 01:43:39.623000,0 days 01:44:03.252000,236.0,251.0,280.0,301.0,False,HARD,13.0,True,Ferrari,0 days 01:42:26.929000,,1,3.0,False,,False,True,2024-01,Bahrain Grand Prix,2024,1,2024-03-02,train
0 days 01:45:39.735000,SAI,55,0 days 00:01:36.534000,28.0,2.0,,,0 days 00:00:30.901000,0 days 00:00:41.965000,0 days 00:00:23.668000,0 days 01:44:34.153000,0 days 01:45:16.118000,0 days 01:45:39.786000,236.0,251.0,280.0,299.0,False,HARD,14.0,True,Ferrari,0 days 01:44:03.201000,,1,3.0,False,,False,True,2024-01,Bahrain Grand Prix,2024,1,2024-03-02,train
0 days 01:47:16.335000,SAI,55,0 days 00:01:36.600000,29.0,2.0,,,0 days 00:00:30.852000,0 days 00:00:41.970000,0 days 00:00:23.778000,0 days 01:46:10.638000,0 days 01:46:52.608000,0 days 01:47:16.386000,236.0,254.0,280.0,301.0,False,HARD,15.0,True,Ferrari,0 days 01:45:39.735000,,1,3.0,False,,False,True,2024-01,Bahrain Grand Prix,2024,1,2024-03-02,train
0 days 01:48:52.672000,SAI,55,0 days 00:01:36.337000,30.0,2.0,,,0 days 00:00:30.746000,0 days 00:00:41.897000,0 days 00:00:23.694000,0 days 01:47:47.132000,0 days 01:48:29.029000,0 days 01:48:52.723000,236.0,253.0,280.0,303.0,False,HARD,16.0,True,Ferrari,0 days 01:47:16.335000,,1,3.0,False,,False,True,2024-01,Bahrain Grand Prix,2024,1,2024-03-02,train
0 days 01:50:29.209000,SAI,55,0 days 00:01:36.537000,31.0,2.0,,,0 days 00:00:30.851000,0 days 00:00:41.959000,0 days 00:00:23.727000,0 days 01:49:23.574000,0 days 01:50:05.533000,0 days 01:50:29.260000,234.0,253.0,280.0,301.0,False,HARD,17.0,True,Ferrari,0 days 01:48:52.672000,,1,3.0,False,,False,True,2024-01,Bahrain Grand Prix,2024,1,2024-03-02,train
0 days 01:52:05.971000,SAI,55,0 days 00:01:36.762000,32.0,2.0,,,0 days 00:00:30.873000,0 days 00:00:42.115000,0 days 00:00:23.774000,0 days 01:51:00.133000,0 days 01:51:42.248000,0 days 01:52:06.022000,236.0,255.0,280.0,303.0,False,HARD,18.0,True,Ferrari,0 days 01:50:29.209000,,1,3.0,False,,False,True,2024-01,Bahrain Grand Prix,2024,1,2024-03-02,train
0 days 01:53:42.527000,SAI,55,0 days 00:01:36.556000,33.0,2.0,,,0 days 00:00:30.833000,0 days 00:00:41.987000,0 days 00:00:23.736000,0 days 01:52:36.855000,0 days 01:53:18.842000,0 days 01:53:42.578000,237.0,254.0,280.0,303.0,False,HARD,19.0,True,Ferrari,0 days 01:52:05.971000,,1,3.0,False,,False,True,2024-01,Bahrain Grand Prix,2024,1,2024-03-02,train
0 days 01:55:19.078000,SAI,55,0 days 00:01:36.551000,34.0,2.0,,,0 days 00:00:30.858000,0 days 00:00:41.933000,0 days 00:00:23.760000,0 days 01:54:13.436000,0 days 01:54:55.369000,0 days 01:55:19.129000,236.0,254.0,280.0,301.0,False,HARD,20.0,True,Ferrari,0 days 01:53:42.527000,,1,3.0,False,,False,True,2024-01,Bahrain Grand Prix,2024,1,2024-03-02,train
0 days 01:56:58.352000,SAI,55,0 days 00:01:39.274000,35.0,2.0,,0 days 01:56:56.614000,0 days 00:00:30.872000,0 days 00:00:42.117000,0 days 00:00:26.285000,0 days 01:55:50.001000,0 days 01:56:32.118000,0 days 01:56:58.403000,236.0,255.0,,301.0,False,HARD,21.0,True,Ferrari,0 days 01:55:19.078000,,1,3.0,False,,False,False,2024-01,Bahrain Grand Prix,2024,1,2024-03-02,train
0 days 01:58:53.972000,SAI,55,0 days 00:01:55.620000,36.0,3.0,0 days 01:57:20.500000,,0 days 00:00:50.852000,0 days 00:00:41.528000,0 days 00:00:23.240000,0 days 01:57:49.255000,0 days 01:58:30.783000,0 days 01:58:54.023000,237.0,250.0,280.0,222.0,False,HARD,1.0,True,Ferrari,0 days 01:56:58.352000,,1,3.0,False,,False,False,2024-01,Bahrain Grand Prix,2024,1,2024-03-02,train
0 days 02:00:29.274000,SAI,55,0 days 00:01:35.302000,37.0,3.0,,,0 days 00:00:30.695000,0 days 00:00:41.390000,0 days 00:00:23.217000,0 days 01:59:24.718000,0 days 02:00:06.108000,0 days 02:00:29.325000,237.0,250.0,282.0,296.0,True,HARD,2.0,True,Ferrari,0 days 01:58:53.972000,,1,3.0,False,,False,True,2024-01,Bahrain Grand Prix,2024,1,2024-03-02,train
0 days 02:02:04.374000,SAI,55,0 days 00:01:35.100000,38.0,3.0,,,0 days 00:00:30.631000,0 days 00:00:41.329000,0 days 00:00:23.140000,0 days 02:00:59.956000,0 days 02:01:41.285000,0 days 02:02:04.425000,237.0,251.0,282.0,300.0,True,HARD,3.0,True,Ferrari,0 days 02:00:29.274000,,1,3.0,False,,False,True,2024-01,Bahrain Grand Prix,2024,1,2024-03-02,train
0 days 02:03:39.083000,SAI,55,0 days 00:01:34.709000,39.0,3.0,,,0 days 00:00:30.481000,0 days 00:00:41.066000,0 days 00:00:23.162000,0 days 02:02:34.906000,0 days 02:03:15.972000,0 days 02:03:39.134000,237.0,254.0,282.0,299.0,True,HARD,4.0,True,Ferrari,0 days 02:02:04.374000,,1,3.0,False,,False,True,2024-01,Bahrain Grand Prix,2024,1,2024-03-02,train
0 days 02:05:13.822000,SAI,55,0 days 00:01:34.739000,40.0,3.0,,,0 days 00:00:30.382000,0 days 00:00:41.146000,0 days 00:00:23.211000,0 days 02:04:09.516000,0 days 02:04:50.662000,0 days 02:05:13.873000,238.0,254.0,282.0,303.0,False,HARD,5.0,True,Ferrari,0 days 02:03:39.083000,,1,3.0,False,,False,True,2024-01,Bahrain Grand Prix,2024,1,2024-03-02,train
0 days 02:06:48.863000,SAI,55,0 days 00:01:35.041000,41.0,3.0,,,0 days 00:00:30.638000,0 days 00:00:41.205000,0 days 00:00:23.198000,0 days 02:05:44.511000,0 days 02:06:25.716000,0 days 02:06:48.914000,236.0,253.0,282.0,303.0,False,HARD,6.0,True,Ferrari,0 days 02:05:13.822000,,1,3.0,False,,False,True,2024-01,Bahrain Grand Prix,2024,1,2024-03-02,train
0 days 02:08:23.724000,SAI,55,0 days 00:01:34.861000,42.0,3.0,,,0 days 00:00:30.448000,0 days 00:00:41.195000,0 days 00:00:23.218000,0 days 02:07:19.362000,0 days 02:08:00.557000,0 days 02:08:23.775000,237.0,255.0,282.0,301.0,False,HARD,7.0,True,Ferrari,0 days 02:06:48.863000,,1,3.0,False,,False,True,2024-01,Bahrain Grand Prix,2024,1,2024-03-02,train
0 days 02:09:58.519000,SAI,55,0 days 00:01:34.795000,43.0,3.0,,,0 days 00:00:30.387000,0 days 00:00:41.201000,0 days 00:00:23.207000,0 days 02:08:54.162000,0 days 02:09:35.363000,0 days 02:09:58.570000,238.0,253.0,281.0,302.0,False,HARD,8.0,True,Ferrari,0 days 02:08:23.724000,,1,3.0,False,,False,True,2024-01,Bahrain Grand Prix,2024,1,2024-03-02,train
0 days 02:11:33.026000,SAI,55,0 days 00:01:34.507000,44.0,3.0,,,0 days 00:00:30.350000,0 days 00:00:40.971000,0 days 00:00:23.186000,0 days 02:10:28.920000,0 days 02:11:09.891000,0 days 02:11:33.077000,237.0,255.0,282.0,301.0,True,HARD,9.0,True,Ferrari,0 days 02:09:58.519000,,1,3.0,False,,False,True,2024-01,Bahrain Grand Prix,2024,1,2024-03-02,train
0 days 02:13:07.816000,SAI,55,0 days 00:01:34.790000,45.0,3.0,,,0 days 00:00:30.398000,0 days 00:00:41.123000,0 days 00:00:23.269000,0 days 02:12:03.475000,0 days 02:12:44.598000,0 days 02:13:07.867000,237.0,256.0,282.0,301.0,False,HARD,10.0,True,Ferrari,0 days 02:11:33.026000,,1,3.0,False,,False,True,2024-01,Bahrain Grand Prix,2024,1,2024-03-02,train
0 days 02:14:42.669000,SAI,55,0 days 00:01:34.853000,46.0,3.0,,,0 days 00:00:30.466000,0 days 00:00:41.116000,0 days 00:00:23.271000,0 days 02:13:38.333000,0 days 02:14:19.449000,0 days 02:14:42.720000,237.0,256.0,282.0,300.0,False,HARD,11.0,True,Ferrari,0 days 02:13:07.816000,,1,3.0,False,,False,True,2024-01,Bahrain Grand Prix,2024,1,2024-03-02,train
0 days 02:16:17.570000,SAI,55,0 days 00:01:34.901000,47.0,3.0,,,0 days 00:00:30.455000,0 days 00:00:41.086000,0 days 00:00:23.360000,0 days 02:15:13.175000,0 days 02:15:54.261000,0 days 02:16:17.621000,237.0,255.0,281.0,303.0,False,HARD,12.0,True,Ferrari,0 days 02:14:42.669000,,1,3.0,False,,False,True,2024-01,Bahrain Grand Prix,2024,1,2024-03-02,train
0 days 02:17:52.551000,SAI,55,0 days 00:01:34.981000,48.0,3.0,,,0 days 00:00:30.602000,0 days 00:00:41.028000,0 days 00:00:23.351000,0 days 02:16:48.223000,0 days 02:17:29.251000,0 days 02:17:52.602000,236.0,258.0,282.0,303.0,False,HARD,13.0,True,Ferrari,0 days 02:16:17.570000,,1,3.0,False,,False,True,2024-01,Bahrain Grand Prix,2024,1,2024-03-02,train
0 days 02:19:27.991000,SAI,55,0 days 00:01:35.440000,49.0,3.0,,,0 days 00:00:30.499000,0 days 00:00:41.580000,0 days 00:00:23.361000,0 days 02:18:23.101000,0 days 02:19:04.681000,0 days 02:19:28.042000,237.0,254.0,282.0,302.0,False,HARD,14.0,True,Ferrari,0 days 02:17:52.551000,,1,3.0,False,,False,True,2024-01,Bahrain Grand Prix,2024,1,2024-03-02,train
0 days 02:21:03.133000,SAI,55,0 days 00:01:35.142000,50.0,3.0,,,0 days 00:00:30.468000,0 days 00:00:41.331000,0 days 00:00:23.343000,0 days 02:19:58.510000,0 days 02:20:39.841000,0 days 02:21:03.184000,238.0,256.0,282.0,303.0,False,HARD,15.0,True,Ferrari,0 days 02:19:27.991000,,1,3.0,False,,False,True,2024-01,Bahrain Grand Prix,2024,1,2024-03-02,train
0 days 02:22:38.415000,SAI,55,0 days 00:01:35.282000,51.0,3.0,,,0 days 00:00:30.502000,0 days 00:00:41.387000,0 days 00:00:23.393000,0 days 02:21:33.686000,0 days 02:22:15.073000,0 days 02:22:38.466000,236.0,255.0,281.0,304.0,False,HARD,16.0,True,Ferrari,0 days 02:21:03.133000,,1,3.0,False,,False,True,2024-01,Bahrain Grand Prix,2024,1,2024-03-02,train
0 days 02:24:13.498000,SAI,55,0 days 00:01:35.083000,52.0,3.0,,,0 days 00:00:30.522000,0 days 00:00:41.259000,0 days 00:00:23.302000,0 days 02:23:08.988000,0 days 02:23:50.247000,0 days 02:24:13.549000,237.0,258.0,281.0,303.0,False,HARD,17.0,True,Ferrari,0 days 02:22:38.415000,,1,3.0,False,,False,True,2024-01,Bahrain Grand Prix,2024,1,2024-03-02,train
0 days 02:25:48.709000,SAI,55,0 days 00:01:35.211000,53.0,3.0,,,0 days 00:00:30.491000,0 days 00:00:41.288000,0 days 00:00:23.432000,0 days 02:24:44.040000,0 days 02:25:25.328000,0 days 02:25:48.760000,237.0,258.0,283.0,301.0,False,HARD,18.0,True,Ferrari,0 days 02:24:13.498000,,1,3.0,False,,False,True,2024-01,Bahrain Grand Prix,2024,1,2024-03-02,train
0 days 02:27:24.018000,SAI,55,0 days 00:01:35.309000,54.0,3.0,,,0 days 00:00:30.555000,0 days 00:00:41.277000,0 days 00:00:23.477000,0 days 02:26:19.315000,0 days 02:27:00.592000,0 days 02:27:24.069000,237.0,257.0,284.0,306.0,False,HARD,19.0,True,Ferrari,0 days 02:25:48.709000,,1,3.0,False,,False,True,2024-01,Bahrain Grand Prix,2024,1,2024-03-02,train
0 days 02:28:59.425000,SAI,55,0 days 00:01:35.407000,55.0,3.0,,,0 days 00:00:30.699000,0 days 00:00:41.192000,0 days 00:00:23.516000,0 days 02:27:54.768000,0 days 02:28:35.960000,0 days 02:28:59.476000,237.0,263.0,282.0,306.0,False,HARD,20.0,True,Ferrari,0 days 02:27:24.018000,,1,3.0,False,,False,True,2024-01,Bahrain Grand Prix,2024,1,2024-03-02,train
0 days 02:30:34.730000,SAI,55,0 days 00:01:35.305000,56.0,3.0,,,0 days 00:00:30.593000,0 days 00:00:41.180000,0 days 00:00:23.532000,0 days 02:29:30.069000,0 days 02:30:11.249000,0 days 02:30:34.781000,238.0,265.0,283.0,301.0,False,HARD,21.0,True,Ferrari,0 days 02:28:59.425000,,1,3.0,False,,False,True,2024-01,Bahrain Grand Prix,2024,1,2024-03-02,train
0 days 02:32:10.057000,SAI,55,0 days 00:01:35.327000,57.0,3.0,,,0 days 00:00:30.550000,0 days 00:00:41.125000,0 days 00:00:23.652000,0 days 02:31:05.331000,0 days 02:31:46.456000,0 days 02:32:10.108000,239.0,269.0,282.0,305.0,False,HARD,22.0,True,Ferrari,0 days 02:30:34.730000,,1,3.0,False,,False,True,2024-01,Bahrain Grand Prix,2024,1,2024-03-02,train
0 days 01:01:38.476000,LEC,16,0 days 00:01:38.271000,1.0,1.0,,,,0 days 00:00:41.549000,0 days 00:00:23.635000,,0 days 01:01:15.049000,0 days 01:01:38.589000,232.0,252.0,278.0,255.0,False,SOFT,4.0,False,Ferrari,0 days 00:59:59.911000,,12,2.0,False,,False,False,2024-01,Bahrain Grand Prix,2024,1,2024-03-02,train
0 days 01:03:15.338000,LEC,16,0 days 00:01:36.862000,2.0,1.0,,,0 days 00:00:31.166000,0 days 00:00:41.864000,0 days 00:00:23.832000,0 days 01:02:09.642000,0 days 01:02:51.506000,0 days 01:03:15.338000,232.0,240.0,277.0,293.0,True,SOFT,5.0,False,Ferrari,0 days 01:01:38.476000,,1,2.0,False,,False,True,2024-01,Bahrain Grand Prix,2024,1,2024-03-02,train
0 days 01:04:53.400000,LEC,16,0 days 00:01:38.062000,3.0,1.0,,,0 days 00:00:31.223000,0 days 00:00:42.856000,0 days 00:00:23.983000,0 days 01:03:46.561000,0 days 01:04:29.417000,0 days 01:04:53.400000,234.0,256.0,283.0,296.0,False,SOFT,6.0,False,Ferrari,0 days 01:03:15.338000,,1,3.0,False,,False,True,2024-01,Bahrain Grand Prix,2024,1,2024-03-02,train
0 days 01:06:31.152000,LEC,16,0 days 00:01:37.752000,4.0,1.0,,,0 days 00:00:30.958000,0 days 00:00:42.784000,0 days 00:00:24.010000,0 days 01:05:24.358000,0 days 01:06:07.142000,0 days 01:06:31.152000,233.0,242.0,279.0,313.0,False,SOFT,7.0,False,Ferrari,0 days 01:04:53.400000,,1,3.0,True,TRACK LIMITS AT TURN 10 LAP 4 ,False,True,2024-01,Bahrain Grand Prix,2024,1,2024-03-02,train
0 days 01:08:09.283000,LEC,16,0 days 00:01:38.131000,5.0,1.0,,,0 days 00:00:31.192000,0 days 00:00:42.872000,0 days 00:00:24.067000,0 days 01:07:02.344000,0 days 01:07:45.216000,0 days 01:08:09.283000,232.0,242.0,283.0,298.0,False,SOFT,8.0,False,Ferrari,0 days 01:06:31.152000,,1,3.0,False,,False,True,2024-01,Bahrain Grand Prix,2024,1,2024-03-02,train
0 days 01:09:47.065000,LEC,16,0 days 00:01:37.782000,6.0,1.0,,,0 days 00:00:30.936000,0 days 00:00:42.751000,0 days 00:00:24.095000,0 days 01:08:40.219000,0 days 01:09:22.970000,0 days 01:09:47.065000,230.0,242.0,283.0,312.0,False,SOFT,9.0,False,Ferrari,0 days 01:08:09.283000,,1,3.0,False,,False,True,2024-01,Bahrain Grand Prix,2024,1,2024-03-02,train
0 days 01:11:26.022000,LEC,16,0 days 00:01:38.957000,7.0,1.0,,,0 days 00:00:31.008000,0 days 00:00:43.761000,0 days 00:00:24.188000,0 days 01:10:18.073000,0 days 01:11:01.834000,0 days 01:11:26.022000,231.0,246.0,285.0,310.0,False,SOFT,10.0,False,Ferrari,0 days 01:09:47.065000,,1,4.0,False,,False,True,2024-01,Bahrain Grand Prix,2024,1,2024-03-02,train
0 days 01:13:04.158000,LEC,16,0 days 00:01:38.136000,8.0,1.0,,,0 days 00:00:31.200000,0 days 00:00:42.753000,0 days 00:00:24.183000,0 days 01:11:57.222000,0 days 01:12:39.975000,0 days 01:13:04.158000,232.0,258.0,284.0,316.0,False,SOFT,11.0,False,Ferrari,0 days 01:11:26.022000,,1,4.0,False,,False,True,2024-01,Bahrain Grand Prix,2024,1,2024-03-02,train
0 days 01:14:42.002000,LEC,16,0 days 00:01:37.844000,9.0,1.0,,,0 days 00:00:31.147000,0 days 00:00:42.533000,0 days 00:00:24.164000,0 days 01:13:35.305000,0 days 01:14:17.838000,0 days 01:14:42.002000,229.0,258.0,283.0,314.0,False,SOFT,12.0,False,Ferrari,0 days 01:13:04.158000,,1,4.0,False,,False,True,2024-01,Bahrain Grand Prix,2024,1,2024-03-02,train
0 days 01:16:19.886000,LEC,16,0 days 00:01:37.884000,10.0,1.0,,,0 days 00:00:30.988000,0 days 00:00:42.534000,0 days 00:00:24.362000,0 days 01:15:12.990000,0 days 01:15:55.524000,0 days 01:16:19.886000,230.0,254.0,279.0,316.0,False,SOFT,13.0,False,Ferrari,0 days 01:14:42.002000,,12,4.0,False,,False,True,2024-01,Bahrain Grand Prix,2024,1,2024-03-02,train
0 days 01:18:01.623000,LEC,16,0 days 00:01:41.737000,11.0,1.0,,0 days 01:17:59.892000,0 days 00:00:32.241000,0 days 00:00:42.647000,0 days 00:00:26.849000,0 days 01:16:52.127000,0 days 01:17:34.774000,0 days 01:18:01.623000,229.0,255.0,,297.0,False,SOFT,14.0,False,Ferrari,0 days 01:16:19.886000,,1,6.0,False,,False,False,2024-01,Bahrain Grand Prix,2024,1,2024-03-02,train
0 days 01:19:59.094000,LEC,16,0 days 00:01:57.471000,12.0,2.0,0 days 01:18:23.940000,,0 days 00:00:51.178000,0 days 00:00:42.371000,0 days 00:00:23.922000,0 days 01:18:52.801000,0 days 01:19:35.172000,0 days 01:19:59.094000,234.0,257.0,283.0,220.0,False,HARD,1.0,True,Ferrari,0 days 01:18:01.623000,,1,13.0,False,,False,False,2024-01,Bahrain Grand Prix,2024,1,2024-03-02,train
0 days 01:21:35.526000,LEC,16,0 days 00:01:36.432000,13.0,2.0,,,0 days 00:00:30.580000,0 days 00:00:42.173000,0 days 00:00:23.679000,0 days 01:20:29.674000,0 days 01:21:11.847000,0 days 01:21:35.526000,235.0,254.0,282.0,314.0,True,HARD,2.0,True,Ferrari,0 days 01:19:59.094000,,1,9.0,False,,False,True,2024-01,Bahrain Grand Prix,2024,1,2024-03-02,train
0 days 01:23:12.282000,LEC,16,0 days 00:01:36.756000,14.0,2.0,,,0 days 00:00:30.787000,0 days 00:00:42.232000,0 days 00:00:23.737000,0 days 01:22:06.313000,0 days 01:22:48.545000,0 days 01:23:12.282000,236.0,247.0,282.0,305.0,False,HARD,3.0,True,Ferrari,0 days 01:21:35.526000,,1,8.0,False,,False,True,2024-01,Bahrain Grand Prix,2024,1,2024-03-02,train
0 days 01:24:49.095000,LEC,16,0 days 00:01:36.813000,15.0,2.0,,,0 days 00:00:30.831000,0 days 00:00:42.256000,0 days 00:00:23.726000,0 days 01:23:43.113000,0 days 01:24:25.369000,0 days 01:24:49.095000,236.0,244.0,285.0,298.0,False,HARD,4.0,True,Ferrari,0 days 01:23:12.282000,,1,6.0,False,,False,True,2024-01,Bahrain Grand Prix,2024,1,2024-03-02,train
0 days 01:26:25.768000,LEC,16,0 days 00:01:36.673000,16.0,2.0,,,0 days 00:00:30.606000,0 days 00:00:42.320000,0 days 00:00:23.747000,0 days 01:25:19.701000,0 days 01:26:02.021000,0 days 01:26:25.768000,236.0,259.0,285.0,320.0,False,HARD,5.0,True,Ferrari,0 days 01:24:49.095000,,1,4.0,False,,False,True,2024-01,Bahrain Grand Prix,2024,1,2024-03-02,train
0 days 01:28:03.070000,LEC,16,0 days 00:01:37.302000,17.0,2.0,,,0 days 00:00:31.109000,0 days 00:00:42.332000,0 days 00:00:23.861000,0 days 01:26:56.877000,0 days 01:27:39.209000,0 days 01:28:03.070000,233.0,246.0,279.0,318.0,False,HARD,6.0,True,Ferrari,0 days 01:26:25.768000,,1,5.0,False,,False,True,2024-01,Bahrain Grand Prix,2024,1,2024-03-02,train
0 days 01:29:40.508000,LEC,16,0 days 00:01:37.438000,18.0,2.0,,,0 days 00:00:31.180000,0 days 00:00:42.467000,0 days 00:00:23.791000,0 days 01:28:34.250000,0 days 01:29:16.717000,0 days 01:29:40.508000,233.0,243.0,279.0,298.0,False,HARD,7.0,True,Ferrari,0 days 01:28:03.070000,,1,5.0,False,,False,True,2024-01,Bahrain Grand Prix,2024,1,2024-03-02,train
0 days 01:31:17.329000,LEC,16,0 days 00:01:36.821000,19.0,2.0,,,0 days 00:00:30.986000,0 days 00:00:42.030000,0 days 00:00:23.805000,0 days 01:30:11.494000,0 days 01:30:53.524000,0 days 01:31:17.329000,234.0,262.0,280.0,298.0,False,HARD,8.0,True,Ferrari,0 days 01:29:40.508000,,1,5.0,False,,False,True,2024-01,Bahrain Grand Prix,2024,1,2024-03-02,train
0 days 01:32:54.123000,LEC,16,0 days 00:01:36.794000,20.0,2.0,,,0 days 00:00:30.839000,0 days 00:00:42.103000,0 days 00:00:23.852000,0 days 01:31:48.168000,0 days 01:32:30.271000,0 days 01:32:54.123000,234.0,262.0,280.0,299.0,False,HARD,9.0,True,Ferrari,0 days 01:31:17.329000,,1,5.0,False,,False,True,2024-01,Bahrain Grand Prix,2024,1,2024-03-02,train
0 days 01:34:31.100000,LEC,16,0 days 00:01:36.977000,21.0,2.0,,,0 days 00:00:31.089000,0 days 00:00:42.091000,0 days 00:00:23.797000,0 days 01:33:25.212000,0 days 01:34:07.303000,0 days 01:34:31.100000,234.0,258.0,280.0,300.0,False,HARD,10.0,True,Ferrari,0 days 01:32:54.123000,,1,5.0,False,,False,True,2024-01,Bahrain Grand Prix,2024,1,2024-03-02,train
0 days 01:36:07.896000,LEC,16,0 days 00:01:36.796000,22.0,2.0,,,0 days 00:00:30.994000,0 days 00:00:41.976000,0 days 00:00:23.826000,0 days 01:35:02.094000,0 days 01:35:44.070000,0 days 01:36:07.896000,234.0,257.0,280.0,299.0,False,HARD,11.0,True,Ferrari,0 days 01:34:31.100000,,1,5.0,False,,False,True,2024-01,Bahrain Grand Prix,2024,1,2024-03-02,train
0 days 01:37:44.883000,LEC,16,0 days 00:01:36.987000,23.0,2.0,,,0 days 00:00:31.131000,0 days 00:00:41.941000,0 days 00:00:23.915000,0 days 01:36:39.027000,0 days 01:37:20.968000,0 days 01:37:44.883000,235.0,261.0,280.0,300.0,False,HARD,12.0,True,Ferrari,0 days 01:36:07.896000,,1,5.0,False,,False,True,2024-01,Bahrain Grand Prix,2024,1,2024-03-02,train
0 days 01:39:21.807000,LEC,16,0 days 00:01:36.924000,24.0,2.0,,,0 days 00:00:31.083000,0 days 00:00:41.904000,0 days 00:00:23.937000,0 days 01:38:15.966000,0 days 01:38:57.870000,0 days 01:39:21.807000,234.0,258.0,280.0,298.0,False,HARD,13.0,True,Ferrari,0 days 01:37:44.883000,,1,5.0,False,,False,True,2024-01,Bahrain Grand Prix,2024,1,2024-03-02,train
0 days 01:40:58.567000,LEC,16,0 days 00:01:36.760000,25.0,2.0,,,0 days 00:00:31.059000,0 days 00:00:41.828000,0 days 00:00:23.873000,0 days 01:39:52.866000,0 days 01:40:34.694000,0 days 01:40:58.567000,234.0,259.0,280.0,299.0,False,HARD,14.0,True,Ferrari,0 days 01:39:21.807000,,1,5.0,False,,False,True,2024-01,Bahrain Grand Prix,2024,1,2024-03-02,train
0 days 01:42:35.377000,LEC,16,0 days 00:01:36.810000,26.0,2.0,,,0 days 00:00:30.991000,0 days 00:00:41.901000,0 days 00:00:23.918000,0 days 01:41:29.558000,0 days 01:42:11.459000,0 days 01:42:35.377000,234.0,259.0,280.0,300.0,False,HARD,15.0,True,Ferrari,0 days 01:40:58.567000,,1,5.0,False,,False,True,2024-01,Bahrain Grand Prix,2024,1,2024-03-02,train
0 days 01:44:12.208000,LEC,16,0 days 00:01:36.831000,27.0,2.0,,,0 days 00:00:31.081000,0 days 00:00:41.881000,0 days 00:00:23.869000,0 days 01:43:06.458000,0 days 01:43:48.339000,0 days 01:44:12.208000,235.0,260.0,281.0,301.0,False,HARD,16.0,True,Ferrari,0 days 01:42:35.377000,,1,5.0,False,,False,True,2024-01,Bahrain Grand Prix,2024,1,2024-03-02,train
0 days 01:45:49.115000,LEC,16,0 days 00:01:36.907000,28.0,2.0,,,0 days 00:00:31.019000,0 days 00:00:41.971000,0 days 00:00:23.917000,0 days 01:44:43.227000,0 days 01:45:25.198000,0 days 01:45:49.115000,234.0,261.0,280.0,300.0,False,HARD,17.0,True,Ferrari,0 days 01:44:12.208000,,1,5.0,False,,False,True,2024-01,Bahrain Grand Prix,2024,1,2024-03-02,train
0 days 01:47:26.078000,LEC,16,0 days 00:01:36.963000,29.0,2.0,,,0 days 00:00:30.974000,0 days 00:00:42.065000,0 days 00:00:23.924000,0 days 01:46:20.089000,0 days 01:47:02.154000,0 days 01:47:26.078000,236.0,259.0,280.0,300.0,False,HARD,18.0,True,Ferrari,0 days 01:45:49.115000,,1,5.0,False,,False,True,2024-01,Bahrain Grand Prix,2024,1,2024-03-02,train
0 days 01:49:03.236000,LEC,16,0 days 00:01:37.158000,30.0,2.0,,,0 days 00:00:31.134000,0 days 00:00:42.030000,0 days 00:00:23.994000,0 days 01:47:57.212000,0 days 01:48:39.242000,0 days 01:49:03.236000,235.0,260.0,281.0,301.0,False,HARD,19.0,True,Ferrari,0 days 01:47:26.078000,,1,5.0,False,,False,True,2024-01,Bahrain Grand Prix,2024,1,2024-03-02,train
0 days 01:50:40.267000,LEC,16,0 days 00:01:37.031000,31.0,2.0,,,0 days 00:00:30.999000,0 days 00:00:42.079000,0 days 00:00:23.953000,0 days 01:49:34.235000,0 days 01:50:16.314000,0 days 01:50:40.267000,236.0,260.0,279.0,300.0,False,HARD,20.0,True,Ferrari,0 days 01:49:03.236000,,1,4.0,False,,False,True,2024-01,Bahrain Grand Prix,2024,1,2024-03-02,train
0 days 01:52:17.208000,LEC,16,0 days 00:01:36.941000,32.0,2.0,,,0 days 00:00:31.153000,0 days 00:00:41.922000,0 days 00:00:23.866000,0 days 01:51:11.420000,0 days 01:51:53.342000,0 days 01:52:17.208000,233.0,259.0,279.0,294.0,False,HARD,21.0,True,Ferrari,0 days 01:50:40.267000,,1,4.0,False,,False,True,2024-01,Bahrain Grand Prix,2024,1,2024-03-02,train
0 days 01:53:53.949000,LEC,16,0 days 00:01:36.741000,33.0,2.0,,,0 days 00:00:30.990000,0 days 00:00:41.868000,0 days 00:00:23.883000,0 days 01:52:48.198000,0 days 01:53:30.066000,0 days 01:53:53.949000,237.0,261.0,279.0,298.0,False,HARD,22.0,True,Ferrari,0 days 01:52:17.208000,,1,4.0,False,,False,True,2024-01,Bahrain Grand Prix,2024,1,2024-03-02,train
0 days 01:55:33.563000,LEC,16,0 days 00:01:39.614000,34.0,2.0,,0 days 01:55:31.860000,0 days 00:00:31.219000,0 days 00:00:41.932000,0 days 00:00:26.463000,0 days 01:54:25.168000,0 days 01:55:07.100000,0 days 01:55:33.563000,237.0,260.0,,296.0,False,HARD,23.0,True,Ferrari,0 days 01:53:53.949000,,1,4.0,False,,False,False,2024-01,Bahrain Grand Prix,2024,1,2024-03-02,train
0 days 01:57:29.729000,LEC,16,0 days 00:01:56.166000,35.0,3.0,0 days 01:55:55.941000,,0 days 00:00:51.681000,0 days 00:00:41.260000,0 days 00:00:23.225000,0 days 01:56:25.244000,0 days 01:57:06.504000,0 days 01:57:29.729000,235.0,265.0,289.0,219.0,False,HARD,1.0,True,Ferrari,0 days 01:55:33.563000,,1,6.0,False,,False,False,2024-01,Bahrain Grand Prix,2024,1,2024-03-02,train
0 days 01:59:03.819000,LEC,16,0 days 00:01:34.090000,36.0,3.0,,,0 days 00:00:30.063000,0 days 00:00:40.650000,0 days 00:00:23.377000,0 days 01:57:59.792000,0 days 01:58:40.442000,0 days 01:59:03.819000,238.0,262.0,281.0,318.0,True,HARD,2.0,True,Ferrari,0 days 01:57:29.729000,,1,5.0,False,,False,True,2024-01,Bahrain Grand Prix,2024,1,2024-03-02,train
0 days 02:00:38.716000,LEC,16,0 days 00:01:34.897000,37.0,3.0,,,0 days 00:00:30.611000,0 days 00:00:40.962000,0 days 00:00:23.324000,0 days 01:59:34.430000,0 days 02:00:15.392000,0 days 02:00:38.716000,235.0,256.0,281.0,293.0,False,HARD,3.0,True,Ferrari,0 days 01:59:03.819000,,1,5.0,False,,False,True,2024-01,Bahrain Grand Prix,2024,1,2024-03-02,train
0 days 02:02:13.499000,LEC,16,0 days 00:01:34.783000,38.0,3.0,,,0 days 00:00:30.550000,0 days 00:00:40.953000,0 days 00:00:23.280000,0 days 02:01:09.266000,0 days 02:01:50.219000,0 days 02:02:13.499000,236.0,256.0,283.0,298.0,False,HARD,4.0,True,Ferrari,0 days 02:00:38.716000,,1,5.0,False,,False,True,2024-01,Bahrain Grand Prix,2024,1,2024-03-02,train
0 days 02:03:48.586000,LEC,16,0 days 00:01:35.087000,39.0,3.0,,,0 days 00:00:30.604000,0 days 00:00:41.077000,0 days 00:00:23.406000,0 days 02:02:44.103000,0 days 02:03:25.180000,0 days 02:03:48.586000,236.0,260.0,282.0,298.0,False,HARD,5.0,True,Ferrari,0 days 02:02:13.499000,,1,5.0,False,,False,True,2024-01,Bahrain Grand Prix,2024,1,2024-03-02,train
0 days 02:05:23.445000,LEC,16,0 days 00:01:34.859000,40.0,3.0,,,0 days 00:00:30.507000,0 days 00:00:40.836000,0 days 00:00:23.516000,0 days 02:04:19.093000,0 days 02:04:59.929000,0 days 02:05:23.445000,237.0,267.0,283.0,299.0,False,HARD,6.0,True,Ferrari,0 days 02:03:48.586000,,1,5.0,False,,False,True,2024-01,Bahrain Grand Prix,2024,1,2024-03-02,train
0 days 02:06:58.473000,LEC,16,0 days 00:01:35.028000,41.0,3.0,,,0 days 00:00:30.539000,0 days 00:00:41.033000,0 days 00:00:23.456000,0 days 02:05:53.984000,0 days 02:06:35.017000,0 days 02:06:58.473000,236.0,264.0,284.0,299.0,False,HARD,7.0,True,Ferrari,0 days 02:05:23.445000,,1,5.0,False,,False,True,2024-01,Bahrain Grand Prix,2024,1,2024-03-02,train
0 days 02:08:33.455000,LEC,16,0 days 00:01:34.982000,42.0,3.0,,,0 days 00:00:30.413000,0 days 00:00:41.067000,0 days 00:00:23.502000,0 days 02:07:28.886000,0 days 02:08:09.953000,0 days 02:08:33.455000,235.0,262.0,288.0,305.0,False,HARD,8.0,True,Ferrari,0 days 02:06:58.473000,,1,5.0,False,,False,True,2024-01,Bahrain Grand Prix,2024,1,2024-03-02,train
0 days 02:10:08.647000,LEC,16,0 days 00:01:35.192000,43.0,3.0,,,0 days 00:00:30.286000,0 days 00:00:41.367000,0 days 00:00:23.539000,0 days 02:09:03.741000,0 days 02:09:45.108000,0 days 02:10:08.647000,236.0,261.0,287.0,315.0,False,HARD,9.0,True,Ferrari,0 days 02:08:33.455000,,1,5.0,False,,False,True,2024-01,Bahrain Grand Prix,2024,1,2024-03-02,train
0 days 02:11:43.698000,LEC,16,0 days 00:01:35.051000,44.0,3.0,,,0 days 00:00:30.468000,0 days 00:00:41.124000,0 days 00:00:23.459000,0 days 02:10:39.115000,0 days 02:11:20.239000,0 days 02:11:43.698000,234.0,261.0,288.0,313.0,False,HARD,10.0,True,Ferrari,0 days 02:10:08.647000,,1,5.0,False,,False,True,2024-01,Bahrain Grand Prix,2024,1,2024-03-02,train
0 days 02:13:18.918000,LEC,16,0 days 00:01:35.220000,45.0,3.0,,,0 days 00:00:30.355000,0 days 00:00:41.281000,0 days 00:00:23.584000,0 days 02:12:14.053000,0 days 02:12:55.334000,0 days 02:13:18.918000,238.0,264.0,288.0,318.0,False,HARD,11.0,True,Ferrari,0 days 02:11:43.698000,,1,5.0,False,,False,True,2024-01,Bahrain Grand Prix,2024,1,2024-03-02,train
0 days 02:14:53.976000,LEC,16,0 days 00:01:35.058000,46.0,3.0,,,0 days 00:00:30.238000,0 days 00:00:41.400000,0 days 00:00:23.420000,0 days 02:13:49.156000,0 days 02:14:30.556000,0 days 02:14:53.976000,240.0,267.0,282.0,320.0,False,HARD,12.0,True,Ferrari,0 days 02:13:18.918000,,1,4.0,False,,False,True,2024-01,Bahrain Grand Prix,2024,1,2024-03-02,train
0 days 02:16:29.033000,LEC,16,0 days 00:01:35.057000,47.0,3.0,,,0 days 00:00:30.577000,0 days 00:00:41.115000,0 days 00:00:23.365000,0 days 02:15:24.553000,0 days 02:16:05.668000,0 days 02:16:29.033000,236.0,262.0,281.0,301.0,False,HARD,13.0,True,Ferrari,0 days 02:14:53.976000,,1,4.0,False,,False,True,2024-01,Bahrain Grand Prix,2024,1,2024-03-02,train
0 days 02:18:04.341000,LEC,16,0 days 00:01:35.308000,48.0,3.0,,,0 days 00:00:30.640000,0 days 00:00:41.183000,0 days 00:00:23.485000,0 days 02:16:59.673000,0 days 02:17:40.856000,0 days 02:18:04.341000,236.0,262.0,281.0,295.0,False,HARD,14.0,True,Ferrari,0 days 02:16:29.033000,,1,4.0,False,,False,True,2024-01,Bahrain Grand Prix,2024,1,2024-03-02,train
0 days 02:19:39.643000,LEC,16,0 days 00:01:35.302000,49.0,3.0,,,0 days 00:00:30.689000,0 days 00:00:41.120000,0 days 00:00:23.493000,0 days 02:18:35.030000,0 days 02:19:16.150000,0 days 02:19:39.643000,238.0,265.0,281.0,298.0,False,HARD,15.0,True,Ferrari,0 days 02:18:04.341000,,1,4.0,False,,False,True,2024-01,Bahrain Grand Prix,2024,1,2024-03-02,train
0 days 02:21:15.026000,LEC,16,0 days 00:01:35.383000,50.0,3.0,,,0 days 00:00:30.639000,0 days 00:00:41.285000,0 days 00:00:23.459000,0 days 02:20:10.282000,0 days 02:20:51.567000,0 days 02:21:15.026000,238.0,266.0,281.0,299.0,False,HARD,16.0,True,Ferrari,0 days 02:19:39.643000,,1,4.0,False,,False,True,2024-01,Bahrain Grand Prix,2024,1,2024-03-02,train
0 days 02:22:50.444000,LEC,16,0 days 00:01:35.418000,51.0,3.0,,,0 days 00:00:30.721000,0 days 00:00:41.116000,0 days 00:00:23.581000,0 days 02:21:45.747000,0 days 02:22:26.863000,0 days 02:22:50.444000,237.0,267.0,281.0,299.0,False,HARD,17.0,True,Ferrari,0 days 02:21:15.026000,,1,4.0,False,,False,True,2024-01,Bahrain Grand Prix,2024,1,2024-03-02,train
0 days 02:24:25.838000,LEC,16,0 days 00:01:35.394000,52.0,3.0,,,0 days 00:00:30.693000,0 days 00:00:41.156000,0 days 00:00:23.545000,0 days 02:23:21.137000,0 days 02:24:02.293000,0 days 02:24:25.838000,238.0,265.0,280.0,298.0,False,HARD,18.0,True,Ferrari,0 days 02:22:50.444000,,1,4.0,False,,False,True,2024-01,Bahrain Grand Prix,2024,1,2024-03-02,train
0 days 02:26:01.318000,LEC,16,0 days 00:01:35.480000,53.0,3.0,,,0 days 00:00:30.777000,0 days 00:00:41.227000,0 days 00:00:23.476000,0 days 02:24:56.615000,0 days 02:25:37.842000,0 days 02:26:01.318000,239.0,265.0,281.0,299.0,False,HARD,19.0,True,Ferrari,0 days 02:24:25.838000,,1,4.0,False,,False,True,2024-01,Bahrain Grand Prix,2024,1,2024-03-02,train
0 days 02:27:36.583000,LEC,16,0 days 00:01:35.265000,54.0,3.0,,,0 days 00:00:30.700000,0 days 00:00:41.077000,0 days 00:00:23.488000,0 days 02:26:32.018000,0 days 02:27:13.095000,0 days 02:27:36.583000,238.0,266.0,281.0,301.0,False,HARD,20.0,True,Ferrari,0 days 02:26:01.318000,,1,4.0,False,,False,True,2024-01,Bahrain Grand Prix,2024,1,2024-03-02,train
0 days 02:29:12.368000,LEC,16,0 days 00:01:35.785000,55.0,3.0,,,0 days 00:00:30.857000,0 days 00:00:41.308000,0 days 00:00:23.620000,0 days 02:28:07.440000,0 days 02:28:48.748000,0 days 02:29:12.368000,237.0,267.0,281.0,299.0,False,HARD,21.0,True,Ferrari,0 days 02:27:36.583000,,1,4.0,False,,False,True,2024-01,Bahrain Grand Prix,2024,1,2024-03-02,train
0 days 02:30:48.292000,LEC,16,0 days 00:01:35.924000,56.0,3.0,,,0 days 00:00:30.744000,0 days 00:00:41.565000,0 days 00:00:23.615000,0 days 02:29:43.112000,0 days 02:30:24.677000,0 days 02:30:48.292000,238.0,266.0,281.0,299.0,False,HARD,22.0,True,Ferrari,0 days 02:29:12.368000,,1,4.0,False,,False,True,2024-01,Bahrain Grand Prix,2024,1,2024-03-02,train
0 days 02:32:24.616000,LEC,16,0 days 00:01:36.324000,57.0,3.0,,,0 days 00:00:30.856000,0 days 00:00:41.655000,0 days 00:00:23.813000,0 days 02:31:19.148000,0 days 02:32:00.803000,0 days 02:32:24.616000,238.0,262.0,265.0,299.0,False,HARD,23.0,True,Ferrari,0 days 02:30:48.292000,,1,4.0,False,,False,True,2024-01,Bahrain Grand Prix,2024,1,2024-03-02,train
0 days 01:01:39.433000,RUS,63,0 days 00:01:39.228000,1.0,1.0,,,,0 days 00:00:42.099000,0 days 00:00:23.694000,,0 days 01:01:15.899000,0 days 01:01:39.592000,225.0,252.0,279.0,256.0,False,SOFT,4.0,False,Mercedes,0 days 00:59:59.911000,,12,3.0,False,,False,False,2024-01,Bahrain Grand Prix,2024,1,2024-03-02,train
0 days 01:03:16.068000,RUS,63,0 days 00:01:36.635000,2.0,1.0,,,0 days 00:00:30.829000,0 days 00:00:42.038000,0 days 00:00:23.768000,0 days 01:02:10.287000,0 days 01:02:52.325000,0 days 01:03:16.093000,230.0,253.0,283.0,298.0,True,SOFT,5.0,False,Mercedes,0 days 01:01:39.433000,,1,3.0,False,,False,True,2024-01,Bahrain Grand Prix,2024,1,2024-03-02,train
0 days 01:04:52.474000,RUS,63,0 days 00:01:36.406000,3.0,1.0,,,0 days 00:00:30.367000,0 days 00:00:42.202000,0 days 00:00:23.837000,0 days 01:03:46.460000,0 days 01:04:28.662000,0 days 01:04:52.499000,232.0,250.0,278.0,318.0,True,SOFT,6.0,False,Mercedes,0 days 01:03:16.068000,,1,2.0,False,,False,True,2024-01,Bahrain Grand Prix,2024,1,2024-03-02,train
0 days 01:06:30.212000,RUS,63,0 days 00:01:37.738000,4.0,1.0,,,0 days 00:00:31.135000,0 days 00:00:42.609000,0 days 00:00:23.994000,0 days 01:05:23.634000,0 days 01:06:06.243000,0 days 01:06:30.237000,223.0,247.0,269.0,296.0,False,SOFT,7.0,False,Mercedes,0 days 01:04:52.474000,,1,2.0,False,,False,True,2024-01,Bahrain Grand Prix,2024,1,2024-03-02,train
0 days 01:08:08.328000,RUS,63,0 days 00:01:38.116000,5.0,1.0,,,0 days 00:00:31.636000,0 days 00:00:42.573000,0 days 00:00:23.907000,0 days 01:07:01.873000,0 days 01:07:44.446000,0 days 01:08:08.353000,225.0,250.0,277.0,287.0,False,SOFT,8.0,False,Mercedes,0 days 01:06:30.212000,,1,2.0,False,,False,True,2024-01,Bahrain Grand Prix,2024,1,2024-03-02,train
0 days 01:09:46.112000,RUS,63,0 days 00:01:37.784000,6.0,1.0,,,0 days 00:00:31.360000,0 days 00:00:42.508000,0 days 00:00:23.916000,0 days 01:08:39.713000,0 days 01:09:22.221000,0 days 01:09:46.137000,225.0,252.0,277.0,289.0,False,SOFT,9.0,False,Mercedes,0 days 01:08:08.328000,,1,2.0,False,,False,True,2024-01,Bahrain Grand Prix,2024,1,2024-03-02,train
0 days 01:11:24.194000,RUS,63,0 days 00:01:38.082000,7.0,1.0,,,0 days 00:00:31.480000,0 days 00:00:42.577000,0 days 00:00:24.025000,0 days 01:10:17.617000,0 days 01:11:00.194000,0 days 01:11:24.219000,226.0,251.0,278.0,286.0,False,SOFT,10.0,False,Mercedes,0 days 01:09:46.112000,,1,2.0,False,,False,True,2024-01,Bahrain Grand Prix,2024,1,2024-03-02,train
0 days 01:13:02.056000,RUS,63,0 days 00:01:37.862000,8.0,1.0,,,0 days 00:00:31.238000,0 days 00:00:42.646000,0 days 00:00:23.978000,0 days 01:11:55.457000,0 days 01:12:38.103000,0 days 01:13:02.081000,230.0,246.0,278.0,288.0,False,SOFT,11.0,False,Mercedes,0 days 01:11:24.194000,,1,2.0,False,,False,True,2024-01,Bahrain Grand Prix,2024,1,2024-03-02,train
0 days 01:14:39.786000,RUS,63,0 days 00:01:37.730000,9.0,1.0,,,0 days 00:00:31.120000,0 days 00:00:42.578000,0 days 00:00:24.032000,0 days 01:13:33.201000,0 days 01:14:15.779000,0 days 01:14:39.811000,231.0,246.0,278.0,292.0,False,SOFT,12.0,False,Mercedes,0 days 01:13:02.056000,,1,2.0,False,,False,True,2024-01,Bahrain Grand Prix,2024,1,2024-03-02,train
0 days 01:16:17.568000,RUS,63,0 days 00:01:37.782000,10.0,1.0,,,0 days 00:00:31.247000,0 days 00:00:42.538000,0 days 00:00:23.997000,0 days 01:15:11.058000,0 days 01:15:53.596000,0 days 01:16:17.593000,226.0,255.0,277.0,288.0,False,SOFT,13.0,False,Mercedes,0 days 01:14:39.786000,,12,2.0,False,,False,True,2024-01,Bahrain Grand Prix,2024,1,2024-03-02,train
0 days 01:17:58.083000,RUS,63,0 days 00:01:40.515000,11.0,1.0,,0 days 01:17:56.394000,0 days 00:00:31.392000,0 days 00:00:42.646000,0 days 00:00:26.477000,0 days 01:16:48.985000,0 days 01:17:31.631000,0 days 01:17:58.108000,229.0,251.0,,284.0,False,SOFT,14.0,False,Mercedes,0 days 01:16:17.568000,,1,4.0,False,,False,False,2024-01,Bahrain Grand Prix,2024,1,2024-03-02,train
0 days 01:19:56.543000,RUS,63,0 days 00:01:58.460000,12.0,2.0,0 days 01:18:21.160000,,0 days 00:00:52.570000,0 days 00:00:42.189000,0 days 00:00:23.701000,0 days 01:18:50.678000,0 days 01:19:32.867000,0 days 01:19:56.568000,229.0,254.0,281.0,215.0,False,HARD,1.0,True,Mercedes,0 days 01:17:58.083000,,1,11.0,False,,False,False,2024-01,Bahrain Grand Prix,2024,1,2024-03-02,train
0 days 01:21:33.710000,RUS,63,0 days 00:01:37.167000,13.0,2.0,,,0 days 00:00:30.759000,0 days 00:00:42.479000,0 days 00:00:23.929000,0 days 01:20:27.327000,0 days 01:21:09.806000,0 days 01:21:33.735000,232.0,254.0,284.0,296.0,False,HARD,2.0,True,Mercedes,0 days 01:19:56.543000,,1,7.0,False,,False,True,2024-01,Bahrain Grand Prix,2024,1,2024-03-02,train
0 days 01:23:11.281000,RUS,63,0 days 00:01:37.571000,14.0,2.0,,,0 days 00:00:30.851000,0 days 00:00:42.740000,0 days 00:00:23.980000,0 days 01:22:04.586000,0 days 01:22:47.326000,0 days 01:23:11.306000,218.0,255.0,279.0,319.0,False,HARD,3.0,True,Mercedes,0 days 01:21:33.710000,,1,7.0,False,,False,True,2024-01,Bahrain Grand Prix,2024,1,2024-03-02,train
0 days 01:24:48.203000,RUS,63,0 days 00:01:36.922000,15.0,2.0,,,0 days 00:00:31.038000,0 days 00:00:42.152000,0 days 00:00:23.732000,0 days 01:23:42.344000,0 days 01:24:24.496000,0 days 01:24:48.228000,230.0,251.0,280.0,291.0,False,HARD,4.0,True,Mercedes,0 days 01:23:11.281000,,1,4.0,False,,False,True,2024-01,Bahrain Grand Prix,2024,1,2024-03-02,train
0 days 01:26:24.886000,RUS,63,0 days 00:01:36.683000,16.0,2.0,,,0 days 00:00:31.030000,0 days 00:00:42.084000,0 days 00:00:23.569000,0 days 01:25:19.258000,0 days 01:26:01.342000,0 days 01:26:24.911000,227.0,257.0,278.0,295.0,False,HARD,5.0,True,Mercedes,0 days 01:24:48.203000,,1,3.0,False,,False,True,2024-01,Bahrain Grand Prix,2024,1,2024-03-02,train
0 days 01:28:01.120000,RUS,63,0 days 00:01:36.234000,17.0,2.0,,,0 days 00:00:30.747000,0 days 00:00:41.766000,0 days 00:00:23.721000,0 days 01:26:55.658000,0 days 01:27:37.424000,0 days 01:28:01.145000,228.0,256.0,278.0,298.0,True,HARD,6.0,True,Mercedes,0 days 01:26:24.886000,,1,3.0,False,,False,True,2024-01,Bahrain Grand Prix,2024,1,2024-03-02,train
0 days 01:29:38.939000,RUS,63,0 days 00:01:37.819000,18.0,2.0,,,0 days 00:00:31.462000,0 days 00:00:42.532000,0 days 00:00:23.825000,0 days 01:28:32.607000,0 days 01:29:15.139000,0 days 01:29:38.964000,232.0,257.0,274.0,290.0,False,HARD,7.0,True,Mercedes,0 days 01:28:01.120000,,1,4.0,False,,False,True,2024-01,Bahrain Grand Prix,2024,1,2024-03-02,train
0 days 01:31:16.172000,RUS,63,0 days 00:01:37.233000,19.0,2.0,,,0 days 00:00:31.101000,0 days 00:00:42.267000,0 days 00:00:23.865000,0 days 01:30:10.065000,0 days 01:30:52.332000,0 days 01:31:16.197000,228.0,247.0,280.0,293.0,False,HARD,8.0,True,Mercedes,0 days 01:29:38.939000,,1,4.0,False,,False,True,2024-01,Bahrain Grand Prix,2024,1,2024-03-02,train
0 days 01:32:52.904000,RUS,63,0 days 00:01:36.732000,20.0,2.0,,,0 days 00:00:30.862000,0 days 00:00:42.099000,0 days 00:00:23.771000,0 days 01:31:47.059000,0 days 01:32:29.158000,0 days 01:32:52.929000,229.0,250.0,280.0,292.0,False,HARD,9.0,True,Mercedes,0 days 01:31:16.172000,,1,4.0,False,,False,True,2024-01,Bahrain Grand Prix,2024,1,2024-03-02,train
0 days 01:34:29.673000,RUS,63,0 days 00:01:36.769000,21.0,2.0,,,0 days 00:00:30.870000,0 days 00:00:42.180000,0 days 00:00:23.719000,0 days 01:33:23.799000,0 days 01:34:05.979000,0 days 01:34:29.698000,229.0,253.0,280.0,294.0,False,HARD,10.0,True,Mercedes,0 days 01:32:52.904000,,1,4.0,False,,False,True,2024-01,Bahrain Grand Prix,2024,1,2024-03-02,train
0 days 01:36:06.665000,RUS,63,0 days 00:01:36.992000,22.0,2.0,,,0 days 00:00:30.840000,0 days 00:00:42.313000,0 days 00:00:23.839000,0 days 01:35:00.538000,0 days 01:35:42.851000,0 days 01:36:06.690000,229.0,248.0,280.0,295.0,False,HARD,11.0,True,Mercedes,0 days 01:34:29.673000,,1,4.0,False,,False,True,2024-01,Bahrain Grand Prix,2024,1,2024-03-02,train
0 days 01:37:43.619000,RUS,63,0 days 00:01:36.954000,23.0,2.0,,,0 days 00:00:31.043000,0 days 00:00:42.088000,0 days 00:00:23.823000,0 days 01:36:37.733000,0 days 01:37:19.821000,0 days 01:37:43.644000,229.0,256.0,280.0,290.0,False,HARD,12.0,True,Mercedes,0 days 01:36:06.665000,,1,4.0,False,,False,True,2024-01,Bahrain Grand Prix,2024,1,2024-03-02,train
0 days 01:39:20.355000,RUS,63,0 days 00:01:36.736000,24.0,2.0,,,0 days 00:00:30.867000,0 days 00:00:42.107000,0 days 00:00:23.762000,0 days 01:38:14.511000,0 days 01:38:56.618000,0 days 01:39:20.380000,231.0,246.0,280.0,295.0,False,HARD,13.0,True,Mercedes,0 days 01:37:43.619000,,1,4.0,False,,False,True,2024-01,Bahrain Grand Prix,2024,1,2024-03-02,train
0 days 01:40:57.283000,RUS,63,0 days 00:01:36.928000,25.0,2.0,,,0 days 00:00:30.941000,0 days 00:00:42.199000,0 days 00:00:23.788000,0 days 01:39:51.321000,0 days 01:40:33.520000,0 days 01:40:57.308000,231.0,250.0,280.0,295.0,False,HARD,14.0,True,Mercedes,0 days 01:39:20.355000,,1,4.0,False,,False,True,2024-01,Bahrain Grand Prix,2024,1,2024-03-02,train
0 days 01:42:34.084000,RUS,63,0 days 00:01:36.801000,26.0,2.0,,,0 days 00:00:30.867000,0 days 00:00:42.161000,0 days 00:00:23.773000,0 days 01:41:28.175000,0 days 01:42:10.336000,0 days 01:42:34.109000,232.0,258.0,280.0,295.0,False,HARD,15.0,True,Mercedes,0 days 01:40:57.283000,,1,4.0,False,,False,True,2024-01,Bahrain Grand Prix,2024,1,2024-03-02,train
0 days 01:44:10.899000,RUS,63,0 days 00:01:36.815000,27.0,2.0,,,0 days 00:00:30.930000,0 days 00:00:42.115000,0 days 00:00:23.770000,0 days 01:43:05.039000,0 days 01:43:47.154000,0 days 01:44:10.924000,232.0,253.0,280.0,294.0,False,HARD,16.0,True,Mercedes,0 days 01:42:34.084000,,1,4.0,False,,False,True,2024-01,Bahrain Grand Prix,2024,1,2024-03-02,train
0 days 01:45:47.810000,RUS,63,0 days 00:01:36.911000,28.0,2.0,,,0 days 00:00:30.980000,0 days 00:00:42.149000,0 days 00:00:23.782000,0 days 01:44:41.904000,0 days 01:45:24.053000,0 days 01:45:47.835000,231.0,254.0,280.0,294.0,False,HARD,17.0,True,Mercedes,0 days 01:44:10.899000,,1,4.0,False,,False,True,2024-01,Bahrain Grand Prix,2024,1,2024-03-02,train
0 days 01:47:24.876000,RUS,63,0 days 00:01:37.066000,29.0,2.0,,,0 days 00:00:30.993000,0 days 00:00:42.224000,0 days 00:00:23.849000,0 days 01:46:18.828000,0 days 01:47:01.052000,0 days 01:47:24.901000,231.0,257.0,280.0,295.0,False,HARD,18.0,True,Mercedes,0 days 01:45:47.810000,,1,4.0,False,,False,True,2024-01,Bahrain Grand Prix,2024,1,2024-03-02,train
0 days 01:49:02.062000,RUS,63,0 days 00:01:37.186000,30.0,2.0,,,0 days 00:00:31.030000,0 days 00:00:42.221000,0 days 00:00:23.935000,0 days 01:47:55.931000,0 days 01:48:38.152000,0 days 01:49:02.087000,232.0,252.0,280.0,294.0,False,HARD,19.0,True,Mercedes,0 days 01:47:24.876000,,1,4.0,False,,False,True,2024-01,Bahrain Grand Prix,2024,1,2024-03-02,train
0 days 01:50:41.467000,RUS,63,0 days 00:01:39.405000,31.0,2.0,,0 days 01:50:39.737000,0 days 00:00:31.061000,0 days 00:00:42.153000,0 days 00:00:26.191000,0 days 01:49:33.148000,0 days 01:50:15.301000,0 days 01:50:41.492000,232.0,260.0,,295.0,False,HARD,20.0,True,Mercedes,0 days 01:49:02.062000,,1,5.0,False,,False,False,2024-01,Bahrain Grand Prix,2024,1,2024-03-02,train
0 days 01:52:38.734000,RUS,63,0 days 00:01:57.267000,32.0,3.0,0 days 01:51:04.687000,,0 days 00:00:52.151000,0 days 00:00:41.641000,0 days 00:00:23.475000,0 days 01:51:33.643000,0 days 01:52:15.284000,0 days 01:52:38.759000,230.0,257.0,282.0,217.0,False,HARD,1.0,True,Mercedes,0 days 01:50:41.467000,,1,9.0,False,,False,False,2024-01,Bahrain Grand Prix,2024,1,2024-03-02,train
0 days 01:54:14.572000,RUS,63,0 days 00:01:35.838000,33.0,3.0,,,0 days 00:00:30.638000,0 days 00:00:41.572000,0 days 00:00:23.628000,0 days 01:53:09.397000,0 days 01:53:50.969000,0 days 01:54:14.597000,232.0,246.0,293.0,301.0,True,HARD,2.0,True,Mercedes,0 days 01:52:38.734000,,1,9.0,False,,False,True,2024-01,Bahrain Grand Prix,2024,1,2024-03-02,train
0 days 01:55:49.813000,RUS,63,0 days 00:01:35.241000,34.0,3.0,,,0 days 00:00:30.286000,0 days 00:00:41.651000,0 days 00:00:23.304000,0 days 01:54:44.883000,0 days 01:55:26.534000,0 days 01:55:49.838000,234.0,254.0,281.0,309.0,True,HARD,3.0,True,Mercedes,0 days 01:54:14.572000,,1,6.0,False,,False,True,2024-01,Bahrain Grand Prix,2024,1,2024-03-02,train
0 days 01:57:25.585000,RUS,63,0 days 00:01:35.772000,35.0,3.0,,,0 days 00:00:30.587000,0 days 00:00:41.817000,0 days 00:00:23.368000,0 days 01:56:20.425000,0 days 01:57:02.242000,0 days 01:57:25.610000,234.0,244.0,281.0,297.0,False,HARD,4.0,True,Mercedes,0 days 01:55:49.813000,,1,4.0,False,,False,True,2024-01,Bahrain Grand Prix,2024,1,2024-03-02,train
0 days 01:59:01.019000,RUS,63,0 days 00:01:35.434000,36.0,3.0,,,0 days 00:00:30.608000,0 days 00:00:41.494000,0 days 00:00:23.332000,0 days 01:57:56.218000,0 days 01:58:37.712000,0 days 01:59:01.044000,235.0,253.0,281.0,296.0,False,HARD,5.0,True,Mercedes,0 days 01:57:25.585000,,1,4.0,False,,False,True,2024-01,Bahrain Grand Prix,2024,1,2024-03-02,train
0 days 02:00:36.500000,RUS,63,0 days 00:01:35.481000,37.0,3.0,,,0 days 00:00:30.566000,0 days 00:00:41.586000,0 days 00:00:23.329000,0 days 01:59:31.610000,0 days 02:00:13.196000,0 days 02:00:36.525000,234.0,251.0,281.0,298.0,False,HARD,6.0,True,Mercedes,0 days 01:59:01.019000,,1,4.0,False,,False,True,2024-01,Bahrain Grand Prix,2024,1,2024-03-02,train
0 days 02:02:11.979000,RUS,63,0 days 00:01:35.479000,38.0,3.0,,,0 days 00:00:30.600000,0 days 00:00:41.469000,0 days 00:00:23.410000,0 days 02:01:07.125000,0 days 02:01:48.594000,0 days 02:02:12.004000,233.0,259.0,281.0,297.0,False,HARD,7.0,True,Mercedes,0 days 02:00:36.500000,,1,4.0,False,,False,True,2024-01,Bahrain Grand Prix,2024,1,2024-03-02,train
0 days 02:03:47.183000,RUS,63,0 days 00:01:35.204000,39.0,3.0,,,0 days 00:00:30.547000,0 days 00:00:41.329000,0 days 00:00:23.328000,0 days 02:02:42.551000,0 days 02:03:23.880000,0 days 02:03:47.208000,235.0,260.0,282.0,299.0,True,HARD,8.0,True,Mercedes,0 days 02:02:11.979000,,1,4.0,False,,False,True,2024-01,Bahrain Grand Prix,2024,1,2024-03-02,train
0 days 02:05:22.248000,RUS,63,0 days 00:01:35.065000,40.0,3.0,,,0 days 00:00:30.390000,0 days 00:00:41.347000,0 days 00:00:23.328000,0 days 02:04:17.598000,0 days 02:04:58.945000,0 days 02:05:22.273000,236.0,261.0,282.0,299.0,True,HARD,9.0,True,Mercedes,0 days 02:03:47.183000,,1,4.0,False,,False,True,2024-01,Bahrain Grand Prix,2024,1,2024-03-02,train
0 days 02:06:57.341000,RUS,63,0 days 00:01:35.093000,41.0,3.0,,,0 days 00:00:30.541000,0 days 00:00:41.250000,0 days 00:00:23.302000,0 days 02:05:52.814000,0 days 02:06:34.064000,0 days 02:06:57.366000,235.0,263.0,282.0,296.0,False,HARD,10.0,True,Mercedes,0 days 02:05:22.248000,,1,4.0,False,,False,True,2024-01,Bahrain Grand Prix,2024,1,2024-03-02,train
0 days 02:08:32.477000,RUS,63,0 days 00:01:35.136000,42.0,3.0,,,0 days 00:00:30.570000,0 days 00:00:41.196000,0 days 00:00:23.370000,0 days 02:07:27.936000,0 days 02:08:09.132000,0 days 02:08:32.502000,236.0,265.0,282.0,294.0,False,HARD,11.0,True,Mercedes,0 days 02:06:57.341000,,1,4.0,False,,False,True,2024-01,Bahrain Grand Prix,2024,1,2024-03-02,train
0 days 02:10:07.670000,RUS,63,0 days 00:01:35.193000,43.0,3.0,,,0 days 00:00:30.626000,0 days 00:00:41.237000,0 days 00:00:23.330000,0 days 02:09:03.128000,0 days 02:09:44.365000,0 days 02:10:07.695000,235.0,265.0,282.0,294.0,False,HARD,12.0,True,Mercedes,0 days 02:08:32.477000,,1,4.0,False,,False,True,2024-01,Bahrain Grand Prix,2024,1,2024-03-02,train
0 days 02:11:42.832000,RUS,63,0 days 00:01:35.162000,44.0,3.0,,,0 days 00:00:30.573000,0 days 00:00:41.252000,0 days 00:00:23.337000,0 days 02:10:38.268000,0 days 02:11:19.520000,0 days 02:11:42.857000,236.0,265.0,281.0,295.0,False,HARD,13.0,True,Mercedes,0 days 02:10:07.670000,,1,4.0,False,,False,True,2024-01,Bahrain Grand Prix,2024,1,2024-03-02,train
0 days 02:13:18.108000,RUS,63,0 days 00:01:35.276000,45.0,3.0,,,0 days 00:00:30.599000,0 days 00:00:41.328000,0 days 00:00:23.349000,0 days 02:12:13.456000,0 days 02:12:54.784000,0 days 02:13:18.133000,236.0,267.0,283.0,300.0,False,HARD,14.0,True,Mercedes,0 days 02:11:42.832000,,1,4.0,False,,False,True,2024-01,Bahrain Grand Prix,2024,1,2024-03-02,train
0 days 02:14:54.765000,RUS,63,0 days 00:01:36.657000,46.0,3.0,,,0 days 00:00:30.649000,0 days 00:00:42.244000,0 days 00:00:23.764000,0 days 02:13:48.782000,0 days 02:14:31.026000,0 days 02:14:54.790000,236.0,263.0,288.0,302.0,False,HARD,15.0,True,Mercedes,0 days 02:13:18.108000,,1,5.0,True,TRACK LIMITS AT TURN 10 LAP 46 ,False,True,2024-01,Bahrain Grand Prix,2024,1,2024-03-02,train
0 days 02:16:30.570000,RUS,63,0 days 00:01:35.805000,47.0,3.0,,,0 days 00:00:30.525000,0 days 00:00:41.724000,0 days 00:00:23.556000,0 days 02:15:25.315000,0 days 02:16:07.039000,0 days 02:16:30.595000,233.0,264.0,283.0,323.0,False,HARD,16.0,True,Mercedes,0 days 02:14:54.765000,,1,5.0,False,,False,True,2024-01,Bahrain Grand Prix,2024,1,2024-03-02,train
0 days 02:18:06.629000,RUS,63,0 days 00:01:36.059000,48.0,3.0,,,0 days 00:00:30.794000,0 days 00:00:41.795000,0 days 00:00:23.470000,0 days 02:17:01.389000,0 days 02:17:43.184000,0 days 02:18:06.654000,234.0,251.0,282.0,305.0,False,HARD,17.0,True,Mercedes,0 days 02:16:30.570000,,1,5.0,False,,False,True,2024-01,Bahrain Grand Prix,2024,1,2024-03-02,train
0 days 02:19:42.583000,RUS,63,0 days 00:01:35.954000,49.0,3.0,,,0 days 00:00:30.723000,0 days 00:00:41.727000,0 days 00:00:23.504000,0 days 02:18:37.377000,0 days 02:19:19.104000,0 days 02:19:42.608000,236.0,258.0,283.0,299.0,False,HARD,18.0,True,Mercedes,0 days 02:18:06.629000,,1,5.0,False,,False,True,2024-01,Bahrain Grand Prix,2024,1,2024-03-02,train
0 days 02:21:18.764000,RUS,63,0 days 00:01:36.181000,50.0,3.0,,,0 days 00:00:30.691000,0 days 00:00:41.930000,0 days 00:00:23.560000,0 days 02:20:13.299000,0 days 02:20:55.229000,0 days 02:21:18.789000,234.0,260.0,282.0,300.0,False,HARD,19.0,True,Mercedes,0 days 02:19:42.583000,,1,5.0,False,,False,True,2024-01,Bahrain Grand Prix,2024,1,2024-03-02,train
0 days 02:22:54.616000,RUS,63,0 days 00:01:35.852000,51.0,3.0,,,0 days 00:00:30.639000,0 days 00:00:41.734000,0 days 00:00:23.479000,0 days 02:21:49.428000,0 days 02:22:31.162000,0 days 02:22:54.641000,236.0,261.0,282.0,305.0,False,HARD,20.0,True,Mercedes,0 days 02:21:18.764000,,1,5.0,False,,False,True,2024-01,Bahrain Grand Prix,2024,1,2024-03-02,train
0 days 02:24:30.802000,RUS,63,0 days 00:01:36.186000,52.0,3.0,,,0 days 00:00:30.678000,0 days 00:00:41.927000,0 days 00:00:23.581000,0 days 02:23:25.319000,0 days 02:24:07.246000,0 days 02:24:30.827000,237.0,257.0,283.0,303.0,False,HARD,21.0,True,Mercedes,0 days 02:22:54.616000,,1,5.0,False,,False,True,2024-01,Bahrain Grand Prix,2024,1,2024-03-02,train
0 days 02:26:06.781000,RUS,63,0 days 00:01:35.979000,53.0,3.0,,,0 days 00:00:30.752000,0 days 00:00:41.740000,0 days 00:00:23.487000,0 days 02:25:01.579000,0 days 02:25:43.319000,0 days 02:26:06.806000,237.0,263.0,283.0,302.0,False,HARD,22.0,True,Mercedes,0 days 02:24:30.802000,,1,5.0,False,,False,True,2024-01,Bahrain Grand Prix,2024,1,2024-03-02,train
0 days 02:27:42.794000,RUS,63,0 days 00:01:36.013000,54.0,3.0,,,0 days 00:00:30.744000,0 days 00:00:41.687000,0 days 00:00:23.582000,0 days 02:26:37.550000,0 days 02:27:19.237000,0 days 02:27:42.819000,236.0,261.0,282.0,302.0,False,HARD,23.0,True,Mercedes,0 days 02:26:06.781000,,1,5.0,False,,False,True,2024-01,Bahrain Grand Prix,2024,1,2024-03-02,train
0 days 02:29:18.945000,RUS,63,0 days 00:01:36.151000,55.0,3.0,,,0 days 00:00:30.818000,0 days 00:00:41.709000,0 days 00:00:23.624000,0 days 02:28:13.637000,0 days 02:28:55.346000,0 days 02:29:18.970000,237.0,263.0,282.0,303.0,False,HARD,24.0,True,Mercedes,0 days 02:27:42.794000,,1,5.0,False,,False,True,2024-01,Bahrain Grand Prix,2024,1,2024-03-02,train
0 days 02:30:55.295000,RUS,63,0 days 00:01:36.350000,56.0,3.0,,,0 days 00:00:30.808000,0 days 00:00:41.885000,0 days 00:00:23.657000,0 days 02:29:49.778000,0 days 02:30:31.663000,0 days 02:30:55.320000,236.0,263.0,282.0,298.0,False,HARD,25.0,True,Mercedes,0 days 02:29:18.945000,,1,5.0,False,,False,True,2024-01,Bahrain Grand Prix,2024,1,2024-03-02,train
0 days 02:32:31.735000,RUS,63,0 days 00:01:36.440000,57.0,3.0,,,0 days 00:00:30.765000,0 days 00:00:42.018000,0 days 00:00:23.657000,0 days 02:31:26.085000,0 days 02:32:08.103000,0 days 02:32:31.760000,235.0,261.0,283.0,300.0,False,HARD,26.0,True,Mercedes,0 days 02:30:55.295000,,1,5.0,False,,False,True,2024-01,Bahrain Grand Prix,2024,1,2024-03-02,train
0 days 01:01:43.327000,HAM,44,0 days 00:01:43.122000,1.0,1.0,,,,0 days 00:00:43.609000,0 days 00:00:24.393000,,0 days 01:01:19.042000,0 days 01:01:43.362000,229.0,246.0,278.0,249.0,False,SOFT,4.0,False,Mercedes,0 days 00:59:59.911000,,12,9.0,False,,False,False,2024-01,Bahrain Grand Prix,2024,1,2024-03-02,train
0 days 01:03:21.600000,HAM,44,0 days 00:01:38.273000,2.0,1.0,,,0 days 00:00:31.287000,0 days 00:00:42.893000,0 days 00:00:24.093000,0 days 01:02:14.649000,0 days 01:02:57.542000,0 days 01:03:21.635000,229.0,245.0,286.0,301.0,True,SOFT,5.0,False,Mercedes,0 days 01:01:43.327000,,1,9.0,False,,False,True,2024-01,Bahrain Grand Prix,2024,1,2024-03-02,train
0 days 01:04:59.903000,HAM,44,0 days 00:01:38.303000,3.0,1.0,,,0 days 00:00:31.062000,0 days 00:00:43.099000,0 days 00:00:24.142000,0 days 01:03:52.697000,0 days 01:04:35.796000,0 days 01:04:59.938000,231.0,246.0,286.0,311.0,False,SOFT,6.0,False,Mercedes,0 days 01:03:21.600000,,1,9.0,False,,False,True,2024-01,Bahrain Grand Prix,2024,1,2024-03-02,train
0 days 01:06:38.190000,HAM,44,0 days 00:01:38.287000,4.0,1.0,,,0 days 00:00:30.983000,0 days 00:00:43.146000,0 days 00:00:24.158000,0 days 01:05:30.921000,0 days 01:06:14.067000,0 days 01:06:38.225000,228.0,243.0,284.0,297.0,False,SOFT,7.0,False,Mercedes,0 days 01:04:59.903000,,1,9.0,False,,False,True,2024-01,Bahrain Grand Prix,2024,1,2024-03-02,train
0 days 01:08:16.540000,HAM,44,0 days 00:01:38.350000,5.0,1.0,,,0 days 00:00:31.140000,0 days 00:00:43.010000,0 days 00:00:24.200000,0 days 01:07:09.365000,0 days 01:07:52.375000,0 days 01:08:16.575000,228.0,245.0,287.0,296.0,False,SOFT,8.0,False,Mercedes,0 days 01:06:38.190000,,1,9.0,False,,False,True,2024-01,Bahrain Grand Prix,2024,1,2024-03-02,train
0 days 01:09:54.723000,HAM,44,0 days 00:01:38.183000,6.0,1.0,,,0 days 00:00:31.124000,0 days 00:00:42.887000,0 days 00:00:24.172000,0 days 01:08:47.699000,0 days 01:09:30.586000,0 days 01:09:54.758000,230.0,247.0,286.0,301.0,True,SOFT,9.0,False,Mercedes,0 days 01:08:16.540000,,1,9.0,False,,False,True,2024-01,Bahrain Grand Prix,2024,1,2024-03-02,train
0 days 01:11:32.562000,HAM,44,0 days 00:01:37.839000,7.0,1.0,,,0 days 00:00:30.829000,0 days 00:00:42.823000,0 days 00:00:24.187000,0 days 01:10:25.587000,0 days 01:11:08.410000,0 days 01:11:32.597000,229.0,248.0,287.0,293.0,True,SOFT,10.0,False,Mercedes,0 days 01:09:54.723000,,1,9.0,False,,False,True,2024-01,Bahrain Grand Prix,2024,1,2024-03-02,train
0 days 01:13:10.783000,HAM,44,0 days 00:01:38.221000,8.0,1.0,,,0 days 00:00:31.079000,0 days 00:00:42.886000,0 days 00:00:24.256000,0 days 01:12:03.676000,0 days 01:12:46.562000,0 days 01:13:10.818000,229.0,248.0,285.0,304.0,False,SOFT,11.0,False,Mercedes,0 days 01:11:32.562000,,1,9.0,False,,False,True,2024-01,Bahrain Grand Prix,2024,1,2024-03-02,train
0 days 01:14:49.428000,HAM,44,0 days 00:01:38.645000,9.0,1.0,,,0 days 00:00:31.088000,0 days 00:00:43.171000,0 days 00:00:24.386000,0 days 01:13:41.906000,0 days 01:14:25.077000,0 days 01:14:49.463000,230.0,247.0,288.0,311.0,False,SOFT,12.0,False,Mercedes,0 days 01:13:10.783000,,1,9.0,False,,False,True,2024-01,Bahrain Grand Prix,2024,1,2024-03-02,train
0 days 01:16:27.465000,HAM,44,0 days 00:01:38.037000,10.0,1.0,,,0 days 00:00:30.931000,0 days 00:00:42.821000,0 days 00:00:24.285000,0 days 01:15:20.394000,0 days 01:16:03.215000,0 days 01:16:27.500000,228.0,247.0,278.0,320.0,False,SOFT,13.0,False,Mercedes,0 days 01:14:49.428000,,12,8.0,False,,False,True,2024-01,Bahrain Grand Prix,2024,1,2024-03-02,train
0 days 01:18:05.701000,HAM,44,0 days 00:01:38.236000,11.0,1.0,,,0 days 00:00:31.279000,0 days 00:00:42.819000,0 days 00:00:24.138000,0 days 01:16:58.779000,0 days 01:17:41.598000,0 days 01:18:05.736000,228.0,249.0,279.0,290.0,False,SOFT,14.0,False,Mercedes,0 days 01:16:27.465000,,1,8.0,False,,False,True,2024-01,Bahrain Grand Prix,2024,1,2024-03-02,train
0 days 01:19:46.590000,HAM,44,0 days 00:01:40.889000,12.0,1.0,,0 days 01:19:44.838000,0 days 00:00:31.206000,0 days 00:00:42.881000,0 days 00:00:26.802000,0 days 01:18:36.942000,0 days 01:19:19.823000,0 days 01:19:46.625000,228.0,245.0,,294.0,False,SOFT,15.0,False,Mercedes,0 days 01:18:05.701000,,1,7.0,False,,False,False,2024-01,Bahrain Grand Prix,2024,1,2024-03-02,train
0 days 01:21:45.235000,HAM,44,0 days 00:01:58.645000,13.0,2.0,0 days 01:20:09.902000,,0 days 00:00:52.396000,0 days 00:00:42.491000,0 days 00:00:23.758000,0 days 01:20:39.021000,0 days 01:21:21.512000,0 days 01:21:45.270000,229.0,242.0,276.0,216.0,False,HARD,1.0,True,Mercedes,0 days 01:19:46.590000,,1,12.0,False,,False,False,2024-01,Bahrain Grand Prix,2024,1,2024-03-02,train
0 days 01:23:22.413000,HAM,44,0 days 00:01:37.178000,14.0,2.0,,,0 days 00:00:31.073000,0 days 00:00:42.404000,0 days 00:00:23.701000,0 days 01:22:16.343000,0 days 01:22:58.747000,0 days 01:23:22.448000,231.0,246.0,281.0,288.0,True,HARD,2.0,True,Mercedes,0 days 01:21:45.235000,,1,11.0,False,,False,True,2024-01,Bahrain Grand Prix,2024,1,2024-03-02,train
0 days 01:24:59.677000,HAM,44,0 days 00:01:37.264000,15.0,2.0,,,0 days 00:00:31.095000,0 days 00:00:42.315000,0 days 00:00:23.854000,0 days 01:23:53.543000,0 days 01:24:35.858000,0 days 01:24:59.712000,229.0,243.0,280.0,288.0,False,HARD,3.0,True,Mercedes,0 days 01:23:22.413000,,1,10.0,False,,False,True,2024-01,Bahrain Grand Prix,2024,1,2024-03-02,train
0 days 01:26:36.768000,HAM,44,0 days 00:01:37.091000,16.0,2.0,,,0 days 00:00:31.165000,0 days 00:00:42.207000,0 days 00:00:23.719000,0 days 01:25:30.877000,0 days 01:26:13.084000,0 days 01:26:36.803000,229.0,243.0,280.0,286.0,True,HARD,4.0,True,Mercedes,0 days 01:24:59.677000,,1,8.0,False,,False,True,2024-01,Bahrain Grand Prix,2024,1,2024-03-02,train
0 days 01:28:13.879000,HAM,44,0 days 00:01:37.111000,17.0,2.0,,,0 days 00:00:30.738000,0 days 00:00:42.640000,0 days 00:00:23.733000,0 days 01:27:07.541000,0 days 01:27:50.181000,0 days 01:28:13.914000,231.0,247.0,281.0,295.0,False,HARD,5.0,True,Mercedes,0 days 01:26:36.768000,,1,8.0,False,,False,True,2024-01,Bahrain Grand Prix,2024,1,2024-03-02,train
0 days 01:29:50.729000,HAM,44,0 days 00:01:36.850000,18.0,2.0,,,0 days 00:00:30.825000,0 days 00:00:42.221000,0 days 00:00:23.804000,0 days 01:28:44.739000,0 days 01:29:26.960000,0 days 01:29:50.764000,231.0,250.0,280.0,295.0,True,HARD,6.0,True,Mercedes,0 days 01:28:13.879000,,1,8.0,False,,False,True,2024-01,Bahrain Grand Prix,2024,1,2024-03-02,train
0 days 01:31:27.423000,HAM,44,0 days 00:01:36.694000,19.0,2.0,,,0 days 00:00:30.848000,0 days 00:00:42.131000,0 days 00:00:23.715000,0 days 01:30:21.612000,0 days 01:31:03.743000,0 days 01:31:27.458000,232.0,252.0,279.0,292.0,True,HARD,7.0,True,Mercedes,0 days 01:29:50.729000,,1,8.0,False,,False,True,2024-01,Bahrain Grand Prix,2024,1,2024-03-02,train
0 days 01:33:03.687000,HAM,44,0 days 00:01:36.264000,20.0,2.0,,,0 days 00:00:30.768000,0 days 00:00:41.794000,0 days 00:00:23.702000,0 days 01:31:58.226000,0 days 01:32:40.020000,0 days 01:33:03.722000,232.0,254.0,280.0,295.0,True,HARD,8.0,True,Mercedes,0 days 01:31:27.423000,,1,8.0,False,,False,True,2024-01,Bahrain Grand Prix,2024,1,2024-03-02,train
0 days 01:34:40.197000,HAM,44,0 days 00:01:36.510000,21.0,2.0,,,0 days 00:00:30.757000,0 days 00:00:42.003000,0 days 00:00:23.750000,0 days 01:33:34.479000,0 days 01:34:16.482000,0 days 01:34:40.232000,233.0,254.0,280.0,294.0,False,HARD,9.0,True,Mercedes,0 days 01:33:03.687000,,1,8.0,False,,False,True,2024-01,Bahrain Grand Prix,2024,1,2024-03-02,train
0 days 01:36:16.830000,HAM,44,0 days 00:01:36.633000,22.0,2.0,,,0 days 00:00:30.733000,0 days 00:00:42.141000,0 days 00:00:23.759000,0 days 01:35:10.965000,0 days 01:35:53.106000,0 days 01:36:16.865000,233.0,252.0,280.0,295.0,False,HARD,10.0,True,Mercedes,0 days 01:34:40.197000,,1,8.0,False,,False,True,2024-01,Bahrain Grand Prix,2024,1,2024-03-02,train
0 days 01:37:53.547000,HAM,44,0 days 00:01:36.717000,23.0,2.0,,,0 days 00:00:30.884000,0 days 00:00:42.063000,0 days 00:00:23.770000,0 days 01:36:47.749000,0 days 01:37:29.812000,0 days 01:37:53.582000,233.0,254.0,281.0,294.0,False,HARD,11.0,True,Mercedes,0 days 01:36:16.830000,,1,8.0,False,,False,True,2024-01,Bahrain Grand Prix,2024,1,2024-03-02,train
0 days 01:39:30.213000,HAM,44,0 days 00:01:36.666000,24.0,2.0,,,0 days 00:00:30.826000,0 days 00:00:42.100000,0 days 00:00:23.740000,0 days 01:38:24.408000,0 days 01:39:06.508000,0 days 01:39:30.248000,232.0,253.0,281.0,294.0,False,HARD,12.0,True,Mercedes,0 days 01:37:53.547000,,1,8.0,False,,False,True,2024-01,Bahrain Grand Prix,2024,1,2024-03-02,train
0 days 01:41:07.132000,HAM,44,0 days 00:01:36.919000,25.0,2.0,,,0 days 00:00:31.037000,0 days 00:00:42.090000,0 days 00:00:23.792000,0 days 01:40:01.285000,0 days 01:40:43.375000,0 days 01:41:07.167000,234.0,254.0,280.0,297.0,False,HARD,13.0,True,Mercedes,0 days 01:39:30.213000,,1,8.0,False,,False,True,2024-01,Bahrain Grand Prix,2024,1,2024-03-02,train
0 days 01:42:43.846000,HAM,44,0 days 00:01:36.714000,26.0,2.0,,,0 days 00:00:30.847000,0 days 00:00:42.095000,0 days 00:00:23.772000,0 days 01:41:38.014000,0 days 01:42:20.109000,0 days 01:42:43.881000,233.0,256.0,281.0,298.0,False,HARD,14.0,True,Mercedes,0 days 01:41:07.132000,,1,8.0,False,,False,True,2024-01,Bahrain Grand Prix,2024,1,2024-03-02,train
0 days 01:44:21.047000,HAM,44,0 days 00:01:37.201000,27.0,2.0,,,0 days 00:00:30.891000,0 days 00:00:42.390000,0 days 00:00:23.920000,0 days 01:43:14.772000,0 days 01:43:57.162000,0 days 01:44:21.082000,234.0,255.0,281.0,296.0,False,HARD,15.0,True,Mercedes,0 days 01:42:43.846000,,1,8.0,True,TRACK LIMITS AT TURN 10 LAP 27 ,False,True,2024-01,Bahrain Grand Prix,2024,1,2024-03-02,train
0 days 01:45:57.739000,HAM,44,0 days 00:01:36.692000,28.0,2.0,,,0 days 00:00:30.907000,0 days 00:00:41.948000,0 days 00:00:23.837000,0 days 01:44:51.989000,0 days 01:45:33.937000,0 days 01:45:57.774000,233.0,257.0,282.0,298.0,False,HARD,16.0,True,Mercedes,0 days 01:44:21.047000,,1,8.0,False,,False,True,2024-01,Bahrain Grand Prix,2024,1,2024-03-02,train
0 days 01:47:34.525000,HAM,44,0 days 00:01:36.786000,29.0,2.0,,,0 days 00:00:30.897000,0 days 00:00:42.023000,0 days 00:00:23.866000,0 days 01:46:28.671000,0 days 01:47:10.694000,0 days 01:47:34.560000,233.0,259.0,281.0,298.0,False,HARD,17.0,True,Mercedes,0 days 01:45:57.739000,,1,8.0,False,,False,True,2024-01,Bahrain Grand Prix,2024,1,2024-03-02,train
0 days 01:49:11.769000,HAM,44,0 days 00:01:37.244000,30.0,2.0,,,0 days 00:00:30.945000,0 days 00:00:42.370000,0 days 00:00:23.929000,0 days 01:48:05.505000,0 days 01:48:47.875000,0 days 01:49:11.804000,232.0,259.0,281.0,296.0,False,HARD,18.0,True,Mercedes,0 days 01:47:34.525000,,1,8.0,False,,False,True,2024-01,Bahrain Grand Prix,2024,1,2024-03-02,train
0 days 01:50:48.744000,HAM,44,0 days 00:01:36.975000,31.0,2.0,,,0 days 00:00:30.837000,0 days 00:00:42.175000,0 days 00:00:23.963000,0 days 01:49:42.641000,0 days 01:50:24.816000,0 days 01:50:48.779000,233.0,258.0,282.0,299.0,False,HARD,19.0,True,Mercedes,0 days 01:49:11.769000,,1,8.0,False,,False,True,2024-01,Bahrain Grand Prix,2024,1,2024-03-02,train
0 days 01:52:26.069000,HAM,44,0 days 00:01:37.325000,32.0,2.0,,,0 days 00:00:31.076000,0 days 00:00:42.235000,0 days 00:00:24.014000,0 days 01:51:19.855000,0 days 01:52:02.090000,0 days 01:52:26.104000,234.0,260.0,282.0,298.0,False,HARD,20.0,True,Mercedes,0 days 01:50:48.744000,,1,7.0,False,,False,True,2024-01,Bahrain Grand Prix,2024,1,2024-03-02,train
0 days 01:54:05.765000,HAM,44,0 days 00:01:39.696000,33.0,2.0,,0 days 01:54:04.064000,0 days 00:00:30.937000,0 days 00:00:42.399000,0 days 00:00:26.360000,0 days 01:52:57.041000,0 days 01:53:39.440000,0 days 01:54:05.800000,233.0,259.0,,300.0,False,HARD,21.0,True,Mercedes,0 days 01:52:26.069000,,1,7.0,False,,False,False,2024-01,Bahrain Grand Prix,2024,1,2024-03-02,train
0 days 01:56:00.739000,HAM,44,0 days 00:01:54.974000,34.0,3.0,0 days 01:54:28.183000,,0 days 00:00:50.966000,0 days 00:00:40.903000,0 days 00:00:23.105000,0 days 01:54:56.766000,0 days 01:55:37.669000,0 days 01:56:00.774000,232.0,257.0,282.0,219.0,False,HARD,1.0,True,Mercedes,0 days 01:54:05.765000,,1,9.0,False,,False,False,2024-01,Bahrain Grand Prix,2024,1,2024-03-02,train
0 days 01:57:36.228000,HAM,44,0 days 00:01:35.489000,35.0,3.0,,,0 days 00:00:30.776000,0 days 00:00:41.304000,0 days 00:00:23.409000,0 days 01:56:31.550000,0 days 01:57:12.854000,0 days 01:57:36.263000,239.0,246.0,283.0,302.0,True,HARD,2.0,True,Mercedes,0 days 01:56:00.739000,,1,8.0,False,,False,True,2024-01,Bahrain Grand Prix,2024,1,2024-03-02,train
0 days 01:59:11.507000,HAM,44,0 days 00:01:35.279000,36.0,3.0,,,0 days 00:00:30.303000,0 days 00:00:41.653000,0 days 00:00:23.323000,0 days 01:58:06.566000,0 days 01:58:48.219000,0 days 01:59:11.542000,237.0,252.0,284.0,297.0,True,HARD,3.0,True,Mercedes,0 days 01:57:36.228000,,1,8.0,False,,False,True,2024-01,Bahrain Grand Prix,2024,1,2024-03-02,train
0 days 02:00:47.104000,HAM,44,0 days 00:01:35.597000,37.0,3.0,,,0 days 00:00:30.384000,0 days 00:00:41.575000,0 days 00:00:23.638000,0 days 01:59:41.926000,0 days 02:00:23.501000,0 days 02:00:47.139000,234.0,254.0,290.0,302.0,False,HARD,4.0,True,Mercedes,0 days 01:59:11.507000,,1,8.0,False,,False,True,2024-01,Bahrain Grand Prix,2024,1,2024-03-02,train
0 days 02:02:22.070000,HAM,44,0 days 00:01:34.966000,38.0,3.0,,,0 days 00:00:30.060000,0 days 00:00:41.423000,0 days 00:00:23.483000,0 days 02:01:17.199000,0 days 02:01:58.622000,0 days 02:02:22.105000,233.0,257.0,290.0,316.0,True,HARD,5.0,True,Mercedes,0 days 02:00:47.104000,,1,8.0,False,,False,True,2024-01,Bahrain Grand Prix,2024,1,2024-03-02,train
0 days 02:03:56.792000,HAM,44,0 days 00:01:34.722000,39.0,3.0,,,0 days 00:00:30.170000,0 days 00:00:41.159000,0 days 00:00:23.393000,0 days 02:02:52.275000,0 days 02:03:33.434000,0 days 02:03:56.827000,233.0,258.0,282.0,313.0,True,HARD,6.0,True,Mercedes,0 days 02:02:22.070000,,1,7.0,False,,False,True,2024-01,Bahrain Grand Prix,2024,1,2024-03-02,train
0 days 02:05:31.833000,HAM,44,0 days 00:01:35.041000,40.0,3.0,,,0 days 00:00:30.443000,0 days 00:00:41.198000,0 days 00:00:23.400000,0 days 02:04:27.270000,0 days 02:05:08.468000,0 days 02:05:31.868000,235.0,260.0,282.0,296.0,False,HARD,7.0,True,Mercedes,0 days 02:03:56.792000,,1,7.0,False,,False,True,2024-01,Bahrain Grand Prix,2024,1,2024-03-02,train
0 days 02:07:06.773000,HAM,44,0 days 00:01:34.940000,41.0,3.0,,,0 days 00:00:30.463000,0 days 00:00:41.116000,0 days 00:00:23.361000,0 days 02:06:02.331000,0 days 02:06:43.447000,0 days 02:07:06.808000,235.0,263.0,282.0,297.0,False,HARD,8.0,True,Mercedes,0 days 02:05:31.833000,,1,7.0,False,,False,True,2024-01,Bahrain Grand Prix,2024,1,2024-03-02,train
0 days 02:08:41.769000,HAM,44,0 days 00:01:34.996000,42.0,3.0,,,0 days 00:00:30.426000,0 days 00:00:41.130000,0 days 00:00:23.440000,0 days 02:07:37.234000,0 days 02:08:18.364000,0 days 02:08:41.804000,235.0,260.0,283.0,298.0,False,HARD,9.0,True,Mercedes,0 days 02:07:06.773000,,1,7.0,False,,False,True,2024-01,Bahrain Grand Prix,2024,1,2024-03-02,train
0 days 02:10:16.704000,HAM,44,0 days 00:01:34.935000,43.0,3.0,,,0 days 00:00:30.437000,0 days 00:00:41.134000,0 days 00:00:23.364000,0 days 02:09:12.241000,0 days 02:09:53.375000,0 days 02:10:16.739000,235.0,259.0,282.0,297.0,False,HARD,10.0,True,Mercedes,0 days 02:08:41.769000,,1,7.0,False,,False,True,2024-01,Bahrain Grand Prix,2024,1,2024-03-02,train
0 days 02:11:51.873000,HAM,44,0 days 00:01:35.169000,44.0,3.0,,,0 days 00:00:30.494000,0 days 00:00:41.229000,0 days 00:00:23.446000,0 days 02:10:47.233000,0 days 02:11:28.462000,0 days 02:11:51.908000,235.0,262.0,282.0,297.0,False,HARD,11.0,True,Mercedes,0 days 02:10:16.704000,,1,7.0,False,,False,True,2024-01,Bahrain Grand Prix,2024,1,2024-03-02,train
0 days 02:13:27.057000,HAM,44,0 days 00:01:35.184000,45.0,3.0,,,0 days 00:00:30.483000,0 days 00:00:41.299000,0 days 00:00:23.402000,0 days 02:12:22.391000,0 days 02:13:03.690000,0 days 02:13:27.092000,236.0,261.0,282.0,298.0,False,HARD,12.0,True,Mercedes,0 days 02:11:51.873000,,1,7.0,False,,False,True,2024-01,Bahrain Grand Prix,2024,1,2024-03-02,train
0 days 02:15:02.342000,HAM,44,0 days 00:01:35.285000,46.0,3.0,,,0 days 00:00:30.569000,0 days 00:00:41.258000,0 days 00:00:23.458000,0 days 02:13:57.661000,0 days 02:14:38.919000,0 days 02:15:02.377000,235.0,264.0,282.0,300.0,False,HARD,13.0,True,Mercedes,0 days 02:13:27.057000,,1,7.0,False,,False,True,2024-01,Bahrain Grand Prix,2024,1,2024-03-02,train
0 days 02:16:37.568000,HAM,44,0 days 00:01:35.226000,47.0,3.0,,,0 days 00:00:30.514000,0 days 00:00:41.311000,0 days 00:00:23.401000,0 days 02:15:32.891000,0 days 02:16:14.202000,0 days 02:16:37.603000,236.0,262.0,282.0,296.0,False,HARD,14.0,True,Mercedes,0 days 02:15:02.342000,,1,7.0,True,TRACK LIMITS AT TURN 4 LAP 47 ,False,True,2024-01,Bahrain Grand Prix,2024,1,2024-03-02,train
0 days 02:18:13.733000,HAM,44,0 days 00:01:36.165000,48.0,3.0,,,0 days 00:00:30.691000,0 days 00:00:41.926000,0 days 00:00:23.548000,0 days 02:17:08.294000,0 days 02:17:50.220000,0 days 02:18:13.768000,236.0,263.0,282.0,296.0,False,HARD,15.0,True,Mercedes,0 days 02:16:37.568000,,1,7.0,False,,False,True,2024-01,Bahrain Grand Prix,2024,1,2024-03-02,train
0 days 02:19:49.647000,HAM,44,0 days 00:01:35.914000,49.0,3.0,,,0 days 00:00:30.616000,0 days 00:00:41.819000,0 days 00:00:23.479000,0 days 02:18:44.384000,0 days 02:19:26.203000,0 days 02:19:49.682000,236.0,261.0,282.0,297.0,False,HARD,16.0,True,Mercedes,0 days 02:18:13.733000,,1,7.0,False,,False,True,2024-01,Bahrain Grand Prix,2024,1,2024-03-02,train
0 days 02:21:25.259000,HAM,44,0 days 00:01:35.612000,50.0,3.0,,,0 days 00:00:30.655000,0 days 00:00:41.454000,0 days 00:00:23.503000,0 days 02:20:20.337000,0 days 02:21:01.791000,0 days 02:21:25.294000,236.0,263.0,282.0,302.0,False,HARD,17.0,True,Mercedes,0 days 02:19:49.647000,,1,7.0,False,,False,True,2024-01,Bahrain Grand Prix,2024,1,2024-03-02,train
0 days 02:23:00.791000,HAM,44,0 days 00:01:35.532000,51.0,3.0,,,0 days 00:00:30.597000,0 days 00:00:41.403000,0 days 00:00:23.532000,0 days 02:21:55.891000,0 days 02:22:37.294000,0 days 02:23:00.826000,235.0,264.0,282.0,298.0,False,HARD,18.0,True,Mercedes,0 days 02:21:25.259000,,1,7.0,False,,False,True,2024-01,Bahrain Grand Prix,2024,1,2024-03-02,train
0 days 02:24:36.270000,HAM,44,0 days 00:01:35.479000,52.0,3.0,,,0 days 00:00:30.578000,0 days 00:00:41.382000,0 days 00:00:23.519000,0 days 02:23:31.404000,0 days 02:24:12.786000,0 days 02:24:36.305000,237.0,267.0,283.0,299.0,False,HARD,19.0,True,Mercedes,0 days 02:23:00.791000,,1,7.0,False,,False,True,2024-01,Bahrain Grand Prix,2024,1,2024-03-02,train
0 days 02:26:11.820000,HAM,44,0 days 00:01:35.550000,53.0,3.0,,,0 days 00:00:30.643000,0 days 00:00:41.252000,0 days 00:00:23.655000,0 days 02:25:06.948000,0 days 02:25:48.200000,0 days 02:26:11.855000,236.0,267.0,282.0,298.0,False,HARD,20.0,True,Mercedes,0 days 02:24:36.270000,,1,7.0,False,,False,True,2024-01,Bahrain Grand Prix,2024,1,2024-03-02,train
0 days 02:27:47.794000,HAM,44,0 days 00:01:35.974000,54.0,3.0,,,0 days 00:00:30.792000,0 days 00:00:41.706000,0 days 00:00:23.476000,0 days 02:26:42.647000,0 days 02:27:24.353000,0 days 02:27:47.829000,236.0,265.0,283.0,299.0,False,HARD,21.0,True,Mercedes,0 days 02:26:11.820000,,1,7.0,False,,False,True,2024-01,Bahrain Grand Prix,2024,1,2024-03-02,train
0 days 02:29:23.427000,HAM,44,0 days 00:01:35.633000,55.0,3.0,,,0 days 00:00:30.602000,0 days 00:00:41.487000,0 days 00:00:23.544000,0 days 02:28:18.431000,0 days 02:28:59.918000,0 days 02:29:23.462000,238.0,263.0,283.0,304.0,False,HARD,22.0,True,Mercedes,0 days 02:27:47.794000,,1,7.0,False,,False,True,2024-01,Bahrain Grand Prix,2024,1,2024-03-02,train
0 days 02:30:59.133000,HAM,44,0 days 00:01:35.706000,56.0,3.0,,,0 days 00:00:30.597000,0 days 00:00:41.564000,0 days 00:00:23.545000,0 days 02:29:54.059000,0 days 02:30:35.623000,0 days 02:30:59.168000,238.0,267.0,284.0,304.0,False,HARD,23.0,True,Mercedes,0 days 02:29:23.427000,,1,7.0,False,,False,True,2024-01,Bahrain Grand Prix,2024,1,2024-03-02,train
0 days 02:32:35.271000,HAM,44,0 days 00:01:36.138000,57.0,3.0,,,0 days 00:00:30.687000,0 days 00:00:41.847000,0 days 00:00:23.604000,0 days 02:31:29.855000,0 days 02:32:11.702000,0 days 02:32:35.306000,236.0,264.0,283.0,304.0,False,HARD,24.0,True,Mercedes,0 days 02:30:59.133000,,1,7.0,False,,False,True,2024-01,Bahrain Grand Prix,2024,1,2024-03-02,train
