Time,Driver,DriverNumber,LapTime,LapNumber,Stint,PitOutTime,PitInTime,Sector1Time,Sector2Time,Sector3Time,Sector1SessionTime,Sector2SessionTime,Sector3SessionTime,SpeedI1,SpeedI2,SpeedFL,SpeedST,IsPersonalBest,Compound,TyreLife,FreshTyre,Team,LapStartTime,LapStartDate,TrackStatus,Position,Deleted,DeletedReason,FastF1Generated,IsAccurate,EventKey,EventName,Year,RoundNumber,EventDate,Role
0 days 00:56:59.963000,VER,1,0 days 00:01:41.528000,1.0,1.0,,,,0 days 00:00:29.650000,0 days 00:00:43.295000,,0 days 00:56:16.749000,0 days 00:57:00.078000,276.0,268.0,254.0,304.0,False,MEDIUM,1.0,True,Red Bull Racing,0 days 00:55:18.169000,,1,1.0,False,,False,False,2024-05,Chinese Grand Prix,2024,5,2024-04-21,validation
0 days 00:58:40.066000,VER,1,0 days 00:01:40.103000,2.0,1.0,,,0 days 00:00:26.651000,0 days 00:00:30.091000,0 days 00:00:43.361000,0 days 00:57:26.668000,0 days 00:57:56.759000,0 days 00:58:40.120000,267.0,261.0,254.0,308.0,True,MEDIUM,2.0,True,Red Bull Racing,0 days 00:56:59.963000,,1,1.0,False,,False,True,2024-05,Chinese Grand Prix,2024,5,2024-04-21,validation
0 days 01:00:20.560000,VER,1,0 days 00:01:40.494000,3.0,1.0,,,0 days 00:00:27.011000,0 days 00:00:30.190000,0 days 00:00:43.293000,0 days 00:59:07.131000,0 days 00:59:37.321000,0 days 01:00:20.614000,269.0,263.0,254.0,307.0,False,MEDIUM,3.0,True,Red Bull Racing,0 days 00:58:40.066000,,1,1.0,False,,False,True,2024-05,Chinese Grand Prix,2024,5,2024-04-21,validation
0 days 01:02:01.133000,VER,1,0 days 00:01:40.573000,4.0,1.0,,,0 days 00:00:26.923000,0 days 00:00:30.187000,0 days 00:00:43.463000,0 days 01:00:47.537000,0 days 01:01:17.724000,0 days 01:02:01.187000,271.0,259.0,254.0,307.0,False,MEDIUM,4.0,True,Red Bull Racing,0 days 01:00:20.560000,,1,1.0,False,,False,True,2024-05,Chinese Grand Prix,2024,5,2024-04-21,validation
0 days 01:03:42.052000,VER,1,0 days 00:01:40.919000,5.0,1.0,,,0 days 00:00:27.106000,0 days 00:00:30.299000,0 days 00:00:43.514000,0 days 01:02:28.293000,0 days 01:02:58.592000,0 days 01:03:42.106000,272.0,260.0,254.0,307.0,False,MEDIUM,5.0,True,Red Bull Racing,0 days 01:02:01.133000,,1,1.0,False,,False,True,2024-05,Chinese Grand Prix,2024,5,2024-04-21,validation
0 days 01:05:23.199000,VER,1,0 days 00:01:41.147000,6.0,1.0,,,0 days 00:00:27.114000,0 days 00:00:30.431000,0 days 00:00:43.602000,0 days 01:04:09.220000,0 days 01:04:39.651000,0 days 01:05:23.253000,272.0,262.0,254.0,308.0,False,MEDIUM,6.0,True,Red Bull Racing,0 days 01:03:42.052000,,1,1.0,False,,False,True,2024-05,Chinese Grand Prix,2024,5,2024-04-21,validation
0 days 01:07:04.317000,VER,1,0 days 00:01:41.118000,7.0,1.0,,,0 days 00:00:27.164000,0 days 00:00:30.362000,0 days 00:00:43.592000,0 days 01:05:50.417000,0 days 01:06:20.779000,0 days 01:07:04.371000,272.0,265.0,255.0,309.0,False,MEDIUM,7.0,True,Red Bull Racing,0 days 01:05:23.199000,,1,1.0,False,,False,True,2024-05,Chinese Grand Prix,2024,5,2024-04-21,validation
0 days 01:08:45.427000,VER,1,0 days 00:01:41.110000,8.0,1.0,,,0 days 00:00:27.129000,0 days 00:00:30.395000,0 days 00:00:43.586000,0 days 01:07:31.500000,0 days 01:08:01.895000,0 days 01:08:45.481000,271.0,263.0,255.0,309.0,False,MEDIUM,8.0,True,Red Bull Racing,0 days 01:07:04.317000,,1,1.0,False,,False,True,2024-05,Chinese Grand Prix,2024,5,2024-04-21,validation
0 days 01:10:26.582000,VER,1,0 days 00:01:41.155000,9.0,1.0,,,0 days 00:00:27.111000,0 days 00:00:30.392000,0 days 00:00:43.652000,0 days 01:09:12.592000,0 days 01:09:42.984000,0 days 01:10:26.636000,272.0,265.0,255.0,308.0,False,MEDIUM,9.0,True,Red Bull Racing,0 days 01:08:45.427000,,1,1.0,False,,False,True,2024-05,Chinese Grand Prix,2024,5,2024-04-21,validation
0 days 01:12:08.006000,VER,1,0 days 00:01:41.424000,10.0,1.0,,,0 days 00:00:27.172000,0 days 00:00:30.519000,0 days 00:00:43.733000,0 days 01:10:53.808000,0 days 01:11:24.327000,0 days 01:12:08.060000,272.0,263.0,255.0,308.0,False,MEDIUM,10.0,True,Red Bull Racing,0 days 01:10:26.582000,,1,1.0,False,,False,True,2024-05,Chinese Grand Prix,2024,5,2024-04-21,validation
0 days 01:13:49.407000,VER,1,0 days 00:01:41.401000,11.0,1.0,,,0 days 00:00:27.170000,0 days 00:00:30.646000,0 days 00:00:43.585000,0 days 01:12:35.230000,0 days 01:13:05.876000,0 days 01:13:49.461000,271.0,263.0,255.0,308.0,False,MEDIUM,11.0,True,Red Bull Racing,0 days 01:12:08.006000,,1,1.0,False,,False,True,2024-05,Chinese Grand Prix,2024,5,2024-04-21,validation
0 days 01:15:30.725000,VER,1,0 days 00:01:41.318000,12.0,1.0,,,0 days 00:00:27.121000,0 days 00:00:30.558000,0 days 00:00:43.639000,0 days 01:14:16.582000,0 days 01:14:47.140000,0 days 01:15:30.779000,272.0,262.0,255.0,308.0,False,MEDIUM,12.0,True,Red Bull Racing,0 days 01:13:49.407000,,1,1.0,False,,False,True,2024-05,Chinese Grand Prix,2024,5,2024-04-21,validation
0 days 01:17:17.251000,VER,1,0 days 00:01:46.526000,13.0,1.0,,0 days 01:17:15.520000,0 days 00:00:27.050000,0 days 00:00:30.576000,0 days 00:00:48.900000,0 days 01:15:57.829000,0 days 01:16:28.405000,0 days 01:17:17.305000,273.0,264.0,,310.0,False,MEDIUM,13.0,True,Red Bull Racing,0 days 01:15:30.725000,,1,1.0,False,,False,False,2024-05,Chinese Grand Prix,2024,5,2024-04-21,validation
0 days 01:19:16.325000,VER,1,0 days 00:01:59.074000,14.0,2.0,0 days 01:17:38.092000,,0 days 00:00:45.631000,0 days 00:00:30.099000,0 days 00:00:43.344000,0 days 01:18:02.936000,0 days 01:18:33.035000,0 days 01:19:16.379000,268.0,266.0,254.0,332.0,False,HARD,1.0,True,Red Bull Racing,0 days 01:17:17.251000,,1,3.0,False,,False,False,2024-05,Chinese Grand Prix,2024,5,2024-04-21,validation
0 days 01:20:55.916000,VER,1,0 days 00:01:39.591000,15.0,2.0,,,0 days 00:00:26.640000,0 days 00:00:29.773000,0 days 00:00:43.178000,0 days 01:19:43.019000,0 days 01:20:12.792000,0 days 01:20:55.970000,269.0,265.0,261.0,316.0,True,HARD,2.0,True,Red Bull Racing,0 days 01:19:16.325000,,1,3.0,False,,False,True,2024-05,Chinese Grand Prix,2024,5,2024-04-21,validation
0 days 01:22:35.901000,VER,1,0 days 00:01:39.985000,16.0,2.0,,,0 days 00:00:26.616000,0 days 00:00:30.137000,0 days 00:00:43.232000,0 days 01:21:22.586000,0 days 01:21:52.723000,0 days 01:22:35.955000,277.0,262.0,255.0,310.0,False,HARD,3.0,True,Red Bull Racing,0 days 01:20:55.916000,,1,2.0,False,,False,True,2024-05,Chinese Grand Prix,2024,5,2024-04-21,validation
0 days 01:24:15.420000,VER,1,0 days 00:01:39.519000,17.0,2.0,,,0 days 00:00:26.503000,0 days 00:00:29.874000,0 days 00:00:43.142000,0 days 01:23:02.458000,0 days 01:23:32.332000,0 days 01:24:15.474000,272.0,262.0,256.0,311.0,True,HARD,4.0,True,Red Bull Racing,0 days 01:22:35.901000,,1,2.0,False,,False,True,2024-05,Chinese Grand Prix,2024,5,2024-04-21,validation
0 days 01:25:55.490000,VER,1,0 days 00:01:40.070000,18.0,2.0,,,0 days 00:00:26.781000,0 days 00:00:30.075000,0 days 00:00:43.214000,0 days 01:24:42.255000,0 days 01:25:12.330000,0 days 01:25:55.544000,266.0,260.0,256.0,312.0,False,HARD,5.0,True,Red Bull Racing,0 days 01:24:15.420000,,1,2.0,False,,False,True,2024-05,Chinese Grand Prix,2024,5,2024-04-21,validation
0 days 01:27:35.629000,VER,1,0 days 00:01:40.139000,19.0,2.0,,,0 days 00:00:26.720000,0 days 00:00:30.245000,0 days 00:00:43.174000,0 days 01:26:22.264000,0 days 01:26:52.509000,0 days 01:27:35.683000,266.0,262.0,257.0,333.0,False,HARD,6.0,True,Red Bull Racing,0 days 01:25:55.490000,,1,1.0,False,,False,True,2024-05,Chinese Grand Prix,2024,5,2024-04-21,validation
0 days 01:29:15.710000,VER,1,0 days 00:01:40.081000,20.0,2.0,,,0 days 00:00:26.759000,0 days 00:00:29.937000,0 days 00:00:43.385000,0 days 01:28:02.442000,0 days 01:28:32.379000,0 days 01:29:15.764000,267.0,264.0,256.0,309.0,False,HARD,7.0,True,Red Bull Racing,0 days 01:27:35.629000,,1,1.0,False,,False,True,2024-05,Chinese Grand Prix,2024,5,2024-04-21,validation
0 days 01:30:56.200000,VER,1,0 days 00:01:40.490000,21.0,2.0,,,0 days 00:00:26.737000,0 days 00:00:30.083000,0 days 00:00:43.670000,0 days 01:29:42.501000,0 days 01:30:12.584000,0 days 01:30:56.254000,269.0,241.0,256.0,308.0,False,HARD,8.0,True,Red Bull Racing,0 days 01:29:15.710000,,12,1.0,False,,False,True,2024-05,Chinese Grand Prix,2024,5,2024-04-21,validation
0 days 01:33:10.496000,VER,1,0 days 00:02:14.296000,22.0,2.0,,,0 days 00:00:35.865000,0 days 00:00:40.703000,0 days 00:00:57.728000,0 days 01:31:32.119000,0 days 01:32:12.822000,0 days 01:33:10.550000,172.0,174.0,142.0,256.0,False,HARD,9.0,True,Red Bull Racing,0 days 01:30:56.200000,,26,1.0,False,,False,False,2024-05,Chinese Grand Prix,2024,5,2024-04-21,validation
0 days 01:35:28.434000,VER,1,0 days 00:02:17.938000,23.0,2.0,,0 days 01:35:26.720000,0 days 00:00:35.570000,0 days 00:00:39.478000,0 days 00:01:02.890000,0 days 01:33:46.120000,0 days 01:34:25.598000,0 days 01:35:28.488000,144.0,241.0,,212.0,False,HARD,10.0,True,Red Bull Racing,0 days 01:33:10.496000,,64,1.0,False,,False,False,2024-05,Chinese Grand Prix,2024,5,2024-04-21,validation
0 days 01:38:14.743000,VER,1,,24.0,3.0,0 days 01:35:48.943000,,0 days 00:00:54.357000,0 days 00:00:47.051000,0 days 00:01:04.876000,0 days 01:36:22.893000,0 days 01:37:09.921000,0 days 01:38:14.824000,139.0,126.0,219.0,144.0,False,HARD,1.0,True,Red Bull Racing,0 days 01:35:28.434000,,4,1.0,False,,False,False,2024-05,Chinese Grand Prix,2024,5,2024-04-21,validation
0 days 01:40:39.793000,VER,1,0 days 00:02:25.050000,25.0,3.0,,,0 days 00:00:38.160000,0 days 00:00:46.490000,0 days 00:01:00.400000,0 days 01:38:52.957000,0 days 01:39:39.447000,0 days 01:40:39.847000,207.0,133.0,215.0,271.0,False,HARD,2.0,True,Red Bull Racing,0 days 01:38:14.743000,,4,1.0,False,,False,False,2024-05,Chinese Grand Prix,2024,5,2024-04-21,validation
0 days 01:43:17.156000,VER,1,,26.0,3.0,,,0 days 00:00:35.833000,0 days 00:00:43.649000,0 days 00:01:17.860000,0 days 01:41:15.770000,0 days 01:41:59.350000,0 days 01:43:17.248000,226.0,223.0,257.0,126.0,False,HARD,3.0,True,Red Bull Racing,0 days 01:40:39.793000,,41,1.0,False,,False,False,2024-05,Chinese Grand Prix,2024,5,2024-04-21,validation
0 days 01:45:04.279000,VER,1,0 days 00:01:47.123000,27.0,3.0,,,0 days 00:00:26.034000,0 days 00:00:29.474000,0 days 00:00:51.615000,0 days 01:43:43.244000,0 days 01:44:12.718000,0 days 01:45:04.333000,275.0,263.0,163.0,309.0,False,HARD,4.0,True,Red Bull Racing,0 days 01:43:17.156000,,124,1.0,False,,False,False,2024-05,Chinese Grand Prix,2024,5,2024-04-21,validation
0 days 01:47:35.670000,VER,1,,28.0,3.0,,,0 days 00:00:34.861000,0 days 00:00:50.842000,0 days 00:01:05.746000,0 days 01:45:39.186000,0 days 01:46:30.082000,0 days 01:47:35.885000,172.0,226.0,119.0,153.0,False,HARD,5.0,True,Red Bull Racing,0 days 01:45:04.279000,,4,1.0,False,,False,False,2024-05,Chinese Grand Prix,2024,5,2024-04-21,validation
0 days 01:50:02.240000,VER,1,0 days 00:02:26.570000,29.0,3.0,,,0 days 00:00:39.616000,0 days 00:00:44.166000,0 days 00:01:02.788000,0 days 01:48:15.340000,0 days 01:48:59.506000,0 days 01:50:02.294000,220.0,183.0,215.0,190.0,False,HARD,6.0,True,Red Bull Racing,0 days 01:47:35.670000,,4,1.0,False,,False,False,2024-05,Chinese Grand Prix,2024,5,2024-04-21,validation
0 days 01:52:22.358000,VER,1,0 days 00:02:20.118000,30.0,3.0,,,0 days 00:00:36.620000,0 days 00:00:44.106000,0 days 00:00:59.392000,0 days 01:50:38.914000,0 days 01:51:23.020000,0 days 01:52:22.412000,208.0,190.0,219.0,274.0,False,HARD,7.0,True,Red Bull Racing,0 days 01:50:02.240000,,4,1.0,False,,False,False,2024-05,Chinese Grand Prix,2024,5,2024-04-21,validation
0 days 01:54:51.128000,VER,1,0 days 00:02:28.770000,31.0,3.0,,,0 days 00:00:35.883000,0 days 00:00:44.116000,0 days 00:01:08.771000,0 days 01:52:58.295000,0 days 01:53:42.411000,0 days 01:54:51.182000,230.0,192.0,256.0,135.0,False,HARD,8.0,True,Red Bull Racing,0 days 01:52:22.358000,,41,1.0,False,,False,False,2024-05,Chinese Grand Prix,2024,5,2024-04-21,validation
0 days 01:56:29.732000,VER,1,0 days 00:01:38.604000,32.0,3.0,,,0 days 00:00:26.060000,0 days 00:00:29.829000,0 days 00:00:42.715000,0 days 01:55:17.242000,0 days 01:55:47.071000,0 days 01:56:29.786000,275.0,268.0,257.0,309.0,True,HARD,9.0,True,Red Bull Racing,0 days 01:54:51.128000,,1,1.0,False,,False,True,2024-05,Chinese Grand Prix,2024,5,2024-04-21,validation
0 days 01:58:08.138000,VER,1,0 days 00:01:38.406000,33.0,3.0,,,0 days 00:00:26.220000,0 days 00:00:29.365000,0 days 00:00:42.821000,0 days 01:56:56.006000,0 days 01:57:25.371000,0 days 01:58:08.192000,273.0,265.0,258.0,307.0,True,HARD,10.0,True,Red Bull Racing,0 days 01:56:29.732000,,1,1.0,False,,False,True,2024-05,Chinese Grand Prix,2024,5,2024-04-21,validation
0 days 01:59:46.564000,VER,1,0 days 00:01:38.426000,34.0,3.0,,,0 days 00:00:26.212000,0 days 00:00:29.467000,0 days 00:00:42.747000,0 days 01:58:34.404000,0 days 01:59:03.871000,0 days 01:59:46.618000,272.0,266.0,257.0,308.0,False,HARD,11.0,True,Red Bull Racing,0 days 01:58:08.138000,,1,1.0,False,,False,True,2024-05,Chinese Grand Prix,2024,5,2024-04-21,validation
0 days 02:01:25.329000,VER,1,0 days 00:01:38.765000,35.0,3.0,,,0 days 00:00:26.531000,0 days 00:00:29.475000,0 days 00:00:42.759000,0 days 02:00:13.149000,0 days 02:00:42.624000,0 days 02:01:25.383000,273.0,266.0,258.0,308.0,False,HARD,12.0,True,Red Bull Racing,0 days 01:59:46.564000,,1,1.0,False,,False,True,2024-05,Chinese Grand Prix,2024,5,2024-04-21,validation
0 days 02:03:04.154000,VER,1,0 days 00:01:38.825000,36.0,3.0,,,0 days 00:00:26.274000,0 days 00:00:29.670000,0 days 00:00:42.881000,0 days 02:01:51.657000,0 days 02:02:21.327000,0 days 02:03:04.208000,274.0,264.0,258.0,308.0,False,HARD,13.0,True,Red Bull Racing,0 days 02:01:25.329000,,1,1.0,False,,False,True,2024-05,Chinese Grand Prix,2024,5,2024-04-21,validation
0 days 02:04:42.955000,VER,1,0 days 00:01:38.801000,37.0,3.0,,,0 days 00:00:26.374000,0 days 00:00:29.635000,0 days 00:00:42.792000,0 days 02:03:30.582000,0 days 02:04:00.217000,0 days 02:04:43.009000,275.0,267.0,258.0,309.0,False,HARD,14.0,True,Red Bull Racing,0 days 02:03:04.154000,,1,1.0,False,,False,True,2024-05,Chinese Grand Prix,2024,5,2024-04-21,validation
0 days 02:06:21.810000,VER,1,0 days 00:01:38.855000,38.0,3.0,,,0 days 00:00:26.332000,0 days 00:00:29.569000,0 days 00:00:42.954000,0 days 02:05:09.341000,0 days 02:05:38.910000,0 days 02:06:21.864000,275.0,265.0,258.0,309.0,False,HARD,15.0,True,Red Bull Racing,0 days 02:04:42.955000,,1,1.0,False,,False,True,2024-05,Chinese Grand Prix,2024,5,2024-04-21,validation
0 days 02:08:00.552000,VER,1,0 days 00:01:38.742000,39.0,3.0,,,0 days 00:00:26.312000,0 days 00:00:29.650000,0 days 00:00:42.780000,0 days 02:06:48.176000,0 days 02:07:17.826000,0 days 02:08:00.606000,276.0,267.0,259.0,309.0,False,HARD,16.0,True,Red Bull Racing,0 days 02:06:21.810000,,1,1.0,False,,False,True,2024-05,Chinese Grand Prix,2024,5,2024-04-21,validation
0 days 02:09:39.508000,VER,1,0 days 00:01:38.956000,40.0,3.0,,,0 days 00:00:26.475000,0 days 00:00:29.690000,0 days 00:00:42.791000,0 days 02:08:27.081000,0 days 02:08:56.771000,0 days 02:09:39.562000,274.0,268.0,258.0,309.0,False,HARD,17.0,True,Red Bull Racing,0 days 02:08:00.552000,,1,1.0,False,,False,True,2024-05,Chinese Grand Prix,2024,5,2024-04-21,validation
0 days 02:11:18.575000,VER,1,0 days 00:01:39.067000,41.0,3.0,,,0 days 00:00:26.480000,0 days 00:00:29.614000,0 days 00:00:42.973000,0 days 02:10:06.042000,0 days 02:10:35.656000,0 days 02:11:18.629000,275.0,268.0,258.0,309.0,False,HARD,18.0,True,Red Bull Racing,0 days 02:09:39.508000,,1,1.0,False,,False,True,2024-05,Chinese Grand Prix,2024,5,2024-04-21,validation
0 days 02:12:57.802000,VER,1,0 days 00:01:39.227000,42.0,3.0,,,0 days 00:00:26.533000,0 days 00:00:29.710000,0 days 00:00:42.984000,0 days 02:11:45.162000,0 days 02:12:14.872000,0 days 02:12:57.856000,275.0,268.0,259.0,308.0,False,HARD,19.0,True,Red Bull Racing,0 days 02:11:18.575000,,1,1.0,False,,False,True,2024-05,Chinese Grand Prix,2024,5,2024-04-21,validation
0 days 02:14:37.026000,VER,1,0 days 00:01:39.224000,43.0,3.0,,,0 days 00:00:26.429000,0 days 00:00:29.694000,0 days 00:00:43.101000,0 days 02:13:24.285000,0 days 02:13:53.979000,0 days 02:14:37.080000,275.0,268.0,259.0,308.0,False,HARD,20.0,True,Red Bull Racing,0 days 02:12:57.802000,,1,1.0,False,,False,True,2024-05,Chinese Grand Prix,2024,5,2024-04-21,validation
0 days 02:16:16.331000,VER,1,0 days 00:01:39.305000,44.0,3.0,,,0 days 00:00:26.502000,0 days 00:00:29.811000,0 days 00:00:42.992000,0 days 02:15:03.582000,0 days 02:15:33.393000,0 days 02:16:16.385000,274.0,268.0,259.0,308.0,False,HARD,21.0,True,Red Bull Racing,0 days 02:14:37.026000,,1,1.0,False,,False,True,2024-05,Chinese Grand Prix,2024,5,2024-04-21,validation
0 days 02:17:55.547000,VER,1,0 days 00:01:39.216000,45.0,3.0,,,0 days 00:00:26.507000,0 days 00:00:29.629000,0 days 00:00:43.080000,0 days 02:16:42.892000,0 days 02:17:12.521000,0 days 02:17:55.601000,274.0,268.0,259.0,308.0,False,HARD,22.0,True,Red Bull Racing,0 days 02:16:16.331000,,1,1.0,False,,False,True,2024-05,Chinese Grand Prix,2024,5,2024-04-21,validation
0 days 02:19:34.980000,VER,1,0 days 00:01:39.433000,46.0,3.0,,,0 days 00:00:26.517000,0 days 00:00:29.767000,0 days 00:00:43.149000,0 days 02:18:22.118000,0 days 02:18:51.885000,0 days 02:19:35.034000,276.0,268.0,258.0,308.0,False,HARD,23.0,True,Red Bull Racing,0 days 02:17:55.547000,,1,1.0,False,,False,True,2024-05,Chinese Grand Prix,2024,5,2024-04-21,validation
0 days 02:21:14.402000,VER,1,0 days 00:01:39.422000,47.0,3.0,,,0 days 00:00:26.620000,0 days 00:00:29.721000,0 days 00:00:43.081000,0 days 02:20:01.654000,0 days 02:20:31.375000,0 days 02:21:14.456000,275.0,267.0,258.0,309.0,False,HARD,24.0,True,Red Bull Racing,0 days 02:19:34.980000,,1,1.0,False,,False,True,2024-05,Chinese Grand Prix,2024,5,2024-04-21,validation
0 days 02:22:53.727000,VER,1,0 days 00:01:39.325000,48.0,3.0,,,0 days 00:00:26.496000,0 days 00:00:29.709000,0 days 00:00:43.120000,0 days 02:21:40.952000,0 days 02:22:10.661000,0 days 02:22:53.781000,275.0,268.0,259.0,308.0,False,HARD,25.0,True,Red Bull Racing,0 days 02:21:14.402000,,1,1.0,False,,False,True,2024-05,Chinese Grand Prix,2024,5,2024-04-21,validation
0 days 02:24:33.077000,VER,1,0 days 00:01:39.350000,49.0,3.0,,,0 days 00:00:26.492000,0 days 00:00:29.719000,0 days 00:00:43.139000,0 days 02:23:20.273000,0 days 02:23:49.992000,0 days 02:24:33.131000,275.0,269.0,259.0,307.0,False,HARD,26.0,True,Red Bull Racing,0 days 02:22:53.727000,,1,1.0,False,,False,True,2024-05,Chinese Grand Prix,2024,5,2024-04-21,validation
0 days 02:26:12.522000,VER,1,0 days 00:01:39.445000,50.0,3.0,,,0 days 00:00:26.510000,0 days 00:00:29.920000,0 days 00:00:43.015000,0 days 02:24:59.641000,0 days 02:25:29.561000,0 days 02:26:12.576000,276.0,266.0,259.0,308.0,False,HARD,27.0,True,Red Bull Racing,0 days 02:24:33.077000,,1,1.0,False,,False,True,2024-05,Chinese Grand Prix,2024,5,2024-04-21,validation
0 days 02:27:51.798000,VER,1,0 days 00:01:39.276000,51.0,3.0,,,0 days 00:00:26.484000,0 days 00:00:29.775000,0 days 00:00:43.017000,0 days 02:26:39.060000,0 days 02:27:08.835000,0 days 02:27:51.852000,276.0,267.0,258.0,308.0,False,HARD,28.0,True,Red Bull Racing,0 days 02:26:12.522000,,1,1.0,False,,False,True,2024-05,Chinese Grand Prix,2024,5,2024-04-21,validation
0 days 02:29:31.492000,VER,1,0 days 00:01:39.694000,52.0,3.0,,,0 days 00:00:26.581000,0 days 00:00:29.964000,0 days 00:00:43.149000,0 days 02:28:18.433000,0 days 02:28:48.397000,0 days 02:29:31.546000,276.0,267.0,259.0,308.0,False,HARD,29.0,True,Red Bull Racing,0 days 02:27:51.798000,,1,1.0,False,,False,True,2024-05,Chinese Grand Prix,2024,5,2024-04-21,validation
0 days 02:31:11.146000,VER,1,0 days 00:01:39.654000,53.0,3.0,,,0 days 00:00:26.533000,0 days 00:00:29.985000,0 days 00:00:43.136000,0 days 02:29:58.079000,0 days 02:30:28.064000,0 days 02:31:11.200000,276.0,268.0,259.0,309.0,False,HARD,30.0,True,Red Bull Racing,0 days 02:29:31.492000,,1,1.0,False,,False,True,2024-05,Chinese Grand Prix,2024,5,2024-04-21,validation
0 days 02:32:50.919000,VER,1,0 days 00:01:39.773000,54.0,3.0,,,0 days 00:00:26.599000,0 days 00:00:29.912000,0 days 00:00:43.262000,0 days 02:31:37.799000,0 days 02:32:07.711000,0 days 02:32:50.973000,275.0,269.0,259.0,310.0,False,HARD,31.0,True,Red Bull Racing,0 days 02:31:11.146000,,1,1.0,False,,False,True,2024-05,Chinese Grand Prix,2024,5,2024-04-21,validation
0 days 02:34:30.724000,VER,1,0 days 00:01:39.805000,55.0,3.0,,,0 days 00:00:26.714000,0 days 00:00:29.867000,0 days 00:00:43.224000,0 days 02:33:17.687000,0 days 02:33:47.554000,0 days 02:34:30.778000,277.0,269.0,259.0,309.0,False,HARD,32.0,True,Red Bull Racing,0 days 02:32:50.919000,,1,1.0,False,,False,True,2024-05,Chinese Grand Prix,2024,5,2024-04-21,validation
0 days 02:36:10.977000,VER,1,0 days 00:01:40.253000,56.0,3.0,,,0 days 00:00:26.661000,0 days 00:00:29.992000,0 days 00:00:43.600000,0 days 02:34:57.439000,0 days 02:35:27.431000,0 days 02:36:11.031000,276.0,267.0,248.0,309.0,False,HARD,33.0,True,Red Bull Racing,0 days 02:34:30.724000,,1,1.0,False,,False,True,2024-05,Chinese Grand Prix,2024,5,2024-04-21,validation
0 days 00:57:02.405000,PER,11,0 days 00:01:43.970000,1.0,1.0,,,,0 days 00:00:31.037000,0 days 00:00:43.769000,,0 days 00:56:18.700000,0 days 00:57:02.577000,282.0,270.0,255.0,310.0,False,MEDIUM,1.0,True,Red Bull Racing,0 days 00:55:18.169000,,1,3.0,False,,False,False,2024-05,Chinese Grand Prix,2024,5,2024-04-21,validation
0 days 00:58:43.286000,PER,11,0 days 00:01:40.881000,2.0,1.0,,,0 days 00:00:26.856000,0 days 00:00:30.498000,0 days 00:00:43.527000,0 days 00:57:29.298000,0 days 00:57:59.796000,0 days 00:58:43.323000,271.0,266.0,260.0,331.0,True,MEDIUM,2.0,True,Red Bull Racing,0 days 00:57:02.405000,,1,3.0,False,,False,True,2024-05,Chinese Grand Prix,2024,5,2024-04-21,validation
0 days 01:00:24.259000,PER,11,0 days 00:01:40.973000,3.0,1.0,,,0 days 00:00:27.004000,0 days 00:00:30.644000,0 days 00:00:43.325000,0 days 00:59:10.327000,0 days 00:59:40.971000,0 days 01:00:24.296000,273.0,267.0,260.0,329.0,False,MEDIUM,3.0,True,Red Bull Racing,0 days 00:58:43.286000,,1,3.0,False,,False,True,2024-05,Chinese Grand Prix,2024,5,2024-04-21,validation
0 days 01:02:05.863000,PER,11,0 days 00:01:41.604000,4.0,1.0,,,0 days 00:00:27,0 days 00:00:30.985000,0 days 00:00:43.619000,0 days 01:00:51.296000,0 days 01:01:22.281000,0 days 01:02:05.900000,271.0,266.0,260.0,331.0,False,MEDIUM,4.0,True,Red Bull Racing,0 days 01:00:24.259000,,1,3.0,False,,False,True,2024-05,Chinese Grand Prix,2024,5,2024-04-21,validation
0 days 01:03:47.488000,PER,11,0 days 00:01:41.625000,5.0,1.0,,,0 days 00:00:26.937000,0 days 00:00:30.787000,0 days 00:00:43.901000,0 days 01:02:32.837000,0 days 01:03:03.624000,0 days 01:03:47.525000,280.0,257.0,254.0,305.0,False,MEDIUM,5.0,True,Red Bull Racing,0 days 01:02:05.863000,,1,2.0,False,,False,True,2024-05,Chinese Grand Prix,2024,5,2024-04-21,validation
0 days 01:05:29.144000,PER,11,0 days 00:01:41.656000,6.0,1.0,,,0 days 00:00:27.190000,0 days 00:00:30.742000,0 days 00:00:43.724000,0 days 01:04:14.715000,0 days 01:04:45.457000,0 days 01:05:29.181000,270.0,259.0,255.0,309.0,False,MEDIUM,6.0,True,Red Bull Racing,0 days 01:03:47.488000,,1,2.0,False,,False,True,2024-05,Chinese Grand Prix,2024,5,2024-04-21,validation
0 days 01:07:10.727000,PER,11,0 days 00:01:41.583000,7.0,1.0,,,0 days 00:00:27.096000,0 days 00:00:30.603000,0 days 00:00:43.884000,0 days 01:05:56.277000,0 days 01:06:26.880000,0 days 01:07:10.764000,269.0,262.0,254.0,309.0,False,MEDIUM,7.0,True,Red Bull Racing,0 days 01:05:29.144000,,1,2.0,False,,False,True,2024-05,Chinese Grand Prix,2024,5,2024-04-21,validation
0 days 01:08:52.440000,PER,11,0 days 00:01:41.713000,8.0,1.0,,,0 days 00:00:27.121000,0 days 00:00:30.761000,0 days 00:00:43.831000,0 days 01:07:37.885000,0 days 01:08:08.646000,0 days 01:08:52.477000,267.0,257.0,253.0,306.0,False,MEDIUM,8.0,True,Red Bull Racing,0 days 01:07:10.727000,,1,2.0,False,,False,True,2024-05,Chinese Grand Prix,2024,5,2024-04-21,validation
0 days 01:10:34.208000,PER,11,0 days 00:01:41.768000,9.0,1.0,,,0 days 00:00:27.242000,0 days 00:00:30.619000,0 days 00:00:43.907000,0 days 01:09:19.719000,0 days 01:09:50.338000,0 days 01:10:34.245000,269.0,260.0,253.0,310.0,False,MEDIUM,9.0,True,Red Bull Racing,0 days 01:08:52.440000,,1,2.0,False,,False,True,2024-05,Chinese Grand Prix,2024,5,2024-04-21,validation
0 days 01:12:16.048000,PER,11,0 days 00:01:41.840000,10.0,1.0,,,0 days 00:00:27.198000,0 days 00:00:30.848000,0 days 00:00:43.794000,0 days 01:11:01.443000,0 days 01:11:32.291000,0 days 01:12:16.085000,271.0,263.0,253.0,309.0,False,MEDIUM,10.0,True,Red Bull Racing,0 days 01:10:34.208000,,1,2.0,False,,False,True,2024-05,Chinese Grand Prix,2024,5,2024-04-21,validation
0 days 01:13:57.815000,PER,11,0 days 00:01:41.767000,11.0,1.0,,,0 days 00:00:27.220000,0 days 00:00:30.826000,0 days 00:00:43.721000,0 days 01:12:43.305000,0 days 01:13:14.131000,0 days 01:13:57.852000,269.0,261.0,254.0,308.0,False,MEDIUM,11.0,True,Red Bull Racing,0 days 01:12:16.048000,,1,2.0,False,,False,True,2024-05,Chinese Grand Prix,2024,5,2024-04-21,validation
0 days 01:15:40.081000,PER,11,0 days 00:01:42.266000,12.0,1.0,,,0 days 00:00:27.442000,0 days 00:00:30.963000,0 days 00:00:43.861000,0 days 01:14:25.294000,0 days 01:14:56.257000,0 days 01:15:40.118000,273.0,263.0,255.0,309.0,False,MEDIUM,12.0,True,Red Bull Racing,0 days 01:13:57.815000,,1,2.0,False,,False,True,2024-05,Chinese Grand Prix,2024,5,2024-04-21,validation
0 days 01:17:26.947000,PER,11,0 days 00:01:46.866000,13.0,1.0,,0 days 01:17:25.232000,0 days 00:00:27.325000,0 days 00:00:30.895000,0 days 00:00:48.646000,0 days 01:16:07.443000,0 days 01:16:38.338000,0 days 01:17:26.984000,274.0,264.0,,310.0,False,MEDIUM,13.0,True,Red Bull Racing,0 days 01:15:40.081000,,1,3.0,False,,False,False,2024-05,Chinese Grand Prix,2024,5,2024-04-21,validation
0 days 01:19:25.202000,PER,11,0 days 00:01:58.255000,14.0,2.0,0 days 01:17:47.189000,,0 days 00:00:45.143000,0 days 00:00:29.986000,0 days 00:00:43.126000,0 days 01:18:12.127000,0 days 01:18:42.113000,0 days 01:19:25.239000,269.0,261.0,254.0,310.0,False,HARD,1.0,True,Red Bull Racing,0 days 01:17:26.947000,,1,6.0,False,,False,False,2024-05,Chinese Grand Prix,2024,5,2024-04-21,validation
0 days 01:21:05.240000,PER,11,0 days 00:01:40.038000,15.0,2.0,,,0 days 00:00:26.702000,0 days 00:00:30.175000,0 days 00:00:43.161000,0 days 01:19:51.941000,0 days 01:20:22.116000,0 days 01:21:05.277000,271.0,264.0,257.0,314.0,True,HARD,2.0,True,Red Bull Racing,0 days 01:19:25.202000,,1,6.0,False,,False,True,2024-05,Chinese Grand Prix,2024,5,2024-04-21,validation
0 days 01:22:45.796000,PER,11,0 days 00:01:40.556000,16.0,2.0,,,0 days 00:00:26.763000,0 days 00:00:30.254000,0 days 00:00:43.539000,0 days 01:21:32.040000,0 days 01:22:02.294000,0 days 01:22:45.833000,275.0,267.0,261.0,312.0,False,HARD,3.0,True,Red Bull Racing,0 days 01:21:05.240000,,1,5.0,False,,False,True,2024-05,Chinese Grand Prix,2024,5,2024-04-21,validation
0 days 01:24:27.899000,PER,11,0 days 00:01:42.103000,17.0,2.0,,,0 days 00:00:26.834000,0 days 00:00:31.213000,0 days 00:00:44.056000,0 days 01:23:12.667000,0 days 01:23:43.880000,0 days 01:24:27.936000,279.0,262.0,251.0,334.0,False,HARD,4.0,True,Red Bull Racing,0 days 01:22:45.796000,,1,4.0,False,,False,True,2024-05,Chinese Grand Prix,2024,5,2024-04-21,validation
0 days 01:26:08.098000,PER,11,0 days 00:01:40.199000,18.0,2.0,,,0 days 00:00:26.920000,0 days 00:00:30.085000,0 days 00:00:43.194000,0 days 01:24:54.856000,0 days 01:25:24.941000,0 days 01:26:08.135000,271.0,265.0,257.0,311.0,False,HARD,5.0,True,Red Bull Racing,0 days 01:24:27.899000,,1,4.0,False,,False,True,2024-05,Chinese Grand Prix,2024,5,2024-04-21,validation
0 days 01:27:48.411000,PER,11,0 days 00:01:40.313000,19.0,2.0,,,0 days 00:00:26.929000,0 days 00:00:30.099000,0 days 00:00:43.285000,0 days 01:26:35.064000,0 days 01:27:05.163000,0 days 01:27:48.448000,270.0,262.0,256.0,310.0,False,HARD,6.0,True,Red Bull Racing,0 days 01:26:08.098000,,1,4.0,False,,False,True,2024-05,Chinese Grand Prix,2024,5,2024-04-21,validation
0 days 01:29:28.933000,PER,11,0 days 00:01:40.522000,20.0,2.0,,,0 days 00:00:26.801000,0 days 00:00:30.119000,0 days 00:00:43.602000,0 days 01:28:15.249000,0 days 01:28:45.368000,0 days 01:29:28.970000,271.0,264.0,257.0,311.0,False,HARD,7.0,True,Red Bull Racing,0 days 01:27:48.411000,,12,4.0,False,,False,True,2024-05,Chinese Grand Prix,2024,5,2024-04-21,validation
0 days 01:31:16.059000,PER,11,0 days 00:01:47.126000,21.0,2.0,,,0 days 00:00:26.877000,0 days 00:00:30.246000,0 days 00:00:50.003000,0 days 01:29:55.847000,0 days 01:30:26.093000,0 days 01:31:16.096000,274.0,267.0,197.0,311.0,False,HARD,8.0,True,Red Bull Racing,0 days 01:29:28.933000,,26,3.0,False,,False,False,2024-05,Chinese Grand Prix,2024,5,2024-04-21,validation
0 days 01:33:29.733000,PER,11,0 days 00:02:13.674000,22.0,2.0,,,0 days 00:00:34.584000,0 days 00:00:43.092000,0 days 00:00:55.998000,0 days 01:31:50.680000,0 days 01:32:33.772000,0 days 01:33:29.770000,208.0,215.0,202.0,279.0,False,HARD,9.0,True,Red Bull Racing,0 days 01:31:16.059000,,6,3.0,False,,False,False,2024-05,Chinese Grand Prix,2024,5,2024-04-21,validation
0 days 01:35:47.225000,PER,11,0 days 00:02:17.492000,23.0,2.0,,0 days 01:35:45.550000,0 days 00:00:36.656000,0 days 00:00:40.424000,0 days 00:01:00.412000,0 days 01:34:06.426000,0 days 01:34:46.850000,0 days 01:35:47.262000,178.0,198.0,,281.0,False,HARD,10.0,True,Red Bull Racing,0 days 01:33:29.733000,,64,2.0,False,,False,False,2024-05,Chinese Grand Prix,2024,5,2024-04-21,validation
0 days 01:38:19.753000,PER,11,,24.0,3.0,0 days 01:36:07.929000,,0 days 00:00:51.259000,0 days 00:00:38.338000,0 days 00:01:02.896000,0 days 01:36:38.637000,0 days 01:37:16.926000,0 days 01:38:19.891000,167.0,253.0,233.0,247.0,False,HARD,1.0,True,Red Bull Racing,0 days 01:35:47.225000,,4,4.0,False,,False,False,2024-05,Chinese Grand Prix,2024,5,2024-04-21,validation
0 days 01:40:44.109000,PER,11,0 days 00:02:24.356000,25.0,3.0,,,0 days 00:00:35.618000,0 days 00:00:47.349000,0 days 00:01:01.389000,0 days 01:38:55.408000,0 days 01:39:42.757000,0 days 01:40:44.146000,210.0,185.0,195.0,265.0,False,HARD,2.0,True,Red Bull Racing,0 days 01:38:19.753000,,4,4.0,False,,False,False,2024-05,Chinese Grand Prix,2024,5,2024-04-21,validation
0 days 01:43:19.345000,PER,11,,26.0,3.0,,,0 days 00:00:33.954000,0 days 00:00:44.198000,0 days 00:01:17.091000,0 days 01:41:18.176000,0 days 01:42:02.496000,0 days 01:43:19.457000,152.0,203.0,255.0,115.0,False,HARD,3.0,True,Red Bull Racing,0 days 01:40:44.109000,,41,4.0,False,,False,False,2024-05,Chinese Grand Prix,2024,5,2024-04-21,validation
0 days 01:45:08.417000,PER,11,0 days 00:01:49.072000,27.0,3.0,,,0 days 00:00:26.812000,0 days 00:00:30.047000,0 days 00:00:52.213000,0 days 01:43:46.194000,0 days 01:44:16.241000,0 days 01:45:08.454000,277.0,267.0,225.0,313.0,False,HARD,4.0,True,Red Bull Racing,0 days 01:43:19.345000,,124,4.0,False,,False,False,2024-05,Chinese Grand Prix,2024,5,2024-04-21,validation
0 days 01:47:39.690000,PER,11,,28.0,3.0,,,0 days 00:00:35.329000,0 days 00:00:50.551000,0 days 00:01:05.424000,0 days 01:45:43.930000,0 days 01:46:34.343000,0 days 01:47:39.929000,119.0,224.0,215.0,147.0,False,HARD,5.0,True,Red Bull Racing,0 days 01:45:08.417000,,4,4.0,False,,False,False,2024-05,Chinese Grand Prix,2024,5,2024-04-21,validation
0 days 01:50:05.637000,PER,11,0 days 00:02:25.947000,29.0,3.0,,,0 days 00:00:39.211000,0 days 00:00:45.775000,0 days 00:01:00.961000,0 days 01:48:18.938000,0 days 01:49:04.713000,0 days 01:50:05.674000,219.0,229.0,180.0,260.0,False,HARD,6.0,True,Red Bull Racing,0 days 01:47:39.690000,,4,4.0,False,,False,False,2024-05,Chinese Grand Prix,2024,5,2024-04-21,validation
0 days 01:52:27.281000,PER,11,0 days 00:02:21.644000,30.0,3.0,,,0 days 00:00:35.589000,0 days 00:00:44.431000,0 days 00:01:01.624000,0 days 01:50:41.263000,0 days 01:51:25.694000,0 days 01:52:27.318000,241.0,185.0,189.0,261.0,False,HARD,7.0,True,Red Bull Racing,0 days 01:50:05.637000,,4,4.0,False,,False,False,2024-05,Chinese Grand Prix,2024,5,2024-04-21,validation
0 days 01:54:53.137000,PER,11,0 days 00:02:25.856000,31.0,3.0,,,0 days 00:00:33.147000,0 days 00:00:44.730000,0 days 00:01:07.979000,0 days 01:53:00.465000,0 days 01:53:45.195000,0 days 01:54:53.174000,177.0,234.0,256.0,127.0,False,HARD,8.0,True,Red Bull Racing,0 days 01:52:27.281000,,41,4.0,False,,False,False,2024-05,Chinese Grand Prix,2024,5,2024-04-21,validation
0 days 01:56:32.868000,PER,11,0 days 00:01:39.731000,32.0,3.0,,,0 days 00:00:26.494000,0 days 00:00:29.952000,0 days 00:00:43.285000,0 days 01:55:19.668000,0 days 01:55:49.620000,0 days 01:56:32.905000,279.0,269.0,257.0,313.0,True,HARD,9.0,True,Red Bull Racing,0 days 01:54:53.137000,,1,4.0,False,,False,True,2024-05,Chinese Grand Prix,2024,5,2024-04-21,validation
0 days 01:58:12.256000,PER,11,0 days 00:01:39.388000,33.0,3.0,,,0 days 00:00:26.362000,0 days 00:00:29.915000,0 days 00:00:43.111000,0 days 01:56:59.267000,0 days 01:57:29.182000,0 days 01:58:12.293000,275.0,267.0,265.0,330.0,True,HARD,10.0,True,Red Bull Racing,0 days 01:56:32.868000,,1,4.0,False,,False,True,2024-05,Chinese Grand Prix,2024,5,2024-04-21,validation
0 days 01:59:51.768000,PER,11,0 days 00:01:39.512000,34.0,3.0,,,0 days 00:00:26.285000,0 days 00:00:30.083000,0 days 00:00:43.144000,0 days 01:58:38.578000,0 days 01:59:08.661000,0 days 01:59:51.805000,278.0,271.0,263.0,328.0,False,HARD,11.0,True,Red Bull Racing,0 days 01:58:12.256000,,1,4.0,False,,False,True,2024-05,Chinese Grand Prix,2024,5,2024-04-21,validation
0 days 02:01:31.466000,PER,11,0 days 00:01:39.698000,35.0,3.0,,,0 days 00:00:26.499000,0 days 00:00:30.179000,0 days 00:00:43.020000,0 days 02:00:18.304000,0 days 02:00:48.483000,0 days 02:01:31.503000,279.0,271.0,263.0,330.0,False,HARD,12.0,True,Red Bull Racing,0 days 01:59:51.768000,,1,4.0,False,,False,True,2024-05,Chinese Grand Prix,2024,5,2024-04-21,validation
0 days 02:03:11.146000,PER,11,0 days 00:01:39.680000,36.0,3.0,,,0 days 00:00:26.338000,0 days 00:00:30.290000,0 days 00:00:43.052000,0 days 02:01:57.841000,0 days 02:02:28.131000,0 days 02:03:11.183000,280.0,268.0,263.0,330.0,False,HARD,13.0,True,Red Bull Racing,0 days 02:01:31.466000,,1,4.0,False,,False,True,2024-05,Chinese Grand Prix,2024,5,2024-04-21,validation
0 days 02:04:51.151000,PER,11,0 days 00:01:40.005000,37.0,3.0,,,0 days 00:00:26.445000,0 days 00:00:30.243000,0 days 00:00:43.317000,0 days 02:03:37.628000,0 days 02:04:07.871000,0 days 02:04:51.188000,280.0,270.0,264.0,331.0,False,HARD,14.0,True,Red Bull Racing,0 days 02:03:11.146000,,1,4.0,False,,False,True,2024-05,Chinese Grand Prix,2024,5,2024-04-21,validation
0 days 02:06:31.219000,PER,11,0 days 00:01:40.068000,38.0,3.0,,,0 days 00:00:26.507000,0 days 00:00:30.385000,0 days 00:00:43.176000,0 days 02:05:17.695000,0 days 02:05:48.080000,0 days 02:06:31.256000,281.0,269.0,264.0,331.0,False,HARD,15.0,True,Red Bull Racing,0 days 02:04:51.151000,,1,4.0,False,,False,True,2024-05,Chinese Grand Prix,2024,5,2024-04-21,validation
0 days 02:08:10.628000,PER,11,0 days 00:01:39.409000,39.0,3.0,,,0 days 00:00:26.318000,0 days 00:00:30.089000,0 days 00:00:43.002000,0 days 02:06:57.574000,0 days 02:07:27.663000,0 days 02:08:10.665000,282.0,268.0,257.0,310.0,False,HARD,16.0,True,Red Bull Racing,0 days 02:06:31.219000,,1,3.0,False,,False,True,2024-05,Chinese Grand Prix,2024,5,2024-04-21,validation
0 days 02:09:50.315000,PER,11,0 days 00:01:39.687000,40.0,3.0,,,0 days 00:00:26.606000,0 days 00:00:29.917000,0 days 00:00:43.164000,0 days 02:08:37.271000,0 days 02:09:07.188000,0 days 02:09:50.352000,275.0,268.0,256.0,309.0,False,HARD,17.0,True,Red Bull Racing,0 days 02:08:10.628000,,1,3.0,False,,False,True,2024-05,Chinese Grand Prix,2024,5,2024-04-21,validation
0 days 02:11:29.914000,PER,11,0 days 00:01:39.599000,41.0,3.0,,,0 days 00:00:26.600000,0 days 00:00:29.953000,0 days 00:00:43.046000,0 days 02:10:16.952000,0 days 02:10:46.905000,0 days 02:11:29.951000,274.0,268.0,258.0,307.0,False,HARD,18.0,True,Red Bull Racing,0 days 02:09:50.315000,,1,3.0,False,,False,True,2024-05,Chinese Grand Prix,2024,5,2024-04-21,validation
0 days 02:13:09.435000,PER,11,0 days 00:01:39.521000,42.0,3.0,,,0 days 00:00:26.403000,0 days 00:00:29.976000,0 days 00:00:43.142000,0 days 02:11:56.354000,0 days 02:12:26.330000,0 days 02:13:09.472000,275.0,268.0,259.0,309.0,False,HARD,19.0,True,Red Bull Racing,0 days 02:11:29.914000,,1,3.0,False,,False,True,2024-05,Chinese Grand Prix,2024,5,2024-04-21,validation
0 days 02:14:49.042000,PER,11,0 days 00:01:39.607000,43.0,3.0,,,0 days 00:00:26.529000,0 days 00:00:29.899000,0 days 00:00:43.179000,0 days 02:13:36.001000,0 days 02:14:05.900000,0 days 02:14:49.079000,275.0,268.0,259.0,310.0,False,HARD,20.0,True,Red Bull Racing,0 days 02:13:09.435000,,1,3.0,False,,False,True,2024-05,Chinese Grand Prix,2024,5,2024-04-21,validation
0 days 02:16:28.764000,PER,11,0 days 00:01:39.722000,44.0,3.0,,,0 days 00:00:26.487000,0 days 00:00:30.023000,0 days 00:00:43.212000,0 days 02:15:15.566000,0 days 02:15:45.589000,0 days 02:16:28.801000,273.0,267.0,257.0,309.0,False,HARD,21.0,True,Red Bull Racing,0 days 02:14:49.042000,,1,3.0,False,,False,True,2024-05,Chinese Grand Prix,2024,5,2024-04-21,validation
0 days 02:18:08.613000,PER,11,0 days 00:01:39.849000,45.0,3.0,,,0 days 00:00:26.591000,0 days 00:00:30.005000,0 days 00:00:43.253000,0 days 02:16:55.392000,0 days 02:17:25.397000,0 days 02:18:08.650000,274.0,268.0,258.0,310.0,False,HARD,22.0,True,Red Bull Racing,0 days 02:16:28.764000,,1,3.0,False,,False,True,2024-05,Chinese Grand Prix,2024,5,2024-04-21,validation
0 days 02:19:48.579000,PER,11,0 days 00:01:39.966000,46.0,3.0,,,0 days 00:00:26.686000,0 days 00:00:30.091000,0 days 00:00:43.189000,0 days 02:18:35.336000,0 days 02:19:05.427000,0 days 02:19:48.616000,276.0,268.0,258.0,310.0,False,HARD,23.0,True,Red Bull Racing,0 days 02:18:08.613000,,1,3.0,False,,False,True,2024-05,Chinese Grand Prix,2024,5,2024-04-21,validation
0 days 02:21:28.534000,PER,11,0 days 00:01:39.955000,47.0,3.0,,,0 days 00:00:26.660000,0 days 00:00:30.006000,0 days 00:00:43.289000,0 days 02:20:15.276000,0 days 02:20:45.282000,0 days 02:21:28.571000,276.0,268.0,258.0,309.0,False,HARD,24.0,True,Red Bull Racing,0 days 02:19:48.579000,,1,3.0,False,,False,True,2024-05,Chinese Grand Prix,2024,5,2024-04-21,validation
0 days 02:23:08.495000,PER,11,0 days 00:01:39.961000,48.0,3.0,,,0 days 00:00:26.647000,0 days 00:00:29.974000,0 days 00:00:43.340000,0 days 02:21:55.218000,0 days 02:22:25.192000,0 days 02:23:08.532000,277.0,269.0,259.0,309.0,False,HARD,25.0,True,Red Bull Racing,0 days 02:21:28.534000,,1,3.0,False,,False,True,2024-05,Chinese Grand Prix,2024,5,2024-04-21,validation
0 days 02:24:48.398000,PER,11,0 days 00:01:39.903000,49.0,3.0,,,0 days 00:00:26.588000,0 days 00:00:29.988000,0 days 00:00:43.327000,0 days 02:23:35.120000,0 days 02:24:05.108000,0 days 02:24:48.435000,277.0,269.0,259.0,309.0,False,HARD,26.0,True,Red Bull Racing,0 days 02:23:08.495000,,1,3.0,False,,False,True,2024-05,Chinese Grand Prix,2024,5,2024-04-21,validation
0 days 02:26:28.450000,PER,11,0 days 00:01:40.052000,50.0,3.0,,,0 days 00:00:26.645000,0 days 00:00:30.112000,0 days 00:00:43.295000,0 days 02:25:15.080000,0 days 02:25:45.192000,0 days 02:26:28.487000,278.0,268.0,258.0,309.0,False,HARD,27.0,True,Red Bull Racing,0 days 02:24:48.398000,,1,3.0,False,,False,True,2024-05,Chinese Grand Prix,2024,5,2024-04-21,validation
0 days 02:28:08.356000,PER,11,0 days 00:01:39.906000,51.0,3.0,,,0 days 00:00:26.570000,0 days 00:00:30.025000,0 days 00:00:43.311000,0 days 02:26:55.057000,0 days 02:27:25.082000,0 days 02:28:08.393000,277.0,268.0,259.0,309.0,False,HARD,28.0,True,Red Bull Racing,0 days 02:26:28.450000,,1,3.0,False,,False,True,2024-05,Chinese Grand Prix,2024,5,2024-04-21,validation
0 days 02:29:48.479000,PER,11,0 days 00:01:40.123000,52.0,3.0,,,0 days 00:00:26.576000,0 days 00:00:30.170000,0 days 00:00:43.377000,0 days 02:28:34.969000,0 days 02:29:05.139000,0 days 02:29:48.516000,278.0,268.0,257.0,309.0,False,HARD,29.0,True,Red Bull Racing,0 days 02:28:08.356000,,1,3.0,False,,False,True,2024-05,Chinese Grand Prix,2024,5,2024-04-21,validation
0 days 02:31:28.675000,PER,11,0 days 00:01:40.196000,53.0,3.0,,,0 days 00:00:26.729000,0 days 00:00:30.113000,0 days 00:00:43.354000,0 days 02:30:15.245000,0 days 02:30:45.358000,0 days 02:31:28.712000,277.0,269.0,258.0,310.0,False,HARD,30.0,True,Red Bull Racing,0 days 02:29:48.479000,,1,3.0,False,,False,True,2024-05,Chinese Grand Prix,2024,5,2024-04-21,validation
0 days 02:33:08.903000,PER,11,0 days 00:01:40.228000,54.0,3.0,,,0 days 00:00:26.692000,0 days 00:00:30.202000,0 days 00:00:43.334000,0 days 02:31:55.404000,0 days 02:32:25.606000,0 days 02:33:08.940000,277.0,270.0,258.0,311.0,False,HARD,31.0,True,Red Bull Racing,0 days 02:31:28.675000,,1,3.0,False,,False,True,2024-05,Chinese Grand Prix,2024,5,2024-04-21,validation
0 days 02:34:49.496000,PER,11,0 days 00:01:40.593000,55.0,3.0,,,0 days 00:00:26.768000,0 days 00:00:30.179000,0 days 00:00:43.646000,0 days 02:33:35.708000,0 days 02:34:05.887000,0 days 02:34:49.533000,278.0,270.0,257.0,310.0,False,HARD,32.0,True,Red Bull Racing,0 days 02:33:08.903000,,1,3.0,False,,False,True,2024-05,Chinese Grand Prix,2024,5,2024-04-21,validation
0 days 02:36:30.146000,PER,11,0 days 00:01:40.650000,56.0,3.0,,,0 days 00:00:26.891000,0 days 00:00:30.202000,0 days 00:00:43.557000,0 days 02:35:16.424000,0 days 02:35:46.626000,0 days 02:36:30.183000,277.0,270.0,258.0,309.0,False,HARD,33.0,True,Red Bull Racing,0 days 02:34:49.496000,,1,3.0,False,,False,True,2024-05,Chinese Grand Prix,2024,5,2024-04-21,validation
0 days 00:57:04.923000,LEC,16,0 days 00:01:46.488000,1.0,1.0,,,,0 days 00:00:31.934000,0 days 00:00:44.143000,,0 days 00:56:20.867000,0 days 00:57:05.092000,282.0,267.0,254.0,308.0,False,MEDIUM,1.0,True,Ferrari,0 days 00:55:18.169000,,1,7.0,False,,False,False,2024-05,Chinese Grand Prix,2024,5,2024-04-21,validation
0 days 00:58:46.735000,LEC,16,0 days 00:01:41.812000,2.0,1.0,,,0 days 00:00:27.305000,0 days 00:00:30.812000,0 days 00:00:43.695000,0 days 00:57:32.250000,0 days 00:58:03.062000,0 days 00:58:46.757000,271.0,265.0,260.0,330.0,True,MEDIUM,2.0,True,Ferrari,0 days 00:57:04.923000,,1,7.0,False,,False,True,2024-05,Chinese Grand Prix,2024,5,2024-04-21,validation
0 days 01:00:28.825000,LEC,16,0 days 00:01:42.090000,3.0,1.0,,,0 days 00:00:27.068000,0 days 00:00:31.135000,0 days 00:00:43.887000,0 days 00:59:13.825000,0 days 00:59:44.960000,0 days 01:00:28.847000,271.0,265.0,256.0,311.0,False,MEDIUM,3.0,True,Ferrari,0 days 00:58:46.735000,,1,7.0,False,,False,True,2024-05,Chinese Grand Prix,2024,5,2024-04-21,validation
0 days 01:02:11.045000,LEC,16,0 days 00:01:42.220000,4.0,1.0,,,0 days 00:00:27.289000,0 days 00:00:30.941000,0 days 00:00:43.990000,0 days 01:00:56.136000,0 days 01:01:27.077000,0 days 01:02:11.067000,274.0,265.0,255.0,327.0,False,MEDIUM,4.0,True,Ferrari,0 days 01:00:28.825000,,1,7.0,False,,False,True,2024-05,Chinese Grand Prix,2024,5,2024-04-21,validation
0 days 01:03:53.140000,LEC,16,0 days 00:01:42.095000,5.0,1.0,,,0 days 00:00:27.308000,0 days 00:00:30.886000,0 days 00:00:43.901000,0 days 01:02:38.375000,0 days 01:03:09.261000,0 days 01:03:53.162000,270.0,267.0,255.0,325.0,False,MEDIUM,5.0,True,Ferrari,0 days 01:02:11.045000,,1,7.0,False,,False,True,2024-05,Chinese Grand Prix,2024,5,2024-04-21,validation
0 days 01:05:35.462000,LEC,16,0 days 00:01:42.322000,6.0,1.0,,,0 days 00:00:27.267000,0 days 00:00:31.156000,0 days 00:00:43.899000,0 days 01:04:20.429000,0 days 01:04:51.585000,0 days 01:05:35.484000,273.0,265.0,261.0,330.0,False,MEDIUM,6.0,True,Ferrari,0 days 01:03:53.140000,,1,7.0,False,,False,True,2024-05,Chinese Grand Prix,2024,5,2024-04-21,validation
0 days 01:07:17.879000,LEC,16,0 days 00:01:42.417000,7.0,1.0,,,0 days 00:00:27.201000,0 days 00:00:31.213000,0 days 00:00:44.003000,0 days 01:06:02.685000,0 days 01:06:33.898000,0 days 01:07:17.901000,275.0,267.0,260.0,333.0,False,MEDIUM,7.0,True,Ferrari,0 days 01:05:35.462000,,1,7.0,False,,False,True,2024-05,Chinese Grand Prix,2024,5,2024-04-21,validation
0 days 01:09:00.848000,LEC,16,0 days 00:01:42.969000,8.0,1.0,,,0 days 00:00:27.283000,0 days 00:00:31.480000,0 days 00:00:44.206000,0 days 01:07:45.184000,0 days 01:08:16.664000,0 days 01:09:00.870000,275.0,267.0,260.0,332.0,False,MEDIUM,8.0,True,Ferrari,0 days 01:07:17.879000,,1,7.0,False,,False,True,2024-05,Chinese Grand Prix,2024,5,2024-04-21,validation
0 days 01:10:43.037000,LEC,16,0 days 00:01:42.189000,9.0,1.0,,,0 days 00:00:27.245000,0 days 00:00:30.805000,0 days 00:00:44.139000,0 days 01:09:28.115000,0 days 01:09:58.920000,0 days 01:10:43.059000,272.0,266.0,254.0,315.0,False,MEDIUM,9.0,True,Ferrari,0 days 01:09:00.848000,,1,6.0,False,,False,True,2024-05,Chinese Grand Prix,2024,5,2024-04-21,validation
0 days 01:12:25.361000,LEC,16,0 days 00:01:42.324000,10.0,1.0,,,0 days 00:00:27.238000,0 days 00:00:31.145000,0 days 00:00:43.941000,0 days 01:11:10.297000,0 days 01:11:41.442000,0 days 01:12:25.383000,274.0,266.0,260.0,328.0,False,MEDIUM,10.0,True,Ferrari,0 days 01:10:43.037000,,1,6.0,False,,False,True,2024-05,Chinese Grand Prix,2024,5,2024-04-21,validation
0 days 01:14:07.489000,LEC,16,0 days 00:01:42.128000,11.0,1.0,,,0 days 00:00:27.066000,0 days 00:00:31.372000,0 days 00:00:43.690000,0 days 01:12:52.449000,0 days 01:13:23.821000,0 days 01:14:07.511000,272.0,265.0,260.0,329.0,False,MEDIUM,11.0,True,Ferrari,0 days 01:12:25.361000,,1,4.0,False,,False,True,2024-05,Chinese Grand Prix,2024,5,2024-04-21,validation
0 days 01:15:49.428000,LEC,16,0 days 00:01:41.939000,12.0,1.0,,,0 days 00:00:27.165000,0 days 00:00:30.859000,0 days 00:00:43.915000,0 days 01:14:34.676000,0 days 01:15:05.535000,0 days 01:15:49.450000,269.0,261.0,255.0,305.0,False,MEDIUM,12.0,True,Ferrari,0 days 01:14:07.489000,,1,4.0,False,,False,True,2024-05,Chinese Grand Prix,2024,5,2024-04-21,validation
0 days 01:17:31.507000,LEC,16,0 days 00:01:42.079000,13.0,1.0,,,0 days 00:00:27.348000,0 days 00:00:30.754000,0 days 00:00:43.977000,0 days 01:16:16.798000,0 days 01:16:47.552000,0 days 01:17:31.529000,271.0,263.0,255.0,308.0,False,MEDIUM,13.0,True,Ferrari,0 days 01:15:49.428000,,1,4.0,False,,False,True,2024-05,Chinese Grand Prix,2024,5,2024-04-21,validation
0 days 01:19:13.319000,LEC,16,0 days 00:01:41.812000,14.0,1.0,,,0 days 00:00:27.246000,0 days 00:00:30.685000,0 days 00:00:43.881000,0 days 01:17:58.775000,0 days 01:18:29.460000,0 days 01:19:13.341000,271.0,263.0,255.0,309.0,False,MEDIUM,14.0,True,Ferrari,0 days 01:17:31.507000,,1,2.0,False,,False,True,2024-05,Chinese Grand Prix,2024,5,2024-04-21,validation
0 days 01:20:55.183000,LEC,16,0 days 00:01:41.864000,15.0,1.0,,,0 days 00:00:27.212000,0 days 00:00:30.784000,0 days 00:00:43.868000,0 days 01:19:40.553000,0 days 01:20:11.337000,0 days 01:20:55.205000,271.0,265.0,255.0,310.0,False,MEDIUM,15.0,True,Ferrari,0 days 01:19:13.319000,,1,2.0,False,,False,True,2024-05,Chinese Grand Prix,2024,5,2024-04-21,validation
0 days 01:22:37.912000,LEC,16,0 days 00:01:42.729000,16.0,1.0,,,0 days 00:00:27.237000,0 days 00:00:31.529000,0 days 00:00:43.963000,0 days 01:21:22.442000,0 days 01:21:53.971000,0 days 01:22:37.934000,273.0,266.0,254.0,310.0,False,MEDIUM,16.0,True,Ferrari,0 days 01:20:55.183000,,1,3.0,False,,False,True,2024-05,Chinese Grand Prix,2024,5,2024-04-21,validation
0 days 01:24:19.891000,LEC,16,0 days 00:01:41.979000,17.0,1.0,,,0 days 00:00:27.306000,0 days 00:00:30.845000,0 days 00:00:43.828000,0 days 01:23:05.240000,0 days 01:23:36.085000,0 days 01:24:19.913000,273.0,265.0,255.0,309.0,False,MEDIUM,17.0,True,Ferrari,0 days 01:22:37.912000,,1,3.0,False,,False,True,2024-05,Chinese Grand Prix,2024,5,2024-04-21,validation
0 days 01:26:02.005000,LEC,16,0 days 00:01:42.114000,18.0,1.0,,,0 days 00:00:27.442000,0 days 00:00:30.799000,0 days 00:00:43.873000,0 days 01:24:47.355000,0 days 01:25:18.154000,0 days 01:26:02.027000,272.0,265.0,256.0,309.0,False,MEDIUM,18.0,True,Ferrari,0 days 01:24:19.891000,,1,3.0,False,,False,True,2024-05,Chinese Grand Prix,2024,5,2024-04-21,validation
0 days 01:27:43.987000,LEC,16,0 days 00:01:41.982000,19.0,1.0,,,0 days 00:00:27.275000,0 days 00:00:30.764000,0 days 00:00:43.943000,0 days 01:26:29.302000,0 days 01:27:00.066000,0 days 01:27:44.009000,273.0,265.0,256.0,308.0,False,MEDIUM,19.0,True,Ferrari,0 days 01:26:02.005000,,1,3.0,False,,False,True,2024-05,Chinese Grand Prix,2024,5,2024-04-21,validation
0 days 01:29:26.028000,LEC,16,0 days 00:01:42.041000,20.0,1.0,,,0 days 00:00:27.337000,0 days 00:00:30.746000,0 days 00:00:43.958000,0 days 01:28:11.346000,0 days 01:28:42.092000,0 days 01:29:26.050000,273.0,266.0,256.0,307.0,False,MEDIUM,20.0,True,Ferrari,0 days 01:27:43.987000,,12,3.0,False,,False,True,2024-05,Chinese Grand Prix,2024,5,2024-04-21,validation
0 days 01:31:17.997000,LEC,16,0 days 00:01:51.969000,21.0,1.0,,0 days 01:31:16.365000,0 days 00:00:27.352000,0 days 00:00:30.901000,0 days 00:00:53.716000,0 days 01:29:53.402000,0 days 01:30:24.303000,0 days 01:31:18.019000,272.0,252.0,,307.0,False,MEDIUM,21.0,True,Ferrari,0 days 01:29:26.028000,,26,4.0,False,,False,False,2024-05,Chinese Grand Prix,2024,5,2024-04-21,validation
0 days 01:33:48.238000,LEC,16,,22.0,2.0,0 days 01:31:38.575000,,0 days 00:00:52.152000,0 days 00:00:40.979000,0 days 00:00:57.074000,0 days 01:32:10.277000,0 days 01:32:51.249000,0 days 01:33:48.438000,203.0,176.0,226.0,212.0,False,HARD,1.0,True,Ferrari,0 days 01:31:17.997000,,6,5.0,False,,False,False,2024-05,Chinese Grand Prix,2024,5,2024-04-21,validation
0 days 01:36:01.149000,LEC,16,0 days 00:02:12.911000,23.0,2.0,,,0 days 00:00:37.046000,0 days 00:00:39.533000,0 days 00:00:56.332000,0 days 01:34:25.306000,0 days 01:35:04.839000,0 days 01:36:01.171000,187.0,144.0,228.0,271.0,False,HARD,2.0,True,Ferrari,0 days 01:33:48.238000,,64,4.0,False,,False,False,2024-05,Chinese Grand Prix,2024,5,2024-04-21,validation
0 days 01:38:17.991000,LEC,16,0 days 00:02:16.842000,24.0,2.0,,,0 days 00:00:35.007000,0 days 00:00:38.685000,0 days 00:01:03.150000,0 days 01:36:36.178000,0 days 01:37:14.863000,0 days 01:38:18.013000,199.0,233.0,225.0,203.0,False,HARD,3.0,True,Ferrari,0 days 01:36:01.149000,,4,3.0,False,,False,False,2024-05,Chinese Grand Prix,2024,5,2024-04-21,validation
0 days 01:40:43.200000,LEC,16,0 days 00:02:25.209000,25.0,2.0,,,0 days 00:00:36.693000,0 days 00:00:46.826000,0 days 00:01:01.690000,0 days 01:38:54.706000,0 days 01:39:41.532000,0 days 01:40:43.222000,234.0,196.0,185.0,268.0,False,HARD,4.0,True,Ferrari,0 days 01:38:17.991000,,4,3.0,False,,False,False,2024-05,Chinese Grand Prix,2024,5,2024-04-21,validation
0 days 01:43:18.896000,LEC,16,,26.0,2.0,,,0 days 00:00:34.080000,0 days 00:00:44.478000,0 days 00:01:17.132000,0 days 01:41:17.308000,0 days 01:42:01.874000,0 days 01:43:19.083000,170.0,216.0,255.0,111.0,False,HARD,5.0,True,Ferrari,0 days 01:40:43.200000,,41,3.0,False,,False,False,2024-05,Chinese Grand Prix,2024,5,2024-04-21,validation
0 days 01:45:07.620000,LEC,16,0 days 00:01:48.724000,27.0,2.0,,,0 days 00:00:26.655000,0 days 00:00:29.957000,0 days 00:00:52.112000,0 days 01:43:45.573000,0 days 01:44:15.530000,0 days 01:45:07.642000,272.0,265.0,210.0,310.0,False,HARD,6.0,True,Ferrari,0 days 01:43:18.896000,,124,3.0,False,,False,False,2024-05,Chinese Grand Prix,2024,5,2024-04-21,validation
0 days 01:47:38.759000,LEC,16,,28.0,2.0,,,0 days 00:00:34.738000,0 days 00:00:51.235000,0 days 00:01:05.199000,0 days 01:45:42.574000,0 days 01:46:33.610000,0 days 01:47:38.844000,120.0,225.0,208.0,155.0,False,HARD,7.0,True,Ferrari,0 days 01:45:07.620000,,4,3.0,False,,False,False,2024-05,Chinese Grand Prix,2024,5,2024-04-21,validation
0 days 01:50:05.093000,LEC,16,0 days 00:02:26.334000,29.0,2.0,,,0 days 00:00:39.650000,0 days 00:00:45.685000,0 days 00:01:00.999000,0 days 01:48:18.431000,0 days 01:49:04.116000,0 days 01:50:05.115000,228.0,225.0,170.0,264.0,False,HARD,8.0,True,Ferrari,0 days 01:47:38.759000,,4,3.0,False,,False,False,2024-05,Chinese Grand Prix,2024,5,2024-04-21,validation
0 days 01:52:25.877000,LEC,16,0 days 00:02:20.784000,30.0,2.0,,,0 days 00:00:35.682000,0 days 00:00:43.965000,0 days 00:01:01.137000,0 days 01:50:40.797000,0 days 01:51:24.762000,0 days 01:52:25.899000,234.0,173.0,189.0,262.0,False,HARD,9.0,True,Ferrari,0 days 01:50:05.093000,,4,3.0,False,,False,False,2024-05,Chinese Grand Prix,2024,5,2024-04-21,validation
0 days 01:54:52.643000,LEC,16,0 days 00:02:26.766000,31.0,2.0,,,0 days 00:00:34.005000,0 days 00:00:44.877000,0 days 00:01:07.884000,0 days 01:52:59.904000,0 days 01:53:44.781000,0 days 01:54:52.665000,158.0,228.0,257.0,128.0,False,HARD,10.0,True,Ferrari,0 days 01:52:25.877000,,41,3.0,False,,False,False,2024-05,Chinese Grand Prix,2024,5,2024-04-21,validation
0 days 01:56:32.168000,LEC,16,0 days 00:01:39.525000,32.0,2.0,,,0 days 00:00:26.515000,0 days 00:00:29.931000,0 days 00:00:43.079000,0 days 01:55:19.180000,0 days 01:55:49.111000,0 days 01:56:32.190000,277.0,267.0,257.0,309.0,True,HARD,11.0,True,Ferrari,0 days 01:54:52.643000,,1,3.0,False,,False,True,2024-05,Chinese Grand Prix,2024,5,2024-04-21,validation
0 days 01:58:11.552000,LEC,16,0 days 00:01:39.384000,33.0,2.0,,,0 days 00:00:26.529000,0 days 00:00:29.829000,0 days 00:00:43.026000,0 days 01:56:58.719000,0 days 01:57:28.548000,0 days 01:58:11.574000,275.0,268.0,257.0,309.0,True,HARD,12.0,True,Ferrari,0 days 01:56:32.168000,,1,3.0,False,,False,True,2024-05,Chinese Grand Prix,2024,5,2024-04-21,validation
0 days 01:59:51.113000,LEC,16,0 days 00:01:39.561000,34.0,2.0,,,0 days 00:00:26.526000,0 days 00:00:29.914000,0 days 00:00:43.121000,0 days 01:58:38.100000,0 days 01:59:08.014000,0 days 01:59:51.135000,276.0,268.0,257.0,310.0,False,HARD,13.0,True,Ferrari,0 days 01:58:11.552000,,1,3.0,False,,False,True,2024-05,Chinese Grand Prix,2024,5,2024-04-21,validation
0 days 02:01:30.820000,LEC,16,0 days 00:01:39.707000,35.0,2.0,,,0 days 00:00:26.680000,0 days 00:00:29.951000,0 days 00:00:43.076000,0 days 02:00:17.815000,0 days 02:00:47.766000,0 days 02:01:30.842000,275.0,269.0,257.0,309.0,False,HARD,14.0,True,Ferrari,0 days 01:59:51.113000,,1,3.0,False,,False,True,2024-05,Chinese Grand Prix,2024,5,2024-04-21,validation
0 days 02:03:10.595000,LEC,16,0 days 00:01:39.775000,36.0,2.0,,,0 days 00:00:26.525000,0 days 00:00:30.025000,0 days 00:00:43.225000,0 days 02:01:57.367000,0 days 02:02:27.392000,0 days 02:03:10.617000,275.0,266.0,258.0,308.0,False,HARD,15.0,True,Ferrari,0 days 02:01:30.820000,,1,3.0,False,,False,True,2024-05,Chinese Grand Prix,2024,5,2024-04-21,validation
0 days 02:04:50.635000,LEC,16,0 days 00:01:40.040000,37.0,2.0,,,0 days 00:00:26.585000,0 days 00:00:30.103000,0 days 00:00:43.352000,0 days 02:03:37.202000,0 days 02:04:07.305000,0 days 02:04:50.657000,273.0,265.0,259.0,309.0,False,HARD,16.0,True,Ferrari,0 days 02:03:10.595000,,1,3.0,False,,False,True,2024-05,Chinese Grand Prix,2024,5,2024-04-21,validation
0 days 02:06:30.693000,LEC,16,0 days 00:01:40.058000,38.0,2.0,,,0 days 00:00:26.762000,0 days 00:00:30.046000,0 days 00:00:43.250000,0 days 02:05:17.419000,0 days 02:05:47.465000,0 days 02:06:30.715000,272.0,264.0,258.0,307.0,False,HARD,17.0,True,Ferrari,0 days 02:04:50.635000,,1,3.0,False,,False,True,2024-05,Chinese Grand Prix,2024,5,2024-04-21,validation
0 days 02:08:11.482000,LEC,16,0 days 00:01:40.789000,39.0,2.0,,,0 days 00:00:26.666000,0 days 00:00:30.922000,0 days 00:00:43.201000,0 days 02:06:57.381000,0 days 02:07:28.303000,0 days 02:08:11.504000,273.0,265.0,264.0,324.0,False,HARD,18.0,True,Ferrari,0 days 02:06:30.693000,,1,4.0,False,,False,True,2024-05,Chinese Grand Prix,2024,5,2024-04-21,validation
0 days 02:09:51.213000,LEC,16,0 days 00:01:39.731000,40.0,2.0,,,0 days 00:00:26.506000,0 days 00:00:30.181000,0 days 00:00:43.044000,0 days 02:08:38.010000,0 days 02:09:08.191000,0 days 02:09:51.235000,271.0,266.0,263.0,325.0,False,HARD,19.0,True,Ferrari,0 days 02:08:11.482000,,1,4.0,False,,False,True,2024-05,Chinese Grand Prix,2024,5,2024-04-21,validation
0 days 02:11:30.838000,LEC,16,0 days 00:01:39.625000,41.0,2.0,,,0 days 00:00:26.415000,0 days 00:00:30.217000,0 days 00:00:42.993000,0 days 02:10:17.650000,0 days 02:10:47.867000,0 days 02:11:30.860000,275.0,269.0,265.0,327.0,False,HARD,20.0,True,Ferrari,0 days 02:09:51.213000,,1,4.0,False,,False,True,2024-05,Chinese Grand Prix,2024,5,2024-04-21,validation
0 days 02:13:10.744000,LEC,16,0 days 00:01:39.906000,42.0,2.0,,,0 days 00:00:26.532000,0 days 00:00:30.169000,0 days 00:00:43.205000,0 days 02:11:57.392000,0 days 02:12:27.561000,0 days 02:13:10.766000,277.0,269.0,259.0,311.0,False,HARD,21.0,True,Ferrari,0 days 02:11:30.838000,,1,4.0,False,,False,True,2024-05,Chinese Grand Prix,2024,5,2024-04-21,validation
0 days 02:14:50.652000,LEC,16,0 days 00:01:39.908000,43.0,2.0,,,0 days 00:00:26.691000,0 days 00:00:29.998000,0 days 00:00:43.219000,0 days 02:13:37.457000,0 days 02:14:07.455000,0 days 02:14:50.674000,276.0,269.0,258.0,310.0,False,HARD,22.0,True,Ferrari,0 days 02:13:10.744000,,1,4.0,False,,False,True,2024-05,Chinese Grand Prix,2024,5,2024-04-21,validation
0 days 02:16:30.493000,LEC,16,0 days 00:01:39.841000,44.0,2.0,,,0 days 00:00:26.662000,0 days 00:00:30.010000,0 days 00:00:43.169000,0 days 02:15:17.336000,0 days 02:15:47.346000,0 days 02:16:30.515000,275.0,268.0,258.0,310.0,False,HARD,23.0,True,Ferrari,0 days 02:14:50.652000,,1,4.0,False,,False,True,2024-05,Chinese Grand Prix,2024,5,2024-04-21,validation
0 days 02:18:10.518000,LEC,16,0 days 00:01:40.025000,45.0,2.0,,,0 days 00:00:26.729000,0 days 00:00:30.136000,0 days 00:00:43.160000,0 days 02:16:57.244000,0 days 02:17:27.380000,0 days 02:18:10.540000,277.0,268.0,258.0,311.0,False,HARD,24.0,True,Ferrari,0 days 02:16:30.493000,,1,4.0,False,,False,True,2024-05,Chinese Grand Prix,2024,5,2024-04-21,validation
0 days 02:19:50.742000,LEC,16,0 days 00:01:40.224000,46.0,2.0,,,0 days 00:00:26.857000,0 days 00:00:30.073000,0 days 00:00:43.294000,0 days 02:18:37.397000,0 days 02:19:07.470000,0 days 02:19:50.764000,278.0,268.0,258.0,310.0,False,HARD,25.0,True,Ferrari,0 days 02:18:10.518000,,1,4.0,False,,False,True,2024-05,Chinese Grand Prix,2024,5,2024-04-21,validation
0 days 02:21:31.058000,LEC,16,0 days 00:01:40.316000,47.0,2.0,,,0 days 00:00:26.713000,0 days 00:00:30.036000,0 days 00:00:43.567000,0 days 02:20:17.477000,0 days 02:20:47.513000,0 days 02:21:31.080000,276.0,269.0,258.0,310.0,False,HARD,26.0,True,Ferrari,0 days 02:19:50.742000,,1,4.0,False,,False,True,2024-05,Chinese Grand Prix,2024,5,2024-04-21,validation
0 days 02:23:11.216000,LEC,16,0 days 00:01:40.158000,48.0,2.0,,,0 days 00:00:26.759000,0 days 00:00:30.021000,0 days 00:00:43.378000,0 days 02:21:57.839000,0 days 02:22:27.860000,0 days 02:23:11.238000,276.0,268.0,259.0,309.0,False,HARD,27.0,True,Ferrari,0 days 02:21:31.058000,,1,4.0,False,,False,True,2024-05,Chinese Grand Prix,2024,5,2024-04-21,validation
0 days 02:24:51.639000,LEC,16,0 days 00:01:40.423000,49.0,2.0,,,0 days 00:00:26.786000,0 days 00:00:30.170000,0 days 00:00:43.467000,0 days 02:23:38.024000,0 days 02:24:08.194000,0 days 02:24:51.661000,276.0,269.0,258.0,308.0,False,HARD,28.0,True,Ferrari,0 days 02:23:11.216000,,1,4.0,False,,False,True,2024-05,Chinese Grand Prix,2024,5,2024-04-21,validation
0 days 02:26:31.976000,LEC,16,0 days 00:01:40.337000,50.0,2.0,,,0 days 00:00:26.803000,0 days 00:00:30.307000,0 days 00:00:43.227000,0 days 02:25:18.464000,0 days 02:25:48.771000,0 days 02:26:31.998000,276.0,268.0,259.0,308.0,False,HARD,29.0,True,Ferrari,0 days 02:24:51.639000,,1,4.0,False,,False,True,2024-05,Chinese Grand Prix,2024,5,2024-04-21,validation
0 days 02:28:12.181000,LEC,16,0 days 00:01:40.205000,51.0,2.0,,,0 days 00:00:26.813000,0 days 00:00:30.091000,0 days 00:00:43.301000,0 days 02:26:58.811000,0 days 02:27:28.902000,0 days 02:28:12.203000,276.0,269.0,259.0,309.0,False,HARD,30.0,True,Ferrari,0 days 02:26:31.976000,,1,4.0,False,,False,True,2024-05,Chinese Grand Prix,2024,5,2024-04-21,validation
0 days 02:29:52.634000,LEC,16,0 days 00:01:40.453000,52.0,2.0,,,0 days 00:00:26.834000,0 days 00:00:30.289000,0 days 00:00:43.330000,0 days 02:28:39.037000,0 days 02:29:09.326000,0 days 02:29:52.656000,276.0,268.0,259.0,309.0,False,HARD,31.0,True,Ferrari,0 days 02:28:12.181000,,1,4.0,False,,False,True,2024-05,Chinese Grand Prix,2024,5,2024-04-21,validation
0 days 02:31:33,LEC,16,0 days 00:01:40.366000,53.0,2.0,,,0 days 00:00:26.810000,0 days 00:00:30.117000,0 days 00:00:43.439000,0 days 02:30:19.466000,0 days 02:30:49.583000,0 days 02:31:33.022000,275.0,269.0,259.0,309.0,False,HARD,32.0,True,Ferrari,0 days 02:29:52.634000,,1,4.0,False,,False,True,2024-05,Chinese Grand Prix,2024,5,2024-04-21,validation
0 days 02:33:13.171000,LEC,16,0 days 00:01:40.171000,54.0,2.0,,,0 days 00:00:26.820000,0 days 00:00:30.075000,0 days 00:00:43.276000,0 days 02:31:59.842000,0 days 02:32:29.917000,0 days 02:33:13.193000,275.0,270.0,260.0,310.0,False,HARD,33.0,True,Ferrari,0 days 02:31:33,,1,4.0,False,,False,True,2024-05,Chinese Grand Prix,2024,5,2024-04-21,validation
0 days 02:34:54.053000,LEC,16,0 days 00:01:40.882000,55.0,2.0,,,0 days 00:00:27.018000,0 days 00:00:30.420000,0 days 00:00:43.444000,0 days 02:33:40.211000,0 days 02:34:10.631000,0 days 02:34:54.075000,276.0,269.0,259.0,309.0,False,HARD,34.0,True,Ferrari,0 days 02:33:13.171000,,1,4.0,False,,False,True,2024-05,Chinese Grand Prix,2024,5,2024-04-21,validation
0 days 02:36:34.621000,LEC,16,0 days 00:01:40.568000,56.0,2.0,,,0 days 00:00:26.873000,0 days 00:00:30.305000,0 days 00:00:43.390000,0 days 02:35:20.948000,0 days 02:35:51.253000,0 days 02:36:34.643000,276.0,270.0,260.0,308.0,False,HARD,35.0,True,Ferrari,0 days 02:34:54.053000,,1,4.0,False,,False,True,2024-05,Chinese Grand Prix,2024,5,2024-04-21,validation
0 days 00:57:09.937000,HAM,44,0 days 00:01:51.502000,1.0,1.0,,,,0 days 00:00:32.870000,0 days 00:00:45.826000,,0 days 00:56:24.259000,0 days 00:57:10.021000,277.0,270.0,248.0,321.0,False,SOFT,1.0,True,Mercedes,0 days 00:55:18.169000,,1,19.0,False,,False,False,2024-05,Chinese Grand Prix,2024,5,2024-04-21,validation
0 days 00:58:54.072000,HAM,44,0 days 00:01:44.135000,2.0,1.0,,,0 days 00:00:27.777000,0 days 00:00:31.721000,0 days 00:00:44.637000,0 days 00:57:37.741000,0 days 00:58:09.462000,0 days 00:58:54.099000,275.0,267.0,260.0,341.0,True,SOFT,2.0,True,Mercedes,0 days 00:57:09.937000,,1,19.0,False,,False,True,2024-05,Chinese Grand Prix,2024,5,2024-04-21,validation
0 days 01:00:36.978000,HAM,44,0 days 00:01:42.906000,3.0,1.0,,,0 days 00:00:27.516000,0 days 00:00:31.429000,0 days 00:00:43.961000,0 days 00:59:21.615000,0 days 00:59:53.044000,0 days 01:00:37.005000,277.0,266.0,260.0,337.0,True,SOFT,3.0,True,Mercedes,0 days 00:58:54.072000,,1,18.0,False,,False,True,2024-05,Chinese Grand Prix,2024,5,2024-04-21,validation
0 days 01:02:19.991000,HAM,44,0 days 00:01:43.013000,4.0,1.0,,,0 days 00:00:27.290000,0 days 00:00:31.303000,0 days 00:00:44.420000,0 days 01:01:04.295000,0 days 01:01:35.598000,0 days 01:02:20.018000,271.0,264.0,252.0,319.0,False,SOFT,4.0,True,Mercedes,0 days 01:00:36.978000,,1,17.0,False,,False,True,2024-05,Chinese Grand Prix,2024,5,2024-04-21,validation
0 days 01:04:03.490000,HAM,44,0 days 00:01:43.499000,5.0,1.0,,,0 days 00:00:27.586000,0 days 00:00:31.314000,0 days 00:00:44.599000,0 days 01:02:47.604000,0 days 01:03:18.918000,0 days 01:04:03.517000,272.0,265.0,256.0,333.0,False,SOFT,5.0,True,Mercedes,0 days 01:02:19.991000,,1,17.0,False,,False,True,2024-05,Chinese Grand Prix,2024,5,2024-04-21,validation
0 days 01:05:46.957000,HAM,44,0 days 00:01:43.467000,6.0,1.0,,,0 days 00:00:27.510000,0 days 00:00:31.423000,0 days 00:00:44.534000,0 days 01:04:31.027000,0 days 01:05:02.450000,0 days 01:05:46.984000,267.0,265.0,258.0,332.0,False,SOFT,6.0,True,Mercedes,0 days 01:04:03.490000,,1,17.0,False,,False,True,2024-05,Chinese Grand Prix,2024,5,2024-04-21,validation
0 days 01:07:31.013000,HAM,44,0 days 00:01:44.056000,7.0,1.0,,,0 days 00:00:27.593000,0 days 00:00:31.549000,0 days 00:00:44.914000,0 days 01:06:14.577000,0 days 01:06:46.126000,0 days 01:07:31.040000,271.0,266.0,256.0,330.0,False,SOFT,7.0,True,Mercedes,0 days 01:05:46.957000,,1,17.0,False,,False,True,2024-05,Chinese Grand Prix,2024,5,2024-04-21,validation
0 days 01:09:14.782000,HAM,44,0 days 00:01:43.769000,8.0,1.0,,,0 days 00:00:27.507000,0 days 00:00:31.695000,0 days 00:00:44.567000,0 days 01:07:58.547000,0 days 01:08:30.242000,0 days 01:09:14.809000,273.0,264.0,257.0,329.0,False,SOFT,8.0,True,Mercedes,0 days 01:07:31.013000,,1,16.0,False,,False,True,2024-05,Chinese Grand Prix,2024,5,2024-04-21,validation
0 days 01:11:02.724000,HAM,44,0 days 00:01:47.942000,9.0,1.0,,0 days 01:11:01.144000,0 days 00:00:27.422000,0 days 00:00:31.115000,0 days 00:00:49.405000,0 days 01:09:42.231000,0 days 01:10:13.346000,0 days 01:11:02.751000,268.0,264.0,,313.0,False,SOFT,9.0,True,Mercedes,0 days 01:09:14.782000,,1,17.0,False,,False,False,2024-05,Chinese Grand Prix,2024,5,2024-04-21,validation
0 days 01:13:01.633000,HAM,44,0 days 00:01:58.909000,10.0,2.0,0 days 01:11:23.492000,,0 days 00:00:45.205000,0 days 00:00:30.064000,0 days 00:00:43.640000,0 days 01:11:47.956000,0 days 01:12:18.020000,0 days 01:13:01.660000,272.0,265.0,255.0,314.0,False,MEDIUM,1.0,True,Mercedes,0 days 01:11:02.724000,,1,19.0,False,,False,False,2024-05,Chinese Grand Prix,2024,5,2024-04-21,validation
0 days 01:14:43.042000,HAM,44,0 days 00:01:41.409000,11.0,2.0,,,0 days 00:00:26.848000,0 days 00:00:30.842000,0 days 00:00:43.719000,0 days 01:13:28.508000,0 days 01:13:59.350000,0 days 01:14:43.069000,269.0,265.0,259.0,313.0,True,MEDIUM,2.0,True,Mercedes,0 days 01:13:01.633000,,1,18.0,False,,False,True,2024-05,Chinese Grand Prix,2024,5,2024-04-21,validation
0 days 01:16:24.946000,HAM,44,0 days 00:01:41.904000,12.0,2.0,,,0 days 00:00:26.938000,0 days 00:00:30.884000,0 days 00:00:44.082000,0 days 01:15:10.007000,0 days 01:15:40.891000,0 days 01:16:24.973000,268.0,264.0,258.0,334.0,False,MEDIUM,3.0,True,Mercedes,0 days 01:14:43.042000,,1,17.0,False,,False,True,2024-05,Chinese Grand Prix,2024,5,2024-04-21,validation
0 days 01:18:06.873000,HAM,44,0 days 00:01:41.927000,13.0,2.0,,,0 days 00:00:27.321000,0 days 00:00:30.655000,0 days 00:00:43.951000,0 days 01:16:52.294000,0 days 01:17:22.949000,0 days 01:18:06.900000,270.0,262.0,253.0,309.0,False,MEDIUM,4.0,True,Mercedes,0 days 01:16:24.946000,,1,15.0,False,,False,True,2024-05,Chinese Grand Prix,2024,5,2024-04-21,validation
0 days 01:19:48.593000,HAM,44,0 days 00:01:41.720000,14.0,2.0,,,0 days 00:00:27.232000,0 days 00:00:30.537000,0 days 00:00:43.951000,0 days 01:18:34.132000,0 days 01:19:04.669000,0 days 01:19:48.620000,266.0,265.0,254.0,312.0,False,MEDIUM,5.0,True,Mercedes,0 days 01:18:06.873000,,1,15.0,False,,False,True,2024-05,Chinese Grand Prix,2024,5,2024-04-21,validation
0 days 01:21:30.907000,HAM,44,0 days 00:01:42.314000,15.0,2.0,,,0 days 00:00:27.361000,0 days 00:00:30.746000,0 days 00:00:44.207000,0 days 01:20:15.981000,0 days 01:20:46.727000,0 days 01:21:30.934000,270.0,266.0,253.0,313.0,False,MEDIUM,6.0,True,Mercedes,0 days 01:19:48.593000,,1,14.0,False,,False,True,2024-05,Chinese Grand Prix,2024,5,2024-04-21,validation
0 days 01:23:13.438000,HAM,44,0 days 00:01:42.531000,16.0,2.0,,,0 days 00:00:27.293000,0 days 00:00:30.770000,0 days 00:00:44.468000,0 days 01:21:58.227000,0 days 01:22:28.997000,0 days 01:23:13.465000,269.0,266.0,252.0,311.0,False,MEDIUM,7.0,True,Mercedes,0 days 01:21:30.907000,,1,14.0,False,,False,True,2024-05,Chinese Grand Prix,2024,5,2024-04-21,validation
0 days 01:24:55.661000,HAM,44,0 days 00:01:42.223000,17.0,2.0,,,0 days 00:00:27.338000,0 days 00:00:30.584000,0 days 00:00:44.301000,0 days 01:23:40.803000,0 days 01:24:11.387000,0 days 01:24:55.688000,269.0,266.0,253.0,310.0,False,MEDIUM,8.0,True,Mercedes,0 days 01:23:13.438000,,1,13.0,False,,False,True,2024-05,Chinese Grand Prix,2024,5,2024-04-21,validation
0 days 01:26:38.225000,HAM,44,0 days 00:01:42.564000,18.0,2.0,,,0 days 00:00:27.397000,0 days 00:00:30.752000,0 days 00:00:44.415000,0 days 01:25:23.085000,0 days 01:25:53.837000,0 days 01:26:38.252000,271.0,266.0,253.0,307.0,False,MEDIUM,9.0,True,Mercedes,0 days 01:24:55.661000,,1,13.0,False,,False,True,2024-05,Chinese Grand Prix,2024,5,2024-04-21,validation
0 days 01:28:21.079000,HAM,44,0 days 00:01:42.854000,19.0,2.0,,,0 days 00:00:27.385000,0 days 00:00:30.912000,0 days 00:00:44.557000,0 days 01:27:05.637000,0 days 01:27:36.549000,0 days 01:28:21.106000,272.0,266.0,252.0,309.0,False,MEDIUM,10.0,True,Mercedes,0 days 01:26:38.225000,,1,13.0,False,,False,True,2024-05,Chinese Grand Prix,2024,5,2024-04-21,validation
0 days 01:30:04.194000,HAM,44,0 days 00:01:43.115000,20.0,2.0,,,0 days 00:00:27.444000,0 days 00:00:30.921000,0 days 00:00:44.750000,0 days 01:28:48.550000,0 days 01:29:19.471000,0 days 01:30:04.221000,272.0,265.0,253.0,309.0,False,MEDIUM,11.0,True,Mercedes,0 days 01:28:21.079000,,12,12.0,False,,False,True,2024-05,Chinese Grand Prix,2024,5,2024-04-21,validation
0 days 01:32:06.973000,HAM,44,0 days 00:02:02.779000,21.0,2.0,,0 days 01:32:05.346000,0 days 00:00:27.428000,0 days 00:00:32.924000,0 days 00:01:02.427000,0 days 01:30:31.649000,0 days 01:31:04.573000,0 days 01:32:07,273.0,99.0,,207.0,False,MEDIUM,12.0,True,Mercedes,0 days 01:30:04.194000,,26,14.0,False,,False,False,2024-05,Chinese Grand Prix,2024,5,2024-04-21,validation
0 days 01:34:36.370000,HAM,44,0 days 00:02:29.397000,22.0,3.0,0 days 01:32:27.895000,,0 days 00:00:52.943000,0 days 00:00:41.990000,0 days 00:00:54.464000,0 days 01:32:59.943000,0 days 01:33:41.933000,0 days 01:34:36.397000,184.0,133.0,179.0,206.0,False,HARD,1.0,True,Mercedes,0 days 01:32:06.973000,,6,17.0,False,,False,False,2024-05,Chinese Grand Prix,2024,5,2024-04-21,validation
0 days 01:36:49.906000,HAM,44,0 days 00:02:13.536000,23.0,3.0,,,0 days 00:00:36.231000,0 days 00:00:39.784000,0 days 00:00:57.521000,0 days 01:35:12.628000,0 days 01:35:52.412000,0 days 01:36:49.933000,192.0,207.0,142.0,217.0,False,HARD,2.0,True,Mercedes,0 days 01:34:36.370000,,64,17.0,False,,False,False,2024-05,Chinese Grand Prix,2024,5,2024-04-21,validation
0 days 01:39:03.023000,HAM,44,0 days 00:02:13.117000,24.0,3.0,,,0 days 00:00:38.804000,0 days 00:00:37.536000,0 days 00:00:56.777000,0 days 01:37:28.737000,0 days 01:38:06.273000,0 days 01:39:03.050000,207.0,212.0,245.0,233.0,False,HARD,3.0,True,Mercedes,0 days 01:36:49.906000,,4,14.0,False,,False,False,2024-05,Chinese Grand Prix,2024,5,2024-04-21,validation
0 days 01:40:58,HAM,44,0 days 00:01:54.977000,25.0,3.0,,,0 days 00:00:27.786000,0 days 00:00:33.306000,0 days 00:00:53.885000,0 days 01:39:30.836000,0 days 01:40:04.142000,0 days 01:40:58.027000,256.0,229.0,125.0,286.0,False,HARD,4.0,True,Mercedes,0 days 01:39:03.023000,,4,13.0,False,,False,False,2024-05,Chinese Grand Prix,2024,5,2024-04-21,validation
0 days 01:43:25.219000,HAM,44,0 days 00:02:27.219000,26.0,3.0,,,0 days 00:00:35.762000,0 days 00:00:41.631000,0 days 00:01:09.826000,0 days 01:41:33.789000,0 days 01:42:15.420000,0 days 01:43:25.246000,223.0,202.0,253.0,85.0,False,HARD,5.0,True,Mercedes,0 days 01:40:58,,41,12.0,False,,False,False,2024-05,Chinese Grand Prix,2024,5,2024-04-21,validation
0 days 01:45:20.654000,HAM,44,0 days 00:01:55.435000,27.0,3.0,,,0 days 00:00:27.175000,0 days 00:00:30.710000,0 days 00:00:57.550000,0 days 01:43:52.421000,0 days 01:44:23.131000,0 days 01:45:20.681000,280.0,269.0,180.0,178.0,False,HARD,6.0,True,Mercedes,0 days 01:43:25.219000,,124,11.0,False,,False,False,2024-05,Chinese Grand Prix,2024,5,2024-04-21,validation
0 days 01:47:48.252000,HAM,44,0 days 00:02:27.598000,28.0,3.0,,,0 days 00:00:32.116000,0 days 00:00:51.255000,0 days 00:01:04.227000,0 days 01:45:52.797000,0 days 01:46:44.052000,0 days 01:47:48.279000,200.0,214.0,102.0,258.0,False,HARD,7.0,True,Mercedes,0 days 01:45:20.654000,,4,11.0,False,,False,False,2024-05,Chinese Grand Prix,2024,5,2024-04-21,validation
0 days 01:50:13.141000,HAM,44,0 days 00:02:24.889000,29.0,3.0,,,0 days 00:00:39.299000,0 days 00:00:46.869000,0 days 00:00:58.721000,0 days 01:48:27.578000,0 days 01:49:14.447000,0 days 01:50:13.168000,210.0,175.0,195.0,267.0,False,HARD,8.0,True,Mercedes,0 days 01:47:48.252000,,4,11.0,False,,False,False,2024-05,Chinese Grand Prix,2024,5,2024-04-21,validation
0 days 01:52:34.241000,HAM,44,0 days 00:02:21.100000,30.0,3.0,,,0 days 00:00:37.311000,0 days 00:00:44.312000,0 days 00:00:59.477000,0 days 01:50:50.479000,0 days 01:51:34.791000,0 days 01:52:34.268000,229.0,172.0,224.0,207.0,False,HARD,9.0,True,Mercedes,0 days 01:50:13.141000,,4,11.0,False,,False,False,2024-05,Chinese Grand Prix,2024,5,2024-04-21,validation
0 days 01:54:57.075000,HAM,44,0 days 00:02:22.834000,31.0,3.0,,,0 days 00:00:36.510000,0 days 00:00:44.378000,0 days 00:01:01.946000,0 days 01:53:10.778000,0 days 01:53:55.156000,0 days 01:54:57.102000,229.0,195.0,256.0,117.0,False,HARD,10.0,True,Mercedes,0 days 01:52:34.241000,,41,11.0,False,,False,False,2024-05,Chinese Grand Prix,2024,5,2024-04-21,validation
0 days 01:56:38.193000,HAM,44,0 days 00:01:41.118000,32.0,3.0,,,0 days 00:00:27.031000,0 days 00:00:30.408000,0 days 00:00:43.679000,0 days 01:55:24.133000,0 days 01:55:54.541000,0 days 01:56:38.220000,277.0,268.0,256.0,314.0,True,HARD,11.0,True,Mercedes,0 days 01:54:57.075000,,1,10.0,False,,False,True,2024-05,Chinese Grand Prix,2024,5,2024-04-21,validation
0 days 01:58:19.050000,HAM,44,0 days 00:01:40.857000,33.0,3.0,,,0 days 00:00:26.758000,0 days 00:00:30.465000,0 days 00:00:43.634000,0 days 01:57:04.978000,0 days 01:57:35.443000,0 days 01:58:19.077000,273.0,269.0,261.0,329.0,True,HARD,12.0,True,Mercedes,0 days 01:56:38.193000,,1,10.0,False,,False,True,2024-05,Chinese Grand Prix,2024,5,2024-04-21,validation
0 days 01:59:59.885000,HAM,44,0 days 00:01:40.835000,34.0,3.0,,,0 days 00:00:26.615000,0 days 00:00:30.525000,0 days 00:00:43.695000,0 days 01:58:45.692000,0 days 01:59:16.217000,0 days 01:59:59.912000,276.0,270.0,259.0,332.0,True,HARD,13.0,True,Mercedes,0 days 01:58:19.050000,,1,10.0,False,,False,True,2024-05,Chinese Grand Prix,2024,5,2024-04-21,validation
0 days 02:01:40.793000,HAM,44,0 days 00:01:40.908000,35.0,3.0,,,0 days 00:00:26.707000,0 days 00:00:30.558000,0 days 00:00:43.643000,0 days 02:00:26.619000,0 days 02:00:57.177000,0 days 02:01:40.820000,275.0,269.0,261.0,331.0,False,HARD,14.0,True,Mercedes,0 days 01:59:59.885000,,1,10.0,False,,False,True,2024-05,Chinese Grand Prix,2024,5,2024-04-21,validation
0 days 02:03:22.082000,HAM,44,0 days 00:01:41.289000,36.0,3.0,,,0 days 00:00:26.845000,0 days 00:00:30.726000,0 days 00:00:43.718000,0 days 02:02:07.665000,0 days 02:02:38.391000,0 days 02:03:22.109000,270.0,268.0,263.0,330.0,False,HARD,15.0,True,Mercedes,0 days 02:01:40.793000,,1,10.0,False,,False,True,2024-05,Chinese Grand Prix,2024,5,2024-04-21,validation
0 days 02:05:03.297000,HAM,44,0 days 00:01:41.215000,37.0,3.0,,,0 days 00:00:26.794000,0 days 00:00:30.790000,0 days 00:00:43.631000,0 days 02:03:48.903000,0 days 02:04:19.693000,0 days 02:05:03.324000,272.0,269.0,263.0,330.0,False,HARD,16.0,True,Mercedes,0 days 02:03:22.082000,,1,10.0,False,,False,True,2024-05,Chinese Grand Prix,2024,5,2024-04-21,validation
0 days 02:06:44.271000,HAM,44,0 days 00:01:40.974000,38.0,3.0,,,0 days 00:00:26.745000,0 days 00:00:30.682000,0 days 00:00:43.547000,0 days 02:05:30.069000,0 days 02:06:00.751000,0 days 02:06:44.298000,271.0,269.0,263.0,330.0,False,HARD,17.0,True,Mercedes,0 days 02:05:03.297000,,1,10.0,False,,False,True,2024-05,Chinese Grand Prix,2024,5,2024-04-21,validation
0 days 02:08:25.384000,HAM,44,0 days 00:01:41.113000,39.0,3.0,,,0 days 00:00:26.948000,0 days 00:00:30.643000,0 days 00:00:43.522000,0 days 02:07:11.246000,0 days 02:07:41.889000,0 days 02:08:25.411000,270.0,270.0,264.0,331.0,False,HARD,18.0,True,Mercedes,0 days 02:06:44.271000,,1,10.0,False,,False,True,2024-05,Chinese Grand Prix,2024,5,2024-04-21,validation
0 days 02:10:06.884000,HAM,44,0 days 00:01:41.500000,40.0,3.0,,,0 days 00:00:26.915000,0 days 00:00:30.751000,0 days 00:00:43.834000,0 days 02:08:52.326000,0 days 02:09:23.077000,0 days 02:10:06.911000,272.0,270.0,260.0,334.0,False,HARD,19.0,True,Mercedes,0 days 02:08:25.384000,,1,10.0,False,,False,True,2024-05,Chinese Grand Prix,2024,5,2024-04-21,validation
0 days 02:11:47.766000,HAM,44,0 days 00:01:40.882000,41.0,3.0,,,0 days 00:00:26.958000,0 days 00:00:30.425000,0 days 00:00:43.499000,0 days 02:10:33.869000,0 days 02:11:04.294000,0 days 02:11:47.793000,272.0,270.0,258.0,311.0,False,HARD,20.0,True,Mercedes,0 days 02:10:06.884000,,1,9.0,False,,False,True,2024-05,Chinese Grand Prix,2024,5,2024-04-21,validation
0 days 02:13:28.834000,HAM,44,0 days 00:01:41.068000,42.0,3.0,,,0 days 00:00:27.094000,0 days 00:00:30.261000,0 days 00:00:43.713000,0 days 02:12:14.887000,0 days 02:12:45.148000,0 days 02:13:28.861000,272.0,269.0,258.0,311.0,False,HARD,21.0,True,Mercedes,0 days 02:11:47.766000,,1,9.0,False,,False,True,2024-05,Chinese Grand Prix,2024,5,2024-04-21,validation
0 days 02:15:10.056000,HAM,44,0 days 00:01:41.222000,43.0,3.0,,,0 days 00:00:27.038000,0 days 00:00:30.454000,0 days 00:00:43.730000,0 days 02:13:55.899000,0 days 02:14:26.353000,0 days 02:15:10.083000,271.0,269.0,257.0,311.0,False,HARD,22.0,True,Mercedes,0 days 02:13:28.834000,,1,9.0,False,,False,True,2024-05,Chinese Grand Prix,2024,5,2024-04-21,validation
0 days 02:16:50.971000,HAM,44,0 days 00:01:40.915000,44.0,3.0,,,0 days 00:00:26.942000,0 days 00:00:30.321000,0 days 00:00:43.652000,0 days 02:15:37.025000,0 days 02:16:07.346000,0 days 02:16:50.998000,270.0,270.0,258.0,310.0,False,HARD,23.0,True,Mercedes,0 days 02:15:10.056000,,1,8.0,False,,False,True,2024-05,Chinese Grand Prix,2024,5,2024-04-21,validation
0 days 02:18:32.069000,HAM,44,0 days 00:01:41.098000,45.0,3.0,,,0 days 00:00:26.985000,0 days 00:00:30.492000,0 days 00:00:43.621000,0 days 02:17:17.983000,0 days 02:17:48.475000,0 days 02:18:32.096000,270.0,269.0,258.0,312.0,False,HARD,24.0,True,Mercedes,0 days 02:16:50.971000,,1,8.0,False,,False,True,2024-05,Chinese Grand Prix,2024,5,2024-04-21,validation
0 days 02:20:13.410000,HAM,44,0 days 00:01:41.341000,46.0,3.0,,,0 days 00:00:27.014000,0 days 00:00:30.474000,0 days 00:00:43.853000,0 days 02:18:59.110000,0 days 02:19:29.584000,0 days 02:20:13.437000,270.0,269.0,257.0,312.0,False,HARD,25.0,True,Mercedes,0 days 02:18:32.069000,,1,8.0,False,,False,True,2024-05,Chinese Grand Prix,2024,5,2024-04-21,validation
0 days 02:21:54.786000,HAM,44,0 days 00:01:41.376000,47.0,3.0,,,0 days 00:00:27.082000,0 days 00:00:30.487000,0 days 00:00:43.807000,0 days 02:20:40.519000,0 days 02:21:11.006000,0 days 02:21:54.813000,272.0,269.0,257.0,312.0,False,HARD,26.0,True,Mercedes,0 days 02:20:13.410000,,1,8.0,False,,False,True,2024-05,Chinese Grand Prix,2024,5,2024-04-21,validation
0 days 02:23:36.101000,HAM,44,0 days 00:01:41.315000,48.0,3.0,,,0 days 00:00:26.972000,0 days 00:00:30.348000,0 days 00:00:43.995000,0 days 02:22:21.785000,0 days 02:22:52.133000,0 days 02:23:36.128000,272.0,270.0,259.0,310.0,False,HARD,27.0,True,Mercedes,0 days 02:21:54.786000,,1,8.0,False,,False,True,2024-05,Chinese Grand Prix,2024,5,2024-04-21,validation
0 days 02:25:18.021000,HAM,44,0 days 00:01:41.920000,49.0,3.0,,,0 days 00:00:27.010000,0 days 00:00:31.133000,0 days 00:00:43.777000,0 days 02:24:03.138000,0 days 02:24:34.271000,0 days 02:25:18.048000,273.0,269.0,260.0,313.0,False,HARD,28.0,True,Mercedes,0 days 02:23:36.101000,,1,9.0,False,,False,True,2024-05,Chinese Grand Prix,2024,5,2024-04-21,validation
0 days 02:26:59.327000,HAM,44,0 days 00:01:41.306000,50.0,3.0,,,0 days 00:00:27.041000,0 days 00:00:30.575000,0 days 00:00:43.690000,0 days 02:25:45.089000,0 days 02:26:15.664000,0 days 02:26:59.354000,275.0,269.0,259.0,313.0,False,HARD,29.0,True,Mercedes,0 days 02:25:18.021000,,1,9.0,False,,False,True,2024-05,Chinese Grand Prix,2024,5,2024-04-21,validation
0 days 02:28:40.812000,HAM,44,0 days 00:01:41.485000,51.0,3.0,,,0 days 00:00:27.133000,0 days 00:00:30.628000,0 days 00:00:43.724000,0 days 02:27:26.487000,0 days 02:27:57.115000,0 days 02:28:40.839000,271.0,269.0,259.0,312.0,False,HARD,30.0,True,Mercedes,0 days 02:26:59.327000,,1,9.0,False,,False,True,2024-05,Chinese Grand Prix,2024,5,2024-04-21,validation
0 days 02:30:22.273000,HAM,44,0 days 00:01:41.461000,52.0,3.0,,,0 days 00:00:27.058000,0 days 00:00:30.527000,0 days 00:00:43.876000,0 days 02:29:07.897000,0 days 02:29:38.424000,0 days 02:30:22.300000,275.0,270.0,257.0,312.0,False,HARD,31.0,True,Mercedes,0 days 02:28:40.812000,,1,9.0,False,,False,True,2024-05,Chinese Grand Prix,2024,5,2024-04-21,validation
0 days 02:32:03.794000,HAM,44,0 days 00:01:41.521000,53.0,3.0,,,0 days 00:00:27.013000,0 days 00:00:30.603000,0 days 00:00:43.905000,0 days 02:30:49.313000,0 days 02:31:19.916000,0 days 02:32:03.821000,273.0,270.0,259.0,313.0,False,HARD,32.0,True,Mercedes,0 days 02:30:22.273000,,1,9.0,False,,False,True,2024-05,Chinese Grand Prix,2024,5,2024-04-21,validation
0 days 02:33:45.287000,HAM,44,0 days 00:01:41.493000,54.0,3.0,,,0 days 00:00:27.053000,0 days 00:00:30.612000,0 days 00:00:43.828000,0 days 02:32:30.874000,0 days 02:33:01.486000,0 days 02:33:45.314000,274.0,270.0,257.0,315.0,False,HARD,33.0,True,Mercedes,0 days 02:32:03.794000,,1,9.0,False,,False,True,2024-05,Chinese Grand Prix,2024,5,2024-04-21,validation
0 days 02:35:26.891000,HAM,44,0 days 00:01:41.604000,55.0,3.0,,,0 days 00:00:27.124000,0 days 00:00:30.622000,0 days 00:00:43.858000,0 days 02:34:12.438000,0 days 02:34:43.060000,0 days 02:35:26.918000,276.0,270.0,260.0,312.0,False,HARD,34.0,True,Mercedes,0 days 02:33:45.287000,,1,9.0,False,,False,True,2024-05,Chinese Grand Prix,2024,5,2024-04-21,validation
0 days 02:37:08.975000,HAM,44,0 days 00:01:42.084000,56.0,3.0,,,0 days 00:00:27.114000,0 days 00:00:30.620000,0 days 00:00:44.350000,0 days 02:35:54.032000,0 days 02:36:24.652000,0 days 02:37:09.002000,272.0,270.0,255.0,311.0,False,HARD,35.0,True,Mercedes,0 days 02:35:26.891000,,1,9.0,False,,False,True,2024-05,Chinese Grand Prix,2024,5,2024-04-21,validation
0 days 00:57:05.582000,SAI,55,0 days 00:01:47.147000,1.0,1.0,,,,0 days 00:00:31.937000,0 days 00:00:44.363000,,0 days 00:56:21.424000,0 days 00:57:05.806000,278.0,271.0,260.0,315.0,False,MEDIUM,1.0,True,Ferrari,0 days 00:55:18.169000,,1,9.0,False,,False,False,2024-05,Chinese Grand Prix,2024,5,2024-04-21,validation
0 days 00:58:47.697000,SAI,55,0 days 00:01:42.115000,2.0,1.0,,,0 days 00:00:27.246000,0 days 00:00:31.059000,0 days 00:00:43.810000,0 days 00:57:32.882000,0 days 00:58:03.941000,0 days 00:58:47.751000,267.0,266.0,259.0,332.0,True,MEDIUM,2.0,True,Ferrari,0 days 00:57:05.582000,,1,8.0,False,,False,True,2024-05,Chinese Grand Prix,2024,5,2024-04-21,validation
0 days 01:00:29.676000,SAI,55,0 days 00:01:41.979000,3.0,1.0,,,0 days 00:00:27.267000,0 days 00:00:30.965000,0 days 00:00:43.747000,0 days 00:59:15.018000,0 days 00:59:45.983000,0 days 01:00:29.730000,270.0,262.0,260.0,327.0,True,MEDIUM,3.0,True,Ferrari,0 days 00:58:47.697000,,1,8.0,False,,False,True,2024-05,Chinese Grand Prix,2024,5,2024-04-21,validation
0 days 01:02:11.821000,SAI,55,0 days 00:01:42.145000,4.0,1.0,,,0 days 00:00:27.400000,0 days 00:00:31.006000,0 days 00:00:43.739000,0 days 01:00:57.130000,0 days 01:01:28.136000,0 days 01:02:11.875000,271.0,265.0,260.0,331.0,False,MEDIUM,4.0,True,Ferrari,0 days 01:00:29.676000,,1,8.0,False,,False,True,2024-05,Chinese Grand Prix,2024,5,2024-04-21,validation
0 days 01:03:54.031000,SAI,55,0 days 00:01:42.210000,5.0,1.0,,,0 days 00:00:27.279000,0 days 00:00:31.121000,0 days 00:00:43.810000,0 days 01:02:39.154000,0 days 01:03:10.275000,0 days 01:03:54.085000,277.0,266.0,259.0,332.0,False,MEDIUM,5.0,True,Ferrari,0 days 01:02:11.821000,,1,8.0,False,,False,True,2024-05,Chinese Grand Prix,2024,5,2024-04-21,validation
0 days 01:05:36.440000,SAI,55,0 days 00:01:42.409000,6.0,1.0,,,0 days 00:00:27.317000,0 days 00:00:31.132000,0 days 00:00:43.960000,0 days 01:04:21.402000,0 days 01:04:52.534000,0 days 01:05:36.494000,272.0,264.0,258.0,332.0,False,MEDIUM,6.0,True,Ferrari,0 days 01:03:54.031000,,1,8.0,False,,False,True,2024-05,Chinese Grand Prix,2024,5,2024-04-21,validation
0 days 01:07:19.223000,SAI,55,0 days 00:01:42.783000,7.0,1.0,,,0 days 00:00:27.351000,0 days 00:00:31.085000,0 days 00:00:44.347000,0 days 01:06:03.845000,0 days 01:06:34.930000,0 days 01:07:19.277000,273.0,267.0,254.0,317.0,False,MEDIUM,7.0,True,Ferrari,0 days 01:05:36.440000,,1,8.0,False,,False,True,2024-05,Chinese Grand Prix,2024,5,2024-04-21,validation
0 days 01:09:02.174000,SAI,55,0 days 00:01:42.951000,8.0,1.0,,,0 days 00:00:27.480000,0 days 00:00:31.199000,0 days 00:00:44.272000,0 days 01:07:46.757000,0 days 01:08:17.956000,0 days 01:09:02.228000,271.0,263.0,253.0,313.0,False,MEDIUM,8.0,True,Ferrari,0 days 01:07:19.223000,,1,8.0,False,,False,True,2024-05,Chinese Grand Prix,2024,5,2024-04-21,validation
0 days 01:10:44.974000,SAI,55,0 days 00:01:42.800000,9.0,1.0,,,0 days 00:00:27.441000,0 days 00:00:31.194000,0 days 00:00:44.165000,0 days 01:09:29.669000,0 days 01:10:00.863000,0 days 01:10:45.028000,273.0,264.0,259.0,331.0,False,MEDIUM,9.0,True,Ferrari,0 days 01:09:02.174000,,1,8.0,False,,False,True,2024-05,Chinese Grand Prix,2024,5,2024-04-21,validation
0 days 01:12:28.212000,SAI,55,0 days 00:01:43.238000,10.0,1.0,,,0 days 00:00:27.371000,0 days 00:00:31.806000,0 days 00:00:44.061000,0 days 01:11:12.399000,0 days 01:11:44.205000,0 days 01:12:28.266000,278.0,264.0,258.0,331.0,False,MEDIUM,10.0,True,Ferrari,0 days 01:10:44.974000,,1,8.0,False,,False,True,2024-05,Chinese Grand Prix,2024,5,2024-04-21,validation
0 days 01:14:11.511000,SAI,55,0 days 00:01:43.299000,11.0,1.0,,,0 days 00:00:27.380000,0 days 00:00:31.597000,0 days 00:00:44.322000,0 days 01:12:55.646000,0 days 01:13:27.243000,0 days 01:14:11.565000,277.0,263.0,259.0,329.0,False,MEDIUM,11.0,True,Ferrari,0 days 01:12:28.212000,,1,6.0,False,,False,True,2024-05,Chinese Grand Prix,2024,5,2024-04-21,validation
0 days 01:15:54.114000,SAI,55,0 days 00:01:42.603000,12.0,1.0,,,0 days 00:00:27.289000,0 days 00:00:31.140000,0 days 00:00:44.174000,0 days 01:14:38.854000,0 days 01:15:09.994000,0 days 01:15:54.168000,271.0,262.0,254.0,311.0,False,MEDIUM,12.0,True,Ferrari,0 days 01:14:11.511000,,1,6.0,False,,False,True,2024-05,Chinese Grand Prix,2024,5,2024-04-21,validation
0 days 01:17:36.514000,SAI,55,0 days 00:01:42.400000,13.0,1.0,,,0 days 00:00:27.455000,0 days 00:00:31.031000,0 days 00:00:43.914000,0 days 01:16:21.623000,0 days 01:16:52.654000,0 days 01:17:36.568000,272.0,265.0,254.0,311.0,False,MEDIUM,13.0,True,Ferrari,0 days 01:15:54.114000,,1,6.0,False,,False,True,2024-05,Chinese Grand Prix,2024,5,2024-04-21,validation
0 days 01:19:19.601000,SAI,55,0 days 00:01:43.087000,14.0,1.0,,,0 days 00:00:27.657000,0 days 00:00:31.162000,0 days 00:00:44.268000,0 days 01:18:04.225000,0 days 01:18:35.387000,0 days 01:19:19.655000,271.0,263.0,254.0,313.0,False,MEDIUM,14.0,True,Ferrari,0 days 01:17:36.514000,,1,5.0,False,,False,True,2024-05,Chinese Grand Prix,2024,5,2024-04-21,validation
0 days 01:21:02.393000,SAI,55,0 days 00:01:42.792000,15.0,1.0,,,0 days 00:00:27.496000,0 days 00:00:31.088000,0 days 00:00:44.208000,0 days 01:19:47.151000,0 days 01:20:18.239000,0 days 01:21:02.447000,274.0,266.0,255.0,314.0,False,MEDIUM,15.0,True,Ferrari,0 days 01:19:19.601000,,1,5.0,False,,False,True,2024-05,Chinese Grand Prix,2024,5,2024-04-21,validation
0 days 01:22:45.086000,SAI,55,0 days 00:01:42.693000,16.0,1.0,,,0 days 00:00:27.384000,0 days 00:00:31.091000,0 days 00:00:44.218000,0 days 01:21:29.831000,0 days 01:22:00.922000,0 days 01:22:45.140000,273.0,264.0,255.0,310.0,False,MEDIUM,16.0,True,Ferrari,0 days 01:21:02.393000,,1,4.0,False,,False,True,2024-05,Chinese Grand Prix,2024,5,2024-04-21,validation
0 days 01:24:32.949000,SAI,55,0 days 00:01:47.863000,17.0,1.0,,0 days 01:24:31.343000,0 days 00:00:27.355000,0 days 00:00:31.014000,0 days 00:00:49.494000,0 days 01:23:12.495000,0 days 01:23:43.509000,0 days 01:24:33.003000,274.0,265.0,,309.0,False,MEDIUM,17.0,True,Ferrari,0 days 01:22:45.086000,,1,5.0,False,,False,False,2024-05,Chinese Grand Prix,2024,5,2024-04-21,validation
0 days 01:26:31.801000,SAI,55,0 days 00:01:58.852000,18.0,2.0,0 days 01:24:53.893000,,0 days 00:00:45.627000,0 days 00:00:30.049000,0 days 00:00:43.176000,0 days 01:25:18.630000,0 days 01:25:48.679000,0 days 01:26:31.855000,270.0,267.0,256.0,326.0,False,HARD,1.0,True,Ferrari,0 days 01:24:32.949000,,1,9.0,False,,False,False,2024-05,Chinese Grand Prix,2024,5,2024-04-21,validation
0 days 01:28:11.565000,SAI,55,0 days 00:01:39.764000,19.0,2.0,,,0 days 00:00:26.609000,0 days 00:00:29.898000,0 days 00:00:43.257000,0 days 01:26:58.464000,0 days 01:27:28.362000,0 days 01:28:11.619000,270.0,264.0,257.0,308.0,True,HARD,2.0,True,Ferrari,0 days 01:26:31.801000,,1,9.0,False,,False,True,2024-05,Chinese Grand Prix,2024,5,2024-04-21,validation
0 days 01:29:52.226000,SAI,55,0 days 00:01:40.661000,20.0,2.0,,,0 days 00:00:26.873000,0 days 00:00:30.157000,0 days 00:00:43.631000,0 days 01:28:38.492000,0 days 01:29:08.649000,0 days 01:29:52.280000,274.0,267.0,261.0,331.0,False,HARD,3.0,True,Ferrari,0 days 01:28:11.565000,,12,9.0,False,,False,True,2024-05,Chinese Grand Prix,2024,5,2024-04-21,validation
0 days 01:31:48.034000,SAI,55,0 days 00:01:55.808000,21.0,2.0,,,0 days 00:00:26.983000,0 days 00:00:31.136000,0 days 00:00:57.689000,0 days 01:30:19.263000,0 days 01:30:50.399000,0 days 01:31:48.088000,280.0,256.0,195.0,215.0,False,HARD,4.0,True,Ferrari,0 days 01:29:52.226000,,26,8.0,False,,False,False,2024-05,Chinese Grand Prix,2024,5,2024-04-21,validation
0 days 01:34:02.809000,SAI,55,0 days 00:02:14.775000,22.0,2.0,,,0 days 00:00:38.220000,0 days 00:00:38.751000,0 days 00:00:57.804000,0 days 01:32:26.308000,0 days 01:33:05.059000,0 days 01:34:02.863000,187.0,224.0,192.0,250.0,False,HARD,5.0,True,Ferrari,0 days 01:31:48.034000,,6,8.0,False,,False,False,2024-05,Chinese Grand Prix,2024,5,2024-04-21,validation
0 days 01:36:15.917000,SAI,55,0 days 00:02:13.108000,23.0,2.0,,,0 days 00:00:37.280000,0 days 00:00:37.160000,0 days 00:00:58.668000,0 days 01:34:40.143000,0 days 01:35:17.303000,0 days 01:36:15.971000,207.0,184.0,196.0,262.0,False,HARD,6.0,True,Ferrari,0 days 01:34:02.809000,,64,8.0,False,,False,False,2024-05,Chinese Grand Prix,2024,5,2024-04-21,validation
0 days 01:38:29.326000,SAI,55,0 days 00:02:13.409000,24.0,2.0,,,0 days 00:00:37.683000,0 days 00:00:38.503000,0 days 00:00:57.223000,0 days 01:36:53.654000,0 days 01:37:32.157000,0 days 01:38:29.380000,263.0,247.0,254.0,250.0,False,HARD,7.0,True,Ferrari,0 days 01:36:15.917000,,4,6.0,False,,False,False,2024-05,Chinese Grand Prix,2024,5,2024-04-21,validation
0 days 01:40:45.785000,SAI,55,0 days 00:02:16.459000,25.0,2.0,,,0 days 00:00:27.708000,0 days 00:00:47.613000,0 days 00:01:01.138000,0 days 01:38:57.088000,0 days 01:39:44.701000,0 days 01:40:45.839000,247.0,177.0,201.0,289.0,False,HARD,8.0,True,Ferrari,0 days 01:38:29.326000,,4,5.0,False,,False,False,2024-05,Chinese Grand Prix,2024,5,2024-04-21,validation
0 days 01:43:19.653000,SAI,55,,26.0,2.0,,,0 days 00:00:33.524000,0 days 00:00:44.227000,0 days 00:01:16.113000,0 days 01:41:19.515000,0 days 01:42:03.594000,0 days 01:43:19.801000,238.0,224.0,255.0,109.0,False,HARD,9.0,True,Ferrari,0 days 01:40:45.785000,,41,5.0,False,,False,False,2024-05,Chinese Grand Prix,2024,5,2024-04-21,validation
0 days 01:45:11.888000,SAI,55,0 days 00:01:52.235000,27.0,2.0,,,0 days 00:00:26.898000,0 days 00:00:30.310000,0 days 00:00:55.027000,0 days 01:43:46.605000,0 days 01:44:16.915000,0 days 01:45:11.942000,274.0,266.0,204.0,313.0,False,HARD,10.0,True,Ferrari,0 days 01:43:19.653000,,124,6.0,False,,False,False,2024-05,Chinese Grand Prix,2024,5,2024-04-21,validation
0 days 01:47:41.942000,SAI,55,,28.0,2.0,,,0 days 00:00:33.704000,0 days 00:00:51.452000,0 days 00:01:04.881000,0 days 01:45:45.716000,0 days 01:46:37.213000,0 days 01:47:42.120000,113.0,224.0,188.0,228.0,False,HARD,11.0,True,Ferrari,0 days 01:45:11.888000,,4,6.0,False,,False,False,2024-05,Chinese Grand Prix,2024,5,2024-04-21,validation
0 days 01:50:07.868000,SAI,55,0 days 00:02:25.926000,29.0,2.0,,,0 days 00:00:39.665000,0 days 00:00:45.528000,0 days 00:01:00.733000,0 days 01:48:21.661000,0 days 01:49:07.189000,0 days 01:50:07.922000,248.0,244.0,199.0,287.0,False,HARD,12.0,True,Ferrari,0 days 01:47:41.942000,,4,6.0,False,,False,False,2024-05,Chinese Grand Prix,2024,5,2024-04-21,validation
0 days 01:52:29.744000,SAI,55,0 days 00:02:21.876000,30.0,2.0,,,0 days 00:00:35.663000,0 days 00:00:44.594000,0 days 00:01:01.619000,0 days 01:50:43.585000,0 days 01:51:28.179000,0 days 01:52:29.798000,227.0,224.0,168.0,273.0,False,HARD,13.0,True,Ferrari,0 days 01:50:07.868000,,4,6.0,False,,False,False,2024-05,Chinese Grand Prix,2024,5,2024-04-21,validation
0 days 01:54:54.396000,SAI,55,0 days 00:02:24.652000,31.0,2.0,,,0 days 00:00:33.053000,0 days 00:00:44.499000,0 days 00:01:07.100000,0 days 01:53:02.851000,0 days 01:53:47.350000,0 days 01:54:54.450000,224.0,181.0,256.0,128.0,False,HARD,14.0,True,Ferrari,0 days 01:52:29.744000,,41,6.0,False,,False,False,2024-05,Chinese Grand Prix,2024,5,2024-04-21,validation
0 days 01:56:34.797000,SAI,55,0 days 00:01:40.401000,32.0,2.0,,,0 days 00:00:26.813000,0 days 00:00:30.054000,0 days 00:00:43.534000,0 days 01:55:21.263000,0 days 01:55:51.317000,0 days 01:56:34.851000,276.0,267.0,256.0,311.0,False,HARD,15.0,True,Ferrari,0 days 01:54:54.396000,,1,6.0,False,,False,True,2024-05,Chinese Grand Prix,2024,5,2024-04-21,validation
0 days 01:58:14.845000,SAI,55,0 days 00:01:40.048000,33.0,2.0,,,0 days 00:00:26.579000,0 days 00:00:30.014000,0 days 00:00:43.455000,0 days 01:57:01.430000,0 days 01:57:31.444000,0 days 01:58:14.899000,277.0,269.0,257.0,314.0,False,HARD,16.0,True,Ferrari,0 days 01:56:34.797000,,1,6.0,False,,False,True,2024-05,Chinese Grand Prix,2024,5,2024-04-21,validation
0 days 01:59:55.261000,SAI,55,0 days 00:01:40.416000,34.0,2.0,,,0 days 00:00:26.856000,0 days 00:00:30.101000,0 days 00:00:43.459000,0 days 01:58:41.755000,0 days 01:59:11.856000,0 days 01:59:55.315000,276.0,268.0,256.0,312.0,False,HARD,17.0,True,Ferrari,0 days 01:58:14.845000,,1,6.0,False,,False,True,2024-05,Chinese Grand Prix,2024,5,2024-04-21,validation
0 days 02:01:35.572000,SAI,55,0 days 00:01:40.311000,35.0,2.0,,,0 days 00:00:26.839000,0 days 00:00:30.115000,0 days 00:00:43.357000,0 days 02:00:22.154000,0 days 02:00:52.269000,0 days 02:01:35.626000,275.0,268.0,256.0,312.0,False,HARD,18.0,True,Ferrari,0 days 01:59:55.261000,,1,6.0,False,,False,True,2024-05,Chinese Grand Prix,2024,5,2024-04-21,validation
0 days 02:03:16.187000,SAI,55,0 days 00:01:40.615000,36.0,2.0,,,0 days 00:00:26.863000,0 days 00:00:30.199000,0 days 00:00:43.553000,0 days 02:02:02.489000,0 days 02:02:32.688000,0 days 02:03:16.241000,274.0,266.0,256.0,310.0,False,HARD,19.0,True,Ferrari,0 days 02:01:35.572000,,1,6.0,False,,False,True,2024-05,Chinese Grand Prix,2024,5,2024-04-21,validation
0 days 02:04:56.913000,SAI,55,0 days 00:01:40.726000,37.0,2.0,,,0 days 00:00:26.883000,0 days 00:00:30.341000,0 days 00:00:43.502000,0 days 02:03:43.124000,0 days 02:04:13.465000,0 days 02:04:56.967000,276.0,266.0,257.0,309.0,False,HARD,20.0,True,Ferrari,0 days 02:03:16.187000,,1,6.0,False,,False,True,2024-05,Chinese Grand Prix,2024,5,2024-04-21,validation
0 days 02:06:37.516000,SAI,55,0 days 00:01:40.603000,38.0,2.0,,,0 days 00:00:26.920000,0 days 00:00:30.270000,0 days 00:00:43.413000,0 days 02:05:23.887000,0 days 02:05:54.157000,0 days 02:06:37.570000,276.0,267.0,257.0,310.0,False,HARD,21.0,True,Ferrari,0 days 02:04:56.913000,,1,6.0,False,,False,True,2024-05,Chinese Grand Prix,2024,5,2024-04-21,validation
0 days 02:08:18.013000,SAI,55,0 days 00:01:40.497000,39.0,2.0,,,0 days 00:00:26.878000,0 days 00:00:30.134000,0 days 00:00:43.485000,0 days 02:07:04.448000,0 days 02:07:34.582000,0 days 02:08:18.067000,275.0,268.0,257.0,310.0,False,HARD,22.0,True,Ferrari,0 days 02:06:37.516000,,1,6.0,False,,False,True,2024-05,Chinese Grand Prix,2024,5,2024-04-21,validation
0 days 02:09:58.888000,SAI,55,0 days 00:01:40.875000,40.0,2.0,,,0 days 00:00:26.942000,0 days 00:00:30.247000,0 days 00:00:43.686000,0 days 02:08:45.009000,0 days 02:09:15.256000,0 days 02:09:58.942000,274.0,267.0,257.0,309.0,False,HARD,23.0,True,Ferrari,0 days 02:08:18.013000,,1,6.0,False,,False,True,2024-05,Chinese Grand Prix,2024,5,2024-04-21,validation
0 days 02:11:39.187000,SAI,55,0 days 00:01:40.299000,41.0,2.0,,,0 days 00:00:26.722000,0 days 00:00:30.121000,0 days 00:00:43.456000,0 days 02:10:25.664000,0 days 02:10:55.785000,0 days 02:11:39.241000,275.0,268.0,258.0,309.0,False,HARD,24.0,True,Ferrari,0 days 02:09:58.888000,,1,6.0,False,,False,True,2024-05,Chinese Grand Prix,2024,5,2024-04-21,validation
0 days 02:13:19.943000,SAI,55,0 days 00:01:40.756000,42.0,2.0,,,0 days 00:00:26.846000,0 days 00:00:30.216000,0 days 00:00:43.694000,0 days 02:12:06.087000,0 days 02:12:36.303000,0 days 02:13:19.997000,275.0,266.0,258.0,308.0,False,HARD,25.0,True,Ferrari,0 days 02:11:39.187000,,1,6.0,False,,False,True,2024-05,Chinese Grand Prix,2024,5,2024-04-21,validation
0 days 02:15:00.288000,SAI,55,0 days 00:01:40.345000,43.0,2.0,,,0 days 00:00:26.766000,0 days 00:00:29.986000,0 days 00:00:43.593000,0 days 02:13:46.763000,0 days 02:14:16.749000,0 days 02:15:00.342000,275.0,267.0,258.0,308.0,False,HARD,26.0,True,Ferrari,0 days 02:13:19.943000,,1,5.0,False,,False,True,2024-05,Chinese Grand Prix,2024,5,2024-04-21,validation
0 days 02:16:40.397000,SAI,55,0 days 00:01:40.109000,44.0,2.0,,,0 days 00:00:26.644000,0 days 00:00:30.037000,0 days 00:00:43.428000,0 days 02:15:26.986000,0 days 02:15:57.023000,0 days 02:16:40.451000,274.0,268.0,257.0,307.0,False,HARD,27.0,True,Ferrari,0 days 02:15:00.288000,,1,5.0,False,,False,True,2024-05,Chinese Grand Prix,2024,5,2024-04-21,validation
0 days 02:18:20.617000,SAI,55,0 days 00:01:40.220000,45.0,2.0,,,0 days 00:00:26.740000,0 days 00:00:30.041000,0 days 00:00:43.439000,0 days 02:17:07.191000,0 days 02:17:37.232000,0 days 02:18:20.671000,274.0,266.0,258.0,308.0,False,HARD,28.0,True,Ferrari,0 days 02:16:40.397000,,1,5.0,False,,False,True,2024-05,Chinese Grand Prix,2024,5,2024-04-21,validation
0 days 02:20:00.844000,SAI,55,0 days 00:01:40.227000,46.0,2.0,,,0 days 00:00:26.838000,0 days 00:00:30.002000,0 days 00:00:43.387000,0 days 02:18:47.509000,0 days 02:19:17.511000,0 days 02:20:00.898000,275.0,267.0,258.0,308.0,False,HARD,29.0,True,Ferrari,0 days 02:18:20.617000,,1,5.0,False,,False,True,2024-05,Chinese Grand Prix,2024,5,2024-04-21,validation
0 days 02:21:41.446000,SAI,55,0 days 00:01:40.602000,47.0,2.0,,,0 days 00:00:26.859000,0 days 00:00:30.120000,0 days 00:00:43.623000,0 days 02:20:27.757000,0 days 02:20:57.877000,0 days 02:21:41.500000,274.0,267.0,257.0,307.0,False,HARD,30.0,True,Ferrari,0 days 02:20:00.844000,,1,5.0,False,,False,True,2024-05,Chinese Grand Prix,2024,5,2024-04-21,validation
0 days 02:23:21.917000,SAI,55,0 days 00:01:40.471000,48.0,2.0,,,0 days 00:00:26.880000,0 days 00:00:30.031000,0 days 00:00:43.560000,0 days 02:22:08.380000,0 days 02:22:38.411000,0 days 02:23:21.971000,275.0,267.0,258.0,307.0,False,HARD,31.0,True,Ferrari,0 days 02:21:41.446000,,1,5.0,False,,False,True,2024-05,Chinese Grand Prix,2024,5,2024-04-21,validation
0 days 02:25:02.026000,SAI,55,0 days 00:01:40.109000,49.0,2.0,,,0 days 00:00:26.705000,0 days 00:00:30.015000,0 days 00:00:43.389000,0 days 02:23:48.676000,0 days 02:24:18.691000,0 days 02:25:02.080000,276.0,268.0,259.0,306.0,False,HARD,32.0,True,Ferrari,0 days 02:23:21.917000,,1,5.0,False,,False,True,2024-05,Chinese Grand Prix,2024,5,2024-04-21,validation
0 days 02:26:42.378000,SAI,55,0 days 00:01:40.352000,50.0,2.0,,,0 days 00:00:26.727000,0 days 00:00:30.171000,0 days 00:00:43.454000,0 days 02:25:28.807000,0 days 02:25:58.978000,0 days 02:26:42.432000,274.0,267.0,258.0,307.0,False,HARD,33.0,True,Ferrari,0 days 02:25:02.026000,,1,5.0,False,,False,True,2024-05,Chinese Grand Prix,2024,5,2024-04-21,validation
0 days 02:28:22.617000,SAI,55,0 days 00:01:40.239000,51.0,2.0,,,0 days 00:00:26.745000,0 days 00:00:30.098000,0 days 00:00:43.396000,0 days 02:27:09.177000,0 days 02:27:39.275000,0 days 02:28:22.671000,275.0,267.0,258.0,307.0,False,HARD,34.0,True,Ferrari,0 days 02:26:42.378000,,1,5.0,False,,False,True,2024-05,Chinese Grand Prix,2024,5,2024-04-21,validation
0 days 02:30:03.030000,SAI,55,0 days 00:01:40.413000,52.0,2.0,,,0 days 00:00:26.766000,0 days 00:00:30.200000,0 days 00:00:43.447000,0 days 02:28:49.437000,0 days 02:29:19.637000,0 days 02:30:03.084000,276.0,267.0,258.0,308.0,False,HARD,35.0,True,Ferrari,0 days 02:28:22.617000,,1,5.0,False,,False,True,2024-05,Chinese Grand Prix,2024,5,2024-04-21,validation
0 days 02:31:43.591000,SAI,55,0 days 00:01:40.561000,53.0,2.0,,,0 days 00:00:26.819000,0 days 00:00:30.219000,0 days 00:00:43.523000,0 days 02:30:29.903000,0 days 02:31:00.122000,0 days 02:31:43.645000,274.0,266.0,258.0,308.0,False,HARD,36.0,True,Ferrari,0 days 02:30:03.030000,,1,5.0,False,,False,True,2024-05,Chinese Grand Prix,2024,5,2024-04-21,validation
0 days 02:33:23.872000,SAI,55,0 days 00:01:40.281000,54.0,2.0,,,0 days 00:00:26.594000,0 days 00:00:30.274000,0 days 00:00:43.413000,0 days 02:32:10.239000,0 days 02:32:40.513000,0 days 02:33:23.926000,276.0,269.0,259.0,310.0,False,HARD,37.0,True,Ferrari,0 days 02:31:43.591000,,1,5.0,False,,False,True,2024-05,Chinese Grand Prix,2024,5,2024-04-21,validation
0 days 02:35:04.583000,SAI,55,0 days 00:01:40.711000,55.0,2.0,,,0 days 00:00:26.895000,0 days 00:00:30.215000,0 days 00:00:43.601000,0 days 02:33:50.821000,0 days 02:34:21.036000,0 days 02:35:04.637000,276.0,268.0,258.0,308.0,False,HARD,38.0,True,Ferrari,0 days 02:33:23.872000,,1,5.0,False,,False,True,2024-05,Chinese Grand Prix,2024,5,2024-04-21,validation
0 days 02:36:44.993000,SAI,55,0 days 00:01:40.410000,56.0,2.0,,,0 days 00:00:26.876000,0 days 00:00:30.153000,0 days 00:00:43.381000,0 days 02:35:31.513000,0 days 02:36:01.666000,0 days 02:36:45.047000,276.0,269.0,259.0,307.0,False,HARD,39.0,True,Ferrari,0 days 02:35:04.583000,,1,5.0,False,,False,True,2024-05,Chinese Grand Prix,2024,5,2024-04-21,validation
0 days 00:57:04.181000,RUS,63,0 days 00:01:45.746000,1.0,1.0,,,,0 days 00:00:31.110000,0 days 00:00:44.318000,,0 days 00:56:19.936000,0 days 00:57:04.352000,278.0,272.0,254.0,315.0,False,MEDIUM,1.0,True,Mercedes,0 days 00:55:18.169000,,1,6.0,False,,False,False,2024-05,Chinese Grand Prix,2024,5,2024-04-21,validation
0 days 00:58:45.877000,RUS,63,0 days 00:01:41.696000,2.0,1.0,,,0 days 00:00:26.985000,0 days 00:00:30.791000,0 days 00:00:43.920000,0 days 00:57:31.184000,0 days 00:58:01.975000,0 days 00:58:45.895000,280.0,271.0,260.0,330.0,True,MEDIUM,2.0,True,Mercedes,0 days 00:57:04.181000,,1,6.0,False,,False,True,2024-05,Chinese Grand Prix,2024,5,2024-04-21,validation
0 days 01:00:27.648000,RUS,63,0 days 00:01:41.771000,3.0,1.0,,,0 days 00:00:26.895000,0 days 00:00:30.930000,0 days 00:00:43.946000,0 days 00:59:12.790000,0 days 00:59:43.720000,0 days 01:00:27.666000,269.0,270.0,259.0,331.0,False,MEDIUM,3.0,True,Mercedes,0 days 00:58:45.877000,,1,6.0,False,,False,True,2024-05,Chinese Grand Prix,2024,5,2024-04-21,validation
0 days 01:02:10.061000,RUS,63,0 days 00:01:42.413000,4.0,1.0,,,0 days 00:00:27.441000,0 days 00:00:30.963000,0 days 00:00:44.009000,0 days 01:00:55.107000,0 days 01:01:26.070000,0 days 01:02:10.079000,262.0,266.0,258.0,327.0,False,MEDIUM,4.0,True,Mercedes,0 days 01:00:27.648000,,1,6.0,False,,False,True,2024-05,Chinese Grand Prix,2024,5,2024-04-21,validation
0 days 01:03:52.246000,RUS,63,0 days 00:01:42.185000,5.0,1.0,,,0 days 00:00:27.178000,0 days 00:00:31.051000,0 days 00:00:43.956000,0 days 01:02:37.257000,0 days 01:03:08.308000,0 days 01:03:52.264000,273.0,267.0,257.0,328.0,False,MEDIUM,5.0,True,Mercedes,0 days 01:02:10.061000,,1,6.0,False,,False,True,2024-05,Chinese Grand Prix,2024,5,2024-04-21,validation
0 days 01:05:34.843000,RUS,63,0 days 00:01:42.597000,6.0,1.0,,,0 days 00:00:27.312000,0 days 00:00:31.169000,0 days 00:00:44.116000,0 days 01:04:19.576000,0 days 01:04:50.745000,0 days 01:05:34.861000,271.0,266.0,259.0,329.0,False,MEDIUM,6.0,True,Mercedes,0 days 01:03:52.246000,,1,6.0,False,,False,True,2024-05,Chinese Grand Prix,2024,5,2024-04-21,validation
0 days 01:07:17.432000,RUS,63,0 days 00:01:42.589000,7.0,1.0,,,0 days 00:00:27.340000,0 days 00:00:31.018000,0 days 00:00:44.231000,0 days 01:06:02.201000,0 days 01:06:33.219000,0 days 01:07:17.450000,275.0,267.0,258.0,328.0,False,MEDIUM,7.0,True,Mercedes,0 days 01:05:34.843000,,1,6.0,False,,False,True,2024-05,Chinese Grand Prix,2024,5,2024-04-21,validation
0 days 01:09:00.546000,RUS,63,0 days 00:01:43.114000,8.0,1.0,,,0 days 00:00:27.416000,0 days 00:00:31.223000,0 days 00:00:44.475000,0 days 01:07:44.866000,0 days 01:08:16.089000,0 days 01:09:00.564000,276.0,266.0,253.0,312.0,False,MEDIUM,8.0,True,Mercedes,0 days 01:07:17.432000,,1,6.0,False,,False,True,2024-05,Chinese Grand Prix,2024,5,2024-04-21,validation
0 days 01:10:44.531000,RUS,63,0 days 00:01:43.985000,9.0,1.0,,,0 days 00:00:27.976000,0 days 00:00:31.329000,0 days 00:00:44.680000,0 days 01:09:28.540000,0 days 01:09:59.869000,0 days 01:10:44.549000,274.0,266.0,253.0,312.0,False,MEDIUM,9.0,True,Mercedes,0 days 01:09:00.546000,,1,7.0,False,,False,True,2024-05,Chinese Grand Prix,2024,5,2024-04-21,validation
0 days 01:12:27.758000,RUS,63,0 days 00:01:43.227000,10.0,1.0,,,0 days 00:00:27.548000,0 days 00:00:31.380000,0 days 00:00:44.299000,0 days 01:11:12.097000,0 days 01:11:43.477000,0 days 01:12:27.776000,273.0,264.0,254.0,312.0,False,MEDIUM,10.0,True,Mercedes,0 days 01:10:44.531000,,1,7.0,False,,False,True,2024-05,Chinese Grand Prix,2024,5,2024-04-21,validation
0 days 01:14:15.774000,RUS,63,0 days 00:01:48.016000,11.0,1.0,,0 days 01:14:14.031000,0 days 00:00:27.595000,0 days 00:00:31.267000,0 days 00:00:49.154000,0 days 01:12:55.371000,0 days 01:13:26.638000,0 days 01:14:15.792000,273.0,265.0,,310.0,False,MEDIUM,11.0,True,Mercedes,0 days 01:12:27.758000,,1,8.0,False,,False,False,2024-05,Chinese Grand Prix,2024,5,2024-04-21,validation
0 days 01:16:13.777000,RUS,63,0 days 00:01:58.003000,12.0,2.0,0 days 01:14:36.493000,,0 days 00:00:44.862000,0 days 00:00:29.863000,0 days 00:00:43.278000,0 days 01:15:00.654000,0 days 01:15:30.517000,0 days 01:16:13.795000,275.0,263.0,256.0,312.0,False,MEDIUM,1.0,True,Mercedes,0 days 01:14:15.774000,,1,10.0,False,,False,False,2024-05,Chinese Grand Prix,2024,5,2024-04-21,validation
0 days 01:17:54.562000,RUS,63,0 days 00:01:40.785000,13.0,2.0,,,0 days 00:00:26.911000,0 days 00:00:30.220000,0 days 00:00:43.654000,0 days 01:16:40.706000,0 days 01:17:10.926000,0 days 01:17:54.580000,269.0,270.0,261.0,336.0,True,MEDIUM,2.0,True,Mercedes,0 days 01:16:13.777000,,1,9.0,False,,False,True,2024-05,Chinese Grand Prix,2024,5,2024-04-21,validation
0 days 01:19:36.316000,RUS,63,0 days 00:01:41.754000,14.0,2.0,,,0 days 00:00:27.036000,0 days 00:00:30.895000,0 days 00:00:43.823000,0 days 01:18:21.616000,0 days 01:18:52.511000,0 days 01:19:36.334000,268.0,269.0,254.0,314.0,False,MEDIUM,3.0,True,Mercedes,0 days 01:17:54.562000,,1,8.0,False,,False,True,2024-05,Chinese Grand Prix,2024,5,2024-04-21,validation
0 days 01:21:17.624000,RUS,63,0 days 00:01:41.308000,15.0,2.0,,,0 days 00:00:27.202000,0 days 00:00:30.459000,0 days 00:00:43.647000,0 days 01:20:03.536000,0 days 01:20:33.995000,0 days 01:21:17.642000,270.0,269.0,256.0,314.0,False,MEDIUM,4.0,True,Mercedes,0 days 01:19:36.316000,,1,8.0,False,,False,True,2024-05,Chinese Grand Prix,2024,5,2024-04-21,validation
0 days 01:22:59.024000,RUS,63,0 days 00:01:41.400000,16.0,2.0,,,0 days 00:00:27.034000,0 days 00:00:30.479000,0 days 00:00:43.887000,0 days 01:21:44.676000,0 days 01:22:15.155000,0 days 01:22:59.042000,272.0,268.0,256.0,312.0,False,MEDIUM,5.0,True,Mercedes,0 days 01:21:17.624000,,1,8.0,False,,False,True,2024-05,Chinese Grand Prix,2024,5,2024-04-21,validation
0 days 01:24:40.400000,RUS,63,0 days 00:01:41.376000,17.0,2.0,,,0 days 00:00:27.016000,0 days 00:00:30.516000,0 days 00:00:43.844000,0 days 01:23:26.058000,0 days 01:23:56.574000,0 days 01:24:40.418000,272.0,267.0,256.0,312.0,False,MEDIUM,6.0,True,Mercedes,0 days 01:22:59.024000,,1,7.0,False,,False,True,2024-05,Chinese Grand Prix,2024,5,2024-04-21,validation
0 days 01:26:21.891000,RUS,63,0 days 00:01:41.491000,18.0,2.0,,,0 days 00:00:27.005000,0 days 00:00:30.517000,0 days 00:00:43.969000,0 days 01:25:07.423000,0 days 01:25:37.940000,0 days 01:26:21.909000,272.0,267.0,257.0,312.0,False,MEDIUM,7.0,True,Mercedes,0 days 01:24:40.400000,,1,6.0,False,,False,True,2024-05,Chinese Grand Prix,2024,5,2024-04-21,validation
0 days 01:28:03.307000,RUS,63,0 days 00:01:41.416000,19.0,2.0,,,0 days 00:00:26.995000,0 days 00:00:30.419000,0 days 00:00:44.002000,0 days 01:26:48.904000,0 days 01:27:19.323000,0 days 01:28:03.325000,275.0,267.0,258.0,311.0,False,MEDIUM,8.0,True,Mercedes,0 days 01:26:21.891000,,1,6.0,False,,False,True,2024-05,Chinese Grand Prix,2024,5,2024-04-21,validation
0 days 01:29:45.374000,RUS,63,0 days 00:01:42.067000,20.0,2.0,,,0 days 00:00:27.247000,0 days 00:00:30.687000,0 days 00:00:44.133000,0 days 01:28:30.572000,0 days 01:29:01.259000,0 days 01:29:45.392000,273.0,266.0,258.0,310.0,False,MEDIUM,9.0,True,Mercedes,0 days 01:28:03.307000,,12,6.0,False,,False,True,2024-05,Chinese Grand Prix,2024,5,2024-04-21,validation
0 days 01:31:37.504000,RUS,63,0 days 00:01:52.130000,21.0,2.0,,,0 days 00:00:26.990000,0 days 00:00:30.734000,0 days 00:00:54.406000,0 days 01:30:12.382000,0 days 01:30:43.116000,0 days 01:31:37.522000,274.0,243.0,196.0,214.0,False,MEDIUM,10.0,True,Mercedes,0 days 01:29:45.374000,,26,6.0,False,,False,False,2024-05,Chinese Grand Prix,2024,5,2024-04-21,validation
0 days 01:33:50.937000,RUS,63,0 days 00:02:13.433000,22.0,2.0,,,0 days 00:00:34.980000,0 days 00:00:41.851000,0 days 00:00:56.602000,0 days 01:32:12.502000,0 days 01:32:54.353000,0 days 01:33:50.955000,247.0,174.0,182.0,225.0,False,MEDIUM,11.0,True,Mercedes,0 days 01:31:37.504000,,6,6.0,False,,False,False,2024-05,Chinese Grand Prix,2024,5,2024-04-21,validation
0 days 01:36:09.011000,RUS,63,0 days 00:02:18.074000,23.0,2.0,,0 days 01:36:07.336000,0 days 00:00:35.529000,0 days 00:00:40.902000,0 days 00:01:01.643000,0 days 01:34:26.484000,0 days 01:35:07.386000,0 days 01:36:09.029000,207.0,186.0,,243.0,False,MEDIUM,12.0,True,Mercedes,0 days 01:33:50.937000,,64,7.0,False,,False,False,2024-05,Chinese Grand Prix,2024,5,2024-04-21,validation
0 days 01:38:37.883000,RUS,63,0 days 00:02:28.872000,24.0,3.0,0 days 01:36:29.986000,,0 days 00:00:52.768000,0 days 00:00:40.554000,0 days 00:00:55.550000,0 days 01:37:01.797000,0 days 01:37:42.351000,0 days 01:38:37.901000,170.0,213.0,252.0,109.0,False,HARD,1.0,True,Mercedes,0 days 01:36:09.011000,,4,8.0,False,,False,False,2024-05,Chinese Grand Prix,2024,5,2024-04-21,validation
0 days 01:40:49.239000,RUS,63,0 days 00:02:11.356000,25.0,3.0,,,0 days 00:00:30.327000,0 days 00:00:40.429000,0 days 00:01:00.600000,0 days 01:39:08.228000,0 days 01:39:48.657000,0 days 01:40:49.257000,257.0,231.0,181.0,252.0,False,HARD,2.0,True,Mercedes,0 days 01:38:37.883000,,4,7.0,False,,False,False,2024-05,Chinese Grand Prix,2024,5,2024-04-21,validation
0 days 01:43:21.197000,RUS,63,,26.0,3.0,,,0 days 00:00:33.125000,0 days 00:00:43.940000,0 days 00:01:14.878000,0 days 01:41:22.486000,0 days 01:42:06.444000,0 days 01:43:21.352000,258.0,220.0,255.0,105.0,False,HARD,3.0,True,Mercedes,0 days 01:40:49.239000,,41,7.0,False,,False,False,2024-05,Chinese Grand Prix,2024,5,2024-04-21,validation
0 days 01:45:14.574000,RUS,63,0 days 00:01:53.377000,27.0,3.0,,,0 days 00:00:26.882000,0 days 00:00:30.016000,0 days 00:00:56.479000,0 days 01:43:48.097000,0 days 01:44:18.113000,0 days 01:45:14.592000,278.0,272.0,235.0,313.0,False,HARD,4.0,True,Mercedes,0 days 01:43:21.197000,,124,7.0,False,,False,False,2024-05,Chinese Grand Prix,2024,5,2024-04-21,validation
0 days 01:47:43.808000,RUS,63,0 days 00:02:29.234000,28.0,3.0,,,0 days 00:00:33.270000,0 days 00:00:50.802000,0 days 00:01:05.162000,0 days 01:45:47.862000,0 days 01:46:38.664000,0 days 01:47:43.826000,137.0,237.0,179.0,214.0,False,HARD,5.0,True,Mercedes,0 days 01:45:14.574000,,4,7.0,False,,False,False,2024-05,Chinese Grand Prix,2024,5,2024-04-21,validation
0 days 01:50:09.033000,RUS,63,0 days 00:02:25.225000,29.0,3.0,,,0 days 00:00:39.351000,0 days 00:00:46.214000,0 days 00:00:59.660000,0 days 01:48:23.177000,0 days 01:49:09.391000,0 days 01:50:09.051000,244.0,228.0,192.0,283.0,False,HARD,6.0,True,Mercedes,0 days 01:47:43.808000,,4,7.0,False,,False,False,2024-05,Chinese Grand Prix,2024,5,2024-04-21,validation
0 days 01:52:30.688000,RUS,63,0 days 00:02:21.655000,30.0,3.0,,,0 days 00:00:36.089000,0 days 00:00:44.314000,0 days 00:01:01.252000,0 days 01:50:45.140000,0 days 01:51:29.454000,0 days 01:52:30.706000,233.0,228.0,148.0,275.0,False,HARD,7.0,True,Mercedes,0 days 01:50:09.033000,,4,7.0,False,,False,False,2024-05,Chinese Grand Prix,2024,5,2024-04-21,validation
0 days 01:54:54.941000,RUS,63,0 days 00:02:24.253000,31.0,3.0,,,0 days 00:00:33.249000,0 days 00:00:44.397000,0 days 00:01:06.607000,0 days 01:53:03.955000,0 days 01:53:48.352000,0 days 01:54:54.959000,242.0,203.0,259.0,128.0,False,HARD,8.0,True,Mercedes,0 days 01:52:30.688000,,41,7.0,False,,False,False,2024-05,Chinese Grand Prix,2024,5,2024-04-21,validation
0 days 01:56:35.631000,RUS,63,0 days 00:01:40.690000,32.0,3.0,,,0 days 00:00:26.911000,0 days 00:00:30.215000,0 days 00:00:43.564000,0 days 01:55:21.870000,0 days 01:55:52.085000,0 days 01:56:35.649000,278.0,271.0,259.0,313.0,True,HARD,9.0,True,Mercedes,0 days 01:54:54.941000,,1,7.0,False,,False,True,2024-05,Chinese Grand Prix,2024,5,2024-04-21,validation
0 days 01:58:16.107000,RUS,63,0 days 00:01:40.476000,33.0,3.0,,,0 days 00:00:26.712000,0 days 00:00:30.099000,0 days 00:00:43.665000,0 days 01:57:02.361000,0 days 01:57:32.460000,0 days 01:58:16.125000,274.0,269.0,260.0,313.0,True,HARD,10.0,True,Mercedes,0 days 01:56:35.631000,,1,7.0,False,,False,True,2024-05,Chinese Grand Prix,2024,5,2024-04-21,validation
0 days 01:59:56.574000,RUS,63,0 days 00:01:40.467000,34.0,3.0,,,0 days 00:00:26.774000,0 days 00:00:30.103000,0 days 00:00:43.590000,0 days 01:58:42.899000,0 days 01:59:13.002000,0 days 01:59:56.592000,273.0,269.0,259.0,312.0,True,HARD,11.0,True,Mercedes,0 days 01:58:16.107000,,1,7.0,False,,False,True,2024-05,Chinese Grand Prix,2024,5,2024-04-21,validation
0 days 02:01:37.067000,RUS,63,0 days 00:01:40.493000,35.0,3.0,,,0 days 00:00:26.993000,0 days 00:00:30.065000,0 days 00:00:43.435000,0 days 02:00:23.585000,0 days 02:00:53.650000,0 days 02:01:37.085000,274.0,270.0,258.0,312.0,False,HARD,12.0,True,Mercedes,0 days 01:59:56.574000,,1,7.0,False,,False,True,2024-05,Chinese Grand Prix,2024,5,2024-04-21,validation
0 days 02:03:17.563000,RUS,63,0 days 00:01:40.496000,36.0,3.0,,,0 days 00:00:26.798000,0 days 00:00:30.249000,0 days 00:00:43.449000,0 days 02:02:03.883000,0 days 02:02:34.132000,0 days 02:03:17.581000,275.0,269.0,260.0,312.0,False,HARD,13.0,True,Mercedes,0 days 02:01:37.067000,,1,7.0,False,,False,True,2024-05,Chinese Grand Prix,2024,5,2024-04-21,validation
0 days 02:04:58.250000,RUS,63,0 days 00:01:40.687000,37.0,3.0,,,0 days 00:00:26.898000,0 days 00:00:30.229000,0 days 00:00:43.560000,0 days 02:03:44.479000,0 days 02:04:14.708000,0 days 02:04:58.268000,273.0,269.0,260.0,310.0,False,HARD,14.0,True,Mercedes,0 days 02:03:17.563000,,1,7.0,False,,False,True,2024-05,Chinese Grand Prix,2024,5,2024-04-21,validation
0 days 02:06:38.701000,RUS,63,0 days 00:01:40.451000,38.0,3.0,,,0 days 00:00:26.874000,0 days 00:00:30.036000,0 days 00:00:43.541000,0 days 02:05:25.142000,0 days 02:05:55.178000,0 days 02:06:38.719000,275.0,270.0,259.0,313.0,True,HARD,15.0,True,Mercedes,0 days 02:04:58.250000,,1,7.0,False,,False,True,2024-05,Chinese Grand Prix,2024,5,2024-04-21,validation
0 days 02:08:18.813000,RUS,63,0 days 00:01:40.112000,39.0,3.0,,,0 days 00:00:26.699000,0 days 00:00:29.964000,0 days 00:00:43.449000,0 days 02:07:05.418000,0 days 02:07:35.382000,0 days 02:08:18.831000,275.0,272.0,265.0,330.0,True,HARD,16.0,True,Mercedes,0 days 02:06:38.701000,,1,7.0,False,,False,True,2024-05,Chinese Grand Prix,2024,5,2024-04-21,validation
0 days 02:09:59.593000,RUS,63,0 days 00:01:40.780000,40.0,3.0,,,0 days 00:00:26.764000,0 days 00:00:30.319000,0 days 00:00:43.697000,0 days 02:08:45.595000,0 days 02:09:15.914000,0 days 02:09:59.611000,277.0,271.0,264.0,330.0,False,HARD,17.0,True,Mercedes,0 days 02:08:18.813000,,1,7.0,False,,False,True,2024-05,Chinese Grand Prix,2024,5,2024-04-21,validation
0 days 02:11:40.617000,RUS,63,0 days 00:01:41.024000,41.0,3.0,,,0 days 00:00:26.851000,0 days 00:00:30.398000,0 days 00:00:43.775000,0 days 02:10:26.462000,0 days 02:10:56.860000,0 days 02:11:40.635000,274.0,271.0,260.0,311.0,False,HARD,18.0,True,Mercedes,0 days 02:09:59.593000,,1,7.0,False,,False,True,2024-05,Chinese Grand Prix,2024,5,2024-04-21,validation
0 days 02:13:21.389000,RUS,63,0 days 00:01:40.772000,42.0,3.0,,,0 days 00:00:26.790000,0 days 00:00:30.347000,0 days 00:00:43.635000,0 days 02:12:07.425000,0 days 02:12:37.772000,0 days 02:13:21.407000,274.0,270.0,261.0,310.0,False,HARD,19.0,True,Mercedes,0 days 02:11:40.617000,,1,7.0,False,,False,True,2024-05,Chinese Grand Prix,2024,5,2024-04-21,validation
0 days 02:15:02.070000,RUS,63,0 days 00:01:40.681000,43.0,3.0,,,0 days 00:00:26.757000,0 days 00:00:30.125000,0 days 00:00:43.799000,0 days 02:13:48.164000,0 days 02:14:18.289000,0 days 02:15:02.088000,272.0,270.0,259.0,310.0,False,HARD,20.0,True,Mercedes,0 days 02:13:21.389000,,1,6.0,False,,False,True,2024-05,Chinese Grand Prix,2024,5,2024-04-21,validation
0 days 02:16:42.450000,RUS,63,0 days 00:01:40.380000,44.0,3.0,,,0 days 00:00:26.791000,0 days 00:00:29.985000,0 days 00:00:43.604000,0 days 02:15:28.879000,0 days 02:15:58.864000,0 days 02:16:42.468000,273.0,269.0,260.0,310.0,False,HARD,21.0,True,Mercedes,0 days 02:15:02.070000,,1,6.0,False,,False,True,2024-05,Chinese Grand Prix,2024,5,2024-04-21,validation
0 days 02:18:23.069000,RUS,63,0 days 00:01:40.619000,45.0,3.0,,,0 days 00:00:26.971000,0 days 00:00:30.124000,0 days 00:00:43.524000,0 days 02:17:09.439000,0 days 02:17:39.563000,0 days 02:18:23.087000,274.0,269.0,261.0,311.0,False,HARD,22.0,True,Mercedes,0 days 02:16:42.450000,,1,6.0,False,,False,True,2024-05,Chinese Grand Prix,2024,5,2024-04-21,validation
0 days 02:20:03.449000,RUS,63,0 days 00:01:40.380000,46.0,3.0,,,0 days 00:00:26.794000,0 days 00:00:30.120000,0 days 00:00:43.466000,0 days 02:18:49.881000,0 days 02:19:20.001000,0 days 02:20:03.467000,273.0,271.0,261.0,309.0,False,HARD,23.0,True,Mercedes,0 days 02:18:23.069000,,1,6.0,False,,False,True,2024-05,Chinese Grand Prix,2024,5,2024-04-21,validation
0 days 02:21:43.853000,RUS,63,0 days 00:01:40.404000,47.0,3.0,,,0 days 00:00:26.775000,0 days 00:00:30.228000,0 days 00:00:43.401000,0 days 02:20:30.242000,0 days 02:21:00.470000,0 days 02:21:43.871000,275.0,271.0,261.0,310.0,False,HARD,24.0,True,Mercedes,0 days 02:20:03.449000,,1,6.0,False,,False,True,2024-05,Chinese Grand Prix,2024,5,2024-04-21,validation
0 days 02:23:24.247000,RUS,63,0 days 00:01:40.394000,48.0,3.0,,,0 days 00:00:26.879000,0 days 00:00:30.089000,0 days 00:00:43.426000,0 days 02:22:10.750000,0 days 02:22:40.839000,0 days 02:23:24.265000,273.0,271.0,262.0,310.0,False,HARD,25.0,True,Mercedes,0 days 02:21:43.853000,,1,6.0,False,,False,True,2024-05,Chinese Grand Prix,2024,5,2024-04-21,validation
0 days 02:25:04.465000,RUS,63,0 days 00:01:40.218000,49.0,3.0,,,0 days 00:00:26.711000,0 days 00:00:30.072000,0 days 00:00:43.435000,0 days 02:23:50.976000,0 days 02:24:21.048000,0 days 02:25:04.483000,274.0,270.0,261.0,309.0,False,HARD,26.0,True,Mercedes,0 days 02:23:24.247000,,1,6.0,False,,False,True,2024-05,Chinese Grand Prix,2024,5,2024-04-21,validation
0 days 02:26:44.931000,RUS,63,0 days 00:01:40.466000,50.0,3.0,,,0 days 00:00:26.714000,0 days 00:00:30.205000,0 days 00:00:43.547000,0 days 02:25:31.197000,0 days 02:26:01.402000,0 days 02:26:44.949000,274.0,270.0,261.0,310.0,False,HARD,27.0,True,Mercedes,0 days 02:25:04.465000,,1,6.0,False,,False,True,2024-05,Chinese Grand Prix,2024,5,2024-04-21,validation
0 days 02:28:25.265000,RUS,63,0 days 00:01:40.334000,51.0,3.0,,,0 days 00:00:26.764000,0 days 00:00:30.193000,0 days 00:00:43.377000,0 days 02:27:11.713000,0 days 02:27:41.906000,0 days 02:28:25.283000,274.0,270.0,262.0,309.0,False,HARD,28.0,True,Mercedes,0 days 02:26:44.931000,,1,6.0,False,,False,True,2024-05,Chinese Grand Prix,2024,5,2024-04-21,validation
0 days 02:30:05.996000,RUS,63,0 days 00:01:40.731000,52.0,3.0,,,0 days 00:00:26.750000,0 days 00:00:30.218000,0 days 00:00:43.763000,0 days 02:28:52.033000,0 days 02:29:22.251000,0 days 02:30:06.014000,276.0,271.0,260.0,310.0,False,HARD,29.0,True,Mercedes,0 days 02:28:25.265000,,1,6.0,False,,False,True,2024-05,Chinese Grand Prix,2024,5,2024-04-21,validation
0 days 02:31:46.666000,RUS,63,0 days 00:01:40.670000,53.0,3.0,,,0 days 00:00:26.934000,0 days 00:00:30.149000,0 days 00:00:43.587000,0 days 02:30:32.948000,0 days 02:31:03.097000,0 days 02:31:46.684000,276.0,271.0,261.0,311.0,False,HARD,30.0,True,Mercedes,0 days 02:30:05.996000,,1,6.0,False,,False,True,2024-05,Chinese Grand Prix,2024,5,2024-04-21,validation
0 days 02:33:27.506000,RUS,63,0 days 00:01:40.840000,54.0,3.0,,,0 days 00:00:26.899000,0 days 00:00:30.295000,0 days 00:00:43.646000,0 days 02:32:13.583000,0 days 02:32:43.878000,0 days 02:33:27.524000,275.0,272.0,260.0,312.0,False,HARD,31.0,True,Mercedes,0 days 02:31:46.666000,,1,6.0,False,,False,True,2024-05,Chinese Grand Prix,2024,5,2024-04-21,validation
0 days 02:35:08.935000,RUS,63,0 days 00:01:41.429000,55.0,3.0,,,0 days 00:00:26.942000,0 days 00:00:30.684000,0 days 00:00:43.803000,0 days 02:33:54.466000,0 days 02:34:25.150000,0 days 02:35:08.953000,277.0,271.0,261.0,309.0,False,HARD,32.0,True,Mercedes,0 days 02:33:27.506000,,1,6.0,False,,False,True,2024-05,Chinese Grand Prix,2024,5,2024-04-21,validation
0 days 02:36:49.728000,RUS,63,0 days 00:01:40.793000,56.0,3.0,,,0 days 00:00:26.795000,0 days 00:00:30.331000,0 days 00:00:43.667000,0 days 02:35:35.748000,0 days 02:36:06.079000,0 days 02:36:49.746000,272.0,272.0,261.0,309.0,False,HARD,33.0,True,Mercedes,0 days 02:35:08.935000,,1,6.0,False,,False,True,2024-05,Chinese Grand Prix,2024,5,2024-04-21,validation
