Time,Driver,DriverNumber,LapTime,LapNumber,Stint,PitOutTime,PitInTime,Sector1Time,Sector2Time,Sector3Time,Sector1SessionTime,Sector2SessionTime,Sector3SessionTime,SpeedI1,SpeedI2,SpeedFL,SpeedST,IsPersonalBest,Compound,TyreLife,FreshTyre,Team,LapStartTime,LapStartDate,TrackStatus,Position,Deleted,DeletedReason,FastF1Generated,IsAccurate,EventKey,EventName,Year,RoundNumber,EventDate,Role
0 days 00:56:59.731000,VER,1,0 days 00:01:22.881000,1.0,1.0,,,,0 days 00:00:27.949000,0 days 00:00:27,,0 days 00:56:32.802000,0 days 00:56:59.922000,215.0,250.0,277.0,280.0,False,MEDIUM,1.0,True,Red Bull Racing,0 days 00:55:36.608000,,1,1.0,False,,False,False,2024-07,Emilia Romagna Grand Prix,2024,7,2024-05-19,test
0 days 00:58:20.327000,VER,1,0 days 00:01:20.596000,2.0,1.0,,,0 days 00:00:25.604000,0 days 00:00:27.925000,0 days 00:00:27.067000,0 days 00:57:25.376000,0 days 00:57:53.301000,0 days 00:58:20.368000,218.0,251.0,276.0,281.0,True,MEDIUM,2.0,True,Red Bull Racing,0 days 00:56:59.731000,,1,1.0,False,,False,True,2024-07,Emilia Romagna Grand Prix,2024,7,2024-05-19,test
0 days 00:59:41.199000,VER,1,0 days 00:01:20.872000,3.0,1.0,,,0 days 00:00:25.743000,0 days 00:00:28.104000,0 days 00:00:27.025000,0 days 00:58:46.111000,0 days 00:59:14.215000,0 days 00:59:41.240000,216.0,250.0,276.0,281.0,False,MEDIUM,3.0,True,Red Bull Racing,0 days 00:58:20.327000,,1,1.0,False,,False,True,2024-07,Emilia Romagna Grand Prix,2024,7,2024-05-19,test
0 days 01:01:01.870000,VER,1,0 days 00:01:20.671000,4.0,1.0,,,0 days 00:00:25.651000,0 days 00:00:27.991000,0 days 00:00:27.029000,0 days 01:00:06.891000,0 days 01:00:34.882000,0 days 01:01:01.911000,215.0,251.0,276.0,281.0,False,MEDIUM,4.0,True,Red Bull Racing,0 days 00:59:41.199000,,1,1.0,False,,False,True,2024-07,Emilia Romagna Grand Prix,2024,7,2024-05-19,test
0 days 01:02:22.604000,VER,1,0 days 00:01:20.734000,5.0,1.0,,,0 days 00:00:25.602000,0 days 00:00:28.041000,0 days 00:00:27.091000,0 days 01:01:27.513000,0 days 01:01:55.554000,0 days 01:02:22.645000,215.0,251.0,276.0,282.0,False,MEDIUM,5.0,True,Red Bull Racing,0 days 01:01:01.870000,,1,1.0,False,,False,True,2024-07,Emilia Romagna Grand Prix,2024,7,2024-05-19,test
0 days 01:03:43.472000,VER,1,0 days 00:01:20.868000,6.0,1.0,,,0 days 00:00:25.697000,0 days 00:00:28.085000,0 days 00:00:27.086000,0 days 01:02:48.342000,0 days 01:03:16.427000,0 days 01:03:43.513000,212.0,252.0,276.0,284.0,False,MEDIUM,6.0,True,Red Bull Racing,0 days 01:02:22.604000,,1,1.0,False,,False,True,2024-07,Emilia Romagna Grand Prix,2024,7,2024-05-19,test
0 days 01:05:04.340000,VER,1,0 days 00:01:20.868000,7.0,1.0,,,0 days 00:00:25.734000,0 days 00:00:28.186000,0 days 00:00:26.948000,0 days 01:04:09.247000,0 days 01:04:37.433000,0 days 01:05:04.381000,214.0,250.0,276.0,284.0,False,MEDIUM,7.0,True,Red Bull Racing,0 days 01:03:43.472000,,1,1.0,False,,False,True,2024-07,Emilia Romagna Grand Prix,2024,7,2024-05-19,test
0 days 01:06:25.102000,VER,1,0 days 00:01:20.762000,8.0,1.0,,,0 days 00:00:25.710000,0 days 00:00:28.135000,0 days 00:00:26.917000,0 days 01:05:30.091000,0 days 01:05:58.226000,0 days 01:06:25.143000,215.0,252.0,276.0,286.0,False,MEDIUM,8.0,True,Red Bull Racing,0 days 01:05:04.340000,,1,1.0,False,,False,True,2024-07,Emilia Romagna Grand Prix,2024,7,2024-05-19,test
0 days 01:07:45.645000,VER,1,0 days 00:01:20.543000,9.0,1.0,,,0 days 00:00:25.629000,0 days 00:00:27.978000,0 days 00:00:26.936000,0 days 01:06:50.772000,0 days 01:07:18.750000,0 days 01:07:45.686000,219.0,255.0,277.0,287.0,True,MEDIUM,9.0,True,Red Bull Racing,0 days 01:06:25.102000,,1,1.0,False,,False,True,2024-07,Emilia Romagna Grand Prix,2024,7,2024-05-19,test
0 days 01:09:06.738000,VER,1,0 days 00:01:21.093000,10.0,1.0,,,0 days 00:00:25.633000,0 days 00:00:28.203000,0 days 00:00:27.257000,0 days 01:08:11.319000,0 days 01:08:39.522000,0 days 01:09:06.779000,218.0,251.0,276.0,283.0,False,MEDIUM,10.0,True,Red Bull Racing,0 days 01:07:45.645000,,1,1.0,False,,False,True,2024-07,Emilia Romagna Grand Prix,2024,7,2024-05-19,test
0 days 01:10:27.623000,VER,1,0 days 00:01:20.885000,11.0,1.0,,,0 days 00:00:25.704000,0 days 00:00:28.030000,0 days 00:00:27.151000,0 days 01:09:32.483000,0 days 01:10:00.513000,0 days 01:10:27.664000,218.0,255.0,277.0,289.0,False,MEDIUM,11.0,True,Red Bull Racing,0 days 01:09:06.738000,,1,1.0,True,TRACK LIMITS AT TURN 17 LAP 11 ,False,True,2024-07,Emilia Romagna Grand Prix,2024,7,2024-05-19,test
0 days 01:11:48.910000,VER,1,0 days 00:01:21.287000,12.0,1.0,,,0 days 00:00:25.804000,0 days 00:00:28.255000,0 days 00:00:27.228000,0 days 01:10:53.468000,0 days 01:11:21.723000,0 days 01:11:48.951000,216.0,251.0,276.0,287.0,False,MEDIUM,12.0,True,Red Bull Racing,0 days 01:10:27.623000,,1,1.0,False,,False,True,2024-07,Emilia Romagna Grand Prix,2024,7,2024-05-19,test
0 days 01:13:09.983000,VER,1,0 days 00:01:21.073000,13.0,1.0,,,0 days 00:00:25.696000,0 days 00:00:28.234000,0 days 00:00:27.143000,0 days 01:12:14.647000,0 days 01:12:42.881000,0 days 01:13:10.024000,218.0,252.0,277.0,289.0,False,MEDIUM,13.0,True,Red Bull Racing,0 days 01:11:48.910000,,1,1.0,False,,False,True,2024-07,Emilia Romagna Grand Prix,2024,7,2024-05-19,test
0 days 01:14:30.965000,VER,1,0 days 00:01:20.982000,14.0,1.0,,,0 days 00:00:25.581000,0 days 00:00:28.272000,0 days 00:00:27.129000,0 days 01:13:35.605000,0 days 01:14:03.877000,0 days 01:14:31.006000,217.0,253.0,277.0,288.0,False,MEDIUM,14.0,True,Red Bull Racing,0 days 01:13:09.983000,,1,1.0,False,,False,True,2024-07,Emilia Romagna Grand Prix,2024,7,2024-05-19,test
0 days 01:15:52.288000,VER,1,0 days 00:01:21.323000,15.0,1.0,,,0 days 00:00:25.748000,0 days 00:00:28.272000,0 days 00:00:27.303000,0 days 01:14:56.754000,0 days 01:15:25.026000,0 days 01:15:52.329000,214.0,255.0,278.0,285.0,False,MEDIUM,15.0,True,Red Bull Racing,0 days 01:14:30.965000,,1,1.0,True,TRACK LIMITS AT TURN 18 LAP 15 ,False,True,2024-07,Emilia Romagna Grand Prix,2024,7,2024-05-19,test
0 days 01:17:13.650000,VER,1,0 days 00:01:21.362000,16.0,1.0,,,0 days 00:00:25.738000,0 days 00:00:28.326000,0 days 00:00:27.298000,0 days 01:16:18.067000,0 days 01:16:46.393000,0 days 01:17:13.691000,217.0,254.0,278.0,287.0,False,MEDIUM,16.0,True,Red Bull Racing,0 days 01:15:52.288000,,1,1.0,False,,False,True,2024-07,Emilia Romagna Grand Prix,2024,7,2024-05-19,test
0 days 01:18:34.978000,VER,1,0 days 00:01:21.328000,17.0,1.0,,,0 days 00:00:25.732000,0 days 00:00:28.315000,0 days 00:00:27.281000,0 days 01:17:39.423000,0 days 01:18:07.738000,0 days 01:18:35.019000,216.0,253.0,277.0,288.0,False,MEDIUM,17.0,True,Red Bull Racing,0 days 01:17:13.650000,,1,1.0,False,,False,True,2024-07,Emilia Romagna Grand Prix,2024,7,2024-05-19,test
0 days 01:19:56.389000,VER,1,0 days 00:01:21.411000,18.0,1.0,,,0 days 00:00:25.765000,0 days 00:00:28.307000,0 days 00:00:27.339000,0 days 01:19:00.784000,0 days 01:19:29.091000,0 days 01:19:56.430000,213.0,254.0,278.0,290.0,False,MEDIUM,18.0,True,Red Bull Racing,0 days 01:18:34.978000,,1,1.0,False,,False,True,2024-07,Emilia Romagna Grand Prix,2024,7,2024-05-19,test
0 days 01:21:17.906000,VER,1,0 days 00:01:21.517000,19.0,1.0,,,0 days 00:00:25.826000,0 days 00:00:28.376000,0 days 00:00:27.315000,0 days 01:20:22.256000,0 days 01:20:50.632000,0 days 01:21:17.947000,213.0,252.0,277.0,288.0,False,MEDIUM,19.0,True,Red Bull Racing,0 days 01:19:56.389000,,1,1.0,False,,False,True,2024-07,Emilia Romagna Grand Prix,2024,7,2024-05-19,test
0 days 01:22:39.456000,VER,1,0 days 00:01:21.550000,20.0,1.0,,,0 days 00:00:25.731000,0 days 00:00:28.433000,0 days 00:00:27.386000,0 days 01:21:43.678000,0 days 01:22:12.111000,0 days 01:22:39.497000,216.0,253.0,277.0,290.0,False,MEDIUM,20.0,True,Red Bull Racing,0 days 01:21:17.906000,,1,1.0,True,TRACK LIMITS AT TURN 6 LAP 20 ,False,True,2024-07,Emilia Romagna Grand Prix,2024,7,2024-05-19,test
0 days 01:24:01.064000,VER,1,0 days 00:01:21.608000,21.0,1.0,,,0 days 00:00:25.888000,0 days 00:00:28.323000,0 days 00:00:27.397000,0 days 01:23:05.385000,0 days 01:23:33.708000,0 days 01:24:01.105000,214.0,253.0,279.0,289.0,False,MEDIUM,21.0,True,Red Bull Racing,0 days 01:22:39.456000,,1,1.0,False,,False,True,2024-07,Emilia Romagna Grand Prix,2024,7,2024-05-19,test
0 days 01:25:22.827000,VER,1,0 days 00:01:21.763000,22.0,1.0,,,0 days 00:00:25.802000,0 days 00:00:28.448000,0 days 00:00:27.513000,0 days 01:24:26.907000,0 days 01:24:55.355000,0 days 01:25:22.868000,214.0,254.0,278.0,294.0,False,MEDIUM,22.0,True,Red Bull Racing,0 days 01:24:01.064000,,1,1.0,False,,False,True,2024-07,Emilia Romagna Grand Prix,2024,7,2024-05-19,test
0 days 01:26:44.815000,VER,1,0 days 00:01:21.988000,23.0,1.0,,,0 days 00:00:25.778000,0 days 00:00:28.626000,0 days 00:00:27.584000,0 days 01:25:48.646000,0 days 01:26:17.272000,0 days 01:26:44.856000,214.0,255.0,278.0,287.0,False,MEDIUM,23.0,True,Red Bull Racing,0 days 01:25:22.827000,,1,1.0,False,,False,True,2024-07,Emilia Romagna Grand Prix,2024,7,2024-05-19,test
0 days 01:28:11.027000,VER,1,0 days 00:01:26.212000,24.0,1.0,,0 days 01:28:06.696000,0 days 00:00:25.862000,0 days 00:00:28.604000,0 days 00:00:31.746000,0 days 01:27:10.718000,0 days 01:27:39.322000,0 days 01:28:11.068000,215.0,255.0,,293.0,False,MEDIUM,24.0,True,Red Bull Racing,0 days 01:26:44.815000,,1,1.0,False,,False,False,2024-07,Emilia Romagna Grand Prix,2024,7,2024-05-19,test
0 days 01:29:54.629000,VER,1,0 days 00:01:43.602000,25.0,2.0,0 days 01:28:36.985000,,0 days 00:00:48.939000,0 days 00:00:27.886000,0 days 00:00:26.777000,0 days 01:29:00.007000,0 days 01:29:27.893000,0 days 01:29:54.670000,219.0,255.0,280.0,287.0,False,HARD,1.0,True,Red Bull Racing,0 days 01:28:11.027000,,1,4.0,False,,False,False,2024-07,Emilia Romagna Grand Prix,2024,7,2024-05-19,test
0 days 01:31:15.111000,VER,1,0 days 00:01:20.482000,26.0,2.0,,,0 days 00:00:25.444000,0 days 00:00:28.057000,0 days 00:00:26.981000,0 days 01:30:20.114000,0 days 01:30:48.171000,0 days 01:31:15.152000,218.0,255.0,280.0,288.0,True,HARD,2.0,True,Red Bull Racing,0 days 01:29:54.629000,,1,3.0,False,,False,True,2024-07,Emilia Romagna Grand Prix,2024,7,2024-05-19,test
0 days 01:32:36.054000,VER,1,0 days 00:01:20.943000,27.0,2.0,,,0 days 00:00:25.567000,0 days 00:00:28.163000,0 days 00:00:27.213000,0 days 01:31:40.719000,0 days 01:32:08.882000,0 days 01:32:36.095000,217.0,254.0,279.0,288.0,False,HARD,3.0,True,Red Bull Racing,0 days 01:31:15.111000,,1,2.0,False,,False,True,2024-07,Emilia Romagna Grand Prix,2024,7,2024-05-19,test
0 days 01:33:56.763000,VER,1,0 days 00:01:20.709000,28.0,2.0,,,0 days 00:00:25.598000,0 days 00:00:28.087000,0 days 00:00:27.024000,0 days 01:33:01.693000,0 days 01:33:29.780000,0 days 01:33:56.804000,217.0,253.0,278.0,290.0,False,HARD,4.0,True,Red Bull Racing,0 days 01:32:36.054000,,1,1.0,False,,False,True,2024-07,Emilia Romagna Grand Prix,2024,7,2024-05-19,test
0 days 01:35:17.378000,VER,1,0 days 00:01:20.615000,29.0,2.0,,,0 days 00:00:25.528000,0 days 00:00:28.108000,0 days 00:00:26.979000,0 days 01:34:22.332000,0 days 01:34:50.440000,0 days 01:35:17.419000,215.0,254.0,278.0,292.0,False,HARD,5.0,True,Red Bull Racing,0 days 01:33:56.763000,,1,1.0,False,,False,True,2024-07,Emilia Romagna Grand Prix,2024,7,2024-05-19,test
0 days 01:36:37.949000,VER,1,0 days 00:01:20.571000,30.0,2.0,,,0 days 00:00:25.523000,0 days 00:00:28.170000,0 days 00:00:26.878000,0 days 01:35:42.942000,0 days 01:36:11.112000,0 days 01:36:37.990000,216.0,254.0,278.0,293.0,False,HARD,6.0,True,Red Bull Racing,0 days 01:35:17.378000,,1,1.0,False,,False,True,2024-07,Emilia Romagna Grand Prix,2024,7,2024-05-19,test
0 days 01:37:58.494000,VER,1,0 days 00:01:20.545000,31.0,2.0,,,0 days 00:00:25.429000,0 days 00:00:28.108000,0 days 00:00:27.008000,0 days 01:37:03.419000,0 days 01:37:31.527000,0 days 01:37:58.535000,216.0,253.0,278.0,294.0,False,HARD,7.0,True,Red Bull Racing,0 days 01:36:37.949000,,1,1.0,False,,False,True,2024-07,Emilia Romagna Grand Prix,2024,7,2024-05-19,test
0 days 01:39:19.207000,VER,1,0 days 00:01:20.713000,32.0,2.0,,,0 days 00:00:25.456000,0 days 00:00:28.238000,0 days 00:00:27.019000,0 days 01:38:23.991000,0 days 01:38:52.229000,0 days 01:39:19.248000,217.0,254.0,279.0,294.0,False,HARD,8.0,True,Red Bull Racing,0 days 01:37:58.494000,,1,1.0,False,,False,True,2024-07,Emilia Romagna Grand Prix,2024,7,2024-05-19,test
0 days 01:40:40.348000,VER,1,0 days 00:01:21.141000,33.0,2.0,,,0 days 00:00:25.780000,0 days 00:00:28.264000,0 days 00:00:27.097000,0 days 01:39:45.028000,0 days 01:40:13.292000,0 days 01:40:40.389000,207.0,254.0,280.0,295.0,False,HARD,9.0,True,Red Bull Racing,0 days 01:39:19.207000,,1,1.0,False,,False,True,2024-07,Emilia Romagna Grand Prix,2024,7,2024-05-19,test
0 days 01:42:01.108000,VER,1,0 days 00:01:20.760000,34.0,2.0,,,0 days 00:00:25.491000,0 days 00:00:28.155000,0 days 00:00:27.114000,0 days 01:41:05.880000,0 days 01:41:34.035000,0 days 01:42:01.149000,212.0,255.0,280.0,295.0,False,HARD,10.0,True,Red Bull Racing,0 days 01:40:40.348000,,1,1.0,False,,False,True,2024-07,Emilia Romagna Grand Prix,2024,7,2024-05-19,test
0 days 01:43:21.908000,VER,1,0 days 00:01:20.800000,35.0,2.0,,,0 days 00:00:25.532000,0 days 00:00:28.176000,0 days 00:00:27.092000,0 days 01:42:26.681000,0 days 01:42:54.857000,0 days 01:43:21.949000,217.0,254.0,280.0,296.0,False,HARD,11.0,True,Red Bull Racing,0 days 01:42:01.108000,,1,1.0,False,,False,True,2024-07,Emilia Romagna Grand Prix,2024,7,2024-05-19,test
0 days 01:44:42.612000,VER,1,0 days 00:01:20.704000,36.0,2.0,,,0 days 00:00:25.508000,0 days 00:00:28.082000,0 days 00:00:27.114000,0 days 01:43:47.457000,0 days 01:44:15.539000,0 days 01:44:42.653000,218.0,256.0,281.0,297.0,False,HARD,12.0,True,Red Bull Racing,0 days 01:43:21.908000,,1,1.0,False,,False,True,2024-07,Emilia Romagna Grand Prix,2024,7,2024-05-19,test
0 days 01:46:03.096000,VER,1,0 days 00:01:20.484000,37.0,2.0,,,0 days 00:00:25.385000,0 days 00:00:28.131000,0 days 00:00:26.968000,0 days 01:45:08.038000,0 days 01:45:36.169000,0 days 01:46:03.137000,216.0,254.0,281.0,296.0,False,HARD,13.0,True,Red Bull Racing,0 days 01:44:42.612000,,1,1.0,False,,False,True,2024-07,Emilia Romagna Grand Prix,2024,7,2024-05-19,test
0 days 01:47:23.462000,VER,1,0 days 00:01:20.366000,38.0,2.0,,,0 days 00:00:25.301000,0 days 00:00:28.086000,0 days 00:00:26.979000,0 days 01:46:28.438000,0 days 01:46:56.524000,0 days 01:47:23.503000,216.0,253.0,280.0,295.0,True,HARD,14.0,True,Red Bull Racing,0 days 01:46:03.096000,,1,1.0,False,,False,True,2024-07,Emilia Romagna Grand Prix,2024,7,2024-05-19,test
0 days 01:48:44.009000,VER,1,0 days 00:01:20.547000,39.0,2.0,,,0 days 00:00:25.552000,0 days 00:00:28.024000,0 days 00:00:26.971000,0 days 01:47:49.055000,0 days 01:48:17.079000,0 days 01:48:44.050000,217.0,254.0,281.0,296.0,False,HARD,15.0,True,Red Bull Racing,0 days 01:47:23.462000,,1,1.0,False,,False,True,2024-07,Emilia Romagna Grand Prix,2024,7,2024-05-19,test
0 days 01:50:04.654000,VER,1,0 days 00:01:20.645000,40.0,2.0,,,0 days 00:00:25.473000,0 days 00:00:28.046000,0 days 00:00:27.126000,0 days 01:49:09.523000,0 days 01:49:37.569000,0 days 01:50:04.695000,214.0,254.0,280.0,294.0,False,HARD,16.0,True,Red Bull Racing,0 days 01:48:44.009000,,1,1.0,False,,False,True,2024-07,Emilia Romagna Grand Prix,2024,7,2024-05-19,test
0 days 01:51:25.329000,VER,1,0 days 00:01:20.675000,41.0,2.0,,,0 days 00:00:25.483000,0 days 00:00:28.075000,0 days 00:00:27.117000,0 days 01:50:30.178000,0 days 01:50:58.253000,0 days 01:51:25.370000,214.0,255.0,280.0,296.0,False,HARD,17.0,True,Red Bull Racing,0 days 01:50:04.654000,,1,1.0,False,,False,True,2024-07,Emilia Romagna Grand Prix,2024,7,2024-05-19,test
0 days 01:52:46.161000,VER,1,0 days 00:01:20.832000,42.0,2.0,,,0 days 00:00:25.655000,0 days 00:00:28.098000,0 days 00:00:27.079000,0 days 01:51:51.025000,0 days 01:52:19.123000,0 days 01:52:46.202000,215.0,254.0,280.0,296.0,False,HARD,18.0,True,Red Bull Racing,0 days 01:51:25.329000,,1,1.0,False,,False,True,2024-07,Emilia Romagna Grand Prix,2024,7,2024-05-19,test
0 days 01:54:06.918000,VER,1,0 days 00:01:20.757000,43.0,2.0,,,0 days 00:00:25.580000,0 days 00:00:28.096000,0 days 00:00:27.081000,0 days 01:53:11.782000,0 days 01:53:39.878000,0 days 01:54:06.959000,215.0,255.0,282.0,294.0,False,HARD,19.0,True,Red Bull Racing,0 days 01:52:46.161000,,1,1.0,False,,False,True,2024-07,Emilia Romagna Grand Prix,2024,7,2024-05-19,test
0 days 01:55:27.752000,VER,1,0 days 00:01:20.834000,44.0,2.0,,,0 days 00:00:25.442000,0 days 00:00:28.139000,0 days 00:00:27.253000,0 days 01:54:32.401000,0 days 01:55:00.540000,0 days 01:55:27.793000,215.0,255.0,282.0,295.0,False,HARD,20.0,True,Red Bull Racing,0 days 01:54:06.918000,,1,1.0,False,,False,True,2024-07,Emilia Romagna Grand Prix,2024,7,2024-05-19,test
0 days 01:56:49.116000,VER,1,0 days 00:01:21.364000,45.0,2.0,,,0 days 00:00:25.628000,0 days 00:00:28.332000,0 days 00:00:27.404000,0 days 01:55:53.421000,0 days 01:56:21.753000,0 days 01:56:49.157000,205.0,255.0,283.0,296.0,False,HARD,21.0,True,Red Bull Racing,0 days 01:55:27.752000,,1,1.0,False,,False,True,2024-07,Emilia Romagna Grand Prix,2024,7,2024-05-19,test
0 days 01:58:09.816000,VER,1,0 days 00:01:20.700000,46.0,2.0,,,0 days 00:00:25.324000,0 days 00:00:28.278000,0 days 00:00:27.098000,0 days 01:57:14.481000,0 days 01:57:42.759000,0 days 01:58:09.857000,214.0,254.0,281.0,295.0,False,HARD,22.0,True,Red Bull Racing,0 days 01:56:49.116000,,1,1.0,False,,False,True,2024-07,Emilia Romagna Grand Prix,2024,7,2024-05-19,test
0 days 01:59:30.725000,VER,1,0 days 00:01:20.909000,47.0,2.0,,,0 days 00:00:25.657000,0 days 00:00:28.143000,0 days 00:00:27.109000,0 days 01:58:35.514000,0 days 01:59:03.657000,0 days 01:59:30.766000,214.0,253.0,281.0,293.0,False,HARD,23.0,True,Red Bull Racing,0 days 01:58:09.816000,,1,1.0,False,,False,True,2024-07,Emilia Romagna Grand Prix,2024,7,2024-05-19,test
0 days 02:00:51.648000,VER,1,0 days 00:01:20.923000,48.0,2.0,,,0 days 00:00:25.612000,0 days 00:00:28.250000,0 days 00:00:27.061000,0 days 01:59:56.378000,0 days 02:00:24.628000,0 days 02:00:51.689000,216.0,255.0,281.0,295.0,False,HARD,24.0,True,Red Bull Racing,0 days 01:59:30.725000,,1,1.0,False,,False,True,2024-07,Emilia Romagna Grand Prix,2024,7,2024-05-19,test
0 days 02:02:12.471000,VER,1,0 days 00:01:20.823000,49.0,2.0,,,0 days 00:00:25.522000,0 days 00:00:28.202000,0 days 00:00:27.099000,0 days 02:01:17.211000,0 days 02:01:45.413000,0 days 02:02:12.512000,212.0,253.0,282.0,297.0,False,HARD,25.0,True,Red Bull Racing,0 days 02:00:51.648000,,1,1.0,False,,False,True,2024-07,Emilia Romagna Grand Prix,2024,7,2024-05-19,test
0 days 02:03:33.288000,VER,1,0 days 00:01:20.817000,50.0,2.0,,,0 days 00:00:25.456000,0 days 00:00:28.139000,0 days 00:00:27.222000,0 days 02:02:37.968000,0 days 02:03:06.107000,0 days 02:03:33.329000,215.0,254.0,283.0,297.0,False,HARD,26.0,True,Red Bull Racing,0 days 02:02:12.471000,,1,1.0,False,,False,True,2024-07,Emilia Romagna Grand Prix,2024,7,2024-05-19,test
0 days 02:04:54.024000,VER,1,0 days 00:01:20.736000,51.0,2.0,,,0 days 00:00:25.541000,0 days 00:00:28.085000,0 days 00:00:27.110000,0 days 02:03:58.870000,0 days 02:04:26.955000,0 days 02:04:54.065000,216.0,255.0,282.0,297.0,False,HARD,27.0,True,Red Bull Racing,0 days 02:03:33.288000,,1,1.0,False,,False,True,2024-07,Emilia Romagna Grand Prix,2024,7,2024-05-19,test
0 days 02:06:14.580000,VER,1,0 days 00:01:20.556000,52.0,2.0,,,0 days 00:00:25.536000,0 days 00:00:28.206000,0 days 00:00:26.814000,0 days 02:05:19.601000,0 days 02:05:47.807000,0 days 02:06:14.621000,215.0,256.0,282.0,298.0,False,HARD,28.0,True,Red Bull Racing,0 days 02:04:54.024000,,1,1.0,False,,False,True,2024-07,Emilia Romagna Grand Prix,2024,7,2024-05-19,test
0 days 02:07:35.218000,VER,1,0 days 00:01:20.638000,53.0,2.0,,,0 days 00:00:25.396000,0 days 00:00:28.185000,0 days 00:00:27.057000,0 days 02:06:40.017000,0 days 02:07:08.202000,0 days 02:07:35.259000,214.0,253.0,281.0,296.0,False,HARD,29.0,True,Red Bull Racing,0 days 02:06:14.580000,,1,1.0,False,,False,True,2024-07,Emilia Romagna Grand Prix,2024,7,2024-05-19,test
0 days 02:08:56.136000,VER,1,0 days 00:01:20.918000,54.0,2.0,,,0 days 00:00:25.422000,0 days 00:00:28.128000,0 days 00:00:27.368000,0 days 02:08:00.681000,0 days 02:08:28.809000,0 days 02:08:56.177000,216.0,254.0,283.0,295.0,False,HARD,30.0,True,Red Bull Racing,0 days 02:07:35.218000,,1,1.0,False,,False,True,2024-07,Emilia Romagna Grand Prix,2024,7,2024-05-19,test
0 days 02:10:17.098000,VER,1,0 days 00:01:20.962000,55.0,2.0,,,0 days 00:00:25.670000,0 days 00:00:28.278000,0 days 00:00:27.014000,0 days 02:09:21.847000,0 days 02:09:50.125000,0 days 02:10:17.139000,215.0,253.0,283.0,294.0,False,HARD,31.0,True,Red Bull Racing,0 days 02:08:56.136000,,1,1.0,False,,False,True,2024-07,Emilia Romagna Grand Prix,2024,7,2024-05-19,test
0 days 02:11:37.588000,VER,1,0 days 00:01:20.490000,56.0,2.0,,,0 days 00:00:25.434000,0 days 00:00:28.118000,0 days 00:00:26.938000,0 days 02:10:42.573000,0 days 02:11:10.691000,0 days 02:11:37.629000,217.0,255.0,283.0,294.0,False,HARD,32.0,True,Red Bull Racing,0 days 02:10:17.098000,,1,1.0,False,,False,True,2024-07,Emilia Romagna Grand Prix,2024,7,2024-05-19,test
0 days 02:12:58.099000,VER,1,0 days 00:01:20.511000,57.0,2.0,,,0 days 00:00:25.479000,0 days 00:00:27.981000,0 days 00:00:27.051000,0 days 02:12:03.108000,0 days 02:12:31.089000,0 days 02:12:58.140000,216.0,253.0,281.0,296.0,False,HARD,33.0,True,Red Bull Racing,0 days 02:11:37.588000,,1,1.0,False,,False,True,2024-07,Emilia Romagna Grand Prix,2024,7,2024-05-19,test
0 days 02:14:18.612000,VER,1,0 days 00:01:20.513000,58.0,2.0,,,0 days 00:00:25.436000,0 days 00:00:28.125000,0 days 00:00:26.952000,0 days 02:13:23.576000,0 days 02:13:51.701000,0 days 02:14:18.653000,217.0,252.0,281.0,296.0,False,HARD,34.0,True,Red Bull Racing,0 days 02:12:58.099000,,1,1.0,False,,False,True,2024-07,Emilia Romagna Grand Prix,2024,7,2024-05-19,test
0 days 02:15:38.979000,VER,1,0 days 00:01:20.367000,59.0,2.0,,,0 days 00:00:25.461000,0 days 00:00:27.898000,0 days 00:00:27.008000,0 days 02:14:44.114000,0 days 02:15:12.012000,0 days 02:15:39.020000,217.0,254.0,281.0,295.0,False,HARD,35.0,True,Red Bull Racing,0 days 02:14:18.612000,,1,1.0,False,,False,True,2024-07,Emilia Romagna Grand Prix,2024,7,2024-05-19,test
0 days 02:16:59.616000,VER,1,0 days 00:01:20.637000,60.0,2.0,,,0 days 00:00:25.549000,0 days 00:00:28.010000,0 days 00:00:27.078000,0 days 02:16:04.569000,0 days 02:16:32.579000,0 days 02:16:59.657000,216.0,253.0,282.0,296.0,False,HARD,36.0,True,Red Bull Racing,0 days 02:15:38.979000,,1,1.0,False,,False,True,2024-07,Emilia Romagna Grand Prix,2024,7,2024-05-19,test
0 days 02:18:20.314000,VER,1,0 days 00:01:20.698000,61.0,2.0,,,0 days 00:00:25.458000,0 days 00:00:28.148000,0 days 00:00:27.092000,0 days 02:17:25.115000,0 days 02:17:53.263000,0 days 02:18:20.355000,213.0,255.0,282.0,289.0,False,HARD,37.0,True,Red Bull Racing,0 days 02:16:59.616000,,1,1.0,False,,False,True,2024-07,Emilia Romagna Grand Prix,2024,7,2024-05-19,test
0 days 02:19:41.067000,VER,1,0 days 00:01:20.753000,62.0,2.0,,,0 days 00:00:25.616000,0 days 00:00:27.997000,0 days 00:00:27.140000,0 days 02:18:45.971000,0 days 02:19:13.968000,0 days 02:19:41.108000,219.0,255.0,281.0,291.0,False,HARD,38.0,True,Red Bull Racing,0 days 02:18:20.314000,,1,1.0,False,,False,True,2024-07,Emilia Romagna Grand Prix,2024,7,2024-05-19,test
0 days 02:21:02.102000,VER,1,0 days 00:01:21.035000,63.0,2.0,,,0 days 00:00:25.644000,0 days 00:00:28.107000,0 days 00:00:27.284000,0 days 02:20:06.752000,0 days 02:20:34.859000,0 days 02:21:02.143000,220.0,259.0,281.0,299.0,False,HARD,39.0,True,Red Bull Racing,0 days 02:19:41.067000,,1,1.0,False,,False,True,2024-07,Emilia Romagna Grand Prix,2024,7,2024-05-19,test
0 days 00:57:01.430000,LEC,16,0 days 00:01:24.580000,1.0,1.0,,,,0 days 00:00:28.597000,0 days 00:00:27.068000,,0 days 00:56:34.619000,0 days 00:57:01.710000,213.0,250.0,279.0,282.0,False,MEDIUM,1.0,True,Ferrari,0 days 00:55:36.608000,,1,3.0,False,,False,False,2024-07,Emilia Romagna Grand Prix,2024,7,2024-05-19,test
0 days 00:58:22.356000,LEC,16,0 days 00:01:20.926000,2.0,1.0,,,0 days 00:00:25.685000,0 days 00:00:28.145000,0 days 00:00:27.096000,0 days 00:57:27.183000,0 days 00:57:55.328000,0 days 00:58:22.424000,216.0,252.0,279.0,292.0,True,MEDIUM,2.0,True,Ferrari,0 days 00:57:01.430000,,1,3.0,False,,False,True,2024-07,Emilia Romagna Grand Prix,2024,7,2024-05-19,test
0 days 00:59:43.287000,LEC,16,0 days 00:01:20.931000,3.0,1.0,,,0 days 00:00:25.573000,0 days 00:00:28.359000,0 days 00:00:26.999000,0 days 00:58:47.997000,0 days 00:59:16.356000,0 days 00:59:43.355000,210.0,251.0,277.0,283.0,False,MEDIUM,3.0,True,Ferrari,0 days 00:58:22.356000,,1,3.0,False,,False,True,2024-07,Emilia Romagna Grand Prix,2024,7,2024-05-19,test
0 days 01:01:04.566000,LEC,16,0 days 00:01:21.279000,4.0,1.0,,,0 days 00:00:25.797000,0 days 00:00:28.442000,0 days 00:00:27.040000,0 days 01:00:09.152000,0 days 01:00:37.594000,0 days 01:01:04.634000,214.0,249.0,277.0,283.0,False,MEDIUM,4.0,True,Ferrari,0 days 00:59:43.287000,,1,3.0,False,,False,True,2024-07,Emilia Romagna Grand Prix,2024,7,2024-05-19,test
0 days 01:02:25.688000,LEC,16,0 days 00:01:21.122000,5.0,1.0,,,0 days 00:00:25.717000,0 days 00:00:28.319000,0 days 00:00:27.086000,0 days 01:01:30.351000,0 days 01:01:58.670000,0 days 01:02:25.756000,213.0,251.0,277.0,287.0,False,MEDIUM,5.0,True,Ferrari,0 days 01:01:04.566000,,1,3.0,False,,False,True,2024-07,Emilia Romagna Grand Prix,2024,7,2024-05-19,test
0 days 01:03:46.731000,LEC,16,0 days 00:01:21.043000,6.0,1.0,,,0 days 00:00:25.770000,0 days 00:00:28.344000,0 days 00:00:26.929000,0 days 01:02:51.526000,0 days 01:03:19.870000,0 days 01:03:46.799000,211.0,250.0,277.0,295.0,False,MEDIUM,6.0,True,Ferrari,0 days 01:02:25.688000,,1,3.0,False,,False,True,2024-07,Emilia Romagna Grand Prix,2024,7,2024-05-19,test
0 days 01:05:07.756000,LEC,16,0 days 00:01:21.025000,7.0,1.0,,,0 days 00:00:25.716000,0 days 00:00:28.274000,0 days 00:00:27.035000,0 days 01:04:12.515000,0 days 01:04:40.789000,0 days 01:05:07.824000,212.0,250.0,277.0,286.0,False,MEDIUM,7.0,True,Ferrari,0 days 01:03:46.731000,,1,3.0,False,,False,True,2024-07,Emilia Romagna Grand Prix,2024,7,2024-05-19,test
0 days 01:06:28.872000,LEC,16,0 days 00:01:21.116000,8.0,1.0,,,0 days 00:00:25.710000,0 days 00:00:28.225000,0 days 00:00:27.181000,0 days 01:05:33.534000,0 days 01:06:01.759000,0 days 01:06:28.940000,213.0,252.0,276.0,286.0,False,MEDIUM,8.0,True,Ferrari,0 days 01:05:07.756000,,1,3.0,False,,False,True,2024-07,Emilia Romagna Grand Prix,2024,7,2024-05-19,test
0 days 01:07:50.087000,LEC,16,0 days 00:01:21.215000,9.0,1.0,,,0 days 00:00:25.758000,0 days 00:00:28.276000,0 days 00:00:27.181000,0 days 01:06:54.698000,0 days 01:07:22.974000,0 days 01:07:50.155000,212.0,250.0,277.0,286.0,False,MEDIUM,9.0,True,Ferrari,0 days 01:06:28.872000,,1,3.0,False,,False,True,2024-07,Emilia Romagna Grand Prix,2024,7,2024-05-19,test
0 days 01:09:11.474000,LEC,16,0 days 00:01:21.387000,10.0,1.0,,,0 days 00:00:25.692000,0 days 00:00:28.440000,0 days 00:00:27.255000,0 days 01:08:15.847000,0 days 01:08:44.287000,0 days 01:09:11.542000,213.0,250.0,278.0,283.0,False,MEDIUM,10.0,True,Ferrari,0 days 01:07:50.087000,,1,3.0,False,,False,True,2024-07,Emilia Romagna Grand Prix,2024,7,2024-05-19,test
0 days 01:10:32.621000,LEC,16,0 days 00:01:21.147000,11.0,1.0,,,0 days 00:00:25.707000,0 days 00:00:28.229000,0 days 00:00:27.211000,0 days 01:09:37.249000,0 days 01:10:05.478000,0 days 01:10:32.689000,215.0,252.0,278.0,284.0,False,MEDIUM,11.0,True,Ferrari,0 days 01:09:11.474000,,1,3.0,False,,False,True,2024-07,Emilia Romagna Grand Prix,2024,7,2024-05-19,test
0 days 01:11:53.970000,LEC,16,0 days 00:01:21.349000,12.0,1.0,,,0 days 00:00:25.746000,0 days 00:00:28.344000,0 days 00:00:27.259000,0 days 01:10:58.435000,0 days 01:11:26.779000,0 days 01:11:54.038000,216.0,252.0,277.0,286.0,False,MEDIUM,12.0,True,Ferrari,0 days 01:10:32.621000,,1,3.0,False,,False,True,2024-07,Emilia Romagna Grand Prix,2024,7,2024-05-19,test
0 days 01:13:15.412000,LEC,16,0 days 00:01:21.442000,13.0,1.0,,,0 days 00:00:25.803000,0 days 00:00:28.424000,0 days 00:00:27.215000,0 days 01:12:19.841000,0 days 01:12:48.265000,0 days 01:13:15.480000,215.0,251.0,278.0,286.0,False,MEDIUM,13.0,True,Ferrari,0 days 01:11:53.970000,,1,3.0,False,,False,True,2024-07,Emilia Romagna Grand Prix,2024,7,2024-05-19,test
0 days 01:14:37.073000,LEC,16,0 days 00:01:21.661000,14.0,1.0,,,0 days 00:00:25.821000,0 days 00:00:28.457000,0 days 00:00:27.383000,0 days 01:13:41.301000,0 days 01:14:09.758000,0 days 01:14:37.141000,211.0,250.0,276.0,285.0,False,MEDIUM,14.0,True,Ferrari,0 days 01:13:15.412000,,1,3.0,False,,False,True,2024-07,Emilia Romagna Grand Prix,2024,7,2024-05-19,test
0 days 01:15:58.537000,LEC,16,0 days 00:01:21.464000,15.0,1.0,,,0 days 00:00:25.827000,0 days 00:00:28.372000,0 days 00:00:27.265000,0 days 01:15:02.968000,0 days 01:15:31.340000,0 days 01:15:58.605000,214.0,255.0,279.0,295.0,False,MEDIUM,15.0,True,Ferrari,0 days 01:14:37.073000,,1,3.0,False,,False,True,2024-07,Emilia Romagna Grand Prix,2024,7,2024-05-19,test
0 days 01:17:20.501000,LEC,16,0 days 00:01:21.964000,16.0,1.0,,,0 days 00:00:25.796000,0 days 00:00:28.573000,0 days 00:00:27.595000,0 days 01:16:24.401000,0 days 01:16:52.974000,0 days 01:17:20.569000,212.0,251.0,277.0,284.0,False,MEDIUM,16.0,True,Ferrari,0 days 01:15:58.537000,,1,3.0,False,,False,True,2024-07,Emilia Romagna Grand Prix,2024,7,2024-05-19,test
0 days 01:18:42.215000,LEC,16,0 days 00:01:21.714000,17.0,1.0,,,0 days 00:00:25.807000,0 days 00:00:28.538000,0 days 00:00:27.369000,0 days 01:17:46.376000,0 days 01:18:14.914000,0 days 01:18:42.283000,213.0,251.0,277.0,285.0,False,MEDIUM,17.0,True,Ferrari,0 days 01:17:20.501000,,1,3.0,False,,False,True,2024-07,Emilia Romagna Grand Prix,2024,7,2024-05-19,test
0 days 01:20:03.934000,LEC,16,0 days 00:01:21.719000,18.0,1.0,,,0 days 00:00:25.807000,0 days 00:00:28.573000,0 days 00:00:27.339000,,0 days 01:19:36.663000,0 days 01:20:04.002000,212.0,250.0,279.0,285.0,False,MEDIUM,18.0,True,Ferrari,0 days 01:18:42.215000,,1,3.0,False,,False,True,2024-07,Emilia Romagna Grand Prix,2024,7,2024-05-19,test
0 days 01:21:25.606000,LEC,16,0 days 00:01:21.672000,19.0,1.0,,,0 days 00:00:25.867000,0 days 00:00:28.461000,0 days 00:00:27.344000,0 days 01:20:29.869000,0 days 01:20:58.330000,0 days 01:21:25.674000,213.0,253.0,276.0,295.0,False,MEDIUM,19.0,True,Ferrari,0 days 01:20:03.934000,,1,3.0,False,,False,True,2024-07,Emilia Romagna Grand Prix,2024,7,2024-05-19,test
0 days 01:22:47.363000,LEC,16,0 days 00:01:21.757000,20.0,1.0,,,0 days 00:00:25.794000,0 days 00:00:28.464000,0 days 00:00:27.499000,0 days 01:21:51.468000,0 days 01:22:19.932000,0 days 01:22:47.431000,215.0,253.0,277.0,287.0,False,MEDIUM,20.0,True,Ferrari,0 days 01:21:25.606000,,1,3.0,False,,False,True,2024-07,Emilia Romagna Grand Prix,2024,7,2024-05-19,test
0 days 01:24:09.032000,LEC,16,0 days 00:01:21.669000,21.0,1.0,,,0 days 00:00:25.857000,0 days 00:00:28.396000,0 days 00:00:27.416000,0 days 01:23:13.288000,0 days 01:23:41.684000,0 days 01:24:09.100000,215.0,254.0,278.0,288.0,False,MEDIUM,21.0,True,Ferrari,0 days 01:22:47.363000,,1,3.0,False,,False,True,2024-07,Emilia Romagna Grand Prix,2024,7,2024-05-19,test
0 days 01:25:31.050000,LEC,16,0 days 00:01:22.018000,22.0,1.0,,,0 days 00:00:25.880000,0 days 00:00:28.604000,0 days 00:00:27.534000,0 days 01:24:34.980000,0 days 01:25:03.584000,0 days 01:25:31.118000,209.0,252.0,276.0,295.0,False,MEDIUM,22.0,True,Ferrari,0 days 01:24:09.032000,,1,2.0,False,,False,True,2024-07,Emilia Romagna Grand Prix,2024,7,2024-05-19,test
0 days 01:26:52.993000,LEC,16,0 days 00:01:21.943000,23.0,1.0,,,0 days 00:00:26.057000,0 days 00:00:28.558000,0 days 00:00:27.328000,0 days 01:25:57.175000,0 days 01:26:25.733000,0 days 01:26:53.061000,211.0,250.0,277.0,283.0,False,MEDIUM,23.0,True,Ferrari,0 days 01:25:31.050000,,1,2.0,False,,False,True,2024-07,Emilia Romagna Grand Prix,2024,7,2024-05-19,test
0 days 01:28:14.593000,LEC,16,0 days 00:01:21.600000,24.0,1.0,,,0 days 00:00:25.792000,0 days 00:00:28.496000,0 days 00:00:27.312000,0 days 01:27:18.853000,0 days 01:27:47.349000,0 days 01:28:14.661000,215.0,252.0,277.0,285.0,False,MEDIUM,24.0,True,Ferrari,0 days 01:26:52.993000,,1,2.0,False,,False,True,2024-07,Emilia Romagna Grand Prix,2024,7,2024-05-19,test
0 days 01:29:40.616000,LEC,16,0 days 00:01:26.023000,25.0,1.0,,0 days 01:29:36.294000,0 days 00:00:25.762000,0 days 00:00:28.527000,0 days 00:00:31.734000,0 days 01:28:40.423000,0 days 01:29:08.950000,0 days 01:29:40.684000,215.0,251.0,,284.0,False,MEDIUM,25.0,True,Ferrari,0 days 01:28:14.593000,,1,2.0,False,,False,False,2024-07,Emilia Romagna Grand Prix,2024,7,2024-05-19,test
0 days 01:31:25.622000,LEC,16,0 days 00:01:45.006000,26.0,2.0,0 days 01:30:06.526000,,0 days 00:00:49.059000,0 days 00:00:28.385000,0 days 00:00:27.562000,0 days 01:30:29.743000,0 days 01:30:58.128000,0 days 01:31:25.690000,216.0,253.0,285.0,287.0,False,HARD,1.0,True,Ferrari,0 days 01:29:40.616000,,1,6.0,False,,False,False,2024-07,Emilia Romagna Grand Prix,2024,7,2024-05-19,test
0 days 01:32:45.557000,LEC,16,0 days 00:01:19.935000,27.0,2.0,,,0 days 00:00:25.221000,0 days 00:00:27.790000,0 days 00:00:26.924000,0 days 01:31:50.911000,0 days 01:32:18.701000,0 days 01:32:45.625000,215.0,254.0,279.0,283.0,True,HARD,2.0,True,Ferrari,0 days 01:31:25.622000,,1,5.0,False,,False,True,2024-07,Emilia Romagna Grand Prix,2024,7,2024-05-19,test
0 days 01:34:06.485000,LEC,16,0 days 00:01:20.928000,28.0,2.0,,,0 days 00:00:25.853000,0 days 00:00:28.140000,0 days 00:00:26.935000,0 days 01:33:11.478000,0 days 01:33:39.618000,0 days 01:34:06.553000,215.0,252.0,278.0,293.0,False,HARD,3.0,True,Ferrari,0 days 01:32:45.557000,,1,3.0,False,,False,True,2024-07,Emilia Romagna Grand Prix,2024,7,2024-05-19,test
0 days 01:35:26.987000,LEC,16,0 days 00:01:20.502000,29.0,2.0,,,0 days 00:00:25.598000,0 days 00:00:28.041000,0 days 00:00:26.863000,0 days 01:34:32.151000,0 days 01:35:00.192000,0 days 01:35:27.055000,216.0,252.0,278.0,285.0,False,HARD,4.0,True,Ferrari,0 days 01:34:06.485000,,1,3.0,False,,False,True,2024-07,Emilia Romagna Grand Prix,2024,7,2024-05-19,test
0 days 01:36:47.413000,LEC,16,0 days 00:01:20.426000,30.0,2.0,,,0 days 00:00:25.590000,0 days 00:00:27.989000,0 days 00:00:26.847000,0 days 01:35:52.645000,0 days 01:36:20.634000,0 days 01:36:47.481000,218.0,253.0,278.0,295.0,False,HARD,5.0,True,Ferrari,0 days 01:35:26.987000,,1,3.0,False,,False,True,2024-07,Emilia Romagna Grand Prix,2024,7,2024-05-19,test
0 days 01:38:08.357000,LEC,16,0 days 00:01:20.944000,31.0,2.0,,,0 days 00:00:25.705000,0 days 00:00:28.160000,0 days 00:00:27.079000,0 days 01:37:13.186000,0 days 01:37:41.346000,0 days 01:38:08.425000,216.0,250.0,277.0,283.0,False,HARD,6.0,True,Ferrari,0 days 01:36:47.413000,,1,3.0,False,,False,True,2024-07,Emilia Romagna Grand Prix,2024,7,2024-05-19,test
0 days 01:39:29.002000,LEC,16,0 days 00:01:20.645000,32.0,2.0,,,0 days 00:00:25.649000,0 days 00:00:28.069000,0 days 00:00:26.927000,0 days 01:38:34.074000,0 days 01:39:02.143000,0 days 01:39:29.070000,213.0,252.0,278.0,285.0,False,HARD,7.0,True,Ferrari,0 days 01:38:08.357000,,1,3.0,False,,False,True,2024-07,Emilia Romagna Grand Prix,2024,7,2024-05-19,test
0 days 01:40:49.591000,LEC,16,0 days 00:01:20.589000,33.0,2.0,,,0 days 00:00:25.646000,0 days 00:00:27.998000,0 days 00:00:26.945000,0 days 01:39:54.716000,0 days 01:40:22.714000,0 days 01:40:49.659000,214.0,253.0,279.0,286.0,False,HARD,8.0,True,Ferrari,0 days 01:39:29.002000,,1,3.0,False,,False,True,2024-07,Emilia Romagna Grand Prix,2024,7,2024-05-19,test
0 days 01:42:10.317000,LEC,16,0 days 00:01:20.726000,34.0,2.0,,,0 days 00:00:25.619000,0 days 00:00:28.181000,0 days 00:00:26.926000,0 days 01:41:15.278000,0 days 01:41:43.459000,0 days 01:42:10.385000,214.0,254.0,279.0,287.0,False,HARD,9.0,True,Ferrari,0 days 01:40:49.591000,,1,3.0,False,,False,True,2024-07,Emilia Romagna Grand Prix,2024,7,2024-05-19,test
0 days 01:43:31.129000,LEC,16,0 days 00:01:20.812000,35.0,2.0,,,0 days 00:00:25.666000,0 days 00:00:28.158000,0 days 00:00:26.988000,0 days 01:42:36.051000,0 days 01:43:04.209000,0 days 01:43:31.197000,213.0,253.0,278.0,286.0,False,HARD,10.0,True,Ferrari,0 days 01:42:10.317000,,1,3.0,False,,False,True,2024-07,Emilia Romagna Grand Prix,2024,7,2024-05-19,test
0 days 01:44:51.691000,LEC,16,0 days 00:01:20.562000,36.0,2.0,,,0 days 00:00:25.563000,0 days 00:00:28.078000,0 days 00:00:26.921000,0 days 01:43:56.760000,0 days 01:44:24.838000,0 days 01:44:51.759000,218.0,254.0,281.0,287.0,False,HARD,11.0,True,Ferrari,0 days 01:43:31.129000,,1,3.0,False,,False,True,2024-07,Emilia Romagna Grand Prix,2024,7,2024-05-19,test
0 days 01:46:12.051000,LEC,16,0 days 00:01:20.360000,37.0,2.0,,,0 days 00:00:25.378000,0 days 00:00:28.072000,0 days 00:00:26.910000,0 days 01:45:17.137000,0 days 01:45:45.209000,0 days 01:46:12.119000,217.0,255.0,281.0,286.0,False,HARD,12.0,True,Ferrari,0 days 01:44:51.691000,,1,3.0,False,,False,True,2024-07,Emilia Romagna Grand Prix,2024,7,2024-05-19,test
0 days 01:47:32.245000,LEC,16,0 days 00:01:20.194000,38.0,2.0,,,0 days 00:00:25.351000,0 days 00:00:27.968000,0 days 00:00:26.875000,0 days 01:46:37.470000,0 days 01:47:05.438000,0 days 01:47:32.313000,218.0,255.0,281.0,288.0,False,HARD,13.0,True,Ferrari,0 days 01:46:12.051000,,1,3.0,False,,False,True,2024-07,Emilia Romagna Grand Prix,2024,7,2024-05-19,test
0 days 01:48:52.752000,LEC,16,0 days 00:01:20.507000,39.0,2.0,,,0 days 00:00:25.483000,0 days 00:00:28.060000,0 days 00:00:26.964000,0 days 01:47:57.796000,0 days 01:48:25.856000,0 days 01:48:52.820000,218.0,255.0,281.0,287.0,False,HARD,14.0,True,Ferrari,0 days 01:47:32.245000,,1,3.0,False,,False,True,2024-07,Emilia Romagna Grand Prix,2024,7,2024-05-19,test
0 days 01:50:13.334000,LEC,16,0 days 00:01:20.582000,40.0,2.0,,,0 days 00:00:25.464000,0 days 00:00:28.026000,0 days 00:00:27.092000,0 days 01:49:18.284000,0 days 01:49:46.310000,0 days 01:50:13.402000,216.0,255.0,280.0,288.0,False,HARD,15.0,True,Ferrari,0 days 01:48:52.752000,,1,3.0,False,,False,True,2024-07,Emilia Romagna Grand Prix,2024,7,2024-05-19,test
0 days 01:51:34.262000,LEC,16,0 days 00:01:20.928000,41.0,2.0,,,0 days 00:00:25.484000,0 days 00:00:28.179000,0 days 00:00:27.265000,0 days 01:50:38.886000,0 days 01:51:07.065000,0 days 01:51:34.330000,216.0,254.0,282.0,289.0,False,HARD,16.0,True,Ferrari,0 days 01:50:13.334000,,1,3.0,False,,False,True,2024-07,Emilia Romagna Grand Prix,2024,7,2024-05-19,test
0 days 01:52:54.502000,LEC,16,0 days 00:01:20.240000,42.0,2.0,,,0 days 00:00:25.149000,0 days 00:00:28.133000,0 days 00:00:26.958000,0 days 01:51:59.479000,0 days 01:52:27.612000,0 days 01:52:54.570000,219.0,258.0,282.0,297.0,False,HARD,17.0,True,Ferrari,0 days 01:51:34.262000,,1,3.0,False,,False,True,2024-07,Emilia Romagna Grand Prix,2024,7,2024-05-19,test
0 days 01:54:15.444000,LEC,16,0 days 00:01:20.942000,43.0,2.0,,,0 days 00:00:25.404000,0 days 00:00:28.344000,0 days 00:00:27.194000,0 days 01:53:19.974000,0 days 01:53:48.318000,0 days 01:54:15.512000,214.0,256.0,283.0,297.0,False,HARD,18.0,True,Ferrari,0 days 01:52:54.502000,,1,3.0,False,,False,True,2024-07,Emilia Romagna Grand Prix,2024,7,2024-05-19,test
0 days 01:55:36.146000,LEC,16,0 days 00:01:20.702000,44.0,2.0,,,0 days 00:00:25.218000,0 days 00:00:28.361000,0 days 00:00:27.123000,0 days 01:54:40.730000,0 days 01:55:09.091000,0 days 01:55:36.214000,215.0,253.0,282.0,286.0,False,HARD,19.0,True,Ferrari,0 days 01:54:15.444000,,1,3.0,False,,False,True,2024-07,Emilia Romagna Grand Prix,2024,7,2024-05-19,test
0 days 01:56:56.577000,LEC,16,0 days 00:01:20.431000,45.0,2.0,,,0 days 00:00:25.276000,0 days 00:00:28.216000,0 days 00:00:26.939000,0 days 01:56:01.490000,0 days 01:56:29.706000,0 days 01:56:56.645000,210.0,257.0,282.0,298.0,False,HARD,20.0,True,Ferrari,0 days 01:55:36.146000,,1,3.0,False,,False,True,2024-07,Emilia Romagna Grand Prix,2024,7,2024-05-19,test
0 days 01:58:17.173000,LEC,16,0 days 00:01:20.596000,46.0,2.0,,,0 days 00:00:25.252000,0 days 00:00:28.319000,0 days 00:00:27.025000,0 days 01:57:21.897000,0 days 01:57:50.216000,0 days 01:58:17.241000,213.0,254.0,282.0,296.0,False,HARD,21.0,True,Ferrari,0 days 01:56:56.577000,,1,3.0,False,,False,True,2024-07,Emilia Romagna Grand Prix,2024,7,2024-05-19,test
0 days 01:59:38.486000,LEC,16,0 days 00:01:21.313000,47.0,2.0,,,0 days 00:00:25.256000,0 days 00:00:28.344000,0 days 00:00:27.713000,0 days 01:58:42.497000,0 days 01:59:10.841000,0 days 01:59:38.554000,215.0,255.0,281.0,286.0,False,HARD,22.0,True,Ferrari,0 days 01:58:17.173000,,1,3.0,True,TRACK LIMITS AT TURN 15 LAP 47 ,False,True,2024-07,Emilia Romagna Grand Prix,2024,7,2024-05-19,test
0 days 02:00:59.999000,LEC,16,0 days 00:01:21.513000,48.0,2.0,,,0 days 00:00:25.890000,0 days 00:00:28.543000,0 days 00:00:27.080000,0 days 02:00:04.444000,0 days 02:00:32.987000,0 days 02:01:00.067000,206.0,254.0,280.0,286.0,False,HARD,23.0,True,Ferrari,0 days 01:59:38.486000,,1,3.0,False,,False,True,2024-07,Emilia Romagna Grand Prix,2024,7,2024-05-19,test
0 days 02:02:20.797000,LEC,16,0 days 00:01:20.798000,49.0,2.0,,,0 days 00:00:25.538000,0 days 00:00:28.178000,0 days 00:00:27.082000,0 days 02:01:25.605000,0 days 02:01:53.783000,0 days 02:02:20.865000,214.0,253.0,280.0,286.0,False,HARD,24.0,True,Ferrari,0 days 02:00:59.999000,,1,3.0,False,,False,True,2024-07,Emilia Romagna Grand Prix,2024,7,2024-05-19,test
0 days 02:03:41.211000,LEC,16,0 days 00:01:20.414000,50.0,2.0,,,0 days 00:00:25.529000,0 days 00:00:28.005000,0 days 00:00:26.880000,0 days 02:02:46.394000,0 days 02:03:14.399000,0 days 02:03:41.279000,217.0,255.0,280.0,286.0,False,HARD,25.0,True,Ferrari,0 days 02:02:20.797000,,1,3.0,False,,False,True,2024-07,Emilia Romagna Grand Prix,2024,7,2024-05-19,test
0 days 02:05:01.575000,LEC,16,0 days 00:01:20.364000,51.0,2.0,,,0 days 00:00:25.492000,0 days 00:00:27.991000,0 days 00:00:26.881000,0 days 02:04:06.771000,0 days 02:04:34.762000,0 days 02:05:01.643000,217.0,255.0,281.0,286.0,False,HARD,26.0,True,Ferrari,0 days 02:03:41.211000,,1,3.0,False,,False,True,2024-07,Emilia Romagna Grand Prix,2024,7,2024-05-19,test
0 days 02:06:21.933000,LEC,16,0 days 00:01:20.358000,52.0,2.0,,,0 days 00:00:25.427000,0 days 00:00:28.048000,0 days 00:00:26.883000,0 days 02:05:27.070000,0 days 02:05:55.118000,0 days 02:06:22.001000,218.0,255.0,281.0,288.0,False,HARD,27.0,True,Ferrari,0 days 02:05:01.575000,,1,3.0,False,,False,True,2024-07,Emilia Romagna Grand Prix,2024,7,2024-05-19,test
0 days 02:07:42.822000,LEC,16,0 days 00:01:20.889000,53.0,2.0,,,0 days 00:00:25.526000,0 days 00:00:28.400000,0 days 00:00:26.963000,0 days 02:06:47.527000,0 days 02:07:15.927000,0 days 02:07:42.890000,216.0,254.0,282.0,294.0,False,HARD,28.0,True,Ferrari,0 days 02:06:21.933000,,1,3.0,False,,False,True,2024-07,Emilia Romagna Grand Prix,2024,7,2024-05-19,test
0 days 02:09:03.220000,LEC,16,0 days 00:01:20.398000,54.0,2.0,,,0 days 00:00:25.112000,0 days 00:00:28.194000,0 days 00:00:27.092000,0 days 02:08:08.002000,0 days 02:08:36.196000,0 days 02:09:03.288000,218.0,257.0,280.0,286.0,False,HARD,29.0,True,Ferrari,0 days 02:07:42.822000,,1,3.0,False,,False,True,2024-07,Emilia Romagna Grand Prix,2024,7,2024-05-19,test
0 days 02:10:23.856000,LEC,16,0 days 00:01:20.636000,55.0,2.0,,,0 days 00:00:25.635000,0 days 00:00:28.092000,0 days 00:00:26.909000,0 days 02:09:28.923000,0 days 02:09:57.015000,0 days 02:10:23.924000,217.0,255.0,282.0,286.0,False,HARD,30.0,True,Ferrari,0 days 02:09:03.220000,,1,3.0,False,,False,True,2024-07,Emilia Romagna Grand Prix,2024,7,2024-05-19,test
0 days 02:11:44.271000,LEC,16,0 days 00:01:20.415000,56.0,2.0,,,0 days 00:00:25.393000,0 days 00:00:28.095000,0 days 00:00:26.927000,0 days 02:10:49.317000,0 days 02:11:17.412000,0 days 02:11:44.339000,218.0,259.0,283.0,288.0,False,HARD,31.0,True,Ferrari,0 days 02:10:23.856000,,1,3.0,False,,False,True,2024-07,Emilia Romagna Grand Prix,2024,7,2024-05-19,test
0 days 02:13:05.023000,LEC,16,0 days 00:01:20.752000,57.0,2.0,,,0 days 00:00:25.591000,0 days 00:00:28.196000,0 days 00:00:26.965000,0 days 02:12:09.930000,0 days 02:12:38.126000,0 days 02:13:05.091000,217.0,255.0,280.0,286.0,False,HARD,32.0,True,Ferrari,0 days 02:11:44.271000,,1,3.0,False,,False,True,2024-07,Emilia Romagna Grand Prix,2024,7,2024-05-19,test
0 days 02:14:25.576000,LEC,16,0 days 00:01:20.553000,58.0,2.0,,,0 days 00:00:25.584000,0 days 00:00:28.164000,0 days 00:00:26.805000,0 days 02:13:30.675000,0 days 02:13:58.839000,0 days 02:14:25.644000,215.0,254.0,279.0,285.0,False,HARD,33.0,True,Ferrari,0 days 02:13:05.023000,,1,3.0,False,,False,True,2024-07,Emilia Romagna Grand Prix,2024,7,2024-05-19,test
0 days 02:15:46.082000,LEC,16,0 days 00:01:20.506000,59.0,2.0,,,0 days 00:00:25.505000,0 days 00:00:28.061000,0 days 00:00:26.940000,0 days 02:14:51.149000,0 days 02:15:19.210000,0 days 02:15:46.150000,217.0,255.0,280.0,286.0,False,HARD,34.0,True,Ferrari,0 days 02:14:25.576000,,1,3.0,False,,False,True,2024-07,Emilia Romagna Grand Prix,2024,7,2024-05-19,test
0 days 02:17:06.775000,LEC,16,0 days 00:01:20.693000,60.0,2.0,,,0 days 00:00:25.513000,0 days 00:00:28.163000,0 days 00:00:27.017000,0 days 02:16:11.663000,0 days 02:16:39.826000,0 days 02:17:06.843000,218.0,255.0,281.0,286.0,False,HARD,35.0,True,Ferrari,0 days 02:15:46.082000,,1,3.0,False,,False,True,2024-07,Emilia Romagna Grand Prix,2024,7,2024-05-19,test
0 days 02:18:27.558000,LEC,16,0 days 00:01:20.783000,61.0,2.0,,,0 days 00:00:25.603000,0 days 00:00:28.184000,0 days 00:00:26.996000,0 days 02:17:32.446000,0 days 02:18:00.630000,0 days 02:18:27.626000,216.0,256.0,281.0,286.0,False,HARD,36.0,True,Ferrari,0 days 02:17:06.775000,,1,3.0,False,,False,True,2024-07,Emilia Romagna Grand Prix,2024,7,2024-05-19,test
0 days 02:19:48.865000,LEC,16,0 days 00:01:21.307000,62.0,2.0,,,0 days 00:00:25.753000,0 days 00:00:28.544000,0 days 00:00:27.010000,0 days 02:18:53.379000,0 days 02:19:21.923000,0 days 02:19:48.933000,215.0,254.0,279.0,287.0,False,HARD,37.0,True,Ferrari,0 days 02:18:27.558000,,1,3.0,False,,False,True,2024-07,Emilia Romagna Grand Prix,2024,7,2024-05-19,test
0 days 02:21:10.018000,LEC,16,0 days 00:01:21.153000,63.0,2.0,,,0 days 00:00:25.797000,0 days 00:00:28.222000,0 days 00:00:27.134000,0 days 02:20:14.730000,0 days 02:20:42.952000,0 days 02:21:10.086000,216.0,258.0,279.0,291.0,False,HARD,38.0,True,Ferrari,0 days 02:19:48.865000,,1,3.0,False,,False,True,2024-07,Emilia Romagna Grand Prix,2024,7,2024-05-19,test
0 days 00:57:01.999000,SAI,55,0 days 00:01:25.149000,1.0,1.0,,,,0 days 00:00:28.617000,0 days 00:00:27.140000,,0 days 00:56:35.011000,0 days 00:57:02.139000,214.0,251.0,279.0,283.0,False,MEDIUM,1.0,True,Ferrari,0 days 00:55:36.608000,,1,4.0,False,,False,False,2024-07,Emilia Romagna Grand Prix,2024,7,2024-05-19,test
0 days 00:58:23.101000,SAI,55,0 days 00:01:21.102000,2.0,1.0,,,0 days 00:00:25.799000,0 days 00:00:28.232000,0 days 00:00:27.071000,0 days 00:57:27.876000,0 days 00:57:56.108000,0 days 00:58:23.179000,215.0,255.0,280.0,282.0,True,MEDIUM,2.0,True,Ferrari,0 days 00:57:01.999000,,1,4.0,False,,False,True,2024-07,Emilia Romagna Grand Prix,2024,7,2024-05-19,test
0 days 00:59:44.067000,SAI,55,0 days 00:01:20.966000,3.0,1.0,,,0 days 00:00:25.426000,0 days 00:00:28.351000,0 days 00:00:27.189000,0 days 00:58:48.605000,0 days 00:59:16.956000,0 days 00:59:44.145000,214.0,253.0,279.0,285.0,True,MEDIUM,3.0,True,Ferrari,0 days 00:58:23.101000,,1,4.0,False,,False,True,2024-07,Emilia Romagna Grand Prix,2024,7,2024-05-19,test
0 days 01:01:05.408000,SAI,55,0 days 00:01:21.341000,4.0,1.0,,,0 days 00:00:25.575000,0 days 00:00:28.536000,0 days 00:00:27.230000,0 days 01:00:09.720000,0 days 01:00:38.256000,0 days 01:01:05.486000,211.0,254.0,279.0,296.0,False,MEDIUM,4.0,True,Ferrari,0 days 00:59:44.067000,,1,4.0,False,,False,True,2024-07,Emilia Romagna Grand Prix,2024,7,2024-05-19,test
0 days 01:02:26.684000,SAI,55,0 days 00:01:21.276000,5.0,1.0,,,0 days 00:00:25.581000,0 days 00:00:28.392000,0 days 00:00:27.303000,0 days 01:01:31.067000,0 days 01:01:59.459000,0 days 01:02:26.762000,213.0,250.0,278.0,295.0,False,MEDIUM,5.0,True,Ferrari,0 days 01:01:05.408000,,1,4.0,False,,False,True,2024-07,Emilia Romagna Grand Prix,2024,7,2024-05-19,test
0 days 01:03:47.844000,SAI,55,0 days 00:01:21.160000,6.0,1.0,,,0 days 00:00:25.608000,0 days 00:00:28.439000,0 days 00:00:27.113000,0 days 01:02:52.370000,0 days 01:03:20.809000,0 days 01:03:47.922000,209.0,251.0,278.0,286.0,False,MEDIUM,6.0,True,Ferrari,0 days 01:02:26.684000,,1,4.0,False,,False,True,2024-07,Emilia Romagna Grand Prix,2024,7,2024-05-19,test
0 days 01:05:09.080000,SAI,55,0 days 00:01:21.236000,7.0,1.0,,,0 days 00:00:25.720000,0 days 00:00:28.449000,0 days 00:00:27.067000,0 days 01:04:13.642000,0 days 01:04:42.091000,0 days 01:05:09.158000,213.0,251.0,279.0,285.0,False,MEDIUM,7.0,True,Ferrari,0 days 01:03:47.844000,,1,4.0,False,,False,True,2024-07,Emilia Romagna Grand Prix,2024,7,2024-05-19,test
0 days 01:06:30.511000,SAI,55,0 days 00:01:21.431000,8.0,1.0,,,0 days 00:00:25.902000,0 days 00:00:28.452000,0 days 00:00:27.077000,0 days 01:05:35.060000,0 days 01:06:03.512000,0 days 01:06:30.589000,209.0,249.0,279.0,283.0,False,MEDIUM,8.0,True,Ferrari,0 days 01:05:09.080000,,1,4.0,False,,False,True,2024-07,Emilia Romagna Grand Prix,2024,7,2024-05-19,test
0 days 01:07:52.004000,SAI,55,0 days 00:01:21.493000,9.0,1.0,,,0 days 00:00:25.757000,0 days 00:00:28.479000,0 days 00:00:27.257000,0 days 01:06:56.346000,0 days 01:07:24.825000,0 days 01:07:52.082000,213.0,248.0,277.0,283.0,False,MEDIUM,9.0,True,Ferrari,0 days 01:06:30.511000,,1,4.0,False,,False,True,2024-07,Emilia Romagna Grand Prix,2024,7,2024-05-19,test
0 days 01:09:13.590000,SAI,55,0 days 00:01:21.586000,10.0,1.0,,,0 days 00:00:25.842000,0 days 00:00:28.562000,0 days 00:00:27.182000,0 days 01:08:17.924000,0 days 01:08:46.486000,0 days 01:09:13.668000,211.0,249.0,278.0,282.0,False,MEDIUM,10.0,True,Ferrari,0 days 01:07:52.004000,,1,4.0,False,,False,True,2024-07,Emilia Romagna Grand Prix,2024,7,2024-05-19,test
0 days 01:10:34.906000,SAI,55,0 days 00:01:21.316000,11.0,1.0,,,0 days 00:00:25.753000,0 days 00:00:28.376000,0 days 00:00:27.187000,0 days 01:09:39.421000,0 days 01:10:07.797000,0 days 01:10:34.984000,212.0,250.0,279.0,284.0,False,MEDIUM,11.0,True,Ferrari,0 days 01:09:13.590000,,1,4.0,False,,False,True,2024-07,Emilia Romagna Grand Prix,2024,7,2024-05-19,test
0 days 01:11:56.806000,SAI,55,0 days 00:01:21.900000,12.0,1.0,,,0 days 00:00:25.962000,0 days 00:00:28.594000,0 days 00:00:27.344000,0 days 01:11:00.946000,0 days 01:11:29.540000,0 days 01:11:56.884000,210.0,247.0,277.0,282.0,False,MEDIUM,12.0,True,Ferrari,0 days 01:10:34.906000,,1,4.0,False,,False,True,2024-07,Emilia Romagna Grand Prix,2024,7,2024-05-19,test
0 days 01:13:18.553000,SAI,55,0 days 00:01:21.747000,13.0,1.0,,,0 days 00:00:25.908000,0 days 00:00:28.564000,0 days 00:00:27.275000,0 days 01:12:22.792000,0 days 01:12:51.356000,0 days 01:13:18.631000,212.0,249.0,277.0,283.0,False,MEDIUM,13.0,True,Ferrari,0 days 01:11:56.806000,,1,4.0,False,,False,True,2024-07,Emilia Romagna Grand Prix,2024,7,2024-05-19,test
0 days 01:14:40.191000,SAI,55,0 days 00:01:21.638000,14.0,1.0,,,0 days 00:00:25.746000,0 days 00:00:28.533000,0 days 00:00:27.359000,0 days 01:13:44.377000,0 days 01:14:12.910000,0 days 01:14:40.269000,210.0,251.0,276.0,283.0,False,MEDIUM,14.0,True,Ferrari,0 days 01:13:18.553000,,1,4.0,False,,False,True,2024-07,Emilia Romagna Grand Prix,2024,7,2024-05-19,test
0 days 01:16:01.801000,SAI,55,0 days 00:01:21.610000,15.0,1.0,,,0 days 00:00:25.825000,0 days 00:00:28.551000,0 days 00:00:27.234000,0 days 01:15:06.094000,0 days 01:15:34.645000,0 days 01:16:01.879000,213.0,251.0,278.0,284.0,False,MEDIUM,15.0,True,Ferrari,0 days 01:14:40.191000,,1,4.0,False,,False,True,2024-07,Emilia Romagna Grand Prix,2024,7,2024-05-19,test
0 days 01:17:23.472000,SAI,55,0 days 00:01:21.671000,16.0,1.0,,,0 days 00:00:25.755000,0 days 00:00:28.479000,0 days 00:00:27.437000,0 days 01:16:27.634000,0 days 01:16:56.113000,0 days 01:17:23.550000,212.0,252.0,278.0,282.0,False,MEDIUM,16.0,True,Ferrari,0 days 01:16:01.801000,,1,4.0,False,,False,True,2024-07,Emilia Romagna Grand Prix,2024,7,2024-05-19,test
0 days 01:18:45.645000,SAI,55,0 days 00:01:22.173000,17.0,1.0,,,0 days 00:00:25.919000,0 days 00:00:28.715000,0 days 00:00:27.539000,0 days 01:17:49.469000,0 days 01:18:18.184000,0 days 01:18:45.723000,209.0,249.0,277.0,283.0,False,MEDIUM,17.0,True,Ferrari,0 days 01:17:23.472000,,1,4.0,False,,False,True,2024-07,Emilia Romagna Grand Prix,2024,7,2024-05-19,test
0 days 01:20:07.383000,SAI,55,0 days 00:01:21.738000,18.0,1.0,,,0 days 00:00:25.892000,0 days 00:00:28.461000,0 days 00:00:27.385000,0 days 01:19:11.615000,0 days 01:19:40.076000,0 days 01:20:07.461000,213.0,253.0,278.0,287.0,False,MEDIUM,18.0,True,Ferrari,0 days 01:18:45.645000,,1,4.0,False,,False,True,2024-07,Emilia Romagna Grand Prix,2024,7,2024-05-19,test
0 days 01:21:29.496000,SAI,55,0 days 00:01:22.113000,19.0,1.0,,,0 days 00:00:25.943000,0 days 00:00:28.697000,0 days 00:00:27.473000,0 days 01:20:33.404000,0 days 01:21:02.101000,0 days 01:21:29.574000,211.0,251.0,276.0,285.0,False,MEDIUM,19.0,True,Ferrari,0 days 01:20:07.383000,,1,4.0,False,,False,True,2024-07,Emilia Romagna Grand Prix,2024,7,2024-05-19,test
0 days 01:22:51.521000,SAI,55,0 days 00:01:22.025000,20.0,1.0,,,0 days 00:00:25.948000,0 days 00:00:28.574000,0 days 00:00:27.503000,0 days 01:21:55.522000,0 days 01:22:24.096000,0 days 01:22:51.599000,213.0,252.0,277.0,286.0,False,MEDIUM,20.0,True,Ferrari,0 days 01:21:29.496000,,1,4.0,False,,False,True,2024-07,Emilia Romagna Grand Prix,2024,7,2024-05-19,test
0 days 01:24:13.527000,SAI,55,0 days 00:01:22.006000,21.0,1.0,,,0 days 00:00:25.989000,0 days 00:00:28.640000,0 days 00:00:27.377000,0 days 01:23:17.588000,0 days 01:23:46.228000,0 days 01:24:13.605000,210.0,252.0,278.0,284.0,False,MEDIUM,21.0,True,Ferrari,0 days 01:22:51.521000,,1,4.0,False,,False,True,2024-07,Emilia Romagna Grand Prix,2024,7,2024-05-19,test
0 days 01:25:35.453000,SAI,55,0 days 00:01:21.926000,22.0,1.0,,,0 days 00:00:25.842000,0 days 00:00:28.606000,0 days 00:00:27.478000,0 days 01:24:39.447000,0 days 01:25:08.053000,0 days 01:25:35.531000,212.0,254.0,276.0,285.0,False,MEDIUM,22.0,True,Ferrari,0 days 01:24:13.527000,,1,4.0,False,,False,True,2024-07,Emilia Romagna Grand Prix,2024,7,2024-05-19,test
0 days 01:26:57.265000,SAI,55,0 days 00:01:21.812000,23.0,1.0,,,0 days 00:00:25.812000,0 days 00:00:28.684000,0 days 00:00:27.316000,0 days 01:26:01.343000,0 days 01:26:30.027000,0 days 01:26:57.343000,213.0,254.0,278.0,287.0,False,MEDIUM,23.0,True,Ferrari,0 days 01:25:35.453000,,1,3.0,False,,False,True,2024-07,Emilia Romagna Grand Prix,2024,7,2024-05-19,test
0 days 01:28:19.038000,SAI,55,0 days 00:01:21.773000,24.0,1.0,,,0 days 00:00:25.847000,0 days 00:00:28.629000,0 days 00:00:27.297000,0 days 01:27:23.190000,0 days 01:27:51.819000,0 days 01:28:19.116000,208.0,256.0,278.0,287.0,False,MEDIUM,24.0,True,Ferrari,0 days 01:26:57.265000,,1,3.0,False,,False,True,2024-07,Emilia Romagna Grand Prix,2024,7,2024-05-19,test
0 days 01:29:40.506000,SAI,55,0 days 00:01:21.468000,25.0,1.0,,,0 days 00:00:25.683000,0 days 00:00:28.588000,0 days 00:00:27.197000,0 days 01:28:44.799000,0 days 01:29:13.387000,0 days 01:29:40.584000,214.0,256.0,278.0,287.0,False,MEDIUM,25.0,True,Ferrari,0 days 01:28:19.038000,,1,1.0,False,,False,True,2024-07,Emilia Romagna Grand Prix,2024,7,2024-05-19,test
0 days 01:31:02.094000,SAI,55,0 days 00:01:21.588000,26.0,1.0,,,0 days 00:00:25.685000,0 days 00:00:28.570000,0 days 00:00:27.333000,0 days 01:30:06.269000,0 days 01:30:34.839000,0 days 01:31:02.172000,213.0,255.0,277.0,284.0,False,MEDIUM,26.0,True,Ferrari,0 days 01:29:40.506000,,1,1.0,False,,False,True,2024-07,Emilia Romagna Grand Prix,2024,7,2024-05-19,test
0 days 01:32:28.444000,SAI,55,0 days 00:01:26.350000,27.0,1.0,,0 days 01:32:24.118000,0 days 00:00:25.836000,0 days 00:00:28.607000,0 days 00:00:31.907000,0 days 01:31:28.008000,0 days 01:31:56.615000,0 days 01:32:28.522000,215.0,253.0,,282.0,False,MEDIUM,27.0,True,Ferrari,0 days 01:31:02.094000,,1,1.0,False,,False,False,2024-07,Emilia Romagna Grand Prix,2024,7,2024-05-19,test
0 days 01:34:12.572000,SAI,55,0 days 00:01:44.128000,28.0,2.0,0 days 01:32:54.582000,,0 days 00:00:49.013000,0 days 00:00:28.032000,0 days 00:00:27.083000,0 days 01:33:17.535000,0 days 01:33:45.567000,0 days 01:34:12.650000,214.0,252.0,278.0,282.0,False,HARD,1.0,True,Ferrari,0 days 01:32:28.444000,,1,6.0,False,,False,False,2024-07,Emilia Romagna Grand Prix,2024,7,2024-05-19,test
0 days 01:35:34.169000,SAI,55,0 days 00:01:21.597000,29.0,2.0,,,0 days 00:00:25.625000,0 days 00:00:28.243000,0 days 00:00:27.729000,0 days 01:34:38.275000,0 days 01:35:06.518000,0 days 01:35:34.247000,214.0,253.0,282.0,289.0,False,HARD,2.0,True,Ferrari,0 days 01:34:12.572000,,1,6.0,False,,False,True,2024-07,Emilia Romagna Grand Prix,2024,7,2024-05-19,test
0 days 01:36:54.817000,SAI,55,0 days 00:01:20.648000,30.0,2.0,,,0 days 00:00:25.592000,0 days 00:00:28.120000,0 days 00:00:26.936000,0 days 01:35:59.839000,0 days 01:36:27.959000,0 days 01:36:54.895000,215.0,253.0,276.0,283.0,True,HARD,3.0,True,Ferrari,0 days 01:35:34.169000,,1,5.0,False,,False,True,2024-07,Emilia Romagna Grand Prix,2024,7,2024-05-19,test
0 days 01:38:15.469000,SAI,55,0 days 00:01:20.652000,31.0,2.0,,,0 days 00:00:25.536000,0 days 00:00:28.165000,0 days 00:00:26.951000,0 days 01:37:20.431000,0 days 01:37:48.596000,0 days 01:38:15.547000,214.0,252.0,278.0,284.0,False,HARD,4.0,True,Ferrari,0 days 01:36:54.817000,,1,5.0,False,,False,True,2024-07,Emilia Romagna Grand Prix,2024,7,2024-05-19,test
0 days 01:39:36.105000,SAI,55,0 days 00:01:20.636000,32.0,2.0,,,0 days 00:00:25.582000,0 days 00:00:28.186000,0 days 00:00:26.868000,0 days 01:38:41.129000,0 days 01:39:09.315000,0 days 01:39:36.183000,213.0,252.0,278.0,284.0,True,HARD,5.0,True,Ferrari,0 days 01:38:15.469000,,1,5.0,False,,False,True,2024-07,Emilia Romagna Grand Prix,2024,7,2024-05-19,test
0 days 01:40:56.829000,SAI,55,0 days 00:01:20.724000,33.0,2.0,,,0 days 00:00:25.664000,0 days 00:00:28.187000,0 days 00:00:26.873000,0 days 01:40:01.847000,0 days 01:40:30.034000,0 days 01:40:56.907000,214.0,251.0,279.0,285.0,False,HARD,6.0,True,Ferrari,0 days 01:39:36.105000,,1,5.0,False,,False,True,2024-07,Emilia Romagna Grand Prix,2024,7,2024-05-19,test
0 days 01:42:17.677000,SAI,55,0 days 00:01:20.848000,34.0,2.0,,,0 days 00:00:25.813000,0 days 00:00:28.182000,0 days 00:00:26.853000,0 days 01:41:22.720000,0 days 01:41:50.902000,0 days 01:42:17.755000,216.0,254.0,279.0,286.0,False,HARD,7.0,True,Ferrari,0 days 01:40:56.829000,,1,5.0,False,,False,True,2024-07,Emilia Romagna Grand Prix,2024,7,2024-05-19,test
0 days 01:43:38.382000,SAI,55,0 days 00:01:20.705000,35.0,2.0,,,0 days 00:00:25.599000,0 days 00:00:28.224000,0 days 00:00:26.882000,0 days 01:42:43.354000,0 days 01:43:11.578000,0 days 01:43:38.460000,214.0,253.0,279.0,285.0,False,HARD,8.0,True,Ferrari,0 days 01:42:17.677000,,1,5.0,False,,False,True,2024-07,Emilia Romagna Grand Prix,2024,7,2024-05-19,test
0 days 01:44:59.231000,SAI,55,0 days 00:01:20.849000,36.0,2.0,,,0 days 00:00:25.587000,0 days 00:00:28.323000,0 days 00:00:26.939000,0 days 01:44:04.047000,0 days 01:44:32.370000,0 days 01:44:59.309000,216.0,254.0,280.0,286.0,False,HARD,9.0,True,Ferrari,0 days 01:43:38.382000,,1,5.0,False,,False,True,2024-07,Emilia Romagna Grand Prix,2024,7,2024-05-19,test
0 days 01:46:19.697000,SAI,55,0 days 00:01:20.466000,37.0,2.0,,,0 days 00:00:25.463000,0 days 00:00:28.200000,0 days 00:00:26.803000,0 days 01:45:24.772000,0 days 01:45:52.972000,0 days 01:46:19.775000,217.0,255.0,280.0,286.0,True,HARD,10.0,True,Ferrari,0 days 01:44:59.231000,,1,5.0,False,,False,True,2024-07,Emilia Romagna Grand Prix,2024,7,2024-05-19,test
0 days 01:47:40.193000,SAI,55,0 days 00:01:20.496000,38.0,2.0,,,0 days 00:00:25.430000,0 days 00:00:28.162000,0 days 00:00:26.904000,0 days 01:46:45.205000,0 days 01:47:13.367000,0 days 01:47:40.271000,215.0,254.0,279.0,286.0,False,HARD,11.0,True,Ferrari,0 days 01:46:19.697000,,1,5.0,False,,False,True,2024-07,Emilia Romagna Grand Prix,2024,7,2024-05-19,test
0 days 01:49:00.724000,SAI,55,0 days 00:01:20.531000,39.0,2.0,,,0 days 00:00:25.623000,0 days 00:00:28.016000,0 days 00:00:26.892000,0 days 01:48:05.894000,0 days 01:48:33.910000,0 days 01:49:00.802000,217.0,255.0,280.0,287.0,False,HARD,12.0,True,Ferrari,0 days 01:47:40.193000,,1,5.0,False,,False,True,2024-07,Emilia Romagna Grand Prix,2024,7,2024-05-19,test
0 days 01:50:21.243000,SAI,55,0 days 00:01:20.519000,40.0,2.0,,,0 days 00:00:25.478000,0 days 00:00:27.998000,0 days 00:00:27.043000,0 days 01:49:26.280000,0 days 01:49:54.278000,0 days 01:50:21.321000,218.0,256.0,280.0,287.0,False,HARD,13.0,True,Ferrari,0 days 01:49:00.724000,,1,5.0,False,,False,True,2024-07,Emilia Romagna Grand Prix,2024,7,2024-05-19,test
0 days 01:51:41.858000,SAI,55,0 days 00:01:20.615000,41.0,2.0,,,0 days 00:00:25.452000,0 days 00:00:28.173000,0 days 00:00:26.990000,0 days 01:50:46.773000,0 days 01:51:14.946000,0 days 01:51:41.936000,216.0,253.0,278.0,286.0,False,HARD,14.0,True,Ferrari,0 days 01:50:21.243000,,1,5.0,False,,False,True,2024-07,Emilia Romagna Grand Prix,2024,7,2024-05-19,test
0 days 01:53:02.525000,SAI,55,0 days 00:01:20.667000,42.0,2.0,,,0 days 00:00:25.415000,0 days 00:00:28.121000,0 days 00:00:27.131000,0 days 01:52:07.351000,0 days 01:52:35.472000,0 days 01:53:02.603000,218.0,255.0,279.0,287.0,False,HARD,15.0,True,Ferrari,0 days 01:51:41.858000,,1,5.0,False,,False,True,2024-07,Emilia Romagna Grand Prix,2024,7,2024-05-19,test
0 days 01:54:23.226000,SAI,55,0 days 00:01:20.701000,43.0,2.0,,,0 days 00:00:25.498000,0 days 00:00:28.129000,0 days 00:00:27.074000,0 days 01:53:28.101000,0 days 01:53:56.230000,0 days 01:54:23.304000,219.0,256.0,281.0,288.0,False,HARD,16.0,True,Ferrari,0 days 01:53:02.525000,,1,5.0,False,,False,True,2024-07,Emilia Romagna Grand Prix,2024,7,2024-05-19,test
0 days 01:55:44.292000,SAI,55,0 days 00:01:21.066000,44.0,2.0,,,0 days 00:00:25.409000,0 days 00:00:28.371000,0 days 00:00:27.286000,0 days 01:54:48.713000,0 days 01:55:17.084000,0 days 01:55:44.370000,216.0,254.0,281.0,288.0,False,HARD,17.0,True,Ferrari,0 days 01:54:23.226000,,1,5.0,False,,False,True,2024-07,Emilia Romagna Grand Prix,2024,7,2024-05-19,test
0 days 01:57:05.548000,SAI,55,0 days 00:01:21.256000,45.0,2.0,,,0 days 00:00:25.883000,0 days 00:00:28.288000,0 days 00:00:27.085000,0 days 01:56:10.253000,0 days 01:56:38.541000,0 days 01:57:05.626000,205.0,257.0,280.0,287.0,False,HARD,18.0,True,Ferrari,0 days 01:55:44.292000,,1,5.0,False,,False,True,2024-07,Emilia Romagna Grand Prix,2024,7,2024-05-19,test
0 days 01:58:26.612000,SAI,55,0 days 00:01:21.064000,46.0,2.0,,,0 days 00:00:25.563000,0 days 00:00:28.350000,0 days 00:00:27.151000,0 days 01:57:31.189000,0 days 01:57:59.539000,0 days 01:58:26.690000,213.0,256.0,280.0,287.0,False,HARD,19.0,True,Ferrari,0 days 01:57:05.548000,,1,5.0,False,,False,True,2024-07,Emilia Romagna Grand Prix,2024,7,2024-05-19,test
0 days 01:59:48.676000,SAI,55,0 days 00:01:22.064000,47.0,2.0,,,0 days 00:00:26.583000,0 days 00:00:28.385000,0 days 00:00:27.096000,0 days 01:58:53.273000,0 days 01:59:21.658000,0 days 01:59:48.754000,214.0,254.0,280.0,286.0,False,HARD,20.0,True,Ferrari,0 days 01:58:26.612000,,1,5.0,False,,False,True,2024-07,Emilia Romagna Grand Prix,2024,7,2024-05-19,test
0 days 02:01:09.675000,SAI,55,0 days 00:01:20.999000,48.0,2.0,,,0 days 00:00:25.668000,0 days 00:00:28.377000,0 days 00:00:26.954000,0 days 02:00:14.422000,0 days 02:00:42.799000,0 days 02:01:09.753000,214.0,254.0,281.0,286.0,False,HARD,21.0,True,Ferrari,0 days 01:59:48.676000,,1,5.0,False,,False,True,2024-07,Emilia Romagna Grand Prix,2024,7,2024-05-19,test
0 days 02:02:30.412000,SAI,55,0 days 00:01:20.737000,49.0,2.0,,,0 days 00:00:25.518000,0 days 00:00:28.208000,0 days 00:00:27.011000,0 days 02:01:35.271000,0 days 02:02:03.479000,0 days 02:02:30.490000,216.0,255.0,281.0,290.0,False,HARD,22.0,True,Ferrari,0 days 02:01:09.675000,,1,5.0,False,,False,True,2024-07,Emilia Romagna Grand Prix,2024,7,2024-05-19,test
0 days 02:03:51.400000,SAI,55,0 days 00:01:20.988000,50.0,2.0,,,0 days 00:00:25.561000,0 days 00:00:28.276000,0 days 00:00:27.151000,0 days 02:02:56.051000,0 days 02:03:24.327000,0 days 02:03:51.478000,217.0,257.0,282.0,289.0,False,HARD,23.0,True,Ferrari,0 days 02:02:30.412000,,1,5.0,False,,False,True,2024-07,Emilia Romagna Grand Prix,2024,7,2024-05-19,test
0 days 02:05:13.148000,SAI,55,0 days 00:01:21.748000,51.0,2.0,,,0 days 00:00:25.751000,0 days 00:00:28.736000,0 days 00:00:27.261000,0 days 02:04:17.229000,0 days 02:04:45.965000,0 days 02:05:13.226000,214.0,255.0,283.0,289.0,False,HARD,24.0,True,Ferrari,0 days 02:03:51.400000,,1,5.0,False,,False,True,2024-07,Emilia Romagna Grand Prix,2024,7,2024-05-19,test
0 days 02:06:34.749000,SAI,55,0 days 00:01:21.601000,52.0,2.0,,,0 days 00:00:25.625000,0 days 00:00:28.669000,0 days 00:00:27.307000,0 days 02:05:38.851000,0 days 02:06:07.520000,0 days 02:06:34.827000,210.0,253.0,281.0,290.0,False,HARD,25.0,True,Ferrari,0 days 02:05:13.148000,,1,5.0,False,,False,True,2024-07,Emilia Romagna Grand Prix,2024,7,2024-05-19,test
0 days 02:07:55.987000,SAI,55,0 days 00:01:21.238000,53.0,2.0,,,0 days 00:00:25.797000,0 days 00:00:28.419000,0 days 00:00:27.022000,0 days 02:07:00.624000,0 days 02:07:29.043000,0 days 02:07:56.065000,213.0,257.0,279.0,289.0,False,HARD,26.0,True,Ferrari,0 days 02:06:34.749000,,1,5.0,False,,False,True,2024-07,Emilia Romagna Grand Prix,2024,7,2024-05-19,test
0 days 02:09:16.814000,SAI,55,0 days 00:01:20.827000,54.0,2.0,,,0 days 00:00:25.623000,0 days 00:00:28.230000,0 days 00:00:26.974000,0 days 02:08:21.688000,0 days 02:08:49.918000,0 days 02:09:16.892000,215.0,256.0,281.0,286.0,False,HARD,27.0,True,Ferrari,0 days 02:07:55.987000,,1,5.0,False,,False,True,2024-07,Emilia Romagna Grand Prix,2024,7,2024-05-19,test
0 days 02:10:37.617000,SAI,55,0 days 00:01:20.803000,55.0,2.0,,,0 days 00:00:25.602000,0 days 00:00:28.276000,0 days 00:00:26.925000,0 days 02:09:42.494000,0 days 02:10:10.770000,0 days 02:10:37.695000,215.0,255.0,283.0,286.0,False,HARD,28.0,True,Ferrari,0 days 02:09:16.814000,,1,5.0,False,,False,True,2024-07,Emilia Romagna Grand Prix,2024,7,2024-05-19,test
0 days 02:11:58.576000,SAI,55,0 days 00:01:20.959000,56.0,2.0,,,0 days 00:00:25.537000,0 days 00:00:28.233000,0 days 00:00:27.189000,0 days 02:11:03.232000,0 days 02:11:31.465000,0 days 02:11:58.654000,217.0,259.0,281.0,288.0,False,HARD,29.0,True,Ferrari,0 days 02:10:37.617000,,1,5.0,False,,False,True,2024-07,Emilia Romagna Grand Prix,2024,7,2024-05-19,test
0 days 02:13:19.335000,SAI,55,0 days 00:01:20.759000,57.0,2.0,,,0 days 00:00:25.590000,0 days 00:00:28.203000,0 days 00:00:26.966000,0 days 02:12:24.244000,0 days 02:12:52.447000,0 days 02:13:19.413000,216.0,256.0,280.0,288.0,False,HARD,30.0,True,Ferrari,0 days 02:11:58.576000,,1,5.0,False,,False,True,2024-07,Emilia Romagna Grand Prix,2024,7,2024-05-19,test
0 days 02:14:40.127000,SAI,55,0 days 00:01:20.792000,58.0,2.0,,,0 days 00:00:25.530000,0 days 00:00:28.340000,0 days 00:00:26.922000,0 days 02:13:44.943000,0 days 02:14:13.283000,0 days 02:14:40.205000,214.0,257.0,279.0,287.0,False,HARD,31.0,True,Ferrari,0 days 02:13:19.335000,,1,5.0,False,,False,True,2024-07,Emilia Romagna Grand Prix,2024,7,2024-05-19,test
0 days 02:16:00.867000,SAI,55,0 days 00:01:20.740000,59.0,2.0,,,0 days 00:00:25.603000,0 days 00:00:28.216000,0 days 00:00:26.921000,0 days 02:15:05.808000,0 days 02:15:34.024000,0 days 02:16:00.945000,217.0,255.0,281.0,288.0,False,HARD,32.0,True,Ferrari,0 days 02:14:40.127000,,1,5.0,False,,False,True,2024-07,Emilia Romagna Grand Prix,2024,7,2024-05-19,test
0 days 02:17:21.859000,SAI,55,0 days 00:01:20.992000,60.0,2.0,,,0 days 00:00:25.567000,0 days 00:00:28.316000,0 days 00:00:27.109000,0 days 02:16:26.512000,0 days 02:16:54.828000,0 days 02:17:21.937000,217.0,256.0,282.0,289.0,False,HARD,33.0,True,Ferrari,0 days 02:16:00.867000,,1,5.0,False,,False,True,2024-07,Emilia Romagna Grand Prix,2024,7,2024-05-19,test
0 days 02:18:43.237000,SAI,55,0 days 00:01:21.378000,61.0,2.0,,,0 days 00:00:25.653000,0 days 00:00:28.530000,0 days 00:00:27.195000,0 days 02:17:47.590000,0 days 02:18:16.120000,0 days 02:18:43.315000,215.0,255.0,281.0,287.0,False,HARD,34.0,True,Ferrari,0 days 02:17:21.859000,,1,5.0,False,,False,True,2024-07,Emilia Romagna Grand Prix,2024,7,2024-05-19,test
0 days 02:20:04.207000,SAI,55,0 days 00:01:20.970000,62.0,2.0,,,0 days 00:00:25.594000,0 days 00:00:28.275000,0 days 00:00:27.101000,0 days 02:19:08.909000,0 days 02:19:37.184000,0 days 02:20:04.285000,217.0,259.0,280.0,291.0,False,HARD,35.0,True,Ferrari,0 days 02:18:43.237000,,1,5.0,False,,False,True,2024-07,Emilia Romagna Grand Prix,2024,7,2024-05-19,test
0 days 02:21:24.427000,SAI,55,0 days 00:01:20.220000,63.0,2.0,,,0 days 00:00:25.443000,0 days 00:00:28.097000,0 days 00:00:26.680000,0 days 02:20:29.728000,0 days 02:20:57.825000,0 days 02:21:24.505000,211.0,259.0,281.0,297.0,True,HARD,36.0,True,Ferrari,0 days 02:20:04.207000,,1,5.0,False,,False,True,2024-07,Emilia Romagna Grand Prix,2024,7,2024-05-19,test
0 days 00:57:03.961000,HAM,44,0 days 00:01:27.111000,1.0,1.0,,,,0 days 00:00:29.112000,0 days 00:00:27.601000,,0 days 00:56:36.529000,0 days 00:57:04.177000,215.0,254.0,278.0,279.0,False,MEDIUM,1.0,True,Mercedes,0 days 00:55:36.608000,,1,7.0,False,,False,False,2024-07,Emilia Romagna Grand Prix,2024,7,2024-05-19,test
0 days 00:58:25.802000,HAM,44,0 days 00:01:21.841000,2.0,1.0,,,0 days 00:00:25.975000,0 days 00:00:28.537000,0 days 00:00:27.329000,0 days 00:57:29.957000,0 days 00:57:58.494000,0 days 00:58:25.823000,215.0,254.0,278.0,280.0,True,MEDIUM,2.0,True,Mercedes,0 days 00:57:03.961000,,1,7.0,False,,False,True,2024-07,Emilia Romagna Grand Prix,2024,7,2024-05-19,test
0 days 00:59:47.024000,HAM,44,0 days 00:01:21.222000,3.0,1.0,,,0 days 00:00:25.398000,0 days 00:00:28.589000,0 days 00:00:27.235000,0 days 00:58:51.221000,0 days 00:59:19.810000,0 days 00:59:47.045000,213.0,251.0,276.0,282.0,True,MEDIUM,3.0,True,Mercedes,0 days 00:58:25.802000,,1,7.0,False,,False,True,2024-07,Emilia Romagna Grand Prix,2024,7,2024-05-19,test
0 days 01:01:08.739000,HAM,44,0 days 00:01:21.715000,4.0,1.0,,,0 days 00:00:25.826000,0 days 00:00:28.580000,0 days 00:00:27.309000,0 days 01:00:12.871000,0 days 01:00:41.451000,0 days 01:01:08.760000,215.0,252.0,276.0,282.0,False,MEDIUM,4.0,True,Mercedes,0 days 00:59:47.024000,,1,7.0,False,,False,True,2024-07,Emilia Romagna Grand Prix,2024,7,2024-05-19,test
0 days 01:02:30.283000,HAM,44,0 days 00:01:21.544000,5.0,1.0,,,0 days 00:00:25.532000,0 days 00:00:28.695000,0 days 00:00:27.317000,0 days 01:01:34.292000,0 days 01:02:02.987000,0 days 01:02:30.304000,211.0,247.0,276.0,280.0,False,MEDIUM,5.0,True,Mercedes,0 days 01:01:08.739000,,1,7.0,False,,False,True,2024-07,Emilia Romagna Grand Prix,2024,7,2024-05-19,test
0 days 01:03:51.852000,HAM,44,0 days 00:01:21.569000,6.0,1.0,,,0 days 00:00:25.783000,0 days 00:00:28.501000,0 days 00:00:27.285000,0 days 01:02:56.087000,0 days 01:03:24.588000,0 days 01:03:51.873000,213.0,253.0,276.0,284.0,False,MEDIUM,6.0,True,Mercedes,0 days 01:02:30.283000,,1,7.0,False,,False,True,2024-07,Emilia Romagna Grand Prix,2024,7,2024-05-19,test
0 days 01:05:13.298000,HAM,44,0 days 00:01:21.446000,7.0,1.0,,,0 days 00:00:25.820000,0 days 00:00:28.323000,0 days 00:00:27.303000,0 days 01:04:17.693000,0 days 01:04:46.016000,0 days 01:05:13.319000,214.0,251.0,276.0,285.0,False,MEDIUM,7.0,True,Mercedes,0 days 01:03:51.852000,,1,7.0,False,,False,True,2024-07,Emilia Romagna Grand Prix,2024,7,2024-05-19,test
0 days 01:06:34.891000,HAM,44,0 days 00:01:21.593000,8.0,1.0,,,0 days 00:00:25.803000,0 days 00:00:28.446000,0 days 00:00:27.344000,0 days 01:05:39.122000,0 days 01:06:07.568000,0 days 01:06:34.912000,212.0,249.0,277.0,284.0,False,MEDIUM,8.0,True,Mercedes,0 days 01:05:13.298000,,1,7.0,False,,False,True,2024-07,Emilia Romagna Grand Prix,2024,7,2024-05-19,test
0 days 01:07:56.401000,HAM,44,0 days 00:01:21.510000,9.0,1.0,,,0 days 00:00:25.861000,0 days 00:00:28.431000,0 days 00:00:27.218000,0 days 01:07:00.773000,0 days 01:07:29.204000,0 days 01:07:56.422000,216.0,254.0,277.0,286.0,False,MEDIUM,9.0,True,Mercedes,0 days 01:06:34.891000,,1,7.0,False,,False,True,2024-07,Emilia Romagna Grand Prix,2024,7,2024-05-19,test
0 days 01:09:17.945000,HAM,44,0 days 00:01:21.544000,10.0,1.0,,,0 days 00:00:25.769000,0 days 00:00:28.407000,0 days 00:00:27.368000,0 days 01:08:22.191000,0 days 01:08:50.598000,0 days 01:09:17.966000,213.0,255.0,277.0,283.0,False,MEDIUM,10.0,True,Mercedes,0 days 01:07:56.401000,,1,7.0,False,,False,True,2024-07,Emilia Romagna Grand Prix,2024,7,2024-05-19,test
0 days 01:10:39.417000,HAM,44,0 days 00:01:21.472000,11.0,1.0,,,0 days 00:00:25.435000,0 days 00:00:28.661000,0 days 00:00:27.376000,0 days 01:09:43.401000,0 days 01:10:12.062000,0 days 01:10:39.438000,213.0,251.0,277.0,283.0,False,MEDIUM,11.0,True,Mercedes,0 days 01:09:17.945000,,1,7.0,False,,False,True,2024-07,Emilia Romagna Grand Prix,2024,7,2024-05-19,test
0 days 01:12:01.173000,HAM,44,0 days 00:01:21.756000,12.0,1.0,,,0 days 00:00:25.880000,0 days 00:00:28.577000,0 days 00:00:27.299000,0 days 01:11:05.318000,0 days 01:11:33.895000,0 days 01:12:01.194000,213.0,252.0,277.0,284.0,False,MEDIUM,12.0,True,Mercedes,0 days 01:10:39.417000,,1,7.0,False,,False,True,2024-07,Emilia Romagna Grand Prix,2024,7,2024-05-19,test
0 days 01:13:22.940000,HAM,44,0 days 00:01:21.767000,13.0,1.0,,,0 days 00:00:25.890000,0 days 00:00:28.581000,0 days 00:00:27.296000,0 days 01:12:27.084000,0 days 01:12:55.665000,0 days 01:13:22.961000,213.0,252.0,277.0,289.0,False,MEDIUM,13.0,True,Mercedes,0 days 01:12:01.173000,,1,7.0,False,,False,True,2024-07,Emilia Romagna Grand Prix,2024,7,2024-05-19,test
0 days 01:14:45.020000,HAM,44,0 days 00:01:22.080000,14.0,1.0,,,0 days 00:00:25.910000,0 days 00:00:28.530000,0 days 00:00:27.640000,0 days 01:13:48.871000,0 days 01:14:17.401000,0 days 01:14:45.041000,208.0,251.0,275.0,283.0,False,MEDIUM,14.0,True,Mercedes,0 days 01:13:22.940000,,1,7.0,False,,False,True,2024-07,Emilia Romagna Grand Prix,2024,7,2024-05-19,test
0 days 01:16:06.749000,HAM,44,0 days 00:01:21.729000,15.0,1.0,,,0 days 00:00:25.736000,0 days 00:00:28.561000,0 days 00:00:27.432000,0 days 01:15:10.777000,0 days 01:15:39.338000,0 days 01:16:06.770000,214.0,255.0,278.0,286.0,False,MEDIUM,15.0,True,Mercedes,0 days 01:14:45.020000,,1,7.0,False,,False,True,2024-07,Emilia Romagna Grand Prix,2024,7,2024-05-19,test
0 days 01:17:28.948000,HAM,44,0 days 00:01:22.199000,16.0,1.0,,,0 days 00:00:25.837000,0 days 00:00:28.614000,0 days 00:00:27.748000,0 days 01:16:32.607000,0 days 01:17:01.221000,0 days 01:17:28.969000,213.0,252.0,278.0,284.0,False,MEDIUM,16.0,True,Mercedes,0 days 01:16:06.749000,,1,7.0,False,,False,True,2024-07,Emilia Romagna Grand Prix,2024,7,2024-05-19,test
0 days 01:18:50.794000,HAM,44,0 days 00:01:21.846000,17.0,1.0,,,0 days 00:00:25.745000,0 days 00:00:28.459000,0 days 00:00:27.642000,0 days 01:17:54.714000,0 days 01:18:23.173000,0 days 01:18:50.815000,214.0,253.0,276.0,285.0,False,MEDIUM,17.0,True,Mercedes,0 days 01:17:28.948000,,1,7.0,False,,False,True,2024-07,Emilia Romagna Grand Prix,2024,7,2024-05-19,test
0 days 01:20:12.814000,HAM,44,0 days 00:01:22.020000,18.0,1.0,,,0 days 00:00:25.940000,0 days 00:00:28.628000,0 days 00:00:27.452000,0 days 01:19:16.755000,0 days 01:19:45.383000,0 days 01:20:12.835000,211.0,253.0,278.0,285.0,False,MEDIUM,18.0,True,Mercedes,0 days 01:18:50.794000,,1,7.0,False,,False,True,2024-07,Emilia Romagna Grand Prix,2024,7,2024-05-19,test
0 days 01:21:34.788000,HAM,44,0 days 00:01:21.974000,19.0,1.0,,,0 days 00:00:25.799000,0 days 00:00:28.617000,0 days 00:00:27.558000,0 days 01:20:38.634000,0 days 01:21:07.251000,0 days 01:21:34.809000,214.0,253.0,277.0,284.0,False,MEDIUM,19.0,True,Mercedes,0 days 01:20:12.814000,,1,7.0,False,,False,True,2024-07,Emilia Romagna Grand Prix,2024,7,2024-05-19,test
0 days 01:22:57.010000,HAM,44,0 days 00:01:22.222000,20.0,1.0,,,0 days 00:00:25.837000,0 days 00:00:28.636000,0 days 00:00:27.749000,0 days 01:22:00.646000,0 days 01:22:29.282000,0 days 01:22:57.031000,213.0,253.0,275.0,286.0,False,MEDIUM,20.0,True,Mercedes,0 days 01:21:34.788000,,1,7.0,False,,False,True,2024-07,Emilia Romagna Grand Prix,2024,7,2024-05-19,test
0 days 01:24:19.285000,HAM,44,0 days 00:01:22.275000,21.0,1.0,,,0 days 00:00:25.983000,0 days 00:00:28.650000,0 days 00:00:27.642000,0 days 01:23:23.014000,0 days 01:23:51.664000,0 days 01:24:19.306000,212.0,252.0,278.0,287.0,False,MEDIUM,21.0,True,Mercedes,0 days 01:22:57.010000,,1,6.0,False,,False,True,2024-07,Emilia Romagna Grand Prix,2024,7,2024-05-19,test
0 days 01:25:41.131000,HAM,44,0 days 00:01:21.846000,22.0,1.0,,,0 days 00:00:25.746000,0 days 00:00:28.636000,0 days 00:00:27.464000,0 days 01:24:45.052000,0 days 01:25:13.688000,0 days 01:25:41.152000,212.0,253.0,277.0,282.0,False,MEDIUM,22.0,True,Mercedes,0 days 01:24:19.285000,,1,6.0,False,,False,True,2024-07,Emilia Romagna Grand Prix,2024,7,2024-05-19,test
0 days 01:27:02.692000,HAM,44,0 days 00:01:21.561000,23.0,1.0,,,0 days 00:00:25.730000,0 days 00:00:28.493000,0 days 00:00:27.338000,0 days 01:26:06.882000,0 days 01:26:35.375000,0 days 01:27:02.713000,216.0,254.0,277.0,284.0,False,MEDIUM,23.0,True,Mercedes,0 days 01:25:41.131000,,1,5.0,False,,False,True,2024-07,Emilia Romagna Grand Prix,2024,7,2024-05-19,test
0 days 01:28:25.037000,HAM,44,0 days 00:01:22.345000,24.0,1.0,,,0 days 00:00:25.735000,0 days 00:00:29.206000,0 days 00:00:27.404000,0 days 01:27:28.448000,0 days 01:27:57.654000,0 days 01:28:25.058000,212.0,253.0,277.0,283.0,False,MEDIUM,24.0,True,Mercedes,0 days 01:27:02.692000,,1,4.0,False,,False,True,2024-07,Emilia Romagna Grand Prix,2024,7,2024-05-19,test
0 days 01:29:46.529000,HAM,44,0 days 00:01:21.492000,25.0,1.0,,,0 days 00:00:25.732000,0 days 00:00:28.516000,0 days 00:00:27.244000,0 days 01:28:50.790000,0 days 01:29:19.306000,0 days 01:29:46.550000,215.0,255.0,278.0,285.0,False,MEDIUM,25.0,True,Mercedes,0 days 01:28:25.037000,,1,3.0,False,,False,True,2024-07,Emilia Romagna Grand Prix,2024,7,2024-05-19,test
0 days 01:31:12.875000,HAM,44,0 days 00:01:26.346000,26.0,1.0,,,0 days 00:00:25.873000,0 days 00:00:32.145000,0 days 00:00:28.328000,0 days 01:30:12.423000,0 days 01:30:44.568000,0 days 01:31:12.896000,213.0,213.0,277.0,291.0,False,MEDIUM,26.0,True,Mercedes,0 days 01:29:46.529000,,1,2.0,True,TRACK LIMITS AT TURN 13 LAP 26 ,False,True,2024-07,Emilia Romagna Grand Prix,2024,7,2024-05-19,test
0 days 01:32:39.090000,HAM,44,0 days 00:01:26.215000,27.0,1.0,,0 days 01:32:34.729000,0 days 00:00:25.439000,0 days 00:00:28.833000,0 days 00:00:31.943000,0 days 01:31:38.335000,0 days 01:32:07.168000,0 days 01:32:39.111000,210.0,245.0,,278.0,False,MEDIUM,27.0,True,Mercedes,0 days 01:31:12.875000,,1,3.0,False,,False,False,2024-07,Emilia Romagna Grand Prix,2024,7,2024-05-19,test
0 days 01:34:22.496000,HAM,44,0 days 00:01:43.406000,28.0,2.0,0 days 01:33:04.332000,,0 days 00:00:48.223000,0 days 00:00:28.219000,0 days 00:00:26.964000,0 days 01:33:27.334000,0 days 01:33:55.553000,0 days 01:34:22.517000,213.0,254.0,277.0,280.0,False,HARD,1.0,True,Mercedes,0 days 01:32:39.090000,,1,9.0,False,,False,False,2024-07,Emilia Romagna Grand Prix,2024,7,2024-05-19,test
0 days 01:35:43.089000,HAM,44,0 days 00:01:20.593000,29.0,2.0,,,0 days 00:00:25.505000,0 days 00:00:28.123000,0 days 00:00:26.965000,0 days 01:34:48.022000,0 days 01:35:16.145000,0 days 01:35:43.110000,217.0,253.0,277.0,282.0,True,HARD,2.0,True,Mercedes,0 days 01:34:22.496000,,1,9.0,False,,False,True,2024-07,Emilia Romagna Grand Prix,2024,7,2024-05-19,test
0 days 01:37:03.675000,HAM,44,0 days 00:01:20.586000,30.0,2.0,,,0 days 00:00:25.537000,0 days 00:00:28.089000,0 days 00:00:26.960000,0 days 01:36:08.647000,0 days 01:36:36.736000,0 days 01:37:03.696000,215.0,252.0,279.0,284.0,True,HARD,3.0,True,Mercedes,0 days 01:35:43.089000,,1,9.0,False,,False,True,2024-07,Emilia Romagna Grand Prix,2024,7,2024-05-19,test
0 days 01:38:25.412000,HAM,44,0 days 00:01:21.737000,31.0,2.0,,,0 days 00:00:25.692000,0 days 00:00:28.674000,0 days 00:00:27.371000,0 days 01:37:29.388000,0 days 01:37:58.062000,0 days 01:38:25.433000,214.0,256.0,276.0,284.0,False,HARD,4.0,True,Mercedes,0 days 01:37:03.675000,,1,8.0,False,,False,True,2024-07,Emilia Romagna Grand Prix,2024,7,2024-05-19,test
0 days 01:39:46.572000,HAM,44,0 days 00:01:21.160000,32.0,2.0,,,0 days 00:00:25.670000,0 days 00:00:28.300000,0 days 00:00:27.190000,0 days 01:38:51.103000,0 days 01:39:19.403000,0 days 01:39:46.593000,214.0,252.0,278.0,282.0,False,HARD,5.0,True,Mercedes,0 days 01:38:25.412000,,1,8.0,False,,False,True,2024-07,Emilia Romagna Grand Prix,2024,7,2024-05-19,test
0 days 01:41:07.514000,HAM,44,0 days 00:01:20.942000,33.0,2.0,,,0 days 00:00:25.705000,0 days 00:00:28.188000,0 days 00:00:27.049000,0 days 01:40:12.298000,0 days 01:40:40.486000,0 days 01:41:07.535000,216.0,257.0,279.0,285.0,False,HARD,6.0,True,Mercedes,0 days 01:39:46.572000,,1,8.0,False,,False,True,2024-07,Emilia Romagna Grand Prix,2024,7,2024-05-19,test
0 days 01:42:28.478000,HAM,44,0 days 00:01:20.964000,34.0,2.0,,,0 days 00:00:25.570000,0 days 00:00:28.263000,0 days 00:00:27.131000,0 days 01:41:33.105000,0 days 01:42:01.368000,0 days 01:42:28.499000,218.0,257.0,282.0,287.0,False,HARD,7.0,True,Mercedes,0 days 01:41:07.514000,,1,8.0,False,,False,True,2024-07,Emilia Romagna Grand Prix,2024,7,2024-05-19,test
0 days 01:43:50.643000,HAM,44,0 days 00:01:22.165000,35.0,2.0,,,0 days 00:00:25.728000,0 days 00:00:28.898000,0 days 00:00:27.539000,0 days 01:42:54.227000,0 days 01:43:23.125000,0 days 01:43:50.664000,209.0,255.0,282.0,286.0,False,HARD,8.0,True,Mercedes,0 days 01:42:28.478000,,1,8.0,False,,False,True,2024-07,Emilia Romagna Grand Prix,2024,7,2024-05-19,test
0 days 01:45:13.701000,HAM,44,0 days 00:01:23.058000,36.0,2.0,,,0 days 00:00:26.525000,0 days 00:00:28.968000,0 days 00:00:27.565000,0 days 01:44:17.189000,0 days 01:44:46.157000,0 days 01:45:13.722000,211.0,253.0,283.0,283.0,False,HARD,9.0,True,Mercedes,0 days 01:43:50.643000,,1,8.0,False,,False,True,2024-07,Emilia Romagna Grand Prix,2024,7,2024-05-19,test
0 days 01:46:34.449000,HAM,44,0 days 00:01:20.748000,37.0,2.0,,,0 days 00:00:25.191000,0 days 00:00:28.360000,0 days 00:00:27.197000,0 days 01:45:38.913000,0 days 01:46:07.273000,0 days 01:46:34.470000,208.0,251.0,278.0,279.0,False,HARD,10.0,True,Mercedes,0 days 01:45:13.701000,,1,7.0,False,,False,True,2024-07,Emilia Romagna Grand Prix,2024,7,2024-05-19,test
0 days 01:47:54.995000,HAM,44,0 days 00:01:20.546000,38.0,2.0,,,0 days 00:00:25.560000,0 days 00:00:28.108000,0 days 00:00:26.878000,0 days 01:47:00.030000,0 days 01:47:28.138000,0 days 01:47:55.016000,219.0,255.0,279.0,289.0,True,HARD,11.0,True,Mercedes,0 days 01:46:34.449000,,1,7.0,False,,False,True,2024-07,Emilia Romagna Grand Prix,2024,7,2024-05-19,test
0 days 01:49:15.672000,HAM,44,0 days 00:01:20.677000,39.0,2.0,,,0 days 00:00:25.642000,0 days 00:00:28.132000,0 days 00:00:26.903000,0 days 01:48:20.658000,0 days 01:48:48.790000,0 days 01:49:15.693000,217.0,256.0,280.0,285.0,False,HARD,12.0,True,Mercedes,0 days 01:47:54.995000,,1,7.0,False,,False,True,2024-07,Emilia Romagna Grand Prix,2024,7,2024-05-19,test
0 days 01:50:36.509000,HAM,44,0 days 00:01:20.837000,40.0,2.0,,,0 days 00:00:25.587000,0 days 00:00:28.161000,0 days 00:00:27.089000,0 days 01:49:41.280000,0 days 01:50:09.441000,0 days 01:50:36.530000,214.0,252.0,279.0,281.0,False,HARD,13.0,True,Mercedes,0 days 01:49:15.672000,,1,7.0,False,,False,True,2024-07,Emilia Romagna Grand Prix,2024,7,2024-05-19,test
0 days 01:51:57.148000,HAM,44,0 days 00:01:20.639000,41.0,2.0,,,0 days 00:00:25.484000,0 days 00:00:28.126000,0 days 00:00:27.029000,0 days 01:51:02.014000,0 days 01:51:30.140000,0 days 01:51:57.169000,216.0,255.0,278.0,282.0,False,HARD,14.0,True,Mercedes,0 days 01:50:36.509000,,1,7.0,False,,False,True,2024-07,Emilia Romagna Grand Prix,2024,7,2024-05-19,test
0 days 01:53:17.582000,HAM,44,0 days 00:01:20.434000,42.0,2.0,,,0 days 00:00:25.547000,0 days 00:00:27.982000,0 days 00:00:26.905000,0 days 01:52:22.716000,0 days 01:52:50.698000,0 days 01:53:17.603000,216.0,256.0,280.0,285.0,True,HARD,15.0,True,Mercedes,0 days 01:51:57.148000,,1,7.0,False,,False,True,2024-07,Emilia Romagna Grand Prix,2024,7,2024-05-19,test
0 days 01:54:37.913000,HAM,44,0 days 00:01:20.331000,43.0,2.0,,,0 days 00:00:25.443000,0 days 00:00:27.961000,0 days 00:00:26.927000,0 days 01:53:43.046000,0 days 01:54:11.007000,0 days 01:54:37.934000,218.0,258.0,281.0,285.0,True,HARD,16.0,True,Mercedes,0 days 01:53:17.582000,,1,7.0,False,,False,True,2024-07,Emilia Romagna Grand Prix,2024,7,2024-05-19,test
0 days 01:55:58.756000,HAM,44,0 days 00:01:20.843000,44.0,2.0,,,0 days 00:00:25.507000,0 days 00:00:28.267000,0 days 00:00:27.069000,0 days 01:55:03.441000,0 days 01:55:31.708000,0 days 01:55:58.777000,206.0,258.0,280.0,284.0,False,HARD,17.0,True,Mercedes,0 days 01:54:37.913000,,1,7.0,False,,False,True,2024-07,Emilia Romagna Grand Prix,2024,7,2024-05-19,test
0 days 01:57:19.337000,HAM,44,0 days 00:01:20.581000,45.0,2.0,,,0 days 00:00:25.454000,0 days 00:00:28.199000,0 days 00:00:26.928000,0 days 01:56:24.231000,0 days 01:56:52.430000,0 days 01:57:19.358000,213.0,257.0,280.0,285.0,False,HARD,18.0,True,Mercedes,0 days 01:55:58.756000,,1,7.0,False,,False,True,2024-07,Emilia Romagna Grand Prix,2024,7,2024-05-19,test
0 days 01:58:40.281000,HAM,44,0 days 00:01:20.944000,46.0,2.0,,,0 days 00:00:25.593000,0 days 00:00:28.296000,0 days 00:00:27.055000,0 days 01:57:44.951000,0 days 01:58:13.247000,0 days 01:58:40.302000,211.0,258.0,280.0,287.0,False,HARD,19.0,True,Mercedes,0 days 01:57:19.337000,,1,7.0,False,,False,True,2024-07,Emilia Romagna Grand Prix,2024,7,2024-05-19,test
0 days 02:00:01.350000,HAM,44,0 days 00:01:21.069000,47.0,2.0,,,0 days 00:00:25.578000,0 days 00:00:28.403000,0 days 00:00:27.088000,0 days 01:59:05.880000,0 days 01:59:34.283000,0 days 02:00:01.371000,214.0,257.0,280.0,284.0,False,HARD,20.0,True,Mercedes,0 days 01:58:40.281000,,1,7.0,False,,False,True,2024-07,Emilia Romagna Grand Prix,2024,7,2024-05-19,test
0 days 02:01:22.271000,HAM,44,0 days 00:01:20.921000,48.0,2.0,,,0 days 00:00:25.556000,0 days 00:00:28.348000,0 days 00:00:27.017000,0 days 02:00:26.927000,0 days 02:00:55.275000,0 days 02:01:22.292000,212.0,255.0,280.0,283.0,False,HARD,21.0,True,Mercedes,0 days 02:00:01.350000,,1,7.0,False,,False,True,2024-07,Emilia Romagna Grand Prix,2024,7,2024-05-19,test
0 days 02:02:43.453000,HAM,44,0 days 00:01:21.182000,49.0,2.0,,,0 days 00:00:25.576000,0 days 00:00:28.490000,0 days 00:00:27.116000,0 days 02:01:47.868000,0 days 02:02:16.358000,0 days 02:02:43.474000,216.0,256.0,280.0,286.0,False,HARD,22.0,True,Mercedes,0 days 02:01:22.271000,,1,7.0,False,,False,True,2024-07,Emilia Romagna Grand Prix,2024,7,2024-05-19,test
0 days 02:04:04.151000,HAM,44,0 days 00:01:20.698000,50.0,2.0,,,0 days 00:00:25.379000,0 days 00:00:28.223000,0 days 00:00:27.096000,0 days 02:03:08.853000,0 days 02:03:37.076000,0 days 02:04:04.172000,216.0,255.0,281.0,284.0,False,HARD,23.0,True,Mercedes,0 days 02:02:43.453000,,1,7.0,False,,False,True,2024-07,Emilia Romagna Grand Prix,2024,7,2024-05-19,test
0 days 02:05:24.927000,HAM,44,0 days 00:01:20.776000,51.0,2.0,,,0 days 00:00:25.481000,0 days 00:00:28.319000,0 days 00:00:26.976000,0 days 02:04:29.653000,0 days 02:04:57.972000,0 days 02:05:24.948000,218.0,258.0,281.0,287.0,False,HARD,24.0,True,Mercedes,0 days 02:04:04.151000,,1,7.0,False,,False,True,2024-07,Emilia Romagna Grand Prix,2024,7,2024-05-19,test
0 days 02:06:46.103000,HAM,44,0 days 00:01:21.176000,52.0,2.0,,,0 days 00:00:25.580000,0 days 00:00:28.336000,0 days 00:00:27.260000,0 days 02:05:50.528000,0 days 02:06:18.864000,0 days 02:06:46.124000,215.0,257.0,282.0,287.0,False,HARD,25.0,True,Mercedes,0 days 02:05:24.927000,,1,6.0,False,,False,True,2024-07,Emilia Romagna Grand Prix,2024,7,2024-05-19,test
0 days 02:08:07.518000,HAM,44,0 days 00:01:21.415000,53.0,2.0,,,0 days 00:00:25.781000,0 days 00:00:28.426000,0 days 00:00:27.208000,0 days 02:07:11.905000,0 days 02:07:40.331000,0 days 02:08:07.539000,211.0,258.0,280.0,286.0,False,HARD,26.0,True,Mercedes,0 days 02:06:46.103000,,1,6.0,False,,False,True,2024-07,Emilia Romagna Grand Prix,2024,7,2024-05-19,test
0 days 02:09:28.359000,HAM,44,0 days 00:01:20.841000,54.0,2.0,,,0 days 00:00:25.607000,0 days 00:00:28.141000,0 days 00:00:27.093000,0 days 02:08:33.146000,0 days 02:09:01.287000,0 days 02:09:28.380000,216.0,259.0,281.0,286.0,False,HARD,27.0,True,Mercedes,0 days 02:08:07.518000,,1,6.0,False,,False,True,2024-07,Emilia Romagna Grand Prix,2024,7,2024-05-19,test
0 days 02:10:49.386000,HAM,44,0 days 00:01:21.027000,55.0,2.0,,,0 days 00:00:25.617000,0 days 00:00:28.264000,0 days 00:00:27.146000,0 days 02:09:53.997000,0 days 02:10:22.261000,0 days 02:10:49.407000,213.0,257.0,282.0,284.0,False,HARD,28.0,True,Mercedes,0 days 02:09:28.359000,,1,6.0,False,,False,True,2024-07,Emilia Romagna Grand Prix,2024,7,2024-05-19,test
0 days 02:12:10.683000,HAM,44,0 days 00:01:21.297000,56.0,2.0,,,0 days 00:00:25.576000,0 days 00:00:28.333000,0 days 00:00:27.388000,0 days 02:11:14.983000,0 days 02:11:43.316000,0 days 02:12:10.704000,215.0,260.0,282.0,288.0,False,HARD,29.0,True,Mercedes,0 days 02:10:49.386000,,1,6.0,False,,False,True,2024-07,Emilia Romagna Grand Prix,2024,7,2024-05-19,test
0 days 02:13:32.347000,HAM,44,0 days 00:01:21.664000,57.0,2.0,,,0 days 00:00:25.560000,0 days 00:00:28.796000,0 days 00:00:27.308000,0 days 02:12:36.264000,0 days 02:13:05.060000,0 days 02:13:32.368000,214.0,259.0,283.0,287.0,False,HARD,30.0,True,Mercedes,0 days 02:12:10.683000,,1,6.0,False,,False,True,2024-07,Emilia Romagna Grand Prix,2024,7,2024-05-19,test
0 days 02:14:53.908000,HAM,44,0 days 00:01:21.561000,58.0,2.0,,,0 days 00:00:25.581000,0 days 00:00:28.845000,0 days 00:00:27.135000,0 days 02:13:57.949000,0 days 02:14:26.794000,0 days 02:14:53.929000,213.0,255.0,278.0,283.0,False,HARD,31.0,True,Mercedes,0 days 02:13:32.347000,,1,6.0,False,,False,True,2024-07,Emilia Romagna Grand Prix,2024,7,2024-05-19,test
0 days 02:16:14.557000,HAM,44,0 days 00:01:20.649000,59.0,2.0,,,0 days 00:00:25.552000,0 days 00:00:28.086000,0 days 00:00:27.011000,0 days 02:15:19.481000,0 days 02:15:47.567000,0 days 02:16:14.578000,217.0,258.0,279.0,285.0,False,HARD,32.0,True,Mercedes,0 days 02:14:53.908000,,1,6.0,False,,False,True,2024-07,Emilia Romagna Grand Prix,2024,7,2024-05-19,test
0 days 02:17:35.186000,HAM,44,0 days 00:01:20.629000,60.0,2.0,,,0 days 00:00:25.539000,0 days 00:00:28.241000,0 days 00:00:26.849000,0 days 02:16:40.117000,0 days 02:17:08.358000,0 days 02:17:35.207000,218.0,257.0,280.0,286.0,False,HARD,33.0,True,Mercedes,0 days 02:16:14.557000,,1,6.0,False,,False,True,2024-07,Emilia Romagna Grand Prix,2024,7,2024-05-19,test
0 days 02:18:55.912000,HAM,44,0 days 00:01:20.726000,61.0,2.0,,,0 days 00:00:25.481000,0 days 00:00:28.187000,0 days 00:00:27.058000,0 days 02:18:00.688000,0 days 02:18:28.875000,0 days 02:18:55.933000,216.0,256.0,279.0,284.0,False,HARD,34.0,True,Mercedes,0 days 02:17:35.186000,,1,6.0,False,,False,True,2024-07,Emilia Romagna Grand Prix,2024,7,2024-05-19,test
0 days 02:20:16.557000,HAM,44,0 days 00:01:20.645000,62.0,2.0,,,0 days 00:00:25.562000,0 days 00:00:28.179000,0 days 00:00:26.904000,0 days 02:19:21.495000,0 days 02:19:49.674000,0 days 02:20:16.578000,220.0,258.0,279.0,293.0,False,HARD,35.0,True,Mercedes,0 days 02:18:55.912000,,1,6.0,False,,False,True,2024-07,Emilia Romagna Grand Prix,2024,7,2024-05-19,test
0 days 02:21:37.206000,HAM,44,0 days 00:01:20.649000,63.0,2.0,,,0 days 00:00:25.518000,0 days 00:00:28.178000,0 days 00:00:26.953000,0 days 02:20:42.096000,0 days 02:21:10.274000,0 days 02:21:37.227000,216.0,259.0,277.0,285.0,False,HARD,36.0,True,Mercedes,0 days 02:20:16.557000,,1,6.0,False,,False,True,2024-07,Emilia Romagna Grand Prix,2024,7,2024-05-19,test
0 days 00:57:03.348000,RUS,63,0 days 00:01:26.498000,1.0,1.0,,,,0 days 00:00:28.928000,0 days 00:00:27.549000,,0 days 00:56:35.940000,0 days 00:57:03.553000,214.0,254.0,277.0,288.0,False,MEDIUM,1.0,True,Mercedes,0 days 00:55:36.608000,,1,6.0,False,,False,False,2024-07,Emilia Romagna Grand Prix,2024,7,2024-05-19,test
0 days 00:58:24.910000,RUS,63,0 days 00:01:21.562000,2.0,1.0,,,0 days 00:00:25.920000,0 days 00:00:28.359000,0 days 00:00:27.283000,0 days 00:57:29.304000,0 days 00:57:57.663000,0 days 00:58:24.946000,213.0,253.0,278.0,292.0,True,MEDIUM,2.0,True,Mercedes,0 days 00:57:03.348000,,1,6.0,False,,False,True,2024-07,Emilia Romagna Grand Prix,2024,7,2024-05-19,test
0 days 00:59:46.045000,RUS,63,0 days 00:01:21.135000,3.0,1.0,,,0 days 00:00:25.452000,0 days 00:00:28.312000,0 days 00:00:27.371000,0 days 00:58:50.398000,0 days 00:59:18.710000,0 days 00:59:46.081000,214.0,248.0,276.0,290.0,True,MEDIUM,3.0,True,Mercedes,0 days 00:58:24.910000,,1,6.0,False,,False,True,2024-07,Emilia Romagna Grand Prix,2024,7,2024-05-19,test
0 days 01:01:07.673000,RUS,63,0 days 00:01:21.628000,4.0,1.0,,,0 days 00:00:25.851000,0 days 00:00:28.425000,0 days 00:00:27.352000,0 days 01:00:11.932000,0 days 01:00:40.357000,0 days 01:01:07.709000,214.0,250.0,275.0,291.0,False,MEDIUM,4.0,True,Mercedes,0 days 00:59:46.045000,,1,6.0,False,,False,True,2024-07,Emilia Romagna Grand Prix,2024,7,2024-05-19,test
0 days 01:02:29.148000,RUS,63,0 days 00:01:21.475000,5.0,1.0,,,0 days 00:00:25.828000,0 days 00:00:28.184000,0 days 00:00:27.463000,0 days 01:01:33.537000,0 days 01:02:01.721000,0 days 01:02:29.184000,214.0,253.0,276.0,275.0,False,MEDIUM,5.0,True,Mercedes,0 days 01:01:07.673000,,1,6.0,False,,False,True,2024-07,Emilia Romagna Grand Prix,2024,7,2024-05-19,test
0 days 01:03:50.640000,RUS,63,0 days 00:01:21.492000,6.0,1.0,,,0 days 00:00:25.892000,0 days 00:00:28.357000,0 days 00:00:27.243000,0 days 01:02:55.076000,0 days 01:03:23.433000,0 days 01:03:50.676000,213.0,252.0,276.0,283.0,False,MEDIUM,6.0,True,Mercedes,0 days 01:02:29.148000,,1,6.0,False,,False,True,2024-07,Emilia Romagna Grand Prix,2024,7,2024-05-19,test
0 days 01:05:11.907000,RUS,63,0 days 00:01:21.267000,7.0,1.0,,,0 days 00:00:25.770000,0 days 00:00:28.188000,0 days 00:00:27.309000,0 days 01:04:16.446000,0 days 01:04:44.634000,0 days 01:05:11.943000,217.0,252.0,276.0,286.0,False,MEDIUM,7.0,True,Mercedes,0 days 01:03:50.640000,,1,6.0,False,,False,True,2024-07,Emilia Romagna Grand Prix,2024,7,2024-05-19,test
0 days 01:06:33.282000,RUS,63,0 days 00:01:21.375000,8.0,1.0,,,0 days 00:00:25.836000,0 days 00:00:28.198000,0 days 00:00:27.341000,0 days 01:05:37.779000,0 days 01:06:05.977000,0 days 01:06:33.318000,214.0,252.0,276.0,287.0,False,MEDIUM,8.0,True,Mercedes,0 days 01:05:11.907000,,1,6.0,False,,False,True,2024-07,Emilia Romagna Grand Prix,2024,7,2024-05-19,test
0 days 01:07:54.873000,RUS,63,0 days 00:01:21.591000,9.0,1.0,,,0 days 00:00:25.792000,0 days 00:00:28.372000,0 days 00:00:27.427000,0 days 01:06:59.110000,0 days 01:07:27.482000,0 days 01:07:54.909000,217.0,252.0,276.0,286.0,False,MEDIUM,9.0,True,Mercedes,0 days 01:06:33.282000,,1,6.0,False,,False,True,2024-07,Emilia Romagna Grand Prix,2024,7,2024-05-19,test
0 days 01:09:16.469000,RUS,63,0 days 00:01:21.596000,10.0,1.0,,,0 days 00:00:25.817000,0 days 00:00:28.303000,0 days 00:00:27.476000,0 days 01:08:20.726000,0 days 01:08:49.029000,0 days 01:09:16.505000,216.0,253.0,276.0,285.0,False,MEDIUM,10.0,True,Mercedes,0 days 01:07:54.873000,,1,6.0,False,,False,True,2024-07,Emilia Romagna Grand Prix,2024,7,2024-05-19,test
0 days 01:10:37.935000,RUS,63,0 days 00:01:21.466000,11.0,1.0,,,0 days 00:00:25.752000,0 days 00:00:28.359000,0 days 00:00:27.355000,0 days 01:09:42.257000,0 days 01:10:10.616000,0 days 01:10:37.971000,214.0,254.0,277.0,286.0,False,MEDIUM,11.0,True,Mercedes,0 days 01:09:16.469000,,1,6.0,False,,False,True,2024-07,Emilia Romagna Grand Prix,2024,7,2024-05-19,test
0 days 01:11:59.755000,RUS,63,0 days 00:01:21.820000,12.0,1.0,,,0 days 00:00:25.955000,0 days 00:00:28.461000,0 days 00:00:27.404000,0 days 01:11:03.926000,0 days 01:11:32.387000,0 days 01:11:59.791000,212.0,253.0,277.0,286.0,False,MEDIUM,12.0,True,Mercedes,0 days 01:10:37.935000,,1,6.0,False,,False,True,2024-07,Emilia Romagna Grand Prix,2024,7,2024-05-19,test
0 days 01:13:21.622000,RUS,63,0 days 00:01:21.867000,13.0,1.0,,,0 days 00:00:26.007000,0 days 00:00:28.454000,0 days 00:00:27.406000,0 days 01:12:25.798000,0 days 01:12:54.252000,0 days 01:13:21.658000,213.0,252.0,277.0,288.0,False,MEDIUM,13.0,True,Mercedes,0 days 01:11:59.755000,,1,6.0,False,,False,True,2024-07,Emilia Romagna Grand Prix,2024,7,2024-05-19,test
0 days 01:14:43.440000,RUS,63,0 days 00:01:21.818000,14.0,1.0,,,0 days 00:00:25.882000,0 days 00:00:28.326000,0 days 00:00:27.610000,0 days 01:13:47.540000,0 days 01:14:15.866000,0 days 01:14:43.476000,214.0,254.0,275.0,287.0,False,MEDIUM,14.0,True,Mercedes,0 days 01:13:21.622000,,1,6.0,False,,False,True,2024-07,Emilia Romagna Grand Prix,2024,7,2024-05-19,test
0 days 01:16:05.284000,RUS,63,0 days 00:01:21.844000,15.0,1.0,,,0 days 00:00:25.925000,0 days 00:00:28.362000,0 days 00:00:27.557000,0 days 01:15:09.401000,0 days 01:15:37.763000,0 days 01:16:05.320000,213.0,253.0,278.0,286.0,False,MEDIUM,15.0,True,Mercedes,0 days 01:14:43.440000,,1,6.0,False,,False,True,2024-07,Emilia Romagna Grand Prix,2024,7,2024-05-19,test
0 days 01:17:27.051000,RUS,63,0 days 00:01:21.767000,16.0,1.0,,,0 days 00:00:25.841000,0 days 00:00:28.364000,0 days 00:00:27.562000,0 days 01:16:31.161000,0 days 01:16:59.525000,0 days 01:17:27.087000,214.0,253.0,278.0,285.0,False,MEDIUM,16.0,True,Mercedes,0 days 01:16:05.284000,,1,6.0,False,,False,True,2024-07,Emilia Romagna Grand Prix,2024,7,2024-05-19,test
0 days 01:18:49.042000,RUS,63,0 days 00:01:21.991000,17.0,1.0,,,0 days 00:00:25.929000,0 days 00:00:28.439000,0 days 00:00:27.623000,0 days 01:17:53.016000,0 days 01:18:21.455000,0 days 01:18:49.078000,214.0,252.0,277.0,287.0,False,MEDIUM,17.0,True,Mercedes,0 days 01:17:27.051000,,1,6.0,False,,False,True,2024-07,Emilia Romagna Grand Prix,2024,7,2024-05-19,test
0 days 01:20:11.250000,RUS,63,0 days 00:01:22.208000,18.0,1.0,,,0 days 00:00:26.004000,0 days 00:00:28.494000,0 days 00:00:27.710000,0 days 01:19:15.082000,0 days 01:19:43.576000,0 days 01:20:11.286000,212.0,252.0,278.0,287.0,False,MEDIUM,18.0,True,Mercedes,0 days 01:18:49.042000,,1,6.0,False,,False,True,2024-07,Emilia Romagna Grand Prix,2024,7,2024-05-19,test
0 days 01:21:33.280000,RUS,63,0 days 00:01:22.030000,19.0,1.0,,,0 days 00:00:25.967000,0 days 00:00:28.399000,0 days 00:00:27.664000,0 days 01:20:37.253000,0 days 01:21:05.652000,0 days 01:21:33.316000,213.0,251.0,276.0,286.0,False,MEDIUM,19.0,True,Mercedes,0 days 01:20:11.250000,,1,6.0,False,,False,True,2024-07,Emilia Romagna Grand Prix,2024,7,2024-05-19,test
0 days 01:22:55.495000,RUS,63,0 days 00:01:22.215000,20.0,1.0,,,0 days 00:00:25.983000,0 days 00:00:28.547000,0 days 00:00:27.685000,0 days 01:21:59.299000,0 days 01:22:27.846000,0 days 01:22:55.531000,213.0,251.0,276.0,286.0,False,MEDIUM,20.0,True,Mercedes,0 days 01:21:33.280000,,1,6.0,False,,False,True,2024-07,Emilia Romagna Grand Prix,2024,7,2024-05-19,test
0 days 01:24:22.375000,RUS,63,0 days 00:01:26.880000,21.0,1.0,,0 days 01:24:17.932000,0 days 00:00:26.123000,0 days 00:00:28.523000,0 days 00:00:32.234000,0 days 01:23:21.654000,0 days 01:23:50.177000,0 days 01:24:22.411000,215.0,253.0,,287.0,False,MEDIUM,21.0,True,Mercedes,0 days 01:22:55.495000,,1,7.0,False,,False,False,2024-07,Emilia Romagna Grand Prix,2024,7,2024-05-19,test
0 days 01:26:07.313000,RUS,63,0 days 00:01:44.938000,22.0,2.0,0 days 01:24:47.699000,,0 days 00:00:48.506000,0 days 00:00:28.710000,0 days 00:00:27.722000,0 days 01:25:10.917000,0 days 01:25:39.627000,0 days 01:26:07.349000,214.0,251.0,283.0,283.0,False,HARD,1.0,True,Mercedes,0 days 01:24:22.375000,,1,10.0,False,,False,False,2024-07,Emilia Romagna Grand Prix,2024,7,2024-05-19,test
0 days 01:27:27.982000,RUS,63,0 days 00:01:20.669000,23.0,2.0,,,0 days 00:00:25.533000,0 days 00:00:28.153000,0 days 00:00:26.983000,0 days 01:26:32.882000,0 days 01:27:01.035000,0 days 01:27:28.018000,212.0,250.0,278.0,283.0,True,HARD,2.0,True,Mercedes,0 days 01:26:07.313000,,1,9.0,False,,False,True,2024-07,Emilia Romagna Grand Prix,2024,7,2024-05-19,test
0 days 01:28:48.957000,RUS,63,0 days 00:01:20.975000,24.0,2.0,,,0 days 00:00:25.727000,0 days 00:00:28.011000,0 days 00:00:27.237000,0 days 01:27:53.745000,0 days 01:28:21.756000,0 days 01:28:48.993000,216.0,254.0,278.0,284.0,False,HARD,3.0,True,Mercedes,0 days 01:27:27.982000,,1,9.0,False,,False,True,2024-07,Emilia Romagna Grand Prix,2024,7,2024-05-19,test
0 days 01:30:09.908000,RUS,63,0 days 00:01:20.951000,25.0,2.0,,,0 days 00:00:25.662000,0 days 00:00:28.131000,0 days 00:00:27.158000,0 days 01:29:14.655000,0 days 01:29:42.786000,0 days 01:30:09.944000,215.0,256.0,280.0,282.0,False,HARD,4.0,True,Mercedes,0 days 01:28:48.957000,,1,9.0,False,,False,True,2024-07,Emilia Romagna Grand Prix,2024,7,2024-05-19,test
0 days 01:31:31.563000,RUS,63,0 days 00:01:21.655000,26.0,2.0,,,0 days 00:00:25.757000,0 days 00:00:28.285000,0 days 00:00:27.613000,0 days 01:30:35.701000,0 days 01:31:03.986000,0 days 01:31:31.599000,216.0,258.0,282.0,295.0,False,HARD,5.0,True,Mercedes,0 days 01:30:09.908000,,1,9.0,False,,False,True,2024-07,Emilia Romagna Grand Prix,2024,7,2024-05-19,test
0 days 01:32:52.299000,RUS,63,0 days 00:01:20.736000,27.0,2.0,,,0 days 00:00:25.311000,0 days 00:00:28.106000,0 days 00:00:27.319000,0 days 01:31:56.910000,0 days 01:32:25.016000,0 days 01:32:52.335000,215.0,253.0,278.0,292.0,False,HARD,6.0,True,Mercedes,0 days 01:31:31.563000,,1,8.0,False,,False,True,2024-07,Emilia Romagna Grand Prix,2024,7,2024-05-19,test
0 days 01:34:13.927000,RUS,63,0 days 00:01:21.628000,28.0,2.0,,,0 days 00:00:25.973000,0 days 00:00:28.286000,0 days 00:00:27.369000,0 days 01:33:18.308000,0 days 01:33:46.594000,0 days 01:34:13.963000,213.0,255.0,278.0,285.0,False,HARD,7.0,True,Mercedes,0 days 01:32:52.299000,,1,7.0,False,,False,True,2024-07,Emilia Romagna Grand Prix,2024,7,2024-05-19,test
0 days 01:35:35.371000,RUS,63,0 days 00:01:21.444000,29.0,2.0,,,0 days 00:00:25.612000,0 days 00:00:28.374000,0 days 00:00:27.458000,0 days 01:34:39.575000,0 days 01:35:07.949000,0 days 01:35:35.407000,215.0,252.0,279.0,286.0,False,HARD,8.0,True,Mercedes,0 days 01:34:13.927000,,1,7.0,False,,False,True,2024-07,Emilia Romagna Grand Prix,2024,7,2024-05-19,test
0 days 01:36:57.469000,RUS,63,0 days 00:01:22.098000,30.0,2.0,,,0 days 00:00:25.987000,0 days 00:00:28.454000,0 days 00:00:27.657000,0 days 01:36:01.394000,0 days 01:36:29.848000,0 days 01:36:57.505000,214.0,256.0,282.0,298.0,False,HARD,9.0,True,Mercedes,0 days 01:35:35.371000,,1,7.0,False,,False,True,2024-07,Emilia Romagna Grand Prix,2024,7,2024-05-19,test
0 days 01:38:18.986000,RUS,63,0 days 00:01:21.517000,31.0,2.0,,,0 days 00:00:25.855000,0 days 00:00:28.230000,0 days 00:00:27.432000,0 days 01:37:23.360000,0 days 01:37:51.590000,0 days 01:38:19.022000,214.0,251.0,277.0,285.0,False,HARD,10.0,True,Mercedes,0 days 01:36:57.469000,,1,6.0,False,,False,True,2024-07,Emilia Romagna Grand Prix,2024,7,2024-05-19,test
0 days 01:39:40.102000,RUS,63,0 days 00:01:21.116000,32.0,2.0,,,0 days 00:00:25.808000,0 days 00:00:28.143000,0 days 00:00:27.165000,0 days 01:38:44.830000,0 days 01:39:12.973000,0 days 01:39:40.138000,213.0,255.0,278.0,288.0,False,HARD,11.0,True,Mercedes,0 days 01:38:18.986000,,1,6.0,False,,False,True,2024-07,Emilia Romagna Grand Prix,2024,7,2024-05-19,test
0 days 01:41:01.036000,RUS,63,0 days 00:01:20.934000,33.0,2.0,,,0 days 00:00:25.749000,0 days 00:00:28.031000,0 days 00:00:27.154000,0 days 01:40:05.887000,0 days 01:40:33.918000,0 days 01:41:01.072000,214.0,256.0,278.0,288.0,False,HARD,12.0,True,Mercedes,0 days 01:39:40.102000,,1,6.0,False,,False,True,2024-07,Emilia Romagna Grand Prix,2024,7,2024-05-19,test
0 days 01:42:22.175000,RUS,63,0 days 00:01:21.139000,34.0,2.0,,,0 days 00:00:25.791000,0 days 00:00:28.219000,0 days 00:00:27.129000,0 days 01:41:26.863000,0 days 01:41:55.082000,0 days 01:42:22.211000,215.0,255.0,279.0,286.0,False,HARD,13.0,True,Mercedes,0 days 01:41:01.036000,,1,6.0,False,,False,True,2024-07,Emilia Romagna Grand Prix,2024,7,2024-05-19,test
0 days 01:43:43.384000,RUS,63,0 days 00:01:21.209000,35.0,2.0,,,0 days 00:00:25.748000,0 days 00:00:28.289000,0 days 00:00:27.172000,0 days 01:42:47.959000,0 days 01:43:16.248000,0 days 01:43:43.420000,216.0,253.0,278.0,285.0,False,HARD,14.0,True,Mercedes,0 days 01:42:22.175000,,1,6.0,False,,False,True,2024-07,Emilia Romagna Grand Prix,2024,7,2024-05-19,test
0 days 01:45:04.286000,RUS,63,0 days 00:01:20.902000,36.0,2.0,,,0 days 00:00:25.732000,0 days 00:00:28.066000,0 days 00:00:27.104000,0 days 01:44:09.152000,0 days 01:44:37.218000,0 days 01:45:04.322000,217.0,256.0,280.0,286.0,False,HARD,15.0,True,Mercedes,0 days 01:43:43.384000,,1,6.0,False,,False,True,2024-07,Emilia Romagna Grand Prix,2024,7,2024-05-19,test
0 days 01:46:25.142000,RUS,63,0 days 00:01:20.856000,37.0,2.0,,,0 days 00:00:25.584000,0 days 00:00:28.157000,0 days 00:00:27.115000,0 days 01:45:29.906000,0 days 01:45:58.063000,0 days 01:46:25.178000,216.0,255.0,279.0,286.0,False,HARD,16.0,True,Mercedes,0 days 01:45:04.286000,,1,6.0,False,,False,True,2024-07,Emilia Romagna Grand Prix,2024,7,2024-05-19,test
0 days 01:47:45.832000,RUS,63,0 days 00:01:20.690000,38.0,2.0,,,0 days 00:00:25.582000,0 days 00:00:28.003000,0 days 00:00:27.105000,0 days 01:46:50.760000,0 days 01:47:18.763000,0 days 01:47:45.868000,218.0,256.0,279.0,288.0,False,HARD,17.0,True,Mercedes,0 days 01:46:25.142000,,1,6.0,False,,False,True,2024-07,Emilia Romagna Grand Prix,2024,7,2024-05-19,test
0 days 01:49:06.756000,RUS,63,0 days 00:01:20.924000,39.0,2.0,,,0 days 00:00:25.732000,0 days 00:00:28.073000,0 days 00:00:27.119000,0 days 01:48:11.600000,0 days 01:48:39.673000,0 days 01:49:06.792000,217.0,256.0,280.0,287.0,False,HARD,18.0,True,Mercedes,0 days 01:47:45.832000,,1,6.0,False,,False,True,2024-07,Emilia Romagna Grand Prix,2024,7,2024-05-19,test
0 days 01:50:27.912000,RUS,63,0 days 00:01:21.156000,40.0,2.0,,,0 days 00:00:25.644000,0 days 00:00:28.126000,0 days 00:00:27.386000,0 days 01:49:32.436000,0 days 01:50:00.562000,0 days 01:50:27.948000,217.0,256.0,279.0,286.0,False,HARD,19.0,True,Mercedes,0 days 01:49:06.756000,,1,6.0,False,,False,True,2024-07,Emilia Romagna Grand Prix,2024,7,2024-05-19,test
0 days 01:51:49.021000,RUS,63,0 days 00:01:21.109000,41.0,2.0,,,0 days 00:00:25.640000,0 days 00:00:28.170000,0 days 00:00:27.299000,0 days 01:50:53.588000,0 days 01:51:21.758000,0 days 01:51:49.057000,215.0,254.0,278.0,283.0,False,HARD,20.0,True,Mercedes,0 days 01:50:27.912000,,1,6.0,False,,False,True,2024-07,Emilia Romagna Grand Prix,2024,7,2024-05-19,test
0 days 01:53:10.098000,RUS,63,0 days 00:01:21.077000,42.0,2.0,,,0 days 00:00:25.714000,0 days 00:00:28.112000,0 days 00:00:27.251000,0 days 01:52:14.771000,0 days 01:52:42.883000,0 days 01:53:10.134000,219.0,256.0,279.0,287.0,False,HARD,21.0,True,Mercedes,0 days 01:51:49.021000,,1,6.0,False,,False,True,2024-07,Emilia Romagna Grand Prix,2024,7,2024-05-19,test
0 days 01:54:30.899000,RUS,63,0 days 00:01:20.801000,43.0,2.0,,,0 days 00:00:25.591000,0 days 00:00:28.134000,0 days 00:00:27.076000,0 days 01:53:35.725000,0 days 01:54:03.859000,0 days 01:54:30.935000,216.0,255.0,280.0,286.0,False,HARD,22.0,True,Mercedes,0 days 01:53:10.098000,,1,6.0,False,,False,True,2024-07,Emilia Romagna Grand Prix,2024,7,2024-05-19,test
0 days 01:55:52.063000,RUS,63,0 days 00:01:21.164000,44.0,2.0,,,0 days 00:00:25.723000,0 days 00:00:28.204000,0 days 00:00:27.237000,0 days 01:54:56.658000,0 days 01:55:24.862000,0 days 01:55:52.099000,214.0,256.0,279.0,286.0,False,HARD,23.0,True,Mercedes,0 days 01:54:30.899000,,1,6.0,False,,False,True,2024-07,Emilia Romagna Grand Prix,2024,7,2024-05-19,test
0 days 01:57:12.991000,RUS,63,0 days 00:01:20.928000,45.0,2.0,,,0 days 00:00:25.647000,0 days 00:00:28.168000,0 days 00:00:27.113000,0 days 01:56:17.746000,0 days 01:56:45.914000,0 days 01:57:13.027000,210.0,257.0,279.0,286.0,False,HARD,24.0,True,Mercedes,0 days 01:55:52.063000,,1,6.0,False,,False,True,2024-07,Emilia Romagna Grand Prix,2024,7,2024-05-19,test
0 days 01:58:34.218000,RUS,63,0 days 00:01:21.227000,46.0,2.0,,,0 days 00:00:25.711000,0 days 00:00:28.357000,0 days 00:00:27.159000,0 days 01:57:38.738000,0 days 01:58:07.095000,0 days 01:58:34.254000,214.0,256.0,280.0,286.0,False,HARD,25.0,True,Mercedes,0 days 01:57:12.991000,,1,6.0,False,,False,True,2024-07,Emilia Romagna Grand Prix,2024,7,2024-05-19,test
0 days 01:59:55.641000,RUS,63,0 days 00:01:21.423000,47.0,2.0,,,0 days 00:00:25.750000,0 days 00:00:28.419000,0 days 00:00:27.254000,0 days 01:59:00.004000,0 days 01:59:28.423000,0 days 01:59:55.677000,217.0,256.0,280.0,286.0,False,HARD,26.0,True,Mercedes,0 days 01:58:34.218000,,1,6.0,False,,False,True,2024-07,Emilia Romagna Grand Prix,2024,7,2024-05-19,test
0 days 02:01:17.032000,RUS,63,0 days 00:01:21.391000,48.0,2.0,,,0 days 00:00:25.772000,0 days 00:00:28.461000,0 days 00:00:27.158000,0 days 02:00:21.449000,0 days 02:00:49.910000,0 days 02:01:17.068000,215.0,254.0,280.0,286.0,False,HARD,27.0,True,Mercedes,0 days 01:59:55.641000,,1,6.0,False,,False,True,2024-07,Emilia Romagna Grand Prix,2024,7,2024-05-19,test
0 days 02:02:38.190000,RUS,63,0 days 00:01:21.158000,49.0,2.0,,,0 days 00:00:25.747000,0 days 00:00:28.130000,0 days 00:00:27.281000,0 days 02:01:42.815000,0 days 02:02:10.945000,0 days 02:02:38.226000,218.0,256.0,281.0,289.0,False,HARD,28.0,True,Mercedes,0 days 02:01:17.032000,,1,6.0,False,,False,True,2024-07,Emilia Romagna Grand Prix,2024,7,2024-05-19,test
0 days 02:03:59.681000,RUS,63,0 days 00:01:21.491000,50.0,2.0,,,0 days 00:00:25.701000,0 days 00:00:28.307000,0 days 00:00:27.483000,0 days 02:03:03.927000,0 days 02:03:32.234000,0 days 02:03:59.717000,218.0,256.0,281.0,284.0,False,HARD,29.0,True,Mercedes,0 days 02:02:38.190000,,1,6.0,False,,False,True,2024-07,Emilia Romagna Grand Prix,2024,7,2024-05-19,test
0 days 02:05:20.826000,RUS,63,0 days 00:01:21.145000,51.0,2.0,,,0 days 00:00:25.445000,0 days 00:00:28.401000,0 days 00:00:27.299000,0 days 02:04:25.162000,0 days 02:04:53.563000,0 days 02:05:20.862000,215.0,257.0,281.0,285.0,False,HARD,30.0,True,Mercedes,0 days 02:03:59.681000,,1,6.0,False,,False,True,2024-07,Emilia Romagna Grand Prix,2024,7,2024-05-19,test
0 days 02:06:47.068000,RUS,63,0 days 00:01:26.242000,52.0,2.0,,0 days 02:06:42.659000,0 days 00:00:25.615000,0 days 00:00:28.670000,0 days 00:00:31.957000,0 days 02:05:46.477000,0 days 02:06:15.147000,0 days 02:06:47.104000,213.0,253.0,,285.0,False,HARD,31.0,True,Mercedes,0 days 02:05:20.826000,,1,7.0,False,,False,False,2024-07,Emilia Romagna Grand Prix,2024,7,2024-05-19,test
0 days 02:08:29.913000,RUS,63,0 days 00:01:42.845000,53.0,3.0,0 days 02:07:12.366000,,0 days 00:00:48.194000,0 days 00:00:27.850000,0 days 00:00:26.801000,0 days 02:07:35.298000,0 days 02:08:03.148000,0 days 02:08:29.949000,219.0,253.0,281.0,283.0,False,MEDIUM,3.0,False,Mercedes,0 days 02:06:47.068000,,1,7.0,False,,False,False,2024-07,Emilia Romagna Grand Prix,2024,7,2024-05-19,test
0 days 02:09:48.502000,RUS,63,0 days 00:01:18.589000,54.0,3.0,,,0 days 00:00:25.137000,0 days 00:00:27.092000,0 days 00:00:26.360000,0 days 02:08:55.086000,0 days 02:09:22.178000,0 days 02:09:48.538000,221.0,258.0,282.0,291.0,True,MEDIUM,4.0,False,Mercedes,0 days 02:08:29.913000,,1,7.0,False,,False,True,2024-07,Emilia Romagna Grand Prix,2024,7,2024-05-19,test
0 days 02:11:08.280000,RUS,63,0 days 00:01:19.778000,55.0,3.0,,,0 days 00:00:25.580000,0 days 00:00:27.476000,0 days 00:00:26.722000,0 days 02:10:14.118000,0 days 02:10:41.594000,0 days 02:11:08.316000,223.0,257.0,281.0,283.0,False,MEDIUM,5.0,False,Mercedes,0 days 02:09:48.502000,,1,7.0,False,,False,True,2024-07,Emilia Romagna Grand Prix,2024,7,2024-05-19,test
0 days 02:12:27.851000,RUS,63,0 days 00:01:19.571000,56.0,3.0,,,0 days 00:00:25.189000,0 days 00:00:27.624000,0 days 00:00:26.758000,0 days 02:11:33.505000,0 days 02:12:01.129000,0 days 02:12:27.887000,220.0,255.0,280.0,283.0,False,MEDIUM,6.0,False,Mercedes,0 days 02:11:08.280000,,1,7.0,False,,False,True,2024-07,Emilia Romagna Grand Prix,2024,7,2024-05-19,test
0 days 02:13:47.308000,RUS,63,0 days 00:01:19.457000,57.0,3.0,,,0 days 00:00:25.209000,0 days 00:00:27.542000,0 days 00:00:26.706000,0 days 02:12:53.096000,0 days 02:13:20.638000,0 days 02:13:47.344000,222.0,258.0,279.0,287.0,False,MEDIUM,7.0,False,Mercedes,0 days 02:12:27.851000,,1,7.0,False,,False,True,2024-07,Emilia Romagna Grand Prix,2024,7,2024-05-19,test
0 days 02:15:06.924000,RUS,63,0 days 00:01:19.616000,58.0,3.0,,,0 days 00:00:25.221000,0 days 00:00:27.650000,0 days 00:00:26.745000,0 days 02:14:12.565000,0 days 02:14:40.215000,0 days 02:15:06.960000,219.0,256.0,280.0,283.0,False,MEDIUM,8.0,False,Mercedes,0 days 02:13:47.308000,,1,7.0,False,,False,True,2024-07,Emilia Romagna Grand Prix,2024,7,2024-05-19,test
0 days 02:16:26.805000,RUS,63,0 days 00:01:19.881000,59.0,3.0,,,0 days 00:00:25.320000,0 days 00:00:27.709000,0 days 00:00:26.852000,0 days 02:15:32.280000,0 days 02:15:59.989000,0 days 02:16:26.841000,218.0,255.0,281.0,285.0,False,MEDIUM,9.0,False,Mercedes,0 days 02:15:06.924000,,1,7.0,False,,False,True,2024-07,Emilia Romagna Grand Prix,2024,7,2024-05-19,test
0 days 02:17:46.898000,RUS,63,0 days 00:01:20.093000,60.0,3.0,,,0 days 00:00:25.341000,0 days 00:00:27.811000,0 days 00:00:26.941000,0 days 02:16:52.182000,0 days 02:17:19.993000,0 days 02:17:46.934000,220.0,257.0,282.0,286.0,False,MEDIUM,10.0,False,Mercedes,0 days 02:16:26.805000,,1,7.0,False,,False,True,2024-07,Emilia Romagna Grand Prix,2024,7,2024-05-19,test
0 days 02:19:07.601000,RUS,63,0 days 00:01:20.703000,61.0,3.0,,,0 days 00:00:25.375000,0 days 00:00:27.794000,0 days 00:00:27.534000,0 days 02:18:12.309000,0 days 02:18:40.103000,0 days 02:19:07.637000,220.0,260.0,284.0,285.0,False,MEDIUM,11.0,False,Mercedes,0 days 02:17:46.898000,,1,7.0,False,,False,True,2024-07,Emilia Romagna Grand Prix,2024,7,2024-05-19,test
0 days 02:20:29.164000,RUS,63,0 days 00:01:21.563000,62.0,3.0,,,0 days 00:00:26.016000,0 days 00:00:28.209000,0 days 00:00:27.338000,0 days 02:19:33.653000,0 days 02:20:01.862000,0 days 02:20:29.200000,216.0,258.0,280.0,291.0,False,MEDIUM,12.0,False,Mercedes,0 days 02:19:07.601000,,1,7.0,False,,False,True,2024-07,Emilia Romagna Grand Prix,2024,7,2024-05-19,test
0 days 02:21:49.256000,RUS,63,0 days 00:01:20.092000,63.0,3.0,,,0 days 00:00:25.392000,0 days 00:00:27.822000,0 days 00:00:26.878000,0 days 02:20:54.592000,0 days 02:21:22.414000,0 days 02:21:49.292000,221.0,259.0,284.0,298.0,False,MEDIUM,13.0,False,Mercedes,0 days 02:20:29.164000,,1,7.0,False,,False,True,2024-07,Emilia Romagna Grand Prix,2024,7,2024-05-19,test
0 days 00:57:05.625000,PER,11,0 days 00:01:28.775000,1.0,1.0,,,,0 days 00:00:29.376000,0 days 00:00:27.882000,,0 days 00:56:37.809000,0 days 00:57:05.891000,208.0,254.0,280.0,282.0,False,HARD,1.0,True,Red Bull Racing,0 days 00:55:36.608000,,1,10.0,False,,False,False,2024-07,Emilia Romagna Grand Prix,2024,7,2024-05-19,test
0 days 00:58:28.224000,PER,11,0 days 00:01:22.599000,2.0,1.0,,,0 days 00:00:26.366000,0 days 00:00:28.593000,0 days 00:00:27.640000,0 days 00:57:32.017000,0 days 00:58:00.610000,0 days 00:58:28.250000,214.0,253.0,280.0,280.0,True,HARD,2.0,True,Red Bull Racing,0 days 00:57:05.625000,,1,10.0,False,,False,True,2024-07,Emilia Romagna Grand Prix,2024,7,2024-05-19,test
0 days 00:59:50.137000,PER,11,0 days 00:01:21.913000,3.0,1.0,,,0 days 00:00:25.783000,0 days 00:00:28.569000,0 days 00:00:27.561000,0 days 00:58:54.033000,0 days 00:59:22.602000,0 days 00:59:50.163000,213.0,252.0,280.0,294.0,True,HARD,3.0,True,Red Bull Racing,0 days 00:58:28.224000,,1,10.0,False,,False,True,2024-07,Emilia Romagna Grand Prix,2024,7,2024-05-19,test
0 days 01:01:12.319000,PER,11,0 days 00:01:22.182000,4.0,1.0,,,0 days 00:00:25.775000,0 days 00:00:28.815000,0 days 00:00:27.592000,0 days 01:00:15.938000,0 days 01:00:44.753000,0 days 01:01:12.345000,212.0,252.0,278.0,282.0,False,HARD,4.0,True,Red Bull Racing,0 days 00:59:50.137000,,1,10.0,False,,False,True,2024-07,Emilia Romagna Grand Prix,2024,7,2024-05-19,test
0 days 01:02:34.472000,PER,11,0 days 00:01:22.153000,5.0,1.0,,,0 days 00:00:25.946000,0 days 00:00:28.594000,0 days 00:00:27.613000,0 days 01:01:38.291000,0 days 01:02:06.885000,0 days 01:02:34.498000,213.0,254.0,280.0,284.0,False,HARD,5.0,True,Red Bull Racing,0 days 01:01:12.319000,,1,10.0,False,,False,True,2024-07,Emilia Romagna Grand Prix,2024,7,2024-05-19,test
0 days 01:03:56.672000,PER,11,0 days 00:01:22.200000,6.0,1.0,,,0 days 00:00:25.834000,0 days 00:00:28.786000,0 days 00:00:27.580000,0 days 01:03:00.332000,0 days 01:03:29.118000,0 days 01:03:56.698000,211.0,253.0,280.0,285.0,False,HARD,6.0,True,Red Bull Racing,0 days 01:02:34.472000,,1,10.0,False,,False,True,2024-07,Emilia Romagna Grand Prix,2024,7,2024-05-19,test
0 days 01:05:19.313000,PER,11,0 days 00:01:22.641000,7.0,1.0,,,0 days 00:00:25.952000,0 days 00:00:29.004000,0 days 00:00:27.685000,0 days 01:04:22.650000,0 days 01:04:51.654000,0 days 01:05:19.339000,213.0,253.0,280.0,282.0,False,HARD,7.0,True,Red Bull Racing,0 days 01:03:56.672000,,1,10.0,False,,False,True,2024-07,Emilia Romagna Grand Prix,2024,7,2024-05-19,test
0 days 01:06:41.651000,PER,11,0 days 00:01:22.338000,8.0,1.0,,,0 days 00:00:25.824000,0 days 00:00:28.867000,0 days 00:00:27.647000,0 days 01:05:45.163000,0 days 01:06:14.030000,0 days 01:06:41.677000,213.0,251.0,279.0,283.0,False,HARD,8.0,True,Red Bull Racing,0 days 01:05:19.313000,,1,10.0,False,,False,True,2024-07,Emilia Romagna Grand Prix,2024,7,2024-05-19,test
0 days 01:08:04.242000,PER,11,0 days 00:01:22.591000,9.0,1.0,,,0 days 00:00:26.090000,0 days 00:00:28.872000,0 days 00:00:27.629000,0 days 01:07:07.767000,0 days 01:07:36.639000,0 days 01:08:04.268000,211.0,253.0,278.0,284.0,False,HARD,9.0,True,Red Bull Racing,0 days 01:06:41.651000,,1,10.0,False,,False,True,2024-07,Emilia Romagna Grand Prix,2024,7,2024-05-19,test
0 days 01:09:26.787000,PER,11,0 days 00:01:22.545000,10.0,1.0,,,0 days 00:00:25.988000,0 days 00:00:28.734000,0 days 00:00:27.823000,0 days 01:08:30.256000,0 days 01:08:58.990000,0 days 01:09:26.813000,211.0,252.0,277.0,284.0,False,HARD,10.0,True,Red Bull Racing,0 days 01:08:04.242000,,1,10.0,False,,False,True,2024-07,Emilia Romagna Grand Prix,2024,7,2024-05-19,test
0 days 01:10:48.915000,PER,11,0 days 00:01:22.128000,11.0,1.0,,,0 days 00:00:26.049000,0 days 00:00:28.492000,0 days 00:00:27.587000,0 days 01:09:52.862000,0 days 01:10:21.354000,0 days 01:10:48.941000,213.0,252.0,279.0,281.0,False,HARD,11.0,True,Red Bull Racing,0 days 01:09:26.787000,,1,10.0,False,,False,True,2024-07,Emilia Romagna Grand Prix,2024,7,2024-05-19,test
0 days 01:12:11.362000,PER,11,0 days 00:01:22.447000,12.0,1.0,,,0 days 00:00:26.040000,0 days 00:00:28.713000,0 days 00:00:27.694000,0 days 01:11:14.981000,0 days 01:11:43.694000,0 days 01:12:11.388000,211.0,250.0,277.0,286.0,False,HARD,12.0,True,Red Bull Racing,0 days 01:10:48.915000,,1,9.0,False,,False,True,2024-07,Emilia Romagna Grand Prix,2024,7,2024-05-19,test
0 days 01:13:33.721000,PER,11,0 days 00:01:22.359000,13.0,1.0,,,0 days 00:00:26.216000,0 days 00:00:28.565000,0 days 00:00:27.578000,0 days 01:12:37.604000,0 days 01:13:06.169000,0 days 01:13:33.747000,213.0,254.0,277.0,289.0,False,HARD,13.0,True,Red Bull Racing,0 days 01:12:11.362000,,1,8.0,False,,False,True,2024-07,Emilia Romagna Grand Prix,2024,7,2024-05-19,test
0 days 01:14:55.549000,PER,11,0 days 00:01:21.828000,14.0,1.0,,,0 days 00:00:26.006000,0 days 00:00:28.397000,0 days 00:00:27.425000,0 days 01:13:59.753000,0 days 01:14:28.150000,0 days 01:14:55.575000,213.0,252.0,277.0,284.0,True,HARD,14.0,True,Red Bull Racing,0 days 01:13:33.721000,,1,8.0,False,,False,True,2024-07,Emilia Romagna Grand Prix,2024,7,2024-05-19,test
0 days 01:16:17.231000,PER,11,0 days 00:01:21.682000,15.0,1.0,,,0 days 00:00:25.902000,0 days 00:00:28.374000,0 days 00:00:27.406000,0 days 01:15:21.477000,0 days 01:15:49.851000,0 days 01:16:17.257000,213.0,253.0,278.0,287.0,True,HARD,15.0,True,Red Bull Racing,0 days 01:14:55.549000,,1,8.0,False,,False,True,2024-07,Emilia Romagna Grand Prix,2024,7,2024-05-19,test
0 days 01:17:39.068000,PER,11,0 days 00:01:21.837000,16.0,1.0,,,0 days 00:00:25.907000,0 days 00:00:28.353000,0 days 00:00:27.577000,0 days 01:16:43.164000,0 days 01:17:11.517000,0 days 01:17:39.094000,214.0,254.0,276.0,285.0,False,HARD,16.0,True,Red Bull Racing,0 days 01:16:17.231000,,1,8.0,False,,False,True,2024-07,Emilia Romagna Grand Prix,2024,7,2024-05-19,test
0 days 01:19:05.868000,PER,11,0 days 00:01:26.800000,17.0,1.0,,,0 days 00:00:25.922000,0 days 00:00:28.464000,0 days 00:00:32.414000,0 days 01:18:05.016000,0 days 01:18:33.480000,0 days 01:19:05.894000,216.0,252.0,276.0,285.0,False,HARD,17.0,True,Red Bull Racing,0 days 01:17:39.068000,,1,8.0,True,TRACK LIMITS AT TURN 17 LAP 17 ,False,True,2024-07,Emilia Romagna Grand Prix,2024,7,2024-05-19,test
0 days 01:20:28.303000,PER,11,0 days 00:01:22.435000,18.0,1.0,,,0 days 00:00:26.278000,0 days 00:00:28.476000,0 days 00:00:27.681000,0 days 01:19:32.172000,0 days 01:20:00.648000,0 days 01:20:28.329000,216.0,251.0,278.0,285.0,False,HARD,18.0,True,Red Bull Racing,0 days 01:19:05.868000,,1,8.0,False,,False,True,2024-07,Emilia Romagna Grand Prix,2024,7,2024-05-19,test
0 days 01:21:50.157000,PER,11,0 days 00:01:21.854000,19.0,1.0,,,0 days 00:00:25.934000,0 days 00:00:28.433000,0 days 00:00:27.487000,0 days 01:20:54.263000,0 days 01:21:22.696000,0 days 01:21:50.183000,214.0,251.0,278.0,285.0,False,HARD,19.0,True,Red Bull Racing,0 days 01:20:28.303000,,1,8.0,False,,False,True,2024-07,Emilia Romagna Grand Prix,2024,7,2024-05-19,test
0 days 01:23:12.425000,PER,11,0 days 00:01:22.268000,20.0,1.0,,,0 days 00:00:26.020000,0 days 00:00:28.656000,0 days 00:00:27.592000,0 days 01:22:16.203000,0 days 01:22:44.859000,0 days 01:23:12.451000,215.0,253.0,278.0,286.0,False,HARD,20.0,True,Red Bull Racing,0 days 01:21:50.157000,,1,8.0,False,,False,True,2024-07,Emilia Romagna Grand Prix,2024,7,2024-05-19,test
0 days 01:24:34.365000,PER,11,0 days 00:01:21.940000,21.0,1.0,,,0 days 00:00:26.030000,0 days 00:00:28.394000,0 days 00:00:27.516000,0 days 01:23:38.481000,0 days 01:24:06.875000,0 days 01:24:34.391000,215.0,254.0,279.0,287.0,False,HARD,21.0,True,Red Bull Racing,0 days 01:23:12.425000,,1,8.0,False,,False,True,2024-07,Emilia Romagna Grand Prix,2024,7,2024-05-19,test
0 days 01:25:56.236000,PER,11,0 days 00:01:21.871000,22.0,1.0,,,0 days 00:00:25.918000,0 days 00:00:28.472000,0 days 00:00:27.481000,0 days 01:25:00.309000,0 days 01:25:28.781000,0 days 01:25:56.262000,216.0,253.0,278.0,295.0,False,HARD,22.0,True,Red Bull Racing,0 days 01:24:34.365000,,1,7.0,False,,False,True,2024-07,Emilia Romagna Grand Prix,2024,7,2024-05-19,test
0 days 01:27:18.206000,PER,11,0 days 00:01:21.970000,23.0,1.0,,,0 days 00:00:26.001000,0 days 00:00:28.401000,0 days 00:00:27.568000,0 days 01:26:22.263000,0 days 01:26:50.664000,0 days 01:27:18.232000,215.0,255.0,279.0,285.0,False,HARD,23.0,True,Red Bull Racing,0 days 01:25:56.236000,,1,6.0,False,,False,True,2024-07,Emilia Romagna Grand Prix,2024,7,2024-05-19,test
0 days 01:28:40.890000,PER,11,0 days 00:01:22.684000,24.0,1.0,,,0 days 00:00:26.427000,0 days 00:00:28.632000,0 days 00:00:27.625000,0 days 01:27:44.659000,0 days 01:28:13.291000,0 days 01:28:40.916000,213.0,253.0,279.0,289.0,False,HARD,24.0,True,Red Bull Racing,0 days 01:27:18.206000,,1,6.0,False,,False,True,2024-07,Emilia Romagna Grand Prix,2024,7,2024-05-19,test
0 days 01:30:03.118000,PER,11,0 days 00:01:22.228000,25.0,1.0,,,0 days 00:00:25.919000,0 days 00:00:28.580000,0 days 00:00:27.729000,0 days 01:29:06.835000,0 days 01:29:35.415000,0 days 01:30:03.144000,213.0,255.0,279.0,289.0,False,HARD,25.0,True,Red Bull Racing,0 days 01:28:40.890000,,1,6.0,False,,False,True,2024-07,Emilia Romagna Grand Prix,2024,7,2024-05-19,test
0 days 01:31:25.494000,PER,11,0 days 00:01:22.376000,26.0,1.0,,,0 days 00:00:25.904000,0 days 00:00:28.671000,0 days 00:00:27.801000,0 days 01:30:29.048000,0 days 01:30:57.719000,0 days 01:31:25.520000,216.0,252.0,280.0,295.0,False,HARD,26.0,True,Red Bull Racing,0 days 01:30:03.118000,,1,5.0,False,,False,True,2024-07,Emilia Romagna Grand Prix,2024,7,2024-05-19,test
0 days 01:32:49.267000,PER,11,0 days 00:01:23.773000,27.0,1.0,,,0 days 00:00:27.142000,0 days 00:00:28.755000,0 days 00:00:27.876000,0 days 01:31:52.662000,0 days 01:32:21.417000,0 days 01:32:49.293000,213.0,253.0,280.0,287.0,False,HARD,27.0,True,Red Bull Racing,0 days 01:31:25.494000,,1,7.0,False,,False,True,2024-07,Emilia Romagna Grand Prix,2024,7,2024-05-19,test
0 days 01:34:11.498000,PER,11,0 days 00:01:22.231000,28.0,1.0,,,0 days 00:00:25.983000,0 days 00:00:28.513000,0 days 00:00:27.735000,0 days 01:33:15.276000,0 days 01:33:43.789000,0 days 01:34:11.524000,214.0,255.0,278.0,288.0,False,HARD,28.0,True,Red Bull Racing,0 days 01:32:49.267000,,1,5.0,False,,False,True,2024-07,Emilia Romagna Grand Prix,2024,7,2024-05-19,test
0 days 01:35:33.845000,PER,11,0 days 00:01:22.347000,29.0,1.0,,,0 days 00:00:25.976000,0 days 00:00:28.520000,0 days 00:00:27.851000,0 days 01:34:37.500000,0 days 01:35:06.020000,0 days 01:35:33.871000,214.0,253.0,278.0,288.0,False,HARD,29.0,True,Red Bull Racing,0 days 01:34:11.498000,,1,5.0,False,,False,True,2024-07,Emilia Romagna Grand Prix,2024,7,2024-05-19,test
0 days 01:36:57.108000,PER,11,0 days 00:01:23.263000,30.0,1.0,,,0 days 00:00:26.782000,0 days 00:00:28.698000,0 days 00:00:27.783000,0 days 01:36:00.653000,0 days 01:36:29.351000,0 days 01:36:57.134000,214.0,254.0,278.0,290.0,False,HARD,30.0,True,Red Bull Racing,0 days 01:35:33.845000,,1,6.0,False,,False,True,2024-07,Emilia Romagna Grand Prix,2024,7,2024-05-19,test
0 days 01:38:20.802000,PER,11,0 days 00:01:23.694000,31.0,1.0,,,0 days 00:00:26.888000,0 days 00:00:28.813000,0 days 00:00:27.993000,0 days 01:37:24.022000,0 days 01:37:52.835000,0 days 01:38:20.828000,213.0,255.0,277.0,292.0,False,HARD,31.0,True,Red Bull Racing,0 days 01:36:57.108000,,1,7.0,False,,False,True,2024-07,Emilia Romagna Grand Prix,2024,7,2024-05-19,test
0 days 01:39:43.061000,PER,11,0 days 00:01:22.259000,32.0,1.0,,,0 days 00:00:25.998000,0 days 00:00:28.547000,0 days 00:00:27.714000,0 days 01:38:46.826000,0 days 01:39:15.373000,0 days 01:39:43.087000,212.0,254.0,279.0,288.0,False,HARD,32.0,True,Red Bull Racing,0 days 01:38:20.802000,,1,7.0,False,,False,True,2024-07,Emilia Romagna Grand Prix,2024,7,2024-05-19,test
0 days 01:41:05.273000,PER,11,0 days 00:01:22.212000,33.0,1.0,,,0 days 00:00:26.011000,0 days 00:00:28.574000,0 days 00:00:27.627000,0 days 01:40:09.098000,0 days 01:40:37.672000,0 days 01:41:05.299000,212.0,254.0,279.0,289.0,False,HARD,33.0,True,Red Bull Racing,0 days 01:39:43.061000,,1,7.0,False,,False,True,2024-07,Emilia Romagna Grand Prix,2024,7,2024-05-19,test
0 days 01:42:27.738000,PER,11,0 days 00:01:22.465000,34.0,1.0,,,0 days 00:00:25.997000,0 days 00:00:28.753000,0 days 00:00:27.715000,0 days 01:41:31.296000,0 days 01:42:00.049000,0 days 01:42:27.764000,214.0,255.0,279.0,288.0,False,HARD,34.0,True,Red Bull Racing,0 days 01:41:05.273000,,1,7.0,False,,False,True,2024-07,Emilia Romagna Grand Prix,2024,7,2024-05-19,test
0 days 01:43:50.153000,PER,11,0 days 00:01:22.415000,35.0,1.0,,,0 days 00:00:25.964000,0 days 00:00:28.782000,0 days 00:00:27.669000,0 days 01:42:53.728000,0 days 01:43:22.510000,0 days 01:43:50.179000,214.0,257.0,279.0,297.0,False,HARD,35.0,True,Red Bull Racing,0 days 01:42:27.738000,,1,7.0,False,,False,True,2024-07,Emilia Romagna Grand Prix,2024,7,2024-05-19,test
0 days 01:45:13.264000,PER,11,0 days 00:01:23.111000,36.0,1.0,,,0 days 00:00:26.690000,0 days 00:00:28.716000,0 days 00:00:27.705000,0 days 01:44:16.869000,0 days 01:44:45.585000,0 days 01:45:13.290000,213.0,255.0,280.0,296.0,False,HARD,36.0,True,Red Bull Racing,0 days 01:43:50.153000,,1,7.0,False,,False,True,2024-07,Emilia Romagna Grand Prix,2024,7,2024-05-19,test
0 days 01:46:41.320000,PER,11,0 days 00:01:28.056000,37.0,1.0,,0 days 01:46:37.081000,0 days 00:00:26.711000,0 days 00:00:28.799000,0 days 00:00:32.546000,0 days 01:45:40.001000,0 days 01:46:08.800000,0 days 01:46:41.346000,213.0,254.0,,289.0,False,HARD,37.0,True,Red Bull Racing,0 days 01:45:13.264000,,1,8.0,False,,False,False,2024-07,Emilia Romagna Grand Prix,2024,7,2024-05-19,test
0 days 01:48:24.634000,PER,11,0 days 00:01:43.314000,38.0,2.0,0 days 01:47:06.652000,,0 days 00:00:48.607000,0 days 00:00:27.678000,0 days 00:00:27.029000,0 days 01:47:29.953000,0 days 01:47:57.631000,0 days 01:48:24.660000,218.0,255.0,286.0,295.0,False,MEDIUM,1.0,True,Red Bull Racing,0 days 01:46:41.320000,,1,11.0,False,,False,False,2024-07,Emilia Romagna Grand Prix,2024,7,2024-05-19,test
0 days 01:49:45.365000,PER,11,0 days 00:01:20.731000,39.0,2.0,,,0 days 00:00:25.393000,0 days 00:00:28.034000,0 days 00:00:27.304000,0 days 01:48:50.053000,0 days 01:49:18.087000,0 days 01:49:45.391000,217.0,256.0,285.0,296.0,True,MEDIUM,2.0,True,Red Bull Racing,0 days 01:48:24.634000,,1,10.0,False,,False,True,2024-07,Emilia Romagna Grand Prix,2024,7,2024-05-19,test
0 days 01:51:05.679000,PER,11,0 days 00:01:20.314000,40.0,2.0,,,0 days 00:00:25.215000,0 days 00:00:27.993000,0 days 00:00:27.106000,0 days 01:50:10.606000,0 days 01:50:38.599000,0 days 01:51:05.705000,214.0,255.0,282.0,297.0,True,MEDIUM,3.0,True,Red Bull Racing,0 days 01:49:45.365000,,1,9.0,False,,False,True,2024-07,Emilia Romagna Grand Prix,2024,7,2024-05-19,test
0 days 01:52:27.654000,PER,11,0 days 00:01:21.975000,41.0,2.0,,,0 days 00:00:25.982000,0 days 00:00:28.540000,0 days 00:00:27.453000,0 days 01:51:31.687000,0 days 01:52:00.227000,0 days 01:52:27.680000,216.0,256.0,284.0,284.0,False,MEDIUM,4.0,True,Red Bull Racing,0 days 01:51:05.679000,,1,9.0,False,,False,True,2024-07,Emilia Romagna Grand Prix,2024,7,2024-05-19,test
0 days 01:53:47.573000,PER,11,0 days 00:01:19.919000,42.0,2.0,,,0 days 00:00:25.177000,0 days 00:00:27.721000,0 days 00:00:27.021000,0 days 01:52:52.857000,0 days 01:53:20.578000,0 days 01:53:47.599000,218.0,257.0,282.0,285.0,True,MEDIUM,5.0,True,Red Bull Racing,0 days 01:52:27.654000,,1,8.0,False,,False,True,2024-07,Emilia Romagna Grand Prix,2024,7,2024-05-19,test
0 days 01:55:07.793000,PER,11,0 days 00:01:20.220000,43.0,2.0,,,0 days 00:00:25.547000,0 days 00:00:27.736000,0 days 00:00:26.937000,0 days 01:54:13.146000,0 days 01:54:40.882000,0 days 01:55:07.819000,219.0,256.0,282.0,286.0,False,MEDIUM,6.0,True,Red Bull Racing,0 days 01:53:47.573000,,1,8.0,False,,False,True,2024-07,Emilia Romagna Grand Prix,2024,7,2024-05-19,test
0 days 01:56:28.297000,PER,11,0 days 00:01:20.504000,44.0,2.0,,,0 days 00:00:25.592000,0 days 00:00:27.924000,0 days 00:00:26.988000,0 days 01:55:33.411000,0 days 01:56:01.335000,0 days 01:56:28.323000,213.0,255.0,281.0,285.0,False,MEDIUM,7.0,True,Red Bull Racing,0 days 01:55:07.793000,,1,8.0,False,,False,True,2024-07,Emilia Romagna Grand Prix,2024,7,2024-05-19,test
0 days 01:57:48.792000,PER,11,0 days 00:01:20.495000,45.0,2.0,,,0 days 00:00:25.587000,0 days 00:00:27.881000,0 days 00:00:27.027000,0 days 01:56:53.910000,0 days 01:57:21.791000,0 days 01:57:48.818000,214.0,256.0,281.0,287.0,False,MEDIUM,8.0,True,Red Bull Racing,0 days 01:56:28.297000,,1,8.0,False,,False,True,2024-07,Emilia Romagna Grand Prix,2024,7,2024-05-19,test
0 days 01:59:09.664000,PER,11,0 days 00:01:20.872000,46.0,2.0,,,0 days 00:00:25.633000,0 days 00:00:28.020000,0 days 00:00:27.219000,0 days 01:58:14.451000,0 days 01:58:42.471000,0 days 01:59:09.690000,217.0,256.0,281.0,288.0,False,MEDIUM,9.0,True,Red Bull Racing,0 days 01:57:48.792000,,1,8.0,False,,False,True,2024-07,Emilia Romagna Grand Prix,2024,7,2024-05-19,test
0 days 02:00:30.178000,PER,11,0 days 00:01:20.514000,47.0,2.0,,,0 days 00:00:25.676000,0 days 00:00:27.924000,0 days 00:00:26.914000,0 days 01:59:35.366000,0 days 02:00:03.290000,0 days 02:00:30.204000,217.0,256.0,281.0,286.0,False,MEDIUM,10.0,True,Red Bull Racing,0 days 01:59:09.664000,,1,8.0,False,,False,True,2024-07,Emilia Romagna Grand Prix,2024,7,2024-05-19,test
0 days 02:01:50.383000,PER,11,0 days 00:01:20.205000,48.0,2.0,,,0 days 00:00:25.448000,0 days 00:00:27.844000,0 days 00:00:26.913000,0 days 02:00:55.652000,0 days 02:01:23.496000,0 days 02:01:50.409000,217.0,257.0,282.0,288.0,False,MEDIUM,11.0,True,Red Bull Racing,0 days 02:00:30.178000,,1,8.0,False,,False,True,2024-07,Emilia Romagna Grand Prix,2024,7,2024-05-19,test
0 days 02:03:10.329000,PER,11,0 days 00:01:19.946000,49.0,2.0,,,0 days 00:00:25.500000,0 days 00:00:27.622000,0 days 00:00:26.824000,0 days 02:02:15.909000,0 days 02:02:43.531000,0 days 02:03:10.355000,219.0,257.0,282.0,288.0,False,MEDIUM,12.0,True,Red Bull Racing,0 days 02:01:50.383000,,1,8.0,False,,False,True,2024-07,Emilia Romagna Grand Prix,2024,7,2024-05-19,test
0 days 02:04:30.314000,PER,11,0 days 00:01:19.985000,50.0,2.0,,,0 days 00:00:25.389000,0 days 00:00:27.757000,0 days 00:00:26.839000,0 days 02:03:35.744000,0 days 02:04:03.501000,0 days 02:04:30.340000,221.0,257.0,283.0,291.0,False,MEDIUM,13.0,True,Red Bull Racing,0 days 02:03:10.329000,,1,8.0,False,,False,True,2024-07,Emilia Romagna Grand Prix,2024,7,2024-05-19,test
0 days 02:05:51.346000,PER,11,0 days 00:01:21.032000,51.0,2.0,,,0 days 00:00:25.631000,0 days 00:00:28.159000,0 days 00:00:27.242000,0 days 02:04:55.971000,0 days 02:05:24.130000,0 days 02:05:51.372000,220.0,260.0,281.0,296.0,False,MEDIUM,14.0,True,Red Bull Racing,0 days 02:04:30.314000,,1,8.0,False,,False,True,2024-07,Emilia Romagna Grand Prix,2024,7,2024-05-19,test
0 days 02:07:11.032000,PER,11,0 days 00:01:19.686000,52.0,2.0,,,0 days 00:00:25.282000,0 days 00:00:27.676000,0 days 00:00:26.728000,0 days 02:06:16.654000,0 days 02:06:44.330000,0 days 02:07:11.058000,222.0,258.0,282.0,296.0,True,MEDIUM,15.0,True,Red Bull Racing,0 days 02:05:51.346000,,1,8.0,False,,False,True,2024-07,Emilia Romagna Grand Prix,2024,7,2024-05-19,test
0 days 02:08:32.176000,PER,11,0 days 00:01:21.144000,53.0,2.0,,,0 days 00:00:25.813000,0 days 00:00:28.144000,0 days 00:00:27.187000,0 days 02:07:36.871000,0 days 02:08:05.015000,0 days 02:08:32.202000,219.0,257.0,282.0,288.0,False,MEDIUM,16.0,True,Red Bull Racing,0 days 02:07:11.032000,,1,8.0,False,,False,True,2024-07,Emilia Romagna Grand Prix,2024,7,2024-05-19,test
0 days 02:09:52.510000,PER,11,0 days 00:01:20.334000,54.0,2.0,,,0 days 00:00:25.567000,0 days 00:00:27.764000,0 days 00:00:27.003000,0 days 02:08:57.769000,0 days 02:09:25.533000,0 days 02:09:52.536000,218.0,256.0,283.0,287.0,False,MEDIUM,17.0,True,Red Bull Racing,0 days 02:08:32.176000,,1,8.0,False,,False,True,2024-07,Emilia Romagna Grand Prix,2024,7,2024-05-19,test
0 days 02:11:13.030000,PER,11,0 days 00:01:20.520000,55.0,2.0,,,0 days 00:00:25.673000,0 days 00:00:27.763000,0 days 00:00:27.084000,0 days 02:10:18.209000,0 days 02:10:45.972000,0 days 02:11:13.056000,218.0,259.0,283.0,289.0,False,MEDIUM,18.0,True,Red Bull Racing,0 days 02:09:52.510000,,1,8.0,False,,False,True,2024-07,Emilia Romagna Grand Prix,2024,7,2024-05-19,test
0 days 02:12:33.320000,PER,11,0 days 00:01:20.290000,56.0,2.0,,,0 days 00:00:25.440000,0 days 00:00:27.774000,0 days 00:00:27.076000,0 days 02:11:38.496000,0 days 02:12:06.270000,0 days 02:12:33.346000,218.0,258.0,282.0,288.0,False,MEDIUM,19.0,True,Red Bull Racing,0 days 02:11:13.030000,,1,8.0,False,,False,True,2024-07,Emilia Romagna Grand Prix,2024,7,2024-05-19,test
0 days 02:13:53.548000,PER,11,0 days 00:01:20.228000,57.0,2.0,,,0 days 00:00:25.438000,0 days 00:00:27.840000,0 days 00:00:26.950000,0 days 02:12:58.784000,0 days 02:13:26.624000,0 days 02:13:53.574000,217.0,259.0,281.0,288.0,False,MEDIUM,20.0,True,Red Bull Racing,0 days 02:12:33.320000,,1,8.0,False,,False,True,2024-07,Emilia Romagna Grand Prix,2024,7,2024-05-19,test
0 days 02:15:13.833000,PER,11,0 days 00:01:20.285000,58.0,2.0,,,0 days 00:00:25.451000,0 days 00:00:27.758000,0 days 00:00:27.076000,0 days 02:14:19.025000,0 days 02:14:46.783000,0 days 02:15:13.859000,214.0,259.0,281.0,288.0,False,MEDIUM,21.0,True,Red Bull Racing,0 days 02:13:53.548000,,1,8.0,False,,False,True,2024-07,Emilia Romagna Grand Prix,2024,7,2024-05-19,test
0 days 02:16:33.926000,PER,11,0 days 00:01:20.093000,59.0,2.0,,,0 days 00:00:25.360000,0 days 00:00:27.722000,0 days 00:00:27.011000,0 days 02:15:39.219000,0 days 02:16:06.941000,0 days 02:16:33.952000,218.0,257.0,282.0,288.0,False,MEDIUM,22.0,True,Red Bull Racing,0 days 02:15:13.833000,,1,8.0,False,,False,True,2024-07,Emilia Romagna Grand Prix,2024,7,2024-05-19,test
0 days 02:17:54.334000,PER,11,0 days 00:01:20.408000,60.0,2.0,,,0 days 00:00:25.485000,0 days 00:00:27.869000,0 days 00:00:27.054000,0 days 02:16:59.437000,0 days 02:17:27.306000,0 days 02:17:54.360000,220.0,258.0,282.0,291.0,False,MEDIUM,23.0,True,Red Bull Racing,0 days 02:16:33.926000,,1,8.0,False,,False,True,2024-07,Emilia Romagna Grand Prix,2024,7,2024-05-19,test
0 days 02:19:15.167000,PER,11,0 days 00:01:20.833000,61.0,2.0,,,0 days 00:00:25.675000,0 days 00:00:27.882000,0 days 00:00:27.276000,0 days 02:18:20.035000,0 days 02:18:47.917000,0 days 02:19:15.193000,213.0,258.0,281.0,289.0,False,MEDIUM,24.0,True,Red Bull Racing,0 days 02:17:54.334000,,1,8.0,False,,False,True,2024-07,Emilia Romagna Grand Prix,2024,7,2024-05-19,test
0 days 02:20:35.934000,PER,11,0 days 00:01:20.767000,62.0,2.0,,,0 days 00:00:25.655000,0 days 00:00:27.816000,0 days 00:00:27.296000,0 days 02:19:40.848000,0 days 02:20:08.664000,0 days 02:20:35.960000,218.0,259.0,281.0,292.0,False,MEDIUM,25.0,True,Red Bull Racing,0 days 02:19:15.167000,,1,8.0,False,,False,True,2024-07,Emilia Romagna Grand Prix,2024,7,2024-05-19,test
0 days 02:21:56.878000,PER,11,0 days 00:01:20.944000,63.0,2.0,,,0 days 00:00:25.667000,0 days 00:00:28.039000,0 days 00:00:27.238000,0 days 02:21:01.627000,0 days 02:21:29.666000,0 days 02:21:56.904000,218.0,259.0,283.0,291.0,False,MEDIUM,26.0,True,Red Bull Racing,0 days 02:20:35.934000,,1,8.0,False,,False,True,2024-07,Emilia Romagna Grand Prix,2024,7,2024-05-19,test
