Time,Driver,DriverNumber,LapTime,LapNumber,Stint,PitOutTime,PitInTime,Sector1Time,Sector2Time,Sector3Time,Sector1SessionTime,Sector2SessionTime,Sector3SessionTime,SpeedI1,SpeedI2,SpeedFL,SpeedST,IsPersonalBest,Compound,TyreLife,FreshTyre,Team,LapStartTime,LapStartDate,TrackStatus,Position,Deleted,DeletedReason,FastF1Generated,IsAccurate,EventKey,EventName,Year,RoundNumber,EventDate,Role
0 days 00:57:17.644000,VER,1,0 days 00:01:34.338000,1.0,1.0,,,,0 days 00:00:34.990000,0 days 00:00:26.211000,,0 days 00:56:51.618000,0 days 00:57:17.872000,213.0,184.0,271.0,305.0,False,MEDIUM,1.0,True,Red Bull Racing,0 days 00:55:43.028000,,1,1.0,False,,False,False,2024-06,Miami Grand Prix,2024,6,2024-05-05,test
0 days 00:58:50.737000,VER,1,0 days 00:01:33.093000,2.0,1.0,,,0 days 00:00:31.455000,0 days 00:00:35.489000,0 days 00:00:26.149000,0 days 00:57:49.104000,0 days 00:58:24.593000,0 days 00:58:50.742000,209.0,183.0,272.0,303.0,True,MEDIUM,2.0,True,Red Bull Racing,0 days 00:57:17.644000,,1,1.0,False,,False,True,2024-06,Miami Grand Prix,2024,6,2024-05-05,test
0 days 01:00:23.874000,VER,1,0 days 00:01:33.137000,3.0,1.0,,,0 days 00:00:31.551000,0 days 00:00:35.472000,0 days 00:00:26.114000,0 days 00:59:22.293000,0 days 00:59:57.765000,0 days 01:00:23.879000,211.0,183.0,272.0,309.0,False,MEDIUM,3.0,True,Red Bull Racing,0 days 00:58:50.737000,,1,1.0,False,,False,True,2024-06,Miami Grand Prix,2024,6,2024-05-05,test
0 days 01:01:57.378000,VER,1,0 days 00:01:33.504000,4.0,1.0,,,0 days 00:00:31.508000,0 days 00:00:35.686000,0 days 00:00:26.310000,0 days 01:00:55.387000,0 days 01:01:31.073000,0 days 01:01:57.383000,208.0,181.0,273.0,309.0,False,MEDIUM,4.0,True,Red Bull Racing,0 days 01:00:23.874000,,1,1.0,False,,False,True,2024-06,Miami Grand Prix,2024,6,2024-05-05,test
0 days 01:03:30.212000,VER,1,0 days 00:01:32.834000,5.0,1.0,,,0 days 00:00:31.318000,0 days 00:00:35.410000,0 days 00:00:26.106000,0 days 01:02:28.701000,0 days 01:03:04.111000,0 days 01:03:30.217000,210.0,183.0,274.0,306.0,True,MEDIUM,5.0,True,Red Bull Racing,0 days 01:01:57.378000,,1,1.0,False,,False,True,2024-06,Miami Grand Prix,2024,6,2024-05-05,test
0 days 01:05:03.151000,VER,1,0 days 00:01:32.939000,6.0,1.0,,,0 days 00:00:31.528000,0 days 00:00:35.395000,0 days 00:00:26.016000,0 days 01:04:01.745000,0 days 01:04:37.140000,0 days 01:05:03.156000,209.0,183.0,273.0,308.0,False,MEDIUM,6.0,True,Red Bull Racing,0 days 01:03:30.212000,,1,1.0,False,,False,True,2024-06,Miami Grand Prix,2024,6,2024-05-05,test
0 days 01:06:36.046000,VER,1,0 days 00:01:32.895000,7.0,1.0,,,0 days 00:00:31.547000,0 days 00:00:35.239000,0 days 00:00:26.109000,0 days 01:05:34.703000,0 days 01:06:09.942000,0 days 01:06:36.051000,210.0,183.0,272.0,309.0,False,MEDIUM,7.0,True,Red Bull Racing,0 days 01:05:03.151000,,1,1.0,False,,False,True,2024-06,Miami Grand Prix,2024,6,2024-05-05,test
0 days 01:08:08.884000,VER,1,0 days 00:01:32.838000,8.0,1.0,,,0 days 00:00:31.563000,0 days 00:00:35.266000,0 days 00:00:26.009000,0 days 01:07:07.614000,0 days 01:07:42.880000,0 days 01:08:08.889000,211.0,183.0,272.0,311.0,False,MEDIUM,8.0,True,Red Bull Racing,0 days 01:06:36.046000,,1,1.0,False,,False,True,2024-06,Miami Grand Prix,2024,6,2024-05-05,test
0 days 01:09:42.173000,VER,1,0 days 00:01:33.289000,9.0,1.0,,,0 days 00:00:31.903000,0 days 00:00:35.254000,0 days 00:00:26.132000,0 days 01:08:40.792000,0 days 01:09:16.046000,0 days 01:09:42.178000,207.0,183.0,272.0,309.0,False,MEDIUM,9.0,True,Red Bull Racing,0 days 01:08:08.884000,,1,1.0,False,,False,True,2024-06,Miami Grand Prix,2024,6,2024-05-05,test
0 days 01:11:15.440000,VER,1,0 days 00:01:33.267000,10.0,1.0,,,0 days 00:00:31.730000,0 days 00:00:35.448000,0 days 00:00:26.089000,0 days 01:10:13.908000,0 days 01:10:49.356000,0 days 01:11:15.445000,208.0,183.0,273.0,311.0,False,MEDIUM,10.0,True,Red Bull Racing,0 days 01:09:42.173000,,1,1.0,False,,False,True,2024-06,Miami Grand Prix,2024,6,2024-05-05,test
0 days 01:12:48.941000,VER,1,0 days 00:01:33.501000,11.0,1.0,,,0 days 00:00:31.720000,0 days 00:00:35.573000,0 days 00:00:26.208000,0 days 01:11:47.165000,0 days 01:12:22.738000,0 days 01:12:48.946000,210.0,183.0,273.0,301.0,False,MEDIUM,11.0,True,Red Bull Racing,0 days 01:11:15.440000,,1,1.0,False,,False,True,2024-06,Miami Grand Prix,2024,6,2024-05-05,test
0 days 01:14:22.038000,VER,1,0 days 00:01:33.097000,12.0,1.0,,,0 days 00:00:31.605000,0 days 00:00:35.354000,0 days 00:00:26.138000,0 days 01:13:20.551000,0 days 01:13:55.905000,0 days 01:14:22.043000,211.0,183.0,272.0,309.0,False,MEDIUM,12.0,True,Red Bull Racing,0 days 01:12:48.941000,,1,1.0,False,,False,True,2024-06,Miami Grand Prix,2024,6,2024-05-05,test
0 days 01:15:55.167000,VER,1,0 days 00:01:33.129000,13.0,1.0,,,0 days 00:00:31.578000,0 days 00:00:35.441000,0 days 00:00:26.110000,0 days 01:14:53.621000,0 days 01:15:29.062000,0 days 01:15:55.172000,210.0,183.0,272.0,310.0,False,MEDIUM,13.0,True,Red Bull Racing,0 days 01:14:22.038000,,1,1.0,False,,False,True,2024-06,Miami Grand Prix,2024,6,2024-05-05,test
0 days 01:17:28.085000,VER,1,0 days 00:01:32.918000,14.0,1.0,,,0 days 00:00:31.442000,0 days 00:00:35.397000,0 days 00:00:26.079000,0 days 01:16:26.614000,0 days 01:17:02.011000,0 days 01:17:28.090000,210.0,183.0,274.0,310.0,False,MEDIUM,14.0,True,Red Bull Racing,0 days 01:15:55.167000,,1,1.0,False,,False,True,2024-06,Miami Grand Prix,2024,6,2024-05-05,test
0 days 01:19:00.892000,VER,1,0 days 00:01:32.807000,15.0,1.0,,,0 days 00:00:31.402000,0 days 00:00:35.279000,0 days 00:00:26.126000,0 days 01:17:59.492000,0 days 01:18:34.771000,0 days 01:19:00.897000,209.0,183.0,273.0,311.0,True,MEDIUM,15.0,True,Red Bull Racing,0 days 01:17:28.085000,,1,1.0,False,,False,True,2024-06,Miami Grand Prix,2024,6,2024-05-05,test
0 days 01:20:33.641000,VER,1,0 days 00:01:32.749000,16.0,1.0,,,0 days 00:00:31.413000,0 days 00:00:35.262000,0 days 00:00:26.074000,0 days 01:19:32.310000,0 days 01:20:07.572000,0 days 01:20:33.646000,210.0,184.0,273.0,309.0,True,MEDIUM,16.0,True,Red Bull Racing,0 days 01:19:00.892000,,1,1.0,False,,False,True,2024-06,Miami Grand Prix,2024,6,2024-05-05,test
0 days 01:22:06.561000,VER,1,0 days 00:01:32.920000,17.0,1.0,,,0 days 00:00:31.360000,0 days 00:00:35.419000,0 days 00:00:26.141000,0 days 01:21:05.006000,0 days 01:21:40.425000,0 days 01:22:06.566000,211.0,183.0,273.0,308.0,False,MEDIUM,17.0,True,Red Bull Racing,0 days 01:20:33.641000,,1,1.0,False,,False,True,2024-06,Miami Grand Prix,2024,6,2024-05-05,test
0 days 01:23:39.583000,VER,1,0 days 00:01:33.022000,18.0,1.0,,,0 days 00:00:31.388000,0 days 00:00:35.398000,0 days 00:00:26.236000,0 days 01:22:37.954000,0 days 01:23:13.352000,0 days 01:23:39.588000,209.0,184.0,273.0,309.0,False,MEDIUM,18.0,True,Red Bull Racing,0 days 01:22:06.561000,,1,1.0,False,,False,True,2024-06,Miami Grand Prix,2024,6,2024-05-05,test
0 days 01:25:12.251000,VER,1,0 days 00:01:32.668000,19.0,1.0,,,0 days 00:00:31.331000,0 days 00:00:35.313000,0 days 00:00:26.024000,0 days 01:24:10.919000,0 days 01:24:46.232000,0 days 01:25:12.256000,210.0,185.0,274.0,310.0,True,MEDIUM,19.0,True,Red Bull Racing,0 days 01:23:39.583000,,1,1.0,False,,False,True,2024-06,Miami Grand Prix,2024,6,2024-05-05,test
0 days 01:26:44.781000,VER,1,0 days 00:01:32.530000,20.0,1.0,,,0 days 00:00:31.249000,0 days 00:00:35.307000,0 days 00:00:25.974000,0 days 01:25:43.505000,0 days 01:26:18.812000,0 days 01:26:44.786000,212.0,185.0,274.0,308.0,True,MEDIUM,20.0,True,Red Bull Racing,0 days 01:25:12.251000,,1,1.0,False,,False,True,2024-06,Miami Grand Prix,2024,6,2024-05-05,test
0 days 01:28:17.707000,VER,1,0 days 00:01:32.926000,21.0,1.0,,,0 days 00:00:31.350000,0 days 00:00:35.491000,0 days 00:00:26.085000,0 days 01:27:16.136000,0 days 01:27:51.627000,0 days 01:28:17.712000,211.0,184.0,274.0,310.0,False,MEDIUM,21.0,True,Red Bull Racing,0 days 01:26:44.781000,,1,1.0,True,TRACK LIMITS AT TURN 15 LAP 21 ,False,True,2024-06,Miami Grand Prix,2024,6,2024-05-05,test
0 days 01:29:50.613000,VER,1,0 days 00:01:32.906000,22.0,1.0,,,0 days 00:00:31.387000,0 days 00:00:35.453000,0 days 00:00:26.066000,0 days 01:28:49.099000,0 days 01:29:24.552000,0 days 01:29:50.618000,212.0,184.0,275.0,310.0,False,MEDIUM,22.0,True,Red Bull Racing,0 days 01:28:17.707000,,1,1.0,False,,False,True,2024-06,Miami Grand Prix,2024,6,2024-05-05,test
0 days 01:31:42.551000,VER,1,0 days 00:01:51.938000,23.0,1.0,,0 days 01:31:37.085000,0 days 00:00:34.111000,0 days 00:00:46.780000,0 days 00:00:31.047000,0 days 01:30:24.729000,0 days 01:31:11.509000,0 days 01:31:42.556000,83.0,179.0,,317.0,False,MEDIUM,23.0,True,Red Bull Racing,0 days 01:29:50.613000,,167,2.0,False,,False,False,2024-06,Miami Grand Prix,2024,6,2024-05-05,test
0 days 01:33:29.638000,VER,1,0 days 00:01:47.087000,24.0,2.0,0 days 01:31:59.334000,,0 days 00:00:45.854000,0 days 00:00:35.283000,0 days 00:00:25.950000,0 days 01:32:28.410000,0 days 01:33:03.693000,0 days 01:33:29.643000,211.0,185.0,274.0,307.0,False,HARD,1.0,True,Red Bull Racing,0 days 01:31:42.551000,,1,4.0,False,,False,False,2024-06,Miami Grand Prix,2024,6,2024-05-05,test
0 days 01:35:01.936000,VER,1,0 days 00:01:32.298000,25.0,2.0,,,0 days 00:00:31.146000,0 days 00:00:35.182000,0 days 00:00:25.970000,0 days 01:34:00.789000,0 days 01:34:35.971000,0 days 01:35:01.941000,212.0,186.0,275.0,309.0,True,HARD,2.0,True,Red Bull Racing,0 days 01:33:29.638000,,1,4.0,False,,False,True,2024-06,Miami Grand Prix,2024,6,2024-05-05,test
0 days 01:36:34.346000,VER,1,0 days 00:01:32.410000,26.0,2.0,,,0 days 00:00:31.180000,0 days 00:00:35.194000,0 days 00:00:26.036000,0 days 01:35:33.121000,0 days 01:36:08.315000,0 days 01:36:34.351000,210.0,185.0,275.0,310.0,False,HARD,3.0,True,Red Bull Racing,0 days 01:35:01.936000,,1,4.0,False,,False,True,2024-06,Miami Grand Prix,2024,6,2024-05-05,test
0 days 01:38:06.861000,VER,1,0 days 00:01:32.515000,27.0,2.0,,,0 days 00:00:31.060000,0 days 00:00:35.072000,0 days 00:00:26.383000,0 days 01:37:05.411000,0 days 01:37:40.483000,0 days 01:38:06.866000,213.0,185.0,275.0,310.0,False,HARD,4.0,True,Red Bull Racing,0 days 01:36:34.346000,,1,4.0,False,,False,True,2024-06,Miami Grand Prix,2024,6,2024-05-05,test
0 days 01:39:46.237000,VER,1,0 days 00:01:39.376000,28.0,2.0,,,0 days 00:00:30.997000,0 days 00:00:35.165000,0 days 00:00:33.214000,0 days 01:38:37.863000,0 days 01:39:13.028000,0 days 01:39:46.242000,212.0,185.0,176.0,311.0,False,HARD,5.0,True,Red Bull Racing,0 days 01:38:06.861000,,124,2.0,False,,False,False,2024-06,Miami Grand Prix,2024,6,2024-05-05,test
0 days 01:42:12.756000,VER,1,0 days 00:02:26.519000,29.0,2.0,,,0 days 00:00:48.739000,0 days 00:00:56.064000,0 days 00:00:41.716000,0 days 01:40:34.981000,0 days 01:41:31.045000,0 days 01:42:12.761000,110.0,149.0,164.0,125.0,False,HARD,6.0,True,Red Bull Racing,0 days 01:39:46.237000,,4,2.0,False,,False,False,2024-06,Miami Grand Prix,2024,6,2024-05-05,test
0 days 01:44:17.176000,VER,1,0 days 00:02:04.420000,30.0,2.0,,,0 days 00:00:58.171000,0 days 00:00:37.695000,0 days 00:00:28.554000,0 days 01:43:10.932000,0 days 01:43:48.627000,0 days 01:44:17.181000,131.0,171.0,250.0,272.0,False,HARD,7.0,True,Red Bull Racing,0 days 01:42:12.756000,,4,2.0,False,,False,False,2024-06,Miami Grand Prix,2024,6,2024-05-05,test
0 days 01:45:58.253000,VER,1,0 days 00:01:41.077000,31.0,2.0,,,0 days 00:00:36.388000,0 days 00:00:37.212000,0 days 00:00:27.477000,0 days 01:44:53.569000,0 days 01:45:30.781000,0 days 01:45:58.258000,206.0,179.0,235.0,291.0,False,HARD,8.0,True,Red Bull Racing,0 days 01:44:17.176000,,4,2.0,False,,False,False,2024-06,Miami Grand Prix,2024,6,2024-05-05,test
0 days 01:48:33.320000,VER,1,,32.0,2.0,,,0 days 00:00:58.501000,0 days 00:00:58.369000,0 days 00:00:38.163000,0 days 01:46:56.938000,0 days 01:47:55.269000,0 days 01:48:33.461000,150.0,164.0,277.0,107.0,False,HARD,9.0,True,Red Bull Racing,0 days 01:45:58.253000,,41,2.0,False,,False,False,2024-06,Miami Grand Prix,2024,6,2024-05-05,test
0 days 01:50:05.547000,VER,1,0 days 00:01:32.227000,33.0,2.0,,,0 days 00:00:31.596000,0 days 00:00:34.889000,0 days 00:00:25.742000,0 days 01:49:04.921000,0 days 01:49:39.810000,0 days 01:50:05.552000,213.0,185.0,277.0,313.0,True,HARD,10.0,True,Red Bull Racing,0 days 01:48:33.320000,,1,2.0,False,,False,True,2024-06,Miami Grand Prix,2024,6,2024-05-05,test
0 days 01:51:37.158000,VER,1,0 days 00:01:31.611000,34.0,2.0,,,0 days 00:00:30.895000,0 days 00:00:34.877000,0 days 00:00:25.839000,0 days 01:50:36.447000,0 days 01:51:11.324000,0 days 01:51:37.163000,212.0,186.0,276.0,313.0,True,HARD,11.0,True,Red Bull Racing,0 days 01:50:05.547000,,1,2.0,False,,False,True,2024-06,Miami Grand Prix,2024,6,2024-05-05,test
0 days 01:53:08.567000,VER,1,0 days 00:01:31.409000,35.0,2.0,,,0 days 00:00:30.803000,0 days 00:00:34.769000,0 days 00:00:25.837000,0 days 01:52:07.966000,0 days 01:52:42.735000,0 days 01:53:08.572000,211.0,185.0,277.0,314.0,True,HARD,12.0,True,Red Bull Racing,0 days 01:51:37.158000,,1,2.0,False,,False,True,2024-06,Miami Grand Prix,2024,6,2024-05-05,test
0 days 01:54:40.023000,VER,1,0 days 00:01:31.456000,36.0,2.0,,,0 days 00:00:30.881000,0 days 00:00:34.840000,0 days 00:00:25.735000,0 days 01:53:39.453000,0 days 01:54:14.293000,0 days 01:54:40.028000,213.0,185.0,277.0,313.0,False,HARD,13.0,True,Red Bull Racing,0 days 01:53:08.567000,,1,2.0,False,,False,True,2024-06,Miami Grand Prix,2024,6,2024-05-05,test
0 days 01:56:11.400000,VER,1,0 days 00:01:31.377000,37.0,2.0,,,0 days 00:00:30.791000,0 days 00:00:34.863000,0 days 00:00:25.723000,0 days 01:55:10.819000,0 days 01:55:45.682000,0 days 01:56:11.405000,213.0,186.0,277.0,314.0,True,HARD,14.0,True,Red Bull Racing,0 days 01:54:40.023000,,1,2.0,False,,False,True,2024-06,Miami Grand Prix,2024,6,2024-05-05,test
0 days 01:57:42.926000,VER,1,0 days 00:01:31.526000,38.0,2.0,,,0 days 00:00:30.847000,0 days 00:00:34.938000,0 days 00:00:25.741000,0 days 01:56:42.252000,0 days 01:57:17.190000,0 days 01:57:42.931000,211.0,186.0,276.0,313.0,False,HARD,15.0,True,Red Bull Racing,0 days 01:56:11.400000,,1,2.0,False,,False,True,2024-06,Miami Grand Prix,2024,6,2024-05-05,test
0 days 01:59:14.262000,VER,1,0 days 00:01:31.336000,39.0,2.0,,,0 days 00:00:30.814000,0 days 00:00:34.729000,0 days 00:00:25.793000,0 days 01:58:13.745000,0 days 01:58:48.474000,0 days 01:59:14.267000,213.0,185.0,276.0,313.0,True,HARD,16.0,True,Red Bull Racing,0 days 01:57:42.926000,,1,2.0,False,,False,True,2024-06,Miami Grand Prix,2024,6,2024-05-05,test
0 days 02:00:45.749000,VER,1,0 days 00:01:31.487000,40.0,2.0,,,0 days 00:00:30.938000,0 days 00:00:34.881000,0 days 00:00:25.668000,0 days 01:59:45.205000,0 days 02:00:20.086000,0 days 02:00:45.754000,213.0,186.0,276.0,315.0,False,HARD,17.0,True,Red Bull Racing,0 days 01:59:14.262000,,1,2.0,False,,False,True,2024-06,Miami Grand Prix,2024,6,2024-05-05,test
0 days 02:02:17.124000,VER,1,0 days 00:01:31.375000,41.0,2.0,,,0 days 00:00:30.793000,0 days 00:00:34.854000,0 days 00:00:25.728000,0 days 02:01:16.547000,0 days 02:01:51.401000,0 days 02:02:17.129000,211.0,187.0,276.0,313.0,False,HARD,18.0,True,Red Bull Racing,0 days 02:00:45.749000,,1,2.0,False,,False,True,2024-06,Miami Grand Prix,2024,6,2024-05-05,test
0 days 02:03:48.579000,VER,1,0 days 00:01:31.455000,42.0,2.0,,,0 days 00:00:30.890000,0 days 00:00:34.778000,0 days 00:00:25.787000,0 days 02:02:48.019000,0 days 02:03:22.797000,0 days 02:03:48.584000,214.0,187.0,277.0,313.0,False,HARD,19.0,True,Red Bull Racing,0 days 02:02:17.124000,,1,2.0,False,,False,True,2024-06,Miami Grand Prix,2024,6,2024-05-05,test
0 days 02:05:20.014000,VER,1,0 days 00:01:31.435000,43.0,2.0,,,0 days 00:00:30.842000,0 days 00:00:34.871000,0 days 00:00:25.722000,0 days 02:04:19.426000,0 days 02:04:54.297000,0 days 02:05:20.019000,214.0,186.0,277.0,314.0,False,HARD,20.0,True,Red Bull Racing,0 days 02:03:48.579000,,1,2.0,False,,False,True,2024-06,Miami Grand Prix,2024,6,2024-05-05,test
0 days 02:06:51.466000,VER,1,0 days 00:01:31.452000,44.0,2.0,,,0 days 00:00:30.814000,0 days 00:00:34.908000,0 days 00:00:25.730000,0 days 02:05:50.833000,0 days 02:06:25.741000,0 days 02:06:51.471000,215.0,186.0,278.0,315.0,False,HARD,21.0,True,Red Bull Racing,0 days 02:05:20.014000,,1,2.0,False,,False,True,2024-06,Miami Grand Prix,2024,6,2024-05-05,test
0 days 02:08:23.003000,VER,1,0 days 00:01:31.537000,45.0,2.0,,,0 days 00:00:30.840000,0 days 00:00:34.912000,0 days 00:00:25.785000,0 days 02:07:22.311000,0 days 02:07:57.223000,0 days 02:08:23.008000,214.0,187.0,276.0,313.0,False,HARD,22.0,True,Red Bull Racing,0 days 02:06:51.466000,,1,2.0,False,,False,True,2024-06,Miami Grand Prix,2024,6,2024-05-05,test
0 days 02:09:54.791000,VER,1,0 days 00:01:31.788000,46.0,2.0,,,0 days 00:00:30.951000,0 days 00:00:35.099000,0 days 00:00:25.738000,0 days 02:08:53.959000,0 days 02:09:29.058000,0 days 02:09:54.796000,214.0,187.0,277.0,314.0,False,HARD,23.0,True,Red Bull Racing,0 days 02:08:23.003000,,1,2.0,False,,False,True,2024-06,Miami Grand Prix,2024,6,2024-05-05,test
0 days 02:11:26.304000,VER,1,0 days 00:01:31.513000,47.0,2.0,,,0 days 00:00:30.859000,0 days 00:00:34.977000,0 days 00:00:25.677000,0 days 02:10:25.655000,0 days 02:11:00.632000,0 days 02:11:26.309000,212.0,187.0,277.0,313.0,False,HARD,24.0,True,Red Bull Racing,0 days 02:09:54.791000,,1,2.0,False,,False,True,2024-06,Miami Grand Prix,2024,6,2024-05-05,test
0 days 02:12:57.565000,VER,1,0 days 00:01:31.261000,48.0,2.0,,,0 days 00:00:30.775000,0 days 00:00:34.797000,0 days 00:00:25.689000,0 days 02:11:57.084000,0 days 02:12:31.881000,0 days 02:12:57.570000,216.0,187.0,277.0,313.0,True,HARD,25.0,True,Red Bull Racing,0 days 02:11:26.304000,,1,2.0,False,,False,True,2024-06,Miami Grand Prix,2024,6,2024-05-05,test
0 days 02:14:29.162000,VER,1,0 days 00:01:31.597000,49.0,2.0,,,0 days 00:00:30.695000,0 days 00:00:35.124000,0 days 00:00:25.778000,0 days 02:13:28.265000,0 days 02:14:03.389000,0 days 02:14:29.167000,215.0,185.0,278.0,313.0,False,HARD,26.0,True,Red Bull Racing,0 days 02:12:57.565000,,1,2.0,False,,False,True,2024-06,Miami Grand Prix,2024,6,2024-05-05,test
0 days 02:16:00.500000,VER,1,0 days 00:01:31.338000,50.0,2.0,,,0 days 00:00:30.531000,0 days 00:00:35.085000,0 days 00:00:25.722000,0 days 02:14:59.698000,0 days 02:15:34.783000,0 days 02:16:00.505000,215.0,187.0,278.0,314.0,False,HARD,27.0,True,Red Bull Racing,0 days 02:14:29.162000,,1,2.0,False,,False,True,2024-06,Miami Grand Prix,2024,6,2024-05-05,test
0 days 02:17:31.784000,VER,1,0 days 00:01:31.284000,51.0,2.0,,,0 days 00:00:30.587000,0 days 00:00:34.980000,0 days 00:00:25.717000,0 days 02:16:31.092000,0 days 02:17:06.072000,0 days 02:17:31.789000,214.0,188.0,279.0,312.0,False,HARD,28.0,True,Red Bull Racing,0 days 02:16:00.500000,,1,2.0,False,,False,True,2024-06,Miami Grand Prix,2024,6,2024-05-05,test
0 days 02:19:03.212000,VER,1,0 days 00:01:31.428000,52.0,2.0,,,0 days 00:00:30.619000,0 days 00:00:35.113000,0 days 00:00:25.696000,0 days 02:18:02.408000,0 days 02:18:37.521000,0 days 02:19:03.217000,212.0,186.0,277.0,311.0,False,HARD,29.0,True,Red Bull Racing,0 days 02:17:31.784000,,1,2.0,False,,False,True,2024-06,Miami Grand Prix,2024,6,2024-05-05,test
0 days 02:20:34.685000,VER,1,0 days 00:01:31.473000,53.0,2.0,,,0 days 00:00:30.632000,0 days 00:00:35.137000,0 days 00:00:25.704000,0 days 02:19:33.849000,0 days 02:20:08.986000,0 days 02:20:34.690000,213.0,186.0,279.0,313.0,False,HARD,30.0,True,Red Bull Racing,0 days 02:19:03.212000,,1,2.0,False,,False,True,2024-06,Miami Grand Prix,2024,6,2024-05-05,test
0 days 02:22:06.231000,VER,1,0 days 00:01:31.546000,54.0,2.0,,,0 days 00:00:30.627000,0 days 00:00:35.090000,0 days 00:00:25.829000,0 days 02:21:05.317000,0 days 02:21:40.407000,0 days 02:22:06.236000,216.0,188.0,278.0,312.0,False,HARD,31.0,True,Red Bull Racing,0 days 02:20:34.685000,,1,2.0,False,,False,True,2024-06,Miami Grand Prix,2024,6,2024-05-05,test
0 days 02:23:37.639000,VER,1,0 days 00:01:31.408000,55.0,2.0,,,0 days 00:00:30.725000,0 days 00:00:34.948000,0 days 00:00:25.735000,0 days 02:22:36.961000,0 days 02:23:11.909000,0 days 02:23:37.644000,214.0,188.0,279.0,314.0,False,HARD,32.0,True,Red Bull Racing,0 days 02:22:06.231000,,1,2.0,False,,False,True,2024-06,Miami Grand Prix,2024,6,2024-05-05,test
0 days 02:25:09.129000,VER,1,0 days 00:01:31.490000,56.0,2.0,,,0 days 00:00:30.749000,0 days 00:00:34.993000,0 days 00:00:25.748000,0 days 02:24:08.393000,0 days 02:24:43.386000,0 days 02:25:09.134000,215.0,188.0,279.0,311.0,False,HARD,33.0,True,Red Bull Racing,0 days 02:23:37.639000,,1,2.0,False,,False,True,2024-06,Miami Grand Prix,2024,6,2024-05-05,test
0 days 02:26:40.828000,VER,1,0 days 00:01:31.699000,57.0,2.0,,,0 days 00:00:30.817000,0 days 00:00:35.101000,0 days 00:00:25.781000,0 days 02:25:39.951000,0 days 02:26:15.052000,0 days 02:26:40.833000,215.0,188.0,275.0,313.0,False,HARD,34.0,True,Red Bull Racing,0 days 02:25:09.129000,,1,2.0,False,,False,True,2024-06,Miami Grand Prix,2024,6,2024-05-05,test
0 days 00:57:21.588000,PER,11,0 days 00:01:38.282000,1.0,1.0,,,,0 days 00:00:35.815000,0 days 00:00:25.988000,,0 days 00:56:55.727000,0 days 00:57:21.854000,208.0,182.0,274.0,314.0,False,MEDIUM,1.0,True,Red Bull Racing,0 days 00:55:43.028000,,1,5.0,False,,False,False,2024-06,Miami Grand Prix,2024,6,2024-05-05,test
0 days 00:58:54.769000,PER,11,0 days 00:01:33.181000,2.0,1.0,,,0 days 00:00:31.695000,0 days 00:00:35.497000,0 days 00:00:25.989000,0 days 00:57:53.321000,0 days 00:58:28.818000,0 days 00:58:54.807000,209.0,183.0,275.0,310.0,True,MEDIUM,2.0,True,Red Bull Racing,0 days 00:57:21.588000,,1,5.0,False,,False,True,2024-06,Miami Grand Prix,2024,6,2024-05-05,test
0 days 01:00:28.290000,PER,11,0 days 00:01:33.521000,3.0,1.0,,,0 days 00:00:31.821000,0 days 00:00:35.548000,0 days 00:00:26.152000,0 days 00:59:26.628000,0 days 01:00:02.176000,0 days 01:00:28.328000,207.0,182.0,275.0,302.0,False,MEDIUM,3.0,True,Red Bull Racing,0 days 00:58:54.769000,,1,5.0,False,,False,True,2024-06,Miami Grand Prix,2024,6,2024-05-05,test
0 days 01:02:01.715000,PER,11,0 days 00:01:33.425000,4.0,1.0,,,0 days 00:00:31.725000,0 days 00:00:35.532000,0 days 00:00:26.168000,0 days 01:01:00.053000,0 days 01:01:35.585000,0 days 01:02:01.753000,209.0,182.0,276.0,307.0,False,MEDIUM,4.0,True,Red Bull Racing,0 days 01:00:28.290000,,1,5.0,False,,False,True,2024-06,Miami Grand Prix,2024,6,2024-05-05,test
0 days 01:03:35.033000,PER,11,0 days 00:01:33.318000,5.0,1.0,,,0 days 00:00:31.829000,0 days 00:00:35.420000,0 days 00:00:26.069000,0 days 01:02:33.582000,0 days 01:03:09.002000,0 days 01:03:35.071000,209.0,182.0,277.0,312.0,False,MEDIUM,5.0,True,Red Bull Racing,0 days 01:02:01.715000,,1,5.0,False,,False,True,2024-06,Miami Grand Prix,2024,6,2024-05-05,test
0 days 01:05:08.231000,PER,11,0 days 00:01:33.198000,6.0,1.0,,,0 days 00:00:31.696000,0 days 00:00:35.537000,0 days 00:00:25.965000,0 days 01:04:06.767000,0 days 01:04:42.304000,0 days 01:05:08.269000,210.0,183.0,276.0,316.0,False,MEDIUM,6.0,True,Red Bull Racing,0 days 01:03:35.033000,,1,5.0,False,,False,True,2024-06,Miami Grand Prix,2024,6,2024-05-05,test
0 days 01:06:41.406000,PER,11,0 days 00:01:33.175000,7.0,1.0,,,0 days 00:00:31.579000,0 days 00:00:35.546000,0 days 00:00:26.050000,0 days 01:05:39.848000,0 days 01:06:15.394000,0 days 01:06:41.444000,211.0,181.0,275.0,313.0,True,MEDIUM,7.0,True,Red Bull Racing,0 days 01:05:08.231000,,1,5.0,False,,False,True,2024-06,Miami Grand Prix,2024,6,2024-05-05,test
0 days 01:08:14.553000,PER,11,0 days 00:01:33.147000,8.0,1.0,,,0 days 00:00:31.845000,0 days 00:00:35.375000,0 days 00:00:25.927000,0 days 01:07:13.289000,0 days 01:07:48.664000,0 days 01:08:14.591000,209.0,182.0,276.0,314.0,True,MEDIUM,8.0,True,Red Bull Racing,0 days 01:06:41.406000,,1,5.0,False,,False,True,2024-06,Miami Grand Prix,2024,6,2024-05-05,test
0 days 01:09:48.043000,PER,11,0 days 00:01:33.490000,9.0,1.0,,,0 days 00:00:31.967000,0 days 00:00:35.492000,0 days 00:00:26.031000,0 days 01:08:46.558000,0 days 01:09:22.050000,0 days 01:09:48.081000,208.0,183.0,274.0,315.0,False,MEDIUM,9.0,True,Red Bull Racing,0 days 01:08:14.553000,,1,5.0,False,,False,True,2024-06,Miami Grand Prix,2024,6,2024-05-05,test
0 days 01:11:21.622000,PER,11,0 days 00:01:33.579000,10.0,1.0,,,0 days 00:00:31.952000,0 days 00:00:35.658000,0 days 00:00:25.969000,0 days 01:10:20.033000,0 days 01:10:55.691000,0 days 01:11:21.660000,208.0,182.0,275.0,317.0,False,MEDIUM,10.0,True,Red Bull Racing,0 days 01:09:48.043000,,1,5.0,False,,False,True,2024-06,Miami Grand Prix,2024,6,2024-05-05,test
0 days 01:12:55.154000,PER,11,0 days 00:01:33.532000,11.0,1.0,,,0 days 00:00:31.769000,0 days 00:00:35.672000,0 days 00:00:26.091000,0 days 01:11:53.429000,0 days 01:12:29.101000,0 days 01:12:55.192000,210.0,182.0,275.0,305.0,False,MEDIUM,11.0,True,Red Bull Racing,0 days 01:11:21.622000,,1,5.0,False,,False,True,2024-06,Miami Grand Prix,2024,6,2024-05-05,test
0 days 01:14:28.909000,PER,11,0 days 00:01:33.755000,12.0,1.0,,,0 days 00:00:31.911000,0 days 00:00:35.596000,0 days 00:00:26.248000,0 days 01:13:27.103000,0 days 01:14:02.699000,0 days 01:14:28.947000,205.0,182.0,273.0,311.0,False,MEDIUM,12.0,True,Red Bull Racing,0 days 01:12:55.154000,,1,5.0,False,,False,True,2024-06,Miami Grand Prix,2024,6,2024-05-05,test
0 days 01:16:02.880000,PER,11,0 days 00:01:33.971000,13.0,1.0,,,0 days 00:00:31.964000,0 days 00:00:35.848000,0 days 00:00:26.159000,0 days 01:15:00.911000,0 days 01:15:36.759000,0 days 01:16:02.918000,206.0,182.0,274.0,311.0,False,MEDIUM,13.0,True,Red Bull Racing,0 days 01:14:28.909000,,1,5.0,False,,False,True,2024-06,Miami Grand Prix,2024,6,2024-05-05,test
0 days 01:17:36.712000,PER,11,0 days 00:01:33.832000,14.0,1.0,,,0 days 00:00:31.882000,0 days 00:00:35.804000,0 days 00:00:26.146000,0 days 01:16:34.800000,0 days 01:17:10.604000,0 days 01:17:36.750000,208.0,182.0,275.0,311.0,False,MEDIUM,14.0,True,Red Bull Racing,0 days 01:16:02.880000,,1,5.0,False,,False,True,2024-06,Miami Grand Prix,2024,6,2024-05-05,test
0 days 01:19:10.049000,PER,11,0 days 00:01:33.337000,15.0,1.0,,,0 days 00:00:31.567000,0 days 00:00:35.705000,0 days 00:00:26.065000,0 days 01:18:08.317000,0 days 01:18:44.022000,0 days 01:19:10.087000,209.0,183.0,275.0,310.0,False,MEDIUM,15.0,True,Red Bull Racing,0 days 01:17:36.712000,,1,5.0,False,,False,True,2024-06,Miami Grand Prix,2024,6,2024-05-05,test
0 days 01:20:43.223000,PER,11,0 days 00:01:33.174000,16.0,1.0,,,0 days 00:00:31.535000,0 days 00:00:35.654000,0 days 00:00:25.985000,0 days 01:19:41.622000,0 days 01:20:17.276000,0 days 01:20:43.261000,209.0,182.0,276.0,317.0,False,MEDIUM,16.0,True,Red Bull Racing,0 days 01:19:10.049000,,1,5.0,False,,False,True,2024-06,Miami Grand Prix,2024,6,2024-05-05,test
0 days 01:22:22.208000,PER,11,0 days 00:01:38.985000,17.0,1.0,,0 days 01:22:16.822000,0 days 00:00:31.643000,0 days 00:00:35.746000,0 days 00:00:31.596000,0 days 01:21:14.904000,0 days 01:21:50.650000,0 days 01:22:22.246000,208.0,183.0,,321.0,False,MEDIUM,17.0,True,Red Bull Racing,0 days 01:20:43.223000,,1,6.0,False,,False,False,2024-06,Miami Grand Prix,2024,6,2024-05-05,test
0 days 01:24:08.757000,PER,11,0 days 00:01:46.549000,18.0,2.0,0 days 01:22:38.564000,,0 days 00:00:45.577000,0 days 00:00:35.222000,0 days 00:00:25.750000,0 days 01:23:07.823000,0 days 01:23:43.045000,0 days 01:24:08.795000,210.0,184.0,281.0,323.0,False,HARD,1.0,True,Red Bull Racing,0 days 01:22:22.208000,,1,10.0,False,,False,False,2024-06,Miami Grand Prix,2024,6,2024-05-05,test
0 days 01:25:41.916000,PER,11,0 days 00:01:33.159000,19.0,2.0,,,0 days 00:00:31.811000,0 days 00:00:35.446000,0 days 00:00:25.902000,0 days 01:24:40.606000,0 days 01:25:16.052000,0 days 01:25:41.954000,207.0,183.0,275.0,314.0,False,HARD,2.0,True,Red Bull Racing,0 days 01:24:08.757000,,1,9.0,False,,False,True,2024-06,Miami Grand Prix,2024,6,2024-05-05,test
0 days 01:27:14.985000,PER,11,0 days 00:01:33.069000,20.0,2.0,,,0 days 00:00:31.843000,0 days 00:00:35.316000,0 days 00:00:25.910000,0 days 01:26:13.797000,0 days 01:26:49.113000,0 days 01:27:15.023000,206.0,183.0,276.0,310.0,True,HARD,3.0,True,Red Bull Racing,0 days 01:25:41.916000,,1,9.0,False,,False,True,2024-06,Miami Grand Prix,2024,6,2024-05-05,test
0 days 01:28:47.738000,PER,11,0 days 00:01:32.753000,21.0,2.0,,,0 days 00:00:31.382000,0 days 00:00:35.473000,0 days 00:00:25.898000,0 days 01:27:46.405000,0 days 01:28:21.878000,0 days 01:28:47.776000,208.0,184.0,277.0,313.0,True,HARD,4.0,True,Red Bull Racing,0 days 01:27:14.985000,,1,9.0,False,,False,True,2024-06,Miami Grand Prix,2024,6,2024-05-05,test
0 days 01:30:20.590000,PER,11,0 days 00:01:32.852000,22.0,2.0,,,0 days 00:00:31.438000,0 days 00:00:35.269000,0 days 00:00:26.145000,0 days 01:29:19.214000,0 days 01:29:54.483000,0 days 01:30:20.628000,207.0,183.0,220.0,316.0,False,HARD,5.0,True,Red Bull Racing,0 days 01:28:47.738000,,16,9.0,False,,False,False,2024-06,Miami Grand Prix,2024,6,2024-05-05,test
0 days 01:32:08.579000,PER,11,0 days 00:01:47.989000,23.0,2.0,,,0 days 00:00:45.525000,0 days 00:00:36.584000,0 days 00:00:25.880000,0 days 01:31:06.153000,0 days 01:31:42.737000,0 days 01:32:08.617000,174.0,185.0,282.0,317.0,False,HARD,6.0,True,Red Bull Racing,0 days 01:30:20.590000,,671,9.0,False,,False,False,2024-06,Miami Grand Prix,2024,6,2024-05-05,test
0 days 01:33:40.965000,PER,11,0 days 00:01:32.386000,24.0,2.0,,,0 days 00:00:31.391000,0 days 00:00:35.199000,0 days 00:00:25.796000,0 days 01:32:40.008000,0 days 01:33:15.207000,0 days 01:33:41.003000,209.0,184.0,276.0,317.0,True,HARD,7.0,True,Red Bull Racing,0 days 01:32:08.579000,,1,7.0,False,,False,True,2024-06,Miami Grand Prix,2024,6,2024-05-05,test
0 days 01:35:13.728000,PER,11,0 days 00:01:32.763000,25.0,2.0,,,0 days 00:00:31.302000,0 days 00:00:35.540000,0 days 00:00:25.921000,0 days 01:34:12.305000,0 days 01:34:47.845000,0 days 01:35:13.766000,211.0,182.0,276.0,310.0,False,HARD,8.0,True,Red Bull Racing,0 days 01:33:40.965000,,1,7.0,False,,False,True,2024-06,Miami Grand Prix,2024,6,2024-05-05,test
0 days 01:36:46.240000,PER,11,0 days 00:01:32.512000,26.0,2.0,,,0 days 00:00:31.119000,0 days 00:00:35.359000,0 days 00:00:26.034000,0 days 01:35:44.885000,0 days 01:36:20.244000,0 days 01:36:46.278000,209.0,183.0,275.0,315.0,False,HARD,9.0,True,Red Bull Racing,0 days 01:35:13.728000,,1,6.0,False,,False,True,2024-06,Miami Grand Prix,2024,6,2024-05-05,test
0 days 01:38:18.401000,PER,11,0 days 00:01:32.161000,27.0,2.0,,,0 days 00:00:31.079000,0 days 00:00:35.219000,0 days 00:00:25.863000,0 days 01:37:17.357000,0 days 01:37:52.576000,0 days 01:38:18.439000,210.0,183.0,276.0,312.0,True,HARD,10.0,True,Red Bull Racing,0 days 01:36:46.240000,,1,6.0,False,,False,True,2024-06,Miami Grand Prix,2024,6,2024-05-05,test
0 days 01:40:05.437000,PER,11,0 days 00:01:47.036000,28.0,2.0,,0 days 01:39:59.953000,0 days 00:00:31.139000,0 days 00:00:35.259000,0 days 00:00:40.638000,0 days 01:38:49.578000,0 days 01:39:24.837000,0 days 01:40:05.475000,211.0,184.0,,199.0,False,HARD,11.0,True,Red Bull Racing,0 days 01:38:18.401000,,124,6.0,False,,False,False,2024-06,Miami Grand Prix,2024,6,2024-05-05,test
0 days 01:42:23.507000,PER,11,0 days 00:02:18.070000,29.0,3.0,0 days 01:40:22.471000,,0 days 00:00:54.485000,0 days 00:00:47.349000,0 days 00:00:36.236000,0 days 01:40:59.960000,0 days 01:41:47.309000,0 days 01:42:23.545000,160.0,117.0,228.0,222.0,False,MEDIUM,6.0,False,Red Bull Racing,0 days 01:40:05.437000,,4,6.0,False,,False,False,2024-06,Miami Grand Prix,2024,6,2024-05-05,test
0 days 01:44:24.100000,PER,11,0 days 00:02:00.593000,30.0,3.0,,,0 days 00:00:50.793000,0 days 00:00:41.271000,0 days 00:00:28.529000,0 days 01:43:14.338000,0 days 01:43:55.609000,0 days 01:44:24.138000,159.0,159.0,250.0,277.0,False,MEDIUM,7.0,False,Red Bull Racing,0 days 01:42:23.507000,,4,6.0,False,,False,False,2024-06,Miami Grand Prix,2024,6,2024-05-05,test
0 days 01:46:06.795000,PER,11,0 days 00:01:42.695000,31.0,3.0,,,0 days 00:00:35.598000,0 days 00:00:38.266000,0 days 00:00:28.831000,0 days 01:44:59.736000,0 days 01:45:38.002000,0 days 01:46:06.833000,175.0,148.0,256.0,278.0,False,MEDIUM,8.0,False,Red Bull Racing,0 days 01:44:24.100000,,4,6.0,False,,False,False,2024-06,Miami Grand Prix,2024,6,2024-05-05,test
0 days 01:48:34.484000,PER,11,0 days 00:02:27.689000,32.0,3.0,,,0 days 00:00:54.457000,0 days 00:00:59.097000,0 days 00:00:34.135000,0 days 01:47:01.290000,0 days 01:48:00.387000,0 days 01:48:34.522000,90.0,101.0,283.0,159.0,False,MEDIUM,9.0,False,Red Bull Racing,0 days 01:46:06.795000,,41,6.0,False,,False,False,2024-06,Miami Grand Prix,2024,6,2024-05-05,test
0 days 01:50:08.073000,PER,11,0 days 00:01:33.589000,33.0,3.0,,,0 days 00:00:32.382000,0 days 00:00:35.357000,0 days 00:00:25.850000,0 days 01:49:06.904000,0 days 01:49:42.261000,0 days 01:50:08.111000,211.0,186.0,279.0,316.0,False,MEDIUM,10.0,False,Red Bull Racing,0 days 01:48:34.484000,,1,6.0,False,,False,True,2024-06,Miami Grand Prix,2024,6,2024-05-05,test
0 days 01:51:40.261000,PER,11,0 days 00:01:32.188000,34.0,3.0,,,0 days 00:00:31.582000,0 days 00:00:34.963000,0 days 00:00:25.643000,0 days 01:50:39.693000,0 days 01:51:14.656000,0 days 01:51:40.299000,209.0,185.0,282.0,306.0,False,MEDIUM,11.0,False,Red Bull Racing,0 days 01:50:08.073000,,1,6.0,False,,False,True,2024-06,Miami Grand Prix,2024,6,2024-05-05,test
0 days 01:53:11.850000,PER,11,0 days 00:01:31.589000,35.0,3.0,,,0 days 00:00:31.285000,0 days 00:00:34.769000,0 days 00:00:25.535000,0 days 01:52:11.584000,0 days 01:52:46.353000,0 days 01:53:11.888000,210.0,185.0,282.0,331.0,True,MEDIUM,12.0,False,Red Bull Racing,0 days 01:51:40.261000,,1,6.0,False,,False,True,2024-06,Miami Grand Prix,2024,6,2024-05-05,test
0 days 01:54:44.034000,PER,11,0 days 00:01:32.184000,36.0,3.0,,,0 days 00:00:31.281000,0 days 00:00:35.294000,0 days 00:00:25.609000,0 days 01:53:43.169000,0 days 01:54:18.463000,0 days 01:54:44.072000,209.0,183.0,284.0,316.0,False,MEDIUM,13.0,False,Red Bull Racing,0 days 01:53:11.850000,,1,6.0,False,,False,True,2024-06,Miami Grand Prix,2024,6,2024-05-05,test
0 days 01:56:16.587000,PER,11,0 days 00:01:32.553000,37.0,3.0,,,0 days 00:00:31.447000,0 days 00:00:35.271000,0 days 00:00:25.835000,0 days 01:55:15.519000,0 days 01:55:50.790000,0 days 01:56:16.625000,208.0,184.0,280.0,313.0,False,MEDIUM,14.0,False,Red Bull Racing,0 days 01:54:44.034000,,1,6.0,False,,False,True,2024-06,Miami Grand Prix,2024,6,2024-05-05,test
0 days 01:57:48.251000,PER,11,0 days 00:01:31.664000,38.0,3.0,,,0 days 00:00:31.050000,0 days 00:00:34.859000,0 days 00:00:25.755000,0 days 01:56:47.675000,0 days 01:57:22.534000,0 days 01:57:48.289000,214.0,186.0,278.0,318.0,False,MEDIUM,15.0,False,Red Bull Racing,0 days 01:56:16.587000,,1,6.0,False,,False,True,2024-06,Miami Grand Prix,2024,6,2024-05-05,test
0 days 01:59:20.446000,PER,11,0 days 00:01:32.195000,39.0,3.0,,,0 days 00:00:31.292000,0 days 00:00:35.183000,0 days 00:00:25.720000,0 days 01:58:19.581000,0 days 01:58:54.764000,0 days 01:59:20.484000,215.0,185.0,281.0,323.0,False,MEDIUM,16.0,False,Red Bull Racing,0 days 01:57:48.251000,,1,6.0,False,,False,True,2024-06,Miami Grand Prix,2024,6,2024-05-05,test
0 days 02:00:53.091000,PER,11,0 days 00:01:32.645000,40.0,3.0,,,0 days 00:00:32.009000,0 days 00:00:34.848000,0 days 00:00:25.788000,0 days 01:59:52.493000,0 days 02:00:27.341000,0 days 02:00:53.129000,213.0,184.0,277.0,309.0,False,MEDIUM,17.0,False,Red Bull Racing,0 days 01:59:20.446000,,1,5.0,False,,False,True,2024-06,Miami Grand Prix,2024,6,2024-05-05,test
0 days 02:02:25.228000,PER,11,0 days 00:01:32.137000,41.0,3.0,,,0 days 00:00:30.994000,0 days 00:00:35.311000,0 days 00:00:25.832000,0 days 02:01:24.123000,0 days 02:01:59.434000,0 days 02:02:25.266000,213.0,185.0,277.0,313.0,False,MEDIUM,18.0,False,Red Bull Racing,0 days 02:00:53.091000,,1,5.0,False,,False,True,2024-06,Miami Grand Prix,2024,6,2024-05-05,test
0 days 02:03:56.741000,PER,11,0 days 00:01:31.513000,42.0,3.0,,,0 days 00:00:30.890000,0 days 00:00:34.929000,0 days 00:00:25.694000,0 days 02:02:56.156000,0 days 02:03:31.085000,0 days 02:03:56.779000,214.0,185.0,279.0,318.0,True,MEDIUM,19.0,False,Red Bull Racing,0 days 02:02:25.228000,,1,5.0,False,,False,True,2024-06,Miami Grand Prix,2024,6,2024-05-05,test
0 days 02:05:28.146000,PER,11,0 days 00:01:31.405000,43.0,3.0,,,0 days 00:00:30.803000,0 days 00:00:34.937000,0 days 00:00:25.665000,0 days 02:04:27.582000,0 days 02:05:02.519000,0 days 02:05:28.184000,212.0,185.0,278.0,319.0,True,MEDIUM,20.0,False,Red Bull Racing,0 days 02:03:56.741000,,1,5.0,False,,False,True,2024-06,Miami Grand Prix,2024,6,2024-05-05,test
0 days 02:06:59.655000,PER,11,0 days 00:01:31.509000,44.0,3.0,,,0 days 00:00:30.729000,0 days 00:00:35.039000,0 days 00:00:25.741000,0 days 02:05:58.913000,0 days 02:06:33.952000,0 days 02:06:59.693000,215.0,185.0,278.0,316.0,False,MEDIUM,21.0,False,Red Bull Racing,0 days 02:05:28.146000,,1,5.0,False,,False,True,2024-06,Miami Grand Prix,2024,6,2024-05-05,test
0 days 02:08:31.187000,PER,11,0 days 00:01:31.532000,45.0,3.0,,,0 days 00:00:30.864000,0 days 00:00:35.058000,0 days 00:00:25.610000,0 days 02:07:30.557000,0 days 02:08:05.615000,0 days 02:08:31.225000,215.0,185.0,277.0,319.0,False,MEDIUM,22.0,False,Red Bull Racing,0 days 02:06:59.655000,,1,5.0,False,,False,True,2024-06,Miami Grand Prix,2024,6,2024-05-05,test
0 days 02:10:02.868000,PER,11,0 days 00:01:31.681000,46.0,3.0,,,0 days 00:00:30.825000,0 days 00:00:35.142000,0 days 00:00:25.714000,0 days 02:09:02.050000,0 days 02:09:37.192000,0 days 02:10:02.906000,217.0,187.0,278.0,318.0,False,MEDIUM,23.0,False,Red Bull Racing,0 days 02:08:31.187000,,1,5.0,False,,False,True,2024-06,Miami Grand Prix,2024,6,2024-05-05,test
0 days 02:11:34.237000,PER,11,0 days 00:01:31.369000,47.0,3.0,,,0 days 00:00:30.732000,0 days 00:00:34.991000,0 days 00:00:25.646000,0 days 02:10:33.638000,0 days 02:11:08.629000,0 days 02:11:34.275000,212.0,186.0,279.0,320.0,True,MEDIUM,24.0,False,Red Bull Racing,0 days 02:10:02.868000,,1,5.0,False,,False,True,2024-06,Miami Grand Prix,2024,6,2024-05-05,test
0 days 02:13:05.786000,PER,11,0 days 00:01:31.549000,48.0,3.0,,,0 days 00:00:30.750000,0 days 00:00:35.140000,0 days 00:00:25.659000,0 days 02:12:05.025000,0 days 02:12:40.165000,0 days 02:13:05.824000,213.0,186.0,279.0,317.0,False,MEDIUM,25.0,False,Red Bull Racing,0 days 02:11:34.237000,,1,5.0,False,,False,True,2024-06,Miami Grand Prix,2024,6,2024-05-05,test
0 days 02:14:37.182000,PER,11,0 days 00:01:31.396000,49.0,3.0,,,0 days 00:00:30.732000,0 days 00:00:34.959000,0 days 00:00:25.705000,0 days 02:13:36.556000,0 days 02:14:11.515000,0 days 02:14:37.220000,212.0,185.0,279.0,318.0,False,MEDIUM,26.0,False,Red Bull Racing,0 days 02:13:05.786000,,1,5.0,False,,False,True,2024-06,Miami Grand Prix,2024,6,2024-05-05,test
0 days 02:16:08.917000,PER,11,0 days 00:01:31.735000,50.0,3.0,,,0 days 00:00:30.746000,0 days 00:00:35.265000,0 days 00:00:25.724000,0 days 02:15:07.966000,0 days 02:15:43.231000,0 days 02:16:08.955000,215.0,188.0,279.0,318.0,False,MEDIUM,27.0,False,Red Bull Racing,0 days 02:14:37.182000,,1,5.0,False,,False,True,2024-06,Miami Grand Prix,2024,6,2024-05-05,test
0 days 02:17:40.436000,PER,11,0 days 00:01:31.519000,51.0,3.0,,,0 days 00:00:30.706000,0 days 00:00:35.093000,0 days 00:00:25.720000,0 days 02:16:39.661000,0 days 02:17:14.754000,0 days 02:17:40.474000,214.0,186.0,280.0,317.0,False,MEDIUM,28.0,False,Red Bull Racing,0 days 02:16:08.917000,,1,5.0,False,,False,True,2024-06,Miami Grand Prix,2024,6,2024-05-05,test
0 days 02:19:11.966000,PER,11,0 days 00:01:31.530000,52.0,3.0,,,0 days 00:00:30.739000,0 days 00:00:35.169000,0 days 00:00:25.622000,0 days 02:18:11.213000,0 days 02:18:46.382000,0 days 02:19:12.004000,213.0,185.0,279.0,318.0,False,MEDIUM,29.0,False,Red Bull Racing,0 days 02:17:40.436000,,1,5.0,False,,False,True,2024-06,Miami Grand Prix,2024,6,2024-05-05,test
0 days 02:20:43.282000,PER,11,0 days 00:01:31.316000,53.0,3.0,,,0 days 00:00:30.534000,0 days 00:00:35.149000,0 days 00:00:25.633000,0 days 02:19:42.538000,0 days 02:20:17.687000,0 days 02:20:43.320000,214.0,186.0,280.0,318.0,True,MEDIUM,30.0,False,Red Bull Racing,0 days 02:19:11.966000,,1,5.0,False,,False,True,2024-06,Miami Grand Prix,2024,6,2024-05-05,test
0 days 02:22:14.460000,PER,11,0 days 00:01:31.178000,54.0,3.0,,,0 days 00:00:30.488000,0 days 00:00:35.035000,0 days 00:00:25.655000,0 days 02:21:13.808000,0 days 02:21:48.843000,0 days 02:22:14.498000,216.0,187.0,280.0,319.0,True,MEDIUM,31.0,False,Red Bull Racing,0 days 02:20:43.282000,,1,5.0,False,,False,True,2024-06,Miami Grand Prix,2024,6,2024-05-05,test
0 days 02:23:45.315000,PER,11,0 days 00:01:30.855000,55.0,3.0,,,0 days 00:00:30.505000,0 days 00:00:34.766000,0 days 00:00:25.584000,0 days 02:22:45.003000,0 days 02:23:19.769000,0 days 02:23:45.353000,216.0,186.0,280.0,317.0,True,MEDIUM,32.0,False,Red Bull Racing,0 days 02:22:14.460000,,1,5.0,False,,False,True,2024-06,Miami Grand Prix,2024,6,2024-05-05,test
0 days 02:25:16.609000,PER,11,0 days 00:01:31.294000,56.0,3.0,,,0 days 00:00:30.620000,0 days 00:00:35.024000,0 days 00:00:25.650000,0 days 02:24:15.973000,0 days 02:24:50.997000,0 days 02:25:16.647000,215.0,186.0,280.0,322.0,False,MEDIUM,33.0,False,Red Bull Racing,0 days 02:23:45.315000,,1,5.0,False,,False,True,2024-06,Miami Grand Prix,2024,6,2024-05-05,test
0 days 02:26:47.832000,PER,11,0 days 00:01:31.223000,57.0,3.0,,,0 days 00:00:30.624000,0 days 00:00:34.871000,0 days 00:00:25.728000,0 days 02:25:47.271000,0 days 02:26:22.142000,0 days 02:26:47.870000,214.0,187.0,279.0,323.0,False,MEDIUM,34.0,False,Red Bull Racing,0 days 02:25:16.609000,,1,5.0,False,,False,True,2024-06,Miami Grand Prix,2024,6,2024-05-05,test
0 days 00:57:19.003000,LEC,16,0 days 00:01:35.697000,1.0,1.0,,,,0 days 00:00:35.321000,0 days 00:00:26.090000,,0 days 00:56:53.050000,0 days 00:57:19.179000,211.0,183.0,271.0,308.0,False,MEDIUM,1.0,True,Ferrari,0 days 00:55:43.028000,,1,2.0,False,,False,False,2024-06,Miami Grand Prix,2024,6,2024-05-05,test
0 days 00:58:52.320000,LEC,16,0 days 00:01:33.317000,2.0,1.0,,,0 days 00:00:31.481000,0 days 00:00:35.738000,0 days 00:00:26.098000,0 days 00:57:50.527000,0 days 00:58:26.265000,0 days 00:58:52.363000,209.0,182.0,272.0,311.0,True,MEDIUM,2.0,True,Ferrari,0 days 00:57:19.003000,,1,2.0,False,,False,True,2024-06,Miami Grand Prix,2024,6,2024-05-05,test
0 days 01:00:25.630000,LEC,16,0 days 00:01:33.310000,3.0,1.0,,,0 days 00:00:31.478000,0 days 00:00:35.579000,0 days 00:00:26.253000,0 days 00:59:23.841000,0 days 00:59:59.420000,0 days 01:00:25.673000,208.0,181.0,272.0,308.0,True,MEDIUM,3.0,True,Ferrari,0 days 00:58:52.320000,,1,2.0,False,,False,True,2024-06,Miami Grand Prix,2024,6,2024-05-05,test
0 days 01:01:59.404000,LEC,16,0 days 00:01:33.774000,4.0,1.0,,,0 days 00:00:31.423000,0 days 00:00:35.756000,0 days 00:00:26.595000,0 days 01:00:57.096000,0 days 01:01:32.852000,0 days 01:01:59.447000,209.0,180.0,280.0,309.0,False,MEDIUM,4.0,True,Ferrari,0 days 01:00:25.630000,,1,3.0,False,,False,True,2024-06,Miami Grand Prix,2024,6,2024-05-05,test
0 days 01:03:33.213000,LEC,16,0 days 00:01:33.809000,5.0,1.0,,,0 days 00:00:32.040000,0 days 00:00:35.702000,0 days 00:00:26.067000,0 days 01:02:31.487000,0 days 01:03:07.189000,0 days 01:03:33.256000,205.0,181.0,280.0,324.0,False,MEDIUM,5.0,True,Ferrari,0 days 01:01:59.404000,,1,3.0,False,,False,True,2024-06,Miami Grand Prix,2024,6,2024-05-05,test
0 days 01:05:06.153000,LEC,16,0 days 00:01:32.940000,6.0,1.0,,,0 days 00:00:31.331000,0 days 00:00:35.617000,0 days 00:00:25.992000,0 days 01:04:04.587000,0 days 01:04:40.204000,0 days 01:05:06.196000,208.0,180.0,278.0,328.0,True,MEDIUM,6.0,True,Ferrari,0 days 01:03:33.213000,,1,3.0,False,,False,True,2024-06,Miami Grand Prix,2024,6,2024-05-05,test
0 days 01:06:39.431000,LEC,16,0 days 00:01:33.278000,7.0,1.0,,,0 days 00:00:31.654000,0 days 00:00:35.576000,0 days 00:00:26.048000,0 days 01:05:37.850000,0 days 01:06:13.426000,0 days 01:06:39.474000,210.0,180.0,277.0,328.0,False,MEDIUM,7.0,True,Ferrari,0 days 01:05:06.153000,,1,3.0,False,,False,True,2024-06,Miami Grand Prix,2024,6,2024-05-05,test
0 days 01:08:12.544000,LEC,16,0 days 00:01:33.113000,8.0,1.0,,,0 days 00:00:31.587000,0 days 00:00:35.679000,0 days 00:00:25.847000,0 days 01:07:11.061000,0 days 01:07:46.740000,0 days 01:08:12.587000,208.0,180.0,277.0,333.0,False,MEDIUM,8.0,True,Ferrari,0 days 01:06:39.431000,,1,3.0,False,,False,True,2024-06,Miami Grand Prix,2024,6,2024-05-05,test
0 days 01:09:45.696000,LEC,16,0 days 00:01:33.152000,9.0,1.0,,,0 days 00:00:31.759000,0 days 00:00:35.498000,0 days 00:00:25.895000,0 days 01:08:44.346000,0 days 01:09:19.844000,0 days 01:09:45.739000,205.0,180.0,278.0,329.0,False,MEDIUM,9.0,True,Ferrari,0 days 01:08:12.544000,,1,3.0,False,,False,True,2024-06,Miami Grand Prix,2024,6,2024-05-05,test
0 days 01:11:19.174000,LEC,16,0 days 00:01:33.478000,10.0,1.0,,,0 days 00:00:31.807000,0 days 00:00:35.655000,0 days 00:00:26.016000,0 days 01:10:17.546000,0 days 01:10:53.201000,0 days 01:11:19.217000,208.0,180.0,278.0,329.0,False,MEDIUM,10.0,True,Ferrari,0 days 01:09:45.696000,,1,3.0,False,,False,True,2024-06,Miami Grand Prix,2024,6,2024-05-05,test
0 days 01:12:52.345000,LEC,16,0 days 00:01:33.171000,11.0,1.0,,,0 days 00:00:31.704000,0 days 00:00:35.458000,0 days 00:00:26.009000,0 days 01:11:50.921000,0 days 01:12:26.379000,0 days 01:12:52.388000,209.0,180.0,278.0,329.0,False,MEDIUM,11.0,True,Ferrari,0 days 01:11:19.174000,,1,3.0,False,,False,True,2024-06,Miami Grand Prix,2024,6,2024-05-05,test
0 days 01:14:25.468000,LEC,16,0 days 00:01:33.123000,12.0,1.0,,,0 days 00:00:31.557000,0 days 00:00:35.636000,0 days 00:00:25.930000,0 days 01:13:23.945000,0 days 01:13:59.581000,0 days 01:14:25.511000,208.0,180.0,278.0,331.0,False,MEDIUM,12.0,True,Ferrari,0 days 01:12:52.345000,,1,3.0,False,,False,True,2024-06,Miami Grand Prix,2024,6,2024-05-05,test
0 days 01:15:58.795000,LEC,16,0 days 00:01:33.327000,13.0,1.0,,,0 days 00:00:31.637000,0 days 00:00:35.683000,0 days 00:00:26.007000,0 days 01:14:57.148000,0 days 01:15:32.831000,0 days 01:15:58.838000,209.0,182.0,278.0,322.0,False,MEDIUM,13.0,True,Ferrari,0 days 01:14:25.468000,,1,3.0,False,,False,True,2024-06,Miami Grand Prix,2024,6,2024-05-05,test
0 days 01:17:31.760000,LEC,16,0 days 00:01:32.965000,14.0,1.0,,,0 days 00:00:31.595000,0 days 00:00:35.514000,0 days 00:00:25.856000,0 days 01:16:30.433000,0 days 01:17:05.947000,0 days 01:17:31.803000,208.0,182.0,279.0,329.0,False,MEDIUM,14.0,True,Ferrari,0 days 01:15:58.795000,,1,3.0,False,,False,True,2024-06,Miami Grand Prix,2024,6,2024-05-05,test
0 days 01:19:04.449000,LEC,16,0 days 00:01:32.689000,15.0,1.0,,,0 days 00:00:31.417000,0 days 00:00:35.433000,0 days 00:00:25.839000,0 days 01:18:03.220000,0 days 01:18:38.653000,0 days 01:19:04.492000,211.0,182.0,280.0,329.0,True,MEDIUM,15.0,True,Ferrari,0 days 01:17:31.760000,,1,3.0,False,,False,True,2024-06,Miami Grand Prix,2024,6,2024-05-05,test
0 days 01:20:37.475000,LEC,16,0 days 00:01:33.026000,16.0,1.0,,,0 days 00:00:31.725000,0 days 00:00:35.369000,0 days 00:00:25.932000,0 days 01:19:36.217000,0 days 01:20:11.586000,0 days 01:20:37.518000,208.0,180.0,280.0,328.0,False,MEDIUM,16.0,True,Ferrari,0 days 01:19:04.449000,,1,3.0,False,,False,True,2024-06,Miami Grand Prix,2024,6,2024-05-05,test
0 days 01:22:10.543000,LEC,16,0 days 00:01:33.068000,17.0,1.0,,,0 days 00:00:31.683000,0 days 00:00:35.402000,0 days 00:00:25.983000,0 days 01:21:09.201000,0 days 01:21:44.603000,0 days 01:22:10.586000,208.0,180.0,279.0,329.0,False,MEDIUM,17.0,True,Ferrari,0 days 01:20:37.475000,,1,3.0,False,,False,True,2024-06,Miami Grand Prix,2024,6,2024-05-05,test
0 days 01:23:43.372000,LEC,16,0 days 00:01:32.829000,18.0,1.0,,,0 days 00:00:31.483000,0 days 00:00:35.461000,0 days 00:00:25.885000,0 days 01:22:42.069000,0 days 01:23:17.530000,0 days 01:23:43.415000,209.0,180.0,278.0,332.0,False,MEDIUM,18.0,True,Ferrari,0 days 01:22:10.543000,,1,3.0,False,,False,True,2024-06,Miami Grand Prix,2024,6,2024-05-05,test
0 days 01:25:21.611000,LEC,16,0 days 00:01:38.239000,19.0,1.0,,0 days 01:25:16.278000,0 days 00:00:31.584000,0 days 00:00:35.584000,0 days 00:00:31.071000,0 days 01:24:14.999000,0 days 01:24:50.583000,0 days 01:25:21.654000,209.0,182.0,,328.0,False,MEDIUM,19.0,True,Ferrari,0 days 01:23:43.372000,,1,4.0,False,,False,False,2024-06,Miami Grand Prix,2024,6,2024-05-05,test
0 days 01:27:08.023000,LEC,16,0 days 00:01:46.412000,20.0,2.0,0 days 01:25:38.073000,,0 days 00:00:45.442000,0 days 00:00:34.987000,0 days 00:00:25.983000,0 days 01:26:07.096000,0 days 01:26:42.083000,0 days 01:27:08.066000,212.0,185.0,279.0,309.0,False,HARD,1.0,True,Ferrari,0 days 01:25:21.611000,,1,6.0,False,,False,False,2024-06,Miami Grand Prix,2024,6,2024-05-05,test
0 days 01:28:40.136000,LEC,16,0 days 00:01:32.113000,21.0,2.0,,,0 days 00:00:31.154000,0 days 00:00:34.798000,0 days 00:00:26.161000,0 days 01:27:39.220000,0 days 01:28:14.018000,0 days 01:28:40.179000,213.0,184.0,272.0,306.0,True,HARD,2.0,True,Ferrari,0 days 01:27:08.023000,,1,5.0,False,,False,True,2024-06,Miami Grand Prix,2024,6,2024-05-05,test
0 days 01:30:12.777000,LEC,16,0 days 00:01:32.641000,22.0,2.0,,,0 days 00:00:31.232000,0 days 00:00:35.281000,0 days 00:00:26.128000,0 days 01:29:11.411000,0 days 01:29:46.692000,0 days 01:30:12.820000,212.0,184.0,273.0,307.0,False,HARD,3.0,True,Ferrari,0 days 01:28:40.136000,,1,5.0,False,,False,True,2024-06,Miami Grand Prix,2024,6,2024-05-05,test
0 days 01:32:00.501000,LEC,16,0 days 00:01:47.724000,23.0,2.0,,,0 days 00:00:42.781000,0 days 00:00:38.847000,0 days 00:00:26.096000,0 days 01:30:55.601000,0 days 01:31:34.448000,0 days 01:32:00.544000,157.0,183.0,272.0,308.0,False,HARD,4.0,True,Ferrari,0 days 01:30:12.777000,,167,5.0,False,,False,False,2024-06,Miami Grand Prix,2024,6,2024-05-05,test
0 days 01:33:32.896000,LEC,16,0 days 00:01:32.395000,24.0,2.0,,,0 days 00:00:31.121000,0 days 00:00:35.290000,0 days 00:00:25.984000,0 days 01:32:31.665000,0 days 01:33:06.955000,0 days 01:33:32.939000,210.0,181.0,273.0,312.0,False,HARD,5.0,True,Ferrari,0 days 01:32:00.501000,,1,5.0,False,,False,True,2024-06,Miami Grand Prix,2024,6,2024-05-05,test
0 days 01:35:05.175000,LEC,16,0 days 00:01:32.279000,25.0,2.0,,,0 days 00:00:30.926000,0 days 00:00:35.429000,0 days 00:00:25.924000,0 days 01:34:03.865000,0 days 01:34:39.294000,0 days 01:35:05.218000,212.0,181.0,274.0,314.0,False,HARD,6.0,True,Ferrari,0 days 01:33:32.896000,,1,5.0,False,,False,True,2024-06,Miami Grand Prix,2024,6,2024-05-05,test
0 days 01:36:37.567000,LEC,16,0 days 00:01:32.392000,26.0,2.0,,,0 days 00:00:31.029000,0 days 00:00:35.435000,0 days 00:00:25.928000,0 days 01:35:36.247000,0 days 01:36:11.682000,0 days 01:36:37.610000,212.0,184.0,273.0,312.0,False,HARD,7.0,True,Ferrari,0 days 01:35:05.175000,,1,5.0,False,,False,True,2024-06,Miami Grand Prix,2024,6,2024-05-05,test
0 days 01:38:09.624000,LEC,16,0 days 00:01:32.057000,27.0,2.0,,,0 days 00:00:30.806000,0 days 00:00:35.275000,0 days 00:00:25.976000,0 days 01:37:08.416000,0 days 01:37:43.691000,0 days 01:38:09.667000,212.0,182.0,275.0,314.0,True,HARD,8.0,True,Ferrari,0 days 01:36:37.567000,,1,5.0,False,,False,True,2024-06,Miami Grand Prix,2024,6,2024-05-05,test
0 days 01:39:48.527000,LEC,16,0 days 00:01:38.903000,28.0,2.0,,,0 days 00:00:30.885000,0 days 00:00:35.236000,0 days 00:00:32.782000,0 days 01:38:40.552000,0 days 01:39:15.788000,0 days 01:39:48.570000,211.0,182.0,255.0,245.0,False,HARD,9.0,True,Ferrari,0 days 01:38:09.624000,,124,3.0,False,,False,False,2024-06,Miami Grand Prix,2024,6,2024-05-05,test
0 days 01:42:14.121000,LEC,16,0 days 00:02:25.594000,29.0,2.0,,,0 days 00:00:48.315000,0 days 00:00:55.945000,0 days 00:00:41.334000,0 days 01:40:36.885000,0 days 01:41:32.830000,0 days 01:42:14.164000,162.0,126.0,146.0,127.0,False,HARD,10.0,True,Ferrari,0 days 01:39:48.527000,,4,3.0,False,,False,False,2024-06,Miami Grand Prix,2024,6,2024-05-05,test
0 days 01:44:19.392000,LEC,16,0 days 00:02:05.271000,30.0,2.0,,,0 days 00:00:57.825000,0 days 00:00:38.796000,0 days 00:00:28.650000,0 days 01:43:11.989000,0 days 01:43:50.785000,0 days 01:44:19.435000,149.0,169.0,245.0,282.0,False,HARD,11.0,True,Ferrari,0 days 01:42:14.121000,,4,3.0,False,,False,False,2024-06,Miami Grand Prix,2024,6,2024-05-05,test
0 days 01:46:01.532000,LEC,16,0 days 00:01:42.140000,31.0,2.0,,,0 days 00:00:35.455000,0 days 00:00:38.016000,0 days 00:00:28.669000,0 days 01:44:54.890000,0 days 01:45:32.906000,0 days 01:46:01.575000,192.0,168.0,245.0,282.0,False,HARD,12.0,True,Ferrari,0 days 01:44:19.392000,,4,3.0,False,,False,False,2024-06,Miami Grand Prix,2024,6,2024-05-05,test
0 days 01:48:33.618000,LEC,16,,32.0,2.0,,,0 days 00:00:56.778000,0 days 00:00:57.938000,0 days 00:00:37.350000,0 days 01:46:58.455000,0 days 01:47:56.369000,0 days 01:48:33.824000,112.0,159.0,276.0,121.0,False,HARD,13.0,True,Ferrari,0 days 01:46:01.532000,,41,3.0,False,,False,False,2024-06,Miami Grand Prix,2024,6,2024-05-05,test
0 days 01:50:06.405000,LEC,16,0 days 00:01:32.787000,33.0,2.0,,,0 days 00:00:31.638000,0 days 00:00:35.356000,0 days 00:00:25.793000,0 days 01:49:05.299000,0 days 01:49:40.655000,0 days 01:50:06.448000,211.0,184.0,276.0,311.0,False,HARD,14.0,True,Ferrari,0 days 01:48:33.618000,,1,3.0,False,,False,True,2024-06,Miami Grand Prix,2024,6,2024-05-05,test
0 days 01:51:37.904000,LEC,16,0 days 00:01:31.499000,34.0,2.0,,,0 days 00:00:30.864000,0 days 00:00:35.031000,0 days 00:00:25.604000,0 days 01:50:37.312000,0 days 01:51:12.343000,0 days 01:51:37.947000,211.0,186.0,280.0,328.0,True,HARD,15.0,True,Ferrari,0 days 01:50:06.405000,,1,3.0,False,,False,True,2024-06,Miami Grand Prix,2024,6,2024-05-05,test
0 days 01:53:09.353000,LEC,16,0 days 00:01:31.449000,35.0,2.0,,,0 days 00:00:30.878000,0 days 00:00:34.926000,0 days 00:00:25.645000,0 days 01:52:08.825000,0 days 01:52:43.751000,0 days 01:53:09.396000,212.0,185.0,281.0,327.0,True,HARD,16.0,True,Ferrari,0 days 01:51:37.904000,,1,3.0,False,,False,True,2024-06,Miami Grand Prix,2024,6,2024-05-05,test
0 days 01:54:41.217000,LEC,16,0 days 00:01:31.864000,36.0,2.0,,,0 days 00:00:30.964000,0 days 00:00:35.038000,0 days 00:00:25.862000,0 days 01:53:40.360000,0 days 01:54:15.398000,0 days 01:54:41.260000,214.0,184.0,276.0,318.0,False,HARD,17.0,True,Ferrari,0 days 01:53:09.353000,,1,3.0,False,,False,True,2024-06,Miami Grand Prix,2024,6,2024-05-05,test
0 days 01:56:13.058000,LEC,16,0 days 00:01:31.841000,37.0,2.0,,,0 days 00:00:30.908000,0 days 00:00:35.005000,0 days 00:00:25.928000,0 days 01:55:12.168000,0 days 01:55:47.173000,0 days 01:56:13.101000,213.0,183.0,277.0,309.0,False,HARD,18.0,True,Ferrari,0 days 01:54:41.217000,,1,3.0,False,,False,True,2024-06,Miami Grand Prix,2024,6,2024-05-05,test
0 days 01:57:44.811000,LEC,16,0 days 00:01:31.753000,38.0,2.0,,,0 days 00:00:30.808000,0 days 00:00:35.113000,0 days 00:00:25.832000,0 days 01:56:43.909000,0 days 01:57:19.022000,0 days 01:57:44.854000,212.0,185.0,276.0,311.0,False,HARD,19.0,True,Ferrari,0 days 01:56:13.058000,,1,3.0,False,,False,True,2024-06,Miami Grand Prix,2024,6,2024-05-05,test
0 days 01:59:16.372000,LEC,16,0 days 00:01:31.561000,39.0,2.0,,,0 days 00:00:30.718000,0 days 00:00:35.062000,0 days 00:00:25.781000,0 days 01:58:15.572000,0 days 01:58:50.634000,0 days 01:59:16.415000,211.0,186.0,276.0,314.0,False,HARD,20.0,True,Ferrari,0 days 01:57:44.811000,,1,3.0,False,,False,True,2024-06,Miami Grand Prix,2024,6,2024-05-05,test
0 days 02:00:48.024000,LEC,16,0 days 00:01:31.652000,40.0,2.0,,,0 days 00:00:30.743000,0 days 00:00:35.117000,0 days 00:00:25.792000,0 days 01:59:47.158000,0 days 02:00:22.275000,0 days 02:00:48.067000,205.0,184.0,275.0,313.0,False,HARD,21.0,True,Ferrari,0 days 01:59:16.372000,,1,3.0,False,,False,True,2024-06,Miami Grand Prix,2024,6,2024-05-05,test
0 days 02:02:19.370000,LEC,16,0 days 00:01:31.346000,41.0,2.0,,,0 days 00:00:30.476000,0 days 00:00:35.107000,0 days 00:00:25.763000,0 days 02:01:18.543000,0 days 02:01:53.650000,0 days 02:02:19.413000,212.0,185.0,275.0,315.0,True,HARD,22.0,True,Ferrari,0 days 02:00:48.024000,,1,3.0,False,,False,True,2024-06,Miami Grand Prix,2024,6,2024-05-05,test
0 days 02:03:50.870000,LEC,16,0 days 00:01:31.500000,42.0,2.0,,,0 days 00:00:30.692000,0 days 00:00:35.005000,0 days 00:00:25.803000,0 days 02:02:50.105000,0 days 02:03:25.110000,0 days 02:03:50.913000,212.0,185.0,276.0,313.0,False,HARD,23.0,True,Ferrari,0 days 02:02:19.370000,,1,3.0,False,,False,True,2024-06,Miami Grand Prix,2024,6,2024-05-05,test
0 days 02:05:22.502000,LEC,16,0 days 00:01:31.632000,43.0,2.0,,,0 days 00:00:30.983000,0 days 00:00:34.814000,0 days 00:00:25.835000,0 days 02:04:21.896000,0 days 02:04:56.710000,0 days 02:05:22.545000,215.0,184.0,276.0,314.0,False,HARD,24.0,True,Ferrari,0 days 02:03:50.870000,,1,3.0,False,,False,True,2024-06,Miami Grand Prix,2024,6,2024-05-05,test
0 days 02:06:54.056000,LEC,16,0 days 00:01:31.554000,44.0,2.0,,,0 days 00:00:30.544000,0 days 00:00:35.085000,0 days 00:00:25.925000,0 days 02:05:53.089000,0 days 02:06:28.174000,0 days 02:06:54.099000,211.0,185.0,276.0,314.0,False,HARD,25.0,True,Ferrari,0 days 02:05:22.502000,,1,3.0,False,,False,True,2024-06,Miami Grand Prix,2024,6,2024-05-05,test
0 days 02:08:25.434000,LEC,16,0 days 00:01:31.378000,45.0,2.0,,,0 days 00:00:30.646000,0 days 00:00:34.920000,0 days 00:00:25.812000,0 days 02:07:24.745000,0 days 02:07:59.665000,0 days 02:08:25.477000,213.0,184.0,275.0,311.0,False,HARD,26.0,True,Ferrari,0 days 02:06:54.056000,,1,3.0,False,,False,True,2024-06,Miami Grand Prix,2024,6,2024-05-05,test
0 days 02:09:56.971000,LEC,16,0 days 00:01:31.537000,46.0,2.0,,,0 days 00:00:30.579000,0 days 00:00:35.197000,0 days 00:00:25.761000,0 days 02:08:56.056000,0 days 02:09:31.253000,0 days 02:09:57.014000,214.0,185.0,275.0,315.0,False,HARD,27.0,True,Ferrari,0 days 02:08:25.434000,,1,3.0,False,,False,True,2024-06,Miami Grand Prix,2024,6,2024-05-05,test
0 days 02:11:28.598000,LEC,16,0 days 00:01:31.627000,47.0,2.0,,,0 days 00:00:30.744000,0 days 00:00:35.059000,0 days 00:00:25.824000,0 days 02:10:27.758000,0 days 02:11:02.817000,0 days 02:11:28.641000,211.0,184.0,276.0,313.0,False,HARD,28.0,True,Ferrari,0 days 02:09:56.971000,,1,3.0,False,,False,True,2024-06,Miami Grand Prix,2024,6,2024-05-05,test
0 days 02:12:59.825000,LEC,16,0 days 00:01:31.227000,48.0,2.0,,,0 days 00:00:30.532000,0 days 00:00:34.881000,0 days 00:00:25.814000,0 days 02:11:59.173000,0 days 02:12:34.054000,0 days 02:12:59.868000,215.0,184.0,276.0,312.0,True,HARD,29.0,True,Ferrari,0 days 02:11:28.598000,,1,3.0,False,,False,True,2024-06,Miami Grand Prix,2024,6,2024-05-05,test
0 days 02:14:31.143000,LEC,16,0 days 00:01:31.318000,49.0,2.0,,,0 days 00:00:30.527000,0 days 00:00:35.038000,0 days 00:00:25.753000,0 days 02:13:30.395000,0 days 02:14:05.433000,0 days 02:14:31.186000,214.0,185.0,277.0,314.0,False,HARD,30.0,True,Ferrari,0 days 02:12:59.825000,,1,3.0,False,,False,True,2024-06,Miami Grand Prix,2024,6,2024-05-05,test
0 days 02:16:03.079000,LEC,16,0 days 00:01:31.936000,50.0,2.0,,,0 days 00:00:30.493000,0 days 00:00:35.293000,0 days 00:00:26.150000,0 days 02:15:01.679000,0 days 02:15:36.972000,0 days 02:16:03.122000,213.0,184.0,276.0,314.0,False,HARD,31.0,True,Ferrari,0 days 02:14:31.143000,,1,3.0,False,,False,True,2024-06,Miami Grand Prix,2024,6,2024-05-05,test
0 days 02:17:34.302000,LEC,16,0 days 00:01:31.223000,51.0,2.0,,,0 days 00:00:30.429000,0 days 00:00:35.007000,0 days 00:00:25.787000,0 days 02:16:33.551000,0 days 02:17:08.558000,0 days 02:17:34.345000,212.0,185.0,278.0,311.0,True,HARD,32.0,True,Ferrari,0 days 02:16:03.079000,,1,3.0,False,,False,True,2024-06,Miami Grand Prix,2024,6,2024-05-05,test
0 days 02:19:06.081000,LEC,16,0 days 00:01:31.779000,52.0,2.0,,,0 days 00:00:30.438000,0 days 00:00:35.466000,0 days 00:00:25.875000,0 days 02:18:04.783000,0 days 02:18:40.249000,0 days 02:19:06.124000,212.0,185.0,276.0,312.0,False,HARD,33.0,True,Ferrari,0 days 02:17:34.302000,,1,3.0,False,,False,True,2024-06,Miami Grand Prix,2024,6,2024-05-05,test
0 days 02:20:37.536000,LEC,16,0 days 00:01:31.455000,53.0,2.0,,,0 days 00:00:30.403000,0 days 00:00:35.268000,0 days 00:00:25.784000,0 days 02:19:36.527000,0 days 02:20:11.795000,0 days 02:20:37.579000,209.0,184.0,278.0,312.0,False,HARD,34.0,True,Ferrari,0 days 02:19:06.081000,,1,3.0,False,,False,True,2024-06,Miami Grand Prix,2024,6,2024-05-05,test
0 days 02:22:09.128000,LEC,16,0 days 00:01:31.592000,54.0,2.0,,,0 days 00:00:30.567000,0 days 00:00:35.154000,0 days 00:00:25.871000,0 days 02:21:08.146000,0 days 02:21:43.300000,0 days 02:22:09.171000,211.0,185.0,277.0,312.0,False,HARD,35.0,True,Ferrari,0 days 02:20:37.536000,,1,3.0,False,,False,True,2024-06,Miami Grand Prix,2024,6,2024-05-05,test
0 days 02:23:40.409000,LEC,16,0 days 00:01:31.281000,55.0,2.0,,,0 days 00:00:30.505000,0 days 00:00:35.032000,0 days 00:00:25.744000,0 days 02:22:39.676000,0 days 02:23:14.708000,0 days 02:23:40.452000,214.0,186.0,278.0,316.0,False,HARD,36.0,True,Ferrari,0 days 02:22:09.128000,,1,3.0,False,,False,True,2024-06,Miami Grand Prix,2024,6,2024-05-05,test
0 days 02:25:11.493000,LEC,16,0 days 00:01:31.084000,56.0,2.0,,,0 days 00:00:30.383000,0 days 00:00:35.017000,0 days 00:00:25.684000,0 days 02:24:10.835000,0 days 02:24:45.852000,0 days 02:25:11.536000,213.0,187.0,278.0,317.0,True,HARD,37.0,True,Ferrari,0 days 02:23:40.409000,,1,3.0,False,,False,True,2024-06,Miami Grand Prix,2024,6,2024-05-05,test
0 days 02:26:43.122000,LEC,16,0 days 00:01:31.629000,57.0,2.0,,,0 days 00:00:30.674000,0 days 00:00:35.135000,0 days 00:00:25.820000,0 days 02:25:42.210000,0 days 02:26:17.345000,0 days 02:26:43.165000,212.0,185.0,277.0,318.0,False,HARD,38.0,True,Ferrari,0 days 02:25:11.493000,,1,3.0,False,,False,True,2024-06,Miami Grand Prix,2024,6,2024-05-05,test
0 days 00:57:23.230000,HAM,44,0 days 00:01:39.924000,1.0,1.0,,,,0 days 00:00:36.229000,0 days 00:00:26.321000,,0 days 00:56:57.026000,0 days 00:57:23.394000,206.0,182.0,274.0,316.0,False,HARD,1.0,True,Mercedes,0 days 00:55:43.028000,,1,7.0,False,,False,False,2024-06,Miami Grand Prix,2024,6,2024-05-05,test
0 days 00:58:58.196000,HAM,44,0 days 00:01:34.966000,2.0,1.0,,,0 days 00:00:33.275000,0 days 00:00:35.620000,0 days 00:00:26.071000,0 days 00:57:56.531000,0 days 00:58:32.151000,0 days 00:58:58.222000,207.0,182.0,278.0,314.0,True,HARD,2.0,True,Mercedes,0 days 00:57:23.230000,,1,8.0,False,,False,True,2024-06,Miami Grand Prix,2024,6,2024-05-05,test
0 days 01:00:32.227000,HAM,44,0 days 00:01:34.031000,3.0,1.0,,,0 days 00:00:32.040000,0 days 00:00:35.912000,0 days 00:00:26.079000,0 days 00:59:30.262000,0 days 01:00:06.174000,0 days 01:00:32.253000,206.0,183.0,278.0,310.0,True,HARD,3.0,True,Mercedes,0 days 00:58:58.196000,,1,8.0,False,,False,True,2024-06,Miami Grand Prix,2024,6,2024-05-05,test
0 days 01:02:06.088000,HAM,44,0 days 00:01:33.861000,4.0,1.0,,,0 days 00:00:31.931000,0 days 00:00:35.768000,0 days 00:00:26.162000,0 days 01:01:04.184000,0 days 01:01:39.952000,0 days 01:02:06.114000,207.0,183.0,279.0,310.0,True,HARD,4.0,True,Mercedes,0 days 01:00:32.227000,,1,8.0,False,,False,True,2024-06,Miami Grand Prix,2024,6,2024-05-05,test
0 days 01:03:39.754000,HAM,44,0 days 00:01:33.666000,5.0,1.0,,,0 days 00:00:31.703000,0 days 00:00:35.868000,0 days 00:00:26.095000,0 days 01:02:37.817000,0 days 01:03:13.685000,0 days 01:03:39.780000,207.0,181.0,280.0,321.0,True,HARD,5.0,True,Mercedes,0 days 01:02:06.088000,,1,8.0,False,,False,True,2024-06,Miami Grand Prix,2024,6,2024-05-05,test
0 days 01:05:13.433000,HAM,44,0 days 00:01:33.679000,6.0,1.0,,,0 days 00:00:31.816000,0 days 00:00:35.777000,0 days 00:00:26.086000,0 days 01:04:11.596000,0 days 01:04:47.373000,0 days 01:05:13.459000,203.0,182.0,280.0,325.0,False,HARD,6.0,True,Mercedes,0 days 01:03:39.754000,,1,8.0,False,,False,True,2024-06,Miami Grand Prix,2024,6,2024-05-05,test
0 days 01:06:47.899000,HAM,44,0 days 00:01:34.466000,7.0,1.0,,,0 days 00:00:31.729000,0 days 00:00:35.544000,0 days 00:00:27.193000,0 days 01:05:45.188000,0 days 01:06:20.732000,0 days 01:06:47.925000,208.0,181.0,278.0,311.0,False,HARD,7.0,True,Mercedes,0 days 01:05:13.433000,,1,8.0,False,,False,True,2024-06,Miami Grand Prix,2024,6,2024-05-05,test
0 days 01:08:22.520000,HAM,44,0 days 00:01:34.621000,8.0,1.0,,,0 days 00:00:32.400000,0 days 00:00:36.121000,0 days 00:00:26.100000,0 days 01:07:20.325000,0 days 01:07:56.446000,0 days 01:08:22.546000,203.0,181.0,279.0,319.0,False,HARD,8.0,True,Mercedes,0 days 01:06:47.899000,,1,8.0,False,,False,True,2024-06,Miami Grand Prix,2024,6,2024-05-05,test
0 days 01:09:56.544000,HAM,44,0 days 00:01:34.024000,9.0,1.0,,,0 days 00:00:32.167000,0 days 00:00:35.749000,0 days 00:00:26.108000,0 days 01:08:54.713000,0 days 01:09:30.462000,0 days 01:09:56.570000,204.0,182.0,280.0,329.0,False,HARD,9.0,True,Mercedes,0 days 01:08:22.520000,,1,8.0,False,,False,True,2024-06,Miami Grand Prix,2024,6,2024-05-05,test
0 days 01:11:31.146000,HAM,44,0 days 00:01:34.602000,10.0,1.0,,,0 days 00:00:32.404000,0 days 00:00:35.730000,0 days 00:00:26.468000,0 days 01:10:28.974000,0 days 01:11:04.704000,0 days 01:11:31.172000,204.0,182.0,273.0,311.0,False,HARD,10.0,True,Mercedes,0 days 01:09:56.544000,,1,7.0,False,,False,True,2024-06,Miami Grand Prix,2024,6,2024-05-05,test
0 days 01:13:05.518000,HAM,44,0 days 00:01:34.372000,11.0,1.0,,,0 days 00:00:31.995000,0 days 00:00:36.047000,0 days 00:00:26.330000,0 days 01:12:03.167000,0 days 01:12:39.214000,0 days 01:13:05.544000,210.0,182.0,274.0,309.0,False,HARD,11.0,True,Mercedes,0 days 01:11:31.146000,,1,7.0,False,,False,True,2024-06,Miami Grand Prix,2024,6,2024-05-05,test
0 days 01:14:39.508000,HAM,44,0 days 00:01:33.990000,12.0,1.0,,,0 days 00:00:31.809000,0 days 00:00:35.943000,0 days 00:00:26.238000,0 days 01:13:37.353000,0 days 01:14:13.296000,0 days 01:14:39.534000,205.0,183.0,272.0,307.0,False,HARD,12.0,True,Mercedes,0 days 01:13:05.518000,,1,7.0,False,,False,True,2024-06,Miami Grand Prix,2024,6,2024-05-05,test
0 days 01:16:13.379000,HAM,44,0 days 00:01:33.871000,13.0,1.0,,,0 days 00:00:31.751000,0 days 00:00:35.869000,0 days 00:00:26.251000,0 days 01:15:11.285000,0 days 01:15:47.154000,0 days 01:16:13.405000,208.0,182.0,274.0,314.0,False,HARD,13.0,True,Mercedes,0 days 01:14:39.508000,,1,7.0,False,,False,True,2024-06,Miami Grand Prix,2024,6,2024-05-05,test
0 days 01:17:47.072000,HAM,44,0 days 00:01:33.693000,14.0,1.0,,,0 days 00:00:31.721000,0 days 00:00:35.809000,0 days 00:00:26.163000,0 days 01:16:45.126000,0 days 01:17:20.935000,0 days 01:17:47.098000,209.0,183.0,275.0,312.0,False,HARD,14.0,True,Mercedes,0 days 01:16:13.379000,,1,7.0,False,,False,True,2024-06,Miami Grand Prix,2024,6,2024-05-05,test
0 days 01:19:20.416000,HAM,44,0 days 00:01:33.344000,15.0,1.0,,,0 days 00:00:31.424000,0 days 00:00:35.685000,0 days 00:00:26.235000,0 days 01:18:18.522000,0 days 01:18:54.207000,0 days 01:19:20.442000,207.0,182.0,275.0,309.0,True,HARD,15.0,True,Mercedes,0 days 01:17:47.072000,,1,7.0,False,,False,True,2024-06,Miami Grand Prix,2024,6,2024-05-05,test
0 days 01:20:53.937000,HAM,44,0 days 00:01:33.521000,16.0,1.0,,,0 days 00:00:31.570000,0 days 00:00:35.757000,0 days 00:00:26.194000,0 days 01:19:52.012000,0 days 01:20:27.769000,0 days 01:20:53.963000,205.0,183.0,275.0,312.0,False,HARD,16.0,True,Mercedes,0 days 01:19:20.416000,,1,7.0,False,,False,True,2024-06,Miami Grand Prix,2024,6,2024-05-05,test
0 days 01:22:27.539000,HAM,44,0 days 00:01:33.602000,17.0,1.0,,,0 days 00:00:31.505000,0 days 00:00:35.655000,0 days 00:00:26.442000,0 days 01:21:25.468000,0 days 01:22:01.123000,0 days 01:22:27.565000,209.0,183.0,273.0,313.0,False,HARD,17.0,True,Mercedes,0 days 01:20:53.937000,,1,7.0,False,,False,True,2024-06,Miami Grand Prix,2024,6,2024-05-05,test
0 days 01:24:00.845000,HAM,44,0 days 00:01:33.306000,18.0,1.0,,,0 days 00:00:31.376000,0 days 00:00:35.687000,0 days 00:00:26.243000,0 days 01:22:58.941000,0 days 01:23:34.628000,0 days 01:24:00.871000,210.0,183.0,274.0,309.0,True,HARD,18.0,True,Mercedes,0 days 01:22:27.539000,,1,6.0,False,,False,True,2024-06,Miami Grand Prix,2024,6,2024-05-05,test
0 days 01:25:34.178000,HAM,44,0 days 00:01:33.333000,19.0,1.0,,,0 days 00:00:31.405000,0 days 00:00:35.772000,0 days 00:00:26.156000,0 days 01:24:32.276000,0 days 01:25:08.048000,0 days 01:25:34.204000,211.0,183.0,275.0,313.0,False,HARD,19.0,True,Mercedes,0 days 01:24:00.845000,,1,6.0,False,,False,True,2024-06,Miami Grand Prix,2024,6,2024-05-05,test
0 days 01:27:07.226000,HAM,44,0 days 00:01:33.048000,20.0,1.0,,,0 days 00:00:31.286000,0 days 00:00:35.473000,0 days 00:00:26.289000,0 days 01:26:05.490000,0 days 01:26:40.963000,0 days 01:27:07.252000,209.0,184.0,275.0,311.0,True,HARD,20.0,True,Mercedes,0 days 01:25:34.178000,,1,5.0,False,,False,True,2024-06,Miami Grand Prix,2024,6,2024-05-05,test
0 days 01:28:41.411000,HAM,44,0 days 00:01:34.185000,21.0,1.0,,,0 days 00:00:31.411000,0 days 00:00:36.438000,0 days 00:00:26.336000,0 days 01:27:38.663000,0 days 01:28:15.101000,0 days 01:28:41.437000,211.0,178.0,276.0,312.0,False,HARD,21.0,True,Mercedes,0 days 01:27:07.226000,,1,6.0,False,,False,True,2024-06,Miami Grand Prix,2024,6,2024-05-05,test
0 days 01:30:14.770000,HAM,44,0 days 00:01:33.359000,22.0,1.0,,,0 days 00:00:31.603000,0 days 00:00:35.615000,0 days 00:00:26.141000,0 days 01:29:13.040000,0 days 01:29:48.655000,0 days 01:30:14.796000,210.0,182.0,277.0,316.0,False,HARD,22.0,True,Mercedes,0 days 01:28:41.411000,,1,6.0,False,,False,True,2024-06,Miami Grand Prix,2024,6,2024-05-05,test
0 days 01:32:03.553000,HAM,44,0 days 00:01:48.783000,23.0,1.0,,,0 days 00:00:43.180000,0 days 00:00:39.158000,0 days 00:00:26.445000,0 days 01:30:57.976000,0 days 01:31:37.134000,0 days 01:32:03.579000,161.0,184.0,276.0,323.0,False,HARD,23.0,True,Mercedes,0 days 01:30:14.770000,,167,6.0,False,,False,False,2024-06,Miami Grand Prix,2024,6,2024-05-05,test
0 days 01:33:36.405000,HAM,44,0 days 00:01:32.852000,24.0,1.0,,,0 days 00:00:31.336000,0 days 00:00:35.461000,0 days 00:00:26.055000,0 days 01:32:34.915000,0 days 01:33:10.376000,0 days 01:33:36.431000,208.0,184.0,275.0,317.0,True,HARD,24.0,True,Mercedes,0 days 01:32:03.553000,,1,6.0,False,,False,True,2024-06,Miami Grand Prix,2024,6,2024-05-05,test
0 days 01:35:09.337000,HAM,44,0 days 00:01:32.932000,25.0,1.0,,,0 days 00:00:31.223000,0 days 00:00:35.619000,0 days 00:00:26.090000,0 days 01:34:07.654000,0 days 01:34:43.273000,0 days 01:35:09.363000,210.0,184.0,276.0,315.0,False,HARD,25.0,True,Mercedes,0 days 01:33:36.405000,,1,6.0,False,,False,True,2024-06,Miami Grand Prix,2024,6,2024-05-05,test
0 days 01:36:48.386000,HAM,44,0 days 00:01:39.049000,26.0,1.0,,0 days 01:36:42.939000,0 days 00:00:31.331000,0 days 00:00:36.536000,0 days 00:00:31.182000,0 days 01:35:40.694000,0 days 01:36:17.230000,0 days 01:36:48.412000,211.0,182.0,,316.0,False,HARD,26.0,True,Mercedes,0 days 01:35:09.337000,,1,7.0,True,TRACK LIMITS AT TURN 12 LAP 26 ,False,False,2024-06,Miami Grand Prix,2024,6,2024-05-05,test
0 days 01:38:34.350000,HAM,44,0 days 00:01:45.964000,27.0,2.0,0 days 01:37:05.074000,,0 days 00:00:44.969000,0 days 00:00:35.080000,0 days 00:00:25.915000,0 days 01:37:33.381000,0 days 01:38:08.461000,0 days 01:38:34.376000,213.0,185.0,276.0,315.0,False,MEDIUM,4.0,False,Mercedes,0 days 01:36:48.386000,,1,9.0,False,,False,False,2024-06,Miami Grand Prix,2024,6,2024-05-05,test
0 days 01:40:21.715000,HAM,44,0 days 00:01:47.365000,28.0,2.0,,,0 days 00:00:31.072000,0 days 00:00:41.397000,0 days 00:00:34.896000,0 days 01:39:05.448000,0 days 01:39:46.845000,0 days 01:40:21.741000,211.0,125.0,210.0,220.0,False,MEDIUM,5.0,False,Mercedes,0 days 01:38:34.350000,,124,8.0,False,,False,False,2024-06,Miami Grand Prix,2024,6,2024-05-05,test
0 days 01:42:30.453000,HAM,44,0 days 00:02:08.738000,29.0,2.0,,,0 days 00:00:47.689000,0 days 00:00:45.506000,0 days 00:00:35.543000,0 days 01:41:09.430000,0 days 01:41:54.936000,0 days 01:42:30.479000,181.0,112.0,224.0,196.0,False,MEDIUM,6.0,False,Mercedes,0 days 01:40:21.715000,,4,8.0,False,,False,False,2024-06,Miami Grand Prix,2024,6,2024-05-05,test
0 days 01:44:30.568000,HAM,44,0 days 00:02:00.115000,30.0,2.0,,,0 days 00:00:47.518000,0 days 00:00:42.617000,0 days 00:00:29.980000,0 days 01:43:17.997000,0 days 01:44:00.614000,0 days 01:44:30.594000,138.0,142.0,266.0,253.0,False,MEDIUM,7.0,False,Mercedes,0 days 01:42:30.453000,,4,8.0,False,,False,False,2024-06,Miami Grand Prix,2024,6,2024-05-05,test
0 days 01:46:14.097000,HAM,44,0 days 00:01:43.529000,31.0,2.0,,,0 days 00:00:39.738000,0 days 00:00:36.684000,0 days 00:00:27.107000,0 days 01:45:10.332000,0 days 01:45:47.016000,0 days 01:46:14.123000,202.0,180.0,269.0,281.0,False,MEDIUM,8.0,False,Mercedes,0 days 01:44:30.568000,,4,8.0,False,,False,False,2024-06,Miami Grand Prix,2024,6,2024-05-05,test
0 days 01:48:35.360000,HAM,44,0 days 00:02:21.263000,32.0,2.0,,,0 days 00:00:51.804000,0 days 00:00:56.478000,0 days 00:00:32.981000,0 days 01:47:05.927000,0 days 01:48:02.405000,0 days 01:48:35.386000,78.0,109.0,281.0,176.0,False,MEDIUM,9.0,False,Mercedes,0 days 01:46:14.097000,,41,8.0,False,,False,False,2024-06,Miami Grand Prix,2024,6,2024-05-05,test
0 days 01:50:09.447000,HAM,44,0 days 00:01:34.087000,33.0,2.0,,,0 days 00:00:32.358000,0 days 00:00:35.917000,0 days 00:00:25.812000,0 days 01:49:07.744000,0 days 01:49:43.661000,0 days 01:50:09.473000,212.0,186.0,281.0,325.0,False,MEDIUM,10.0,False,Mercedes,0 days 01:48:35.360000,,1,8.0,False,,False,True,2024-06,Miami Grand Prix,2024,6,2024-05-05,test
0 days 01:51:41.715000,HAM,44,0 days 00:01:32.268000,34.0,2.0,,,0 days 00:00:31.460000,0 days 00:00:35.035000,0 days 00:00:25.773000,0 days 01:50:40.933000,0 days 01:51:15.968000,0 days 01:51:41.741000,210.0,186.0,278.0,322.0,True,MEDIUM,11.0,False,Mercedes,0 days 01:50:09.447000,,1,7.0,False,,False,True,2024-06,Miami Grand Prix,2024,6,2024-05-05,test
0 days 01:53:13.100000,HAM,44,0 days 00:01:31.385000,35.0,2.0,,,0 days 00:00:30.788000,0 days 00:00:34.846000,0 days 00:00:25.751000,0 days 01:52:12.529000,0 days 01:52:47.375000,0 days 01:53:13.126000,211.0,182.0,278.0,317.0,True,MEDIUM,12.0,False,Mercedes,0 days 01:51:41.715000,,1,7.0,False,,False,True,2024-06,Miami Grand Prix,2024,6,2024-05-05,test
0 days 01:54:45.340000,HAM,44,0 days 00:01:32.240000,36.0,2.0,,,0 days 00:00:31.130000,0 days 00:00:35.206000,0 days 00:00:25.904000,0 days 01:53:44.256000,0 days 01:54:19.462000,0 days 01:54:45.366000,215.0,186.0,279.0,303.0,False,MEDIUM,13.0,False,Mercedes,0 days 01:53:13.100000,,1,7.0,False,,False,True,2024-06,Miami Grand Prix,2024,6,2024-05-05,test
0 days 01:56:17.277000,HAM,44,0 days 00:01:31.937000,37.0,2.0,,,0 days 00:00:31.129000,0 days 00:00:35.044000,0 days 00:00:25.764000,0 days 01:55:16.495000,0 days 01:55:51.539000,0 days 01:56:17.303000,213.0,186.0,283.0,314.0,False,MEDIUM,14.0,False,Mercedes,0 days 01:54:45.340000,,1,7.0,False,,False,True,2024-06,Miami Grand Prix,2024,6,2024-05-05,test
0 days 01:57:49.049000,HAM,44,0 days 00:01:31.772000,38.0,2.0,,,0 days 00:00:31.016000,0 days 00:00:35.006000,0 days 00:00:25.750000,0 days 01:56:48.319000,0 days 01:57:23.325000,0 days 01:57:49.075000,211.0,184.0,283.0,321.0,False,MEDIUM,15.0,False,Mercedes,0 days 01:56:17.277000,,1,7.0,False,,False,True,2024-06,Miami Grand Prix,2024,6,2024-05-05,test
0 days 01:59:21.216000,HAM,44,0 days 00:01:32.167000,39.0,2.0,,,0 days 00:00:30.987000,0 days 00:00:35.320000,0 days 00:00:25.860000,0 days 01:58:20.062000,0 days 01:58:55.382000,0 days 01:59:21.242000,211.0,185.0,284.0,322.0,False,MEDIUM,16.0,False,Mercedes,0 days 01:57:49.049000,,1,7.0,False,,False,True,2024-06,Miami Grand Prix,2024,6,2024-05-05,test
0 days 02:00:53.746000,HAM,44,0 days 00:01:32.530000,40.0,2.0,,,0 days 00:00:31.568000,0 days 00:00:35.266000,0 days 00:00:25.696000,0 days 01:59:52.810000,0 days 02:00:28.076000,0 days 02:00:53.772000,212.0,186.0,281.0,320.0,False,MEDIUM,17.0,False,Mercedes,0 days 01:59:21.216000,,1,6.0,False,,False,True,2024-06,Miami Grand Prix,2024,6,2024-05-05,test
0 days 02:02:25.889000,HAM,44,0 days 00:01:32.143000,41.0,2.0,,,0 days 00:00:30.911000,0 days 00:00:35.532000,0 days 00:00:25.700000,0 days 02:01:24.683000,0 days 02:02:00.215000,0 days 02:02:25.915000,209.0,185.0,282.0,322.0,False,MEDIUM,18.0,False,Mercedes,0 days 02:00:53.746000,,1,6.0,False,,False,True,2024-06,Miami Grand Prix,2024,6,2024-05-05,test
0 days 02:03:57.561000,HAM,44,0 days 00:01:31.672000,42.0,2.0,,,0 days 00:00:30.936000,0 days 00:00:35.101000,0 days 00:00:25.635000,0 days 02:02:56.851000,0 days 02:03:31.952000,0 days 02:03:57.587000,213.0,185.0,283.0,317.0,False,MEDIUM,19.0,False,Mercedes,0 days 02:02:25.889000,,1,6.0,False,,False,True,2024-06,Miami Grand Prix,2024,6,2024-05-05,test
0 days 02:05:28.978000,HAM,44,0 days 00:01:31.417000,43.0,2.0,,,0 days 00:00:30.830000,0 days 00:00:35.067000,0 days 00:00:25.520000,0 days 02:04:28.417000,0 days 02:05:03.484000,0 days 02:05:29.004000,211.0,186.0,283.0,323.0,False,MEDIUM,20.0,False,Mercedes,0 days 02:03:57.561000,,1,6.0,False,,False,True,2024-06,Miami Grand Prix,2024,6,2024-05-05,test
0 days 02:07:00.489000,HAM,44,0 days 00:01:31.511000,44.0,2.0,,,0 days 00:00:30.798000,0 days 00:00:35.119000,0 days 00:00:25.594000,0 days 02:05:59.802000,0 days 02:06:34.921000,0 days 02:07:00.515000,213.0,185.0,284.0,319.0,False,MEDIUM,21.0,False,Mercedes,0 days 02:05:28.978000,,1,6.0,False,,False,True,2024-06,Miami Grand Prix,2024,6,2024-05-05,test
0 days 02:08:31.968000,HAM,44,0 days 00:01:31.479000,45.0,2.0,,,0 days 00:00:30.727000,0 days 00:00:35.116000,0 days 00:00:25.636000,0 days 02:07:31.242000,0 days 02:08:06.358000,0 days 02:08:31.994000,213.0,186.0,281.0,320.0,False,MEDIUM,22.0,False,Mercedes,0 days 02:07:00.489000,,1,6.0,False,,False,True,2024-06,Miami Grand Prix,2024,6,2024-05-05,test
0 days 02:10:03.647000,HAM,44,0 days 00:01:31.679000,46.0,2.0,,,0 days 00:00:30.810000,0 days 00:00:35.201000,0 days 00:00:25.668000,0 days 02:09:02.804000,0 days 02:09:38.005000,0 days 02:10:03.673000,212.0,185.0,283.0,320.0,False,MEDIUM,23.0,False,Mercedes,0 days 02:08:31.968000,,1,6.0,False,,False,True,2024-06,Miami Grand Prix,2024,6,2024-05-05,test
0 days 02:11:34.977000,HAM,44,0 days 00:01:31.330000,47.0,2.0,,,0 days 00:00:30.717000,0 days 00:00:35.085000,0 days 00:00:25.528000,0 days 02:10:34.390000,0 days 02:11:09.475000,0 days 02:11:35.003000,213.0,186.0,284.0,328.0,True,MEDIUM,24.0,False,Mercedes,0 days 02:10:03.647000,,1,6.0,False,,False,True,2024-06,Miami Grand Prix,2024,6,2024-05-05,test
0 days 02:13:06.603000,HAM,44,0 days 00:01:31.626000,48.0,2.0,,,0 days 00:00:30.790000,0 days 00:00:35.113000,0 days 00:00:25.723000,0 days 02:12:05.793000,0 days 02:12:40.906000,0 days 02:13:06.629000,213.0,185.0,283.0,317.0,False,MEDIUM,25.0,False,Mercedes,0 days 02:11:34.977000,,1,6.0,False,,False,True,2024-06,Miami Grand Prix,2024,6,2024-05-05,test
0 days 02:14:38.035000,HAM,44,0 days 00:01:31.432000,49.0,2.0,,,0 days 00:00:30.579000,0 days 00:00:35.252000,0 days 00:00:25.601000,0 days 02:13:37.208000,0 days 02:14:12.460000,0 days 02:14:38.061000,207.0,186.0,283.0,321.0,False,MEDIUM,26.0,False,Mercedes,0 days 02:13:06.603000,,1,6.0,False,,False,True,2024-06,Miami Grand Prix,2024,6,2024-05-05,test
0 days 02:16:09.660000,HAM,44,0 days 00:01:31.625000,50.0,2.0,,,0 days 00:00:30.562000,0 days 00:00:35.350000,0 days 00:00:25.713000,0 days 02:15:08.623000,0 days 02:15:43.973000,0 days 02:16:09.686000,213.0,185.0,284.0,324.0,False,MEDIUM,27.0,False,Mercedes,0 days 02:14:38.035000,,1,6.0,False,,False,True,2024-06,Miami Grand Prix,2024,6,2024-05-05,test
0 days 02:17:41.160000,HAM,44,0 days 00:01:31.500000,51.0,2.0,,,0 days 00:00:30.649000,0 days 00:00:35.215000,0 days 00:00:25.636000,0 days 02:16:40.335000,0 days 02:17:15.550000,0 days 02:17:41.186000,212.0,185.0,284.0,318.0,False,MEDIUM,28.0,False,Mercedes,0 days 02:16:09.660000,,1,6.0,False,,False,True,2024-06,Miami Grand Prix,2024,6,2024-05-05,test
0 days 02:19:12.856000,HAM,44,0 days 00:01:31.696000,52.0,2.0,,,0 days 00:00:30.881000,0 days 00:00:35.207000,0 days 00:00:25.608000,0 days 02:18:12.067000,0 days 02:18:47.274000,0 days 02:19:12.882000,213.0,185.0,283.0,314.0,False,MEDIUM,29.0,False,Mercedes,0 days 02:17:41.160000,,1,6.0,False,,False,True,2024-06,Miami Grand Prix,2024,6,2024-05-05,test
0 days 02:20:44.228000,HAM,44,0 days 00:01:31.372000,53.0,2.0,,,0 days 00:00:30.612000,0 days 00:00:35.140000,0 days 00:00:25.620000,0 days 02:19:43.494000,0 days 02:20:18.634000,0 days 02:20:44.254000,209.0,186.0,285.0,320.0,False,MEDIUM,30.0,False,Mercedes,0 days 02:19:12.856000,,1,6.0,False,,False,True,2024-06,Miami Grand Prix,2024,6,2024-05-05,test
0 days 02:22:15.461000,HAM,44,0 days 00:01:31.233000,54.0,2.0,,,0 days 00:00:30.510000,0 days 00:00:35.044000,0 days 00:00:25.679000,0 days 02:21:14.764000,0 days 02:21:49.808000,0 days 02:22:15.487000,211.0,186.0,284.0,325.0,True,MEDIUM,31.0,False,Mercedes,0 days 02:20:44.228000,,1,6.0,False,,False,True,2024-06,Miami Grand Prix,2024,6,2024-05-05,test
0 days 02:23:46.715000,HAM,44,0 days 00:01:31.254000,55.0,2.0,,,0 days 00:00:30.536000,0 days 00:00:35.068000,0 days 00:00:25.650000,0 days 02:22:46.023000,0 days 02:23:21.091000,0 days 02:23:46.741000,211.0,187.0,281.0,317.0,False,MEDIUM,32.0,False,Mercedes,0 days 02:22:15.461000,,1,6.0,False,,False,True,2024-06,Miami Grand Prix,2024,6,2024-05-05,test
0 days 02:25:18.144000,HAM,44,0 days 00:01:31.429000,56.0,2.0,,,0 days 00:00:30.615000,0 days 00:00:35.073000,0 days 00:00:25.741000,0 days 02:24:17.356000,0 days 02:24:52.429000,0 days 02:25:18.170000,214.0,186.0,280.0,316.0,False,MEDIUM,33.0,False,Mercedes,0 days 02:23:46.715000,,1,6.0,False,,False,True,2024-06,Miami Grand Prix,2024,6,2024-05-05,test
0 days 02:26:49.767000,HAM,44,0 days 00:01:31.623000,57.0,2.0,,,0 days 00:00:30.730000,0 days 00:00:35.192000,0 days 00:00:25.701000,0 days 02:25:48.900000,0 days 02:26:24.092000,0 days 02:26:49.793000,214.0,186.0,281.0,324.0,False,MEDIUM,34.0,False,Mercedes,0 days 02:25:18.144000,,1,6.0,False,,False,True,2024-06,Miami Grand Prix,2024,6,2024-05-05,test
0 days 00:57:20.540000,SAI,55,0 days 00:01:37.234000,1.0,1.0,,,,0 days 00:00:35.469000,0 days 00:00:25.983000,,0 days 00:56:54.688000,0 days 00:57:20.752000,211.0,185.0,275.0,314.0,False,MEDIUM,1.0,True,Ferrari,0 days 00:55:43.028000,,1,4.0,False,,False,False,2024-06,Miami Grand Prix,2024,6,2024-05-05,test
0 days 00:58:53.530000,SAI,55,0 days 00:01:32.990000,2.0,1.0,,,0 days 00:00:31.678000,0 days 00:00:35.404000,0 days 00:00:25.908000,0 days 00:57:52.281000,0 days 00:58:27.685000,0 days 00:58:53.593000,209.0,184.0,280.0,325.0,True,MEDIUM,2.0,True,Ferrari,0 days 00:57:20.540000,,1,4.0,False,,False,True,2024-06,Miami Grand Prix,2024,6,2024-05-05,test
0 days 01:00:26.769000,SAI,55,0 days 00:01:33.239000,3.0,1.0,,,0 days 00:00:31.788000,0 days 00:00:35.553000,0 days 00:00:25.898000,0 days 00:59:25.381000,0 days 01:00:00.934000,0 days 01:00:26.832000,211.0,182.0,280.0,337.0,False,MEDIUM,3.0,True,Ferrari,0 days 00:58:53.530000,,1,4.0,False,,False,True,2024-06,Miami Grand Prix,2024,6,2024-05-05,test
0 days 01:02:00.018000,SAI,55,0 days 00:01:33.249000,4.0,1.0,,,0 days 00:00:31.712000,0 days 00:00:35.607000,0 days 00:00:25.930000,0 days 01:00:58.544000,0 days 01:01:34.151000,0 days 01:02:00.081000,208.0,182.0,280.0,331.0,False,MEDIUM,4.0,True,Ferrari,0 days 01:00:26.769000,,1,4.0,False,,False,True,2024-06,Miami Grand Prix,2024,6,2024-05-05,test
0 days 01:03:33.587000,SAI,55,0 days 00:01:33.569000,5.0,1.0,,,0 days 00:00:31.913000,0 days 00:00:35.721000,0 days 00:00:25.935000,0 days 01:02:31.994000,0 days 01:03:07.715000,0 days 01:03:33.650000,209.0,182.0,283.0,322.0,False,MEDIUM,5.0,True,Ferrari,0 days 01:02:00.018000,,1,4.0,False,,False,True,2024-06,Miami Grand Prix,2024,6,2024-05-05,test
0 days 01:05:06.498000,SAI,55,0 days 00:01:32.911000,6.0,1.0,,,0 days 00:00:31.560000,0 days 00:00:35.492000,0 days 00:00:25.859000,0 days 01:04:05.210000,0 days 01:04:40.702000,0 days 01:05:06.561000,209.0,182.0,281.0,331.0,True,MEDIUM,6.0,True,Ferrari,0 days 01:03:33.587000,,1,4.0,False,,False,True,2024-06,Miami Grand Prix,2024,6,2024-05-05,test
0 days 01:06:39.919000,SAI,55,0 days 00:01:33.421000,7.0,1.0,,,0 days 00:00:31.885000,0 days 00:00:35.584000,0 days 00:00:25.952000,0 days 01:05:38.446000,0 days 01:06:14.030000,0 days 01:06:39.982000,212.0,182.0,280.0,332.0,False,MEDIUM,7.0,True,Ferrari,0 days 01:05:06.498000,,1,4.0,False,,False,True,2024-06,Miami Grand Prix,2024,6,2024-05-05,test
0 days 01:08:13.258000,SAI,55,0 days 00:01:33.339000,8.0,1.0,,,0 days 00:00:31.778000,0 days 00:00:35.615000,0 days 00:00:25.946000,0 days 01:07:11.760000,0 days 01:07:47.375000,0 days 01:08:13.321000,208.0,181.0,279.0,333.0,False,MEDIUM,8.0,True,Ferrari,0 days 01:06:39.919000,,1,4.0,False,,False,True,2024-06,Miami Grand Prix,2024,6,2024-05-05,test
0 days 01:09:46.336000,SAI,55,0 days 00:01:33.078000,9.0,1.0,,,0 days 00:00:31.982000,0 days 00:00:35.333000,0 days 00:00:25.763000,0 days 01:08:45.303000,0 days 01:09:20.636000,0 days 01:09:46.399000,208.0,182.0,280.0,334.0,False,MEDIUM,9.0,True,Ferrari,0 days 01:08:13.258000,,1,4.0,False,,False,True,2024-06,Miami Grand Prix,2024,6,2024-05-05,test
0 days 01:11:19.670000,SAI,55,0 days 00:01:33.334000,10.0,1.0,,,0 days 00:00:31.791000,0 days 00:00:35.665000,0 days 00:00:25.878000,0 days 01:10:18.190000,0 days 01:10:53.855000,0 days 01:11:19.733000,210.0,181.0,280.0,333.0,False,MEDIUM,10.0,True,Ferrari,0 days 01:09:46.336000,,1,4.0,False,,False,True,2024-06,Miami Grand Prix,2024,6,2024-05-05,test
0 days 01:12:53.025000,SAI,55,0 days 00:01:33.355000,11.0,1.0,,,0 days 00:00:31.966000,0 days 00:00:35.461000,0 days 00:00:25.928000,0 days 01:11:51.699000,0 days 01:12:27.160000,0 days 01:12:53.088000,208.0,182.0,280.0,332.0,False,MEDIUM,11.0,True,Ferrari,0 days 01:11:19.670000,,1,4.0,False,,False,True,2024-06,Miami Grand Prix,2024,6,2024-05-05,test
0 days 01:14:26.178000,SAI,55,0 days 00:01:33.153000,12.0,1.0,,,0 days 00:00:31.771000,0 days 00:00:35.506000,0 days 00:00:25.876000,0 days 01:13:24.859000,0 days 01:14:00.365000,0 days 01:14:26.241000,208.0,182.0,279.0,330.0,False,MEDIUM,12.0,True,Ferrari,0 days 01:12:53.025000,,1,4.0,False,,False,True,2024-06,Miami Grand Prix,2024,6,2024-05-05,test
0 days 01:15:59.783000,SAI,55,0 days 00:01:33.605000,13.0,1.0,,,0 days 00:00:31.622000,0 days 00:00:35.723000,0 days 00:00:26.260000,0 days 01:14:57.863000,0 days 01:15:33.586000,0 days 01:15:59.846000,209.0,182.0,275.0,331.0,False,MEDIUM,13.0,True,Ferrari,0 days 01:14:26.178000,,1,4.0,False,,False,True,2024-06,Miami Grand Prix,2024,6,2024-05-05,test
0 days 01:17:32.775000,SAI,55,0 days 00:01:32.992000,14.0,1.0,,,0 days 00:00:31.618000,0 days 00:00:35.440000,0 days 00:00:25.934000,0 days 01:16:31.464000,0 days 01:17:06.904000,0 days 01:17:32.838000,208.0,182.0,276.0,329.0,False,MEDIUM,14.0,True,Ferrari,0 days 01:15:59.783000,,1,4.0,False,,False,True,2024-06,Miami Grand Prix,2024,6,2024-05-05,test
0 days 01:19:05.894000,SAI,55,0 days 00:01:33.119000,15.0,1.0,,,0 days 00:00:31.434000,0 days 00:00:35.564000,0 days 00:00:26.121000,0 days 01:18:04.272000,0 days 01:18:39.836000,0 days 01:19:05.957000,210.0,184.0,276.0,314.0,False,MEDIUM,15.0,True,Ferrari,0 days 01:17:32.775000,,1,4.0,False,,False,True,2024-06,Miami Grand Prix,2024,6,2024-05-05,test
0 days 01:20:39.139000,SAI,55,0 days 00:01:33.245000,16.0,1.0,,,0 days 00:00:31.665000,0 days 00:00:35.548000,0 days 00:00:26.032000,0 days 01:19:37.622000,0 days 01:20:13.170000,0 days 01:20:39.202000,209.0,183.0,276.0,314.0,False,MEDIUM,16.0,True,Ferrari,0 days 01:19:05.894000,,1,4.0,False,,False,True,2024-06,Miami Grand Prix,2024,6,2024-05-05,test
0 days 01:22:12.369000,SAI,55,0 days 00:01:33.230000,17.0,1.0,,,0 days 00:00:31.487000,0 days 00:00:35.669000,0 days 00:00:26.074000,0 days 01:21:10.689000,0 days 01:21:46.358000,0 days 01:22:12.432000,208.0,182.0,272.0,314.0,False,MEDIUM,17.0,True,Ferrari,0 days 01:20:39.139000,,1,4.0,False,,False,True,2024-06,Miami Grand Prix,2024,6,2024-05-05,test
0 days 01:23:45.434000,SAI,55,0 days 00:01:33.065000,18.0,1.0,,,0 days 00:00:31.464000,0 days 00:00:35.501000,0 days 00:00:26.100000,0 days 01:22:43.896000,0 days 01:23:19.397000,0 days 01:23:45.497000,212.0,183.0,274.0,315.0,False,MEDIUM,18.0,True,Ferrari,0 days 01:22:12.369000,,1,4.0,False,,False,True,2024-06,Miami Grand Prix,2024,6,2024-05-05,test
0 days 01:25:18.272000,SAI,55,0 days 00:01:32.838000,19.0,1.0,,,0 days 00:00:31.391000,0 days 00:00:35.420000,0 days 00:00:26.027000,0 days 01:24:16.888000,0 days 01:24:52.308000,0 days 01:25:18.335000,206.0,184.0,275.0,314.0,True,MEDIUM,19.0,True,Ferrari,0 days 01:23:45.434000,,1,3.0,False,,False,True,2024-06,Miami Grand Prix,2024,6,2024-05-05,test
0 days 01:26:50.900000,SAI,55,0 days 00:01:32.628000,20.0,1.0,,,0 days 00:00:31.086000,0 days 00:00:35.543000,0 days 00:00:25.999000,0 days 01:25:49.421000,0 days 01:26:24.964000,0 days 01:26:50.963000,210.0,184.0,274.0,313.0,True,MEDIUM,20.0,True,Ferrari,0 days 01:25:18.272000,,1,3.0,False,,False,True,2024-06,Miami Grand Prix,2024,6,2024-05-05,test
0 days 01:28:23.678000,SAI,55,0 days 00:01:32.778000,21.0,1.0,,,0 days 00:00:31.340000,0 days 00:00:35.457000,0 days 00:00:25.981000,0 days 01:27:22.303000,0 days 01:27:57.760000,0 days 01:28:23.741000,211.0,184.0,273.0,314.0,False,MEDIUM,21.0,True,Ferrari,0 days 01:26:50.900000,,1,3.0,False,,False,True,2024-06,Miami Grand Prix,2024,6,2024-05-05,test
0 days 01:29:56.453000,SAI,55,0 days 00:01:32.775000,22.0,1.0,,,0 days 00:00:31.312000,0 days 00:00:35.440000,0 days 00:00:26.023000,0 days 01:28:55.053000,0 days 01:29:30.493000,0 days 01:29:56.516000,209.0,184.0,276.0,313.0,False,MEDIUM,22.0,True,Ferrari,0 days 01:28:23.678000,,1,3.0,False,,False,True,2024-06,Miami Grand Prix,2024,6,2024-05-05,test
0 days 01:31:43.859000,SAI,55,0 days 00:01:47.406000,23.0,1.0,,,0 days 00:00:37.751000,0 days 00:00:43.619000,0 days 00:00:26.036000,0 days 01:30:34.267000,0 days 01:31:17.886000,0 days 01:31:43.922000,126.0,185.0,275.0,311.0,False,MEDIUM,23.0,True,Ferrari,0 days 01:29:56.453000,,167,3.0,False,,False,False,2024-06,Miami Grand Prix,2024,6,2024-05-05,test
0 days 01:33:16.499000,SAI,55,0 days 00:01:32.640000,24.0,1.0,,,0 days 00:00:31.240000,0 days 00:00:35.346000,0 days 00:00:26.054000,0 days 01:32:15.162000,0 days 01:32:50.508000,0 days 01:33:16.562000,212.0,185.0,274.0,311.0,False,MEDIUM,24.0,True,Ferrari,0 days 01:31:43.859000,,1,2.0,False,,False,True,2024-06,Miami Grand Prix,2024,6,2024-05-05,test
0 days 01:34:48.954000,SAI,55,0 days 00:01:32.455000,25.0,1.0,,,0 days 00:00:31.061000,0 days 00:00:35.433000,0 days 00:00:25.961000,0 days 01:33:47.623000,0 days 01:34:23.056000,0 days 01:34:49.017000,210.0,186.0,274.0,313.0,True,MEDIUM,25.0,True,Ferrari,0 days 01:33:16.499000,,1,2.0,False,,False,True,2024-06,Miami Grand Prix,2024,6,2024-05-05,test
0 days 01:36:21.527000,SAI,55,0 days 00:01:32.573000,26.0,1.0,,,0 days 00:00:31.168000,0 days 00:00:35.372000,0 days 00:00:26.033000,0 days 01:35:20.185000,0 days 01:35:55.557000,0 days 01:36:21.590000,213.0,185.0,275.0,313.0,False,MEDIUM,26.0,True,Ferrari,0 days 01:34:48.954000,,1,2.0,False,,False,True,2024-06,Miami Grand Prix,2024,6,2024-05-05,test
0 days 01:37:58.809000,SAI,55,0 days 00:01:37.282000,27.0,1.0,,0 days 01:37:53.348000,0 days 00:00:31.087000,0 days 00:00:35.237000,0 days 00:00:30.958000,0 days 01:36:52.677000,0 days 01:37:27.914000,0 days 01:37:58.872000,209.0,185.0,,320.0,False,MEDIUM,27.0,True,Ferrari,0 days 01:36:21.527000,,1,3.0,False,,False,False,2024-06,Miami Grand Prix,2024,6,2024-05-05,test
0 days 01:39:55.690000,SAI,55,0 days 00:01:56.881000,28.0,2.0,0 days 01:38:16.439000,,0 days 00:00:45.942000,0 days 00:00:35.086000,0 days 00:00:35.853000,0 days 01:38:44.814000,0 days 01:39:19.900000,0 days 01:39:55.753000,214.0,187.0,225.0,134.0,False,HARD,1.0,True,Ferrari,0 days 01:37:58.809000,,124,5.0,False,,False,False,2024-06,Miami Grand Prix,2024,6,2024-05-05,test
0 days 01:42:15.345000,SAI,55,0 days 00:02:19.655000,29.0,2.0,,,0 days 00:00:43.801000,0 days 00:00:55.387000,0 days 00:00:40.467000,0 days 01:40:39.554000,0 days 01:41:34.941000,0 days 01:42:15.408000,130.0,100.0,168.0,110.0,False,HARD,2.0,True,Ferrari,0 days 01:39:55.690000,,4,5.0,False,,False,False,2024-06,Miami Grand Prix,2024,6,2024-05-05,test
0 days 01:44:23.021000,SAI,55,0 days 00:02:07.676000,30.0,2.0,,,0 days 00:00:57.895000,0 days 00:00:40.637000,0 days 00:00:29.144000,0 days 01:43:13.303000,0 days 01:43:53.940000,0 days 01:44:23.084000,157.0,168.0,243.0,278.0,False,HARD,3.0,True,Ferrari,0 days 01:42:15.345000,,4,5.0,False,,False,False,2024-06,Miami Grand Prix,2024,6,2024-05-05,test
0 days 01:46:05.568000,SAI,55,0 days 00:01:42.547000,31.0,2.0,,,0 days 00:00:35.012000,0 days 00:00:38.812000,0 days 00:00:28.723000,0 days 01:44:58.096000,0 days 01:45:36.908000,0 days 01:46:05.631000,170.0,162.0,243.0,287.0,False,HARD,4.0,True,Ferrari,0 days 01:44:23.021000,,4,5.0,False,,False,False,2024-06,Miami Grand Prix,2024,6,2024-05-05,test
0 days 01:48:34.311000,SAI,55,0 days 00:02:28.743000,32.0,2.0,,,0 days 00:00:54.578000,0 days 00:00:58.611000,0 days 00:00:35.554000,0 days 01:47:00.209000,0 days 01:47:58.820000,0 days 01:48:34.374000,104.0,126.0,276.0,147.0,False,HARD,5.0,True,Ferrari,0 days 01:46:05.568000,,41,5.0,False,,False,False,2024-06,Miami Grand Prix,2024,6,2024-05-05,test
0 days 01:50:07.508000,SAI,55,0 days 00:01:33.197000,33.0,2.0,,,0 days 00:00:32.030000,0 days 00:00:35.338000,0 days 00:00:25.829000,0 days 01:49:06.404000,0 days 01:49:41.742000,0 days 01:50:07.571000,213.0,186.0,279.0,314.0,False,HARD,6.0,True,Ferrari,0 days 01:48:34.311000,,1,5.0,False,,False,True,2024-06,Miami Grand Prix,2024,6,2024-05-05,test
0 days 01:51:39.617000,SAI,55,0 days 00:01:32.109000,34.0,2.0,,,0 days 00:00:31.166000,0 days 00:00:35.419000,0 days 00:00:25.524000,0 days 01:50:38.737000,0 days 01:51:14.156000,0 days 01:51:39.680000,213.0,185.0,282.0,331.0,False,HARD,7.0,True,Ferrari,0 days 01:50:07.508000,,1,5.0,True,TRACK LIMITS AT TURN 12 LAP 34 ,False,True,2024-06,Miami Grand Prix,2024,6,2024-05-05,test
0 days 01:53:11.040000,SAI,55,0 days 00:01:31.423000,35.0,2.0,,,0 days 00:00:30.940000,0 days 00:00:34.790000,0 days 00:00:25.693000,0 days 01:52:10.620000,0 days 01:52:45.410000,0 days 01:53:11.103000,211.0,186.0,283.0,330.0,True,HARD,8.0,True,Ferrari,0 days 01:51:39.617000,,1,5.0,False,,False,True,2024-06,Miami Grand Prix,2024,6,2024-05-05,test
0 days 01:54:43.145000,SAI,55,0 days 00:01:32.105000,36.0,2.0,,,0 days 00:00:30.864000,0 days 00:00:35.547000,0 days 00:00:25.694000,0 days 01:53:41.967000,0 days 01:54:17.514000,0 days 01:54:43.208000,212.0,186.0,283.0,329.0,False,HARD,9.0,True,Ferrari,0 days 01:53:11.040000,,1,5.0,False,,False,True,2024-06,Miami Grand Prix,2024,6,2024-05-05,test
0 days 01:56:15.460000,SAI,55,0 days 00:01:32.315000,37.0,2.0,,,0 days 00:00:31.775000,0 days 00:00:34.803000,0 days 00:00:25.737000,0 days 01:55:14.983000,0 days 01:55:49.786000,0 days 01:56:15.523000,210.0,186.0,283.0,329.0,False,HARD,10.0,True,Ferrari,0 days 01:54:43.145000,,1,5.0,False,,False,True,2024-06,Miami Grand Prix,2024,6,2024-05-05,test
0 days 01:57:46.826000,SAI,55,0 days 00:01:31.366000,38.0,2.0,,,0 days 00:00:31.051000,0 days 00:00:34.705000,0 days 00:00:25.610000,0 days 01:56:46.574000,0 days 01:57:21.279000,0 days 01:57:46.889000,212.0,184.0,284.0,330.0,True,HARD,11.0,True,Ferrari,0 days 01:56:15.460000,,1,5.0,False,,False,True,2024-06,Miami Grand Prix,2024,6,2024-05-05,test
0 days 01:59:19.024000,SAI,55,0 days 00:01:32.198000,39.0,2.0,,,0 days 00:00:31.004000,0 days 00:00:35.175000,0 days 00:00:26.019000,0 days 01:58:17.893000,0 days 01:58:53.068000,0 days 01:59:19.087000,214.0,185.0,276.0,344.0,False,HARD,12.0,True,Ferrari,0 days 01:57:46.826000,,1,4.0,False,,False,True,2024-06,Miami Grand Prix,2024,6,2024-05-05,test
0 days 02:00:51.479000,SAI,55,0 days 00:01:32.455000,40.0,2.0,,,0 days 00:00:31.577000,0 days 00:00:35.058000,0 days 00:00:25.820000,0 days 01:59:50.664000,0 days 02:00:25.722000,0 days 02:00:51.542000,213.0,184.0,276.0,311.0,False,HARD,13.0,True,Ferrari,0 days 01:59:19.024000,,1,4.0,False,,False,True,2024-06,Miami Grand Prix,2024,6,2024-05-05,test
0 days 02:02:23.485000,SAI,55,0 days 00:01:32.006000,41.0,2.0,,,0 days 00:00:30.761000,0 days 00:00:35.329000,0 days 00:00:25.916000,0 days 02:01:22.303000,0 days 02:01:57.632000,0 days 02:02:23.548000,216.0,186.0,275.0,310.0,False,HARD,14.0,True,Ferrari,0 days 02:00:51.479000,,1,4.0,False,,False,True,2024-06,Miami Grand Prix,2024,6,2024-05-05,test
0 days 02:03:55.066000,SAI,55,0 days 00:01:31.581000,42.0,2.0,,,0 days 00:00:30.772000,0 days 00:00:34.914000,0 days 00:00:25.895000,0 days 02:02:54.320000,0 days 02:03:29.234000,0 days 02:03:55.129000,215.0,186.0,277.0,311.0,False,HARD,15.0,True,Ferrari,0 days 02:02:23.485000,,1,4.0,False,,False,True,2024-06,Miami Grand Prix,2024,6,2024-05-05,test
0 days 02:05:26.118000,SAI,55,0 days 00:01:31.052000,43.0,2.0,,,0 days 00:00:30.556000,0 days 00:00:34.672000,0 days 00:00:25.824000,0 days 02:04:25.685000,0 days 02:05:00.357000,0 days 02:05:26.181000,214.0,186.0,276.0,312.0,True,HARD,16.0,True,Ferrari,0 days 02:03:55.066000,,1,4.0,False,,False,True,2024-06,Miami Grand Prix,2024,6,2024-05-05,test
0 days 02:06:57.480000,SAI,55,0 days 00:01:31.362000,44.0,2.0,,,0 days 00:00:30.529000,0 days 00:00:34.996000,0 days 00:00:25.837000,0 days 02:05:56.710000,0 days 02:06:31.706000,0 days 02:06:57.543000,213.0,185.0,276.0,309.0,False,HARD,17.0,True,Ferrari,0 days 02:05:26.118000,,1,4.0,False,,False,True,2024-06,Miami Grand Prix,2024,6,2024-05-05,test
0 days 02:08:28.981000,SAI,55,0 days 00:01:31.501000,45.0,2.0,,,0 days 00:00:30.650000,0 days 00:00:35.041000,0 days 00:00:25.810000,0 days 02:07:28.193000,0 days 02:08:03.234000,0 days 02:08:29.044000,213.0,186.0,275.0,308.0,False,HARD,18.0,True,Ferrari,0 days 02:06:57.480000,,1,4.0,False,,False,True,2024-06,Miami Grand Prix,2024,6,2024-05-05,test
0 days 02:10:00.329000,SAI,55,0 days 00:01:31.348000,46.0,2.0,,,0 days 00:00:30.513000,0 days 00:00:35.070000,0 days 00:00:25.765000,0 days 02:08:59.557000,0 days 02:09:34.627000,0 days 02:10:00.392000,214.0,186.0,276.0,309.0,False,HARD,19.0,True,Ferrari,0 days 02:08:28.981000,,1,4.0,False,,False,True,2024-06,Miami Grand Prix,2024,6,2024-05-05,test
0 days 02:11:31.852000,SAI,55,0 days 00:01:31.523000,47.0,2.0,,,0 days 00:00:30.635000,0 days 00:00:35.102000,0 days 00:00:25.786000,0 days 02:10:31.027000,0 days 02:11:06.129000,0 days 02:11:31.915000,214.0,186.0,277.0,312.0,False,HARD,20.0,True,Ferrari,0 days 02:10:00.329000,,1,4.0,False,,False,True,2024-06,Miami Grand Prix,2024,6,2024-05-05,test
0 days 02:13:03.244000,SAI,55,0 days 00:01:31.392000,48.0,2.0,,,0 days 00:00:30.722000,0 days 00:00:34.880000,0 days 00:00:25.790000,0 days 02:12:02.637000,0 days 02:12:37.517000,0 days 02:13:03.307000,213.0,187.0,277.0,311.0,False,HARD,21.0,True,Ferrari,0 days 02:11:31.852000,,1,4.0,False,,False,True,2024-06,Miami Grand Prix,2024,6,2024-05-05,test
0 days 02:14:34.659000,SAI,55,0 days 00:01:31.415000,49.0,2.0,,,0 days 00:00:30.516000,0 days 00:00:35.180000,0 days 00:00:25.719000,0 days 02:13:33.823000,0 days 02:14:09.003000,0 days 02:14:34.722000,211.0,186.0,278.0,311.0,False,HARD,22.0,True,Ferrari,0 days 02:13:03.244000,,1,4.0,False,,False,True,2024-06,Miami Grand Prix,2024,6,2024-05-05,test
0 days 02:16:06.205000,SAI,55,0 days 00:01:31.546000,50.0,2.0,,,0 days 00:00:30.318000,0 days 00:00:35.095000,0 days 00:00:26.133000,0 days 02:15:05.040000,0 days 02:15:40.135000,0 days 02:16:06.268000,211.0,185.0,277.0,315.0,False,HARD,23.0,True,Ferrari,0 days 02:14:34.659000,,1,4.0,False,,False,True,2024-06,Miami Grand Prix,2024,6,2024-05-05,test
0 days 02:17:37.244000,SAI,55,0 days 00:01:31.039000,51.0,2.0,,,0 days 00:00:30.511000,0 days 00:00:34.806000,0 days 00:00:25.722000,0 days 02:16:36.779000,0 days 02:17:11.585000,0 days 02:17:37.307000,213.0,186.0,279.0,315.0,True,HARD,24.0,True,Ferrari,0 days 02:16:06.205000,,1,4.0,False,,False,True,2024-06,Miami Grand Prix,2024,6,2024-05-05,test
0 days 02:19:08.607000,SAI,55,0 days 00:01:31.363000,52.0,2.0,,,0 days 00:00:30.554000,0 days 00:00:35.048000,0 days 00:00:25.761000,0 days 02:18:07.861000,0 days 02:18:42.909000,0 days 02:19:08.670000,213.0,186.0,278.0,312.0,False,HARD,25.0,True,Ferrari,0 days 02:17:37.244000,,1,4.0,False,,False,True,2024-06,Miami Grand Prix,2024,6,2024-05-05,test
0 days 02:20:40.174000,SAI,55,0 days 00:01:31.567000,53.0,2.0,,,0 days 00:00:30.472000,0 days 00:00:35.245000,0 days 00:00:25.850000,0 days 02:19:39.142000,0 days 02:20:14.387000,0 days 02:20:40.237000,211.0,185.0,279.0,315.0,False,HARD,26.0,True,Ferrari,0 days 02:19:08.607000,,1,4.0,False,,False,True,2024-06,Miami Grand Prix,2024,6,2024-05-05,test
0 days 02:22:11.499000,SAI,55,0 days 00:01:31.325000,54.0,2.0,,,0 days 00:00:30.429000,0 days 00:00:35.075000,0 days 00:00:25.821000,0 days 02:21:10.666000,0 days 02:21:45.741000,0 days 02:22:11.562000,212.0,186.0,279.0,315.0,False,HARD,27.0,True,Ferrari,0 days 02:20:40.174000,,1,4.0,False,,False,True,2024-06,Miami Grand Prix,2024,6,2024-05-05,test
0 days 02:23:42.427000,SAI,55,0 days 00:01:30.928000,55.0,2.0,,,0 days 00:00:30.417000,0 days 00:00:34.860000,0 days 00:00:25.651000,0 days 02:22:41.979000,0 days 02:23:16.839000,0 days 02:23:42.490000,214.0,186.0,280.0,318.0,True,HARD,28.0,True,Ferrari,0 days 02:22:11.499000,,1,4.0,False,,False,True,2024-06,Miami Grand Prix,2024,6,2024-05-05,test
0 days 02:25:13.489000,SAI,55,0 days 00:01:31.062000,56.0,2.0,,,0 days 00:00:30.624000,0 days 00:00:34.782000,0 days 00:00:25.656000,0 days 02:24:13.114000,0 days 02:24:47.896000,0 days 02:25:13.552000,213.0,186.0,279.0,319.0,False,HARD,29.0,True,Ferrari,0 days 02:23:42.427000,,1,4.0,False,,False,True,2024-06,Miami Grand Prix,2024,6,2024-05-05,test
0 days 02:26:44.589000,SAI,55,0 days 00:01:31.100000,57.0,2.0,,,0 days 00:00:30.573000,0 days 00:00:34.833000,0 days 00:00:25.694000,0 days 02:25:44.125000,0 days 02:26:18.958000,0 days 02:26:44.652000,212.0,186.0,279.0,317.0,False,HARD,30.0,True,Ferrari,0 days 02:25:13.489000,,1,4.0,False,,False,True,2024-06,Miami Grand Prix,2024,6,2024-05-05,test
0 days 00:57:24.933000,RUS,63,0 days 00:01:41.627000,1.0,1.0,,,,0 days 00:00:36.279000,0 days 00:00:26.304000,,0 days 00:56:58.739000,0 days 00:57:25.185000,210.0,184.0,276.0,319.0,False,MEDIUM,4.0,False,Mercedes,0 days 00:55:43.028000,,1,10.0,False,,False,False,2024-06,Miami Grand Prix,2024,6,2024-05-05,test
0 days 00:58:59.328000,RUS,63,0 days 00:01:34.395000,2.0,1.0,,,0 days 00:00:32.558000,0 days 00:00:35.728000,0 days 00:00:26.109000,0 days 00:57:57.507000,0 days 00:58:33.235000,0 days 00:58:59.344000,211.0,184.0,280.0,315.0,True,MEDIUM,5.0,False,Mercedes,0 days 00:57:24.933000,,1,10.0,False,,False,True,2024-06,Miami Grand Prix,2024,6,2024-05-05,test
0 days 01:00:33.423000,RUS,63,0 days 00:01:34.095000,3.0,1.0,,,0 days 00:00:32.323000,0 days 00:00:35.748000,0 days 00:00:26.024000,0 days 00:59:31.667000,0 days 01:00:07.415000,0 days 01:00:33.439000,211.0,184.0,281.0,321.0,True,MEDIUM,6.0,False,Mercedes,0 days 00:58:59.328000,,1,10.0,False,,False,True,2024-06,Miami Grand Prix,2024,6,2024-05-05,test
0 days 01:02:07.548000,RUS,63,0 days 00:01:34.125000,4.0,1.0,,,0 days 00:00:32.253000,0 days 00:00:35.803000,0 days 00:00:26.069000,0 days 01:01:05.692000,0 days 01:01:41.495000,0 days 01:02:07.564000,211.0,183.0,281.0,334.0,False,MEDIUM,7.0,False,Mercedes,0 days 01:00:33.423000,,1,10.0,False,,False,True,2024-06,Miami Grand Prix,2024,6,2024-05-05,test
0 days 01:03:41.480000,RUS,63,0 days 00:01:33.932000,5.0,1.0,,,0 days 00:00:31.895000,0 days 00:00:36.050000,0 days 00:00:25.987000,0 days 01:02:39.459000,0 days 01:03:15.509000,0 days 01:03:41.496000,209.0,183.0,277.0,325.0,True,MEDIUM,8.0,False,Mercedes,0 days 01:02:07.548000,,1,9.0,False,,False,True,2024-06,Miami Grand Prix,2024,6,2024-05-05,test
0 days 01:05:15.116000,RUS,63,0 days 00:01:33.636000,6.0,1.0,,,0 days 00:00:31.791000,0 days 00:00:35.820000,0 days 00:00:26.025000,0 days 01:04:13.287000,0 days 01:04:49.107000,0 days 01:05:15.132000,211.0,183.0,276.0,322.0,True,MEDIUM,9.0,False,Mercedes,0 days 01:03:41.480000,,1,9.0,False,,False,True,2024-06,Miami Grand Prix,2024,6,2024-05-05,test
0 days 01:06:49.052000,RUS,63,0 days 00:01:33.936000,7.0,1.0,,,0 days 00:00:31.869000,0 days 00:00:35.849000,0 days 00:00:26.218000,0 days 01:05:47.001000,0 days 01:06:22.850000,0 days 01:06:49.068000,210.0,181.0,275.0,325.0,False,MEDIUM,10.0,False,Mercedes,0 days 01:05:15.116000,,1,9.0,False,,False,True,2024-06,Miami Grand Prix,2024,6,2024-05-05,test
0 days 01:08:22.871000,RUS,63,0 days 00:01:33.819000,8.0,1.0,,,0 days 00:00:32.047000,0 days 00:00:35.887000,0 days 00:00:25.885000,0 days 01:07:21.115000,0 days 01:07:57.002000,0 days 01:08:22.887000,207.0,183.0,282.0,333.0,False,MEDIUM,11.0,False,Mercedes,0 days 01:06:49.052000,,1,9.0,False,,False,True,2024-06,Miami Grand Prix,2024,6,2024-05-05,test
0 days 01:09:57.230000,RUS,63,0 days 00:01:34.359000,9.0,1.0,,,0 days 00:00:32.498000,0 days 00:00:35.771000,0 days 00:00:26.090000,0 days 01:08:55.385000,0 days 01:09:31.156000,0 days 01:09:57.246000,209.0,183.0,279.0,332.0,False,MEDIUM,12.0,False,Mercedes,0 days 01:08:22.871000,,1,9.0,False,,False,True,2024-06,Miami Grand Prix,2024,6,2024-05-05,test
0 days 01:11:32.015000,RUS,63,0 days 00:01:34.785000,10.0,1.0,,,0 days 00:00:32.439000,0 days 00:00:36.205000,0 days 00:00:26.141000,0 days 01:10:29.685000,0 days 01:11:05.890000,0 days 01:11:32.031000,207.0,184.0,281.0,325.0,False,MEDIUM,13.0,False,Mercedes,0 days 01:09:57.230000,,1,9.0,False,,False,True,2024-06,Miami Grand Prix,2024,6,2024-05-05,test
0 days 01:13:06.820000,RUS,63,0 days 00:01:34.805000,11.0,1.0,,,0 days 00:00:32.620000,0 days 00:00:36.151000,0 days 00:00:26.034000,0 days 01:12:04.651000,0 days 01:12:40.802000,0 days 01:13:06.836000,209.0,182.0,281.0,323.0,False,MEDIUM,14.0,False,Mercedes,0 days 01:11:32.015000,,1,9.0,False,,False,True,2024-06,Miami Grand Prix,2024,6,2024-05-05,test
0 days 01:14:41.212000,RUS,63,0 days 00:01:34.392000,12.0,1.0,,,0 days 00:00:32.489000,0 days 00:00:35.757000,0 days 00:00:26.146000,0 days 01:13:39.325000,0 days 01:14:15.082000,0 days 01:14:41.228000,207.0,182.0,273.0,316.0,False,MEDIUM,15.0,False,Mercedes,0 days 01:13:06.820000,,1,8.0,False,,False,True,2024-06,Miami Grand Prix,2024,6,2024-05-05,test
0 days 01:16:15.253000,RUS,63,0 days 00:01:34.041000,13.0,1.0,,,0 days 00:00:31.992000,0 days 00:00:35.903000,0 days 00:00:26.146000,0 days 01:15:13.220000,0 days 01:15:49.123000,0 days 01:16:15.269000,210.0,182.0,274.0,315.0,False,MEDIUM,16.0,False,Mercedes,0 days 01:14:41.212000,,1,8.0,False,,False,True,2024-06,Miami Grand Prix,2024,6,2024-05-05,test
0 days 01:17:48.846000,RUS,63,0 days 00:01:33.593000,14.0,1.0,,,0 days 00:00:31.761000,0 days 00:00:35.753000,0 days 00:00:26.079000,0 days 01:16:47.030000,0 days 01:17:22.783000,0 days 01:17:48.862000,208.0,181.0,275.0,320.0,True,MEDIUM,17.0,False,Mercedes,0 days 01:16:15.253000,,1,8.0,False,,False,True,2024-06,Miami Grand Prix,2024,6,2024-05-05,test
0 days 01:19:22.235000,RUS,63,0 days 00:01:33.389000,15.0,1.0,,,0 days 00:00:31.672000,0 days 00:00:35.671000,0 days 00:00:26.046000,0 days 01:18:20.534000,0 days 01:18:56.205000,0 days 01:19:22.251000,207.0,182.0,275.0,320.0,True,MEDIUM,18.0,False,Mercedes,0 days 01:17:48.846000,,1,8.0,False,,False,True,2024-06,Miami Grand Prix,2024,6,2024-05-05,test
0 days 01:20:55.658000,RUS,63,0 days 00:01:33.423000,16.0,1.0,,,0 days 00:00:31.716000,0 days 00:00:35.657000,0 days 00:00:26.050000,0 days 01:19:53.967000,0 days 01:20:29.624000,0 days 01:20:55.674000,206.0,182.0,275.0,321.0,False,MEDIUM,19.0,False,Mercedes,0 days 01:19:22.235000,,1,8.0,False,,False,True,2024-06,Miami Grand Prix,2024,6,2024-05-05,test
0 days 01:22:29.265000,RUS,63,0 days 00:01:33.607000,17.0,1.0,,,0 days 00:00:31.649000,0 days 00:00:35.705000,0 days 00:00:26.253000,0 days 01:21:27.323000,0 days 01:22:03.028000,0 days 01:22:29.281000,209.0,182.0,273.0,319.0,False,MEDIUM,20.0,False,Mercedes,0 days 01:20:55.658000,,1,8.0,False,,False,True,2024-06,Miami Grand Prix,2024,6,2024-05-05,test
0 days 01:24:02.970000,RUS,63,0 days 00:01:33.705000,18.0,1.0,,,0 days 00:00:31.733000,0 days 00:00:35.838000,0 days 00:00:26.134000,0 days 01:23:01.014000,0 days 01:23:36.852000,0 days 01:24:02.986000,210.0,182.0,275.0,316.0,False,MEDIUM,21.0,False,Mercedes,0 days 01:22:29.265000,,1,7.0,False,,False,True,2024-06,Miami Grand Prix,2024,6,2024-05-05,test
0 days 01:25:36.532000,RUS,63,0 days 00:01:33.562000,19.0,1.0,,,0 days 00:00:31.706000,0 days 00:00:35.794000,0 days 00:00:26.062000,0 days 01:24:34.692000,0 days 01:25:10.486000,0 days 01:25:36.548000,209.0,183.0,275.0,319.0,False,MEDIUM,22.0,False,Mercedes,0 days 01:24:02.970000,,1,7.0,False,,False,True,2024-06,Miami Grand Prix,2024,6,2024-05-05,test
0 days 01:27:10.343000,RUS,63,0 days 00:01:33.811000,20.0,1.0,,,0 days 00:00:31.848000,0 days 00:00:35.841000,0 days 00:00:26.122000,0 days 01:26:08.396000,0 days 01:26:44.237000,0 days 01:27:10.359000,208.0,183.0,276.0,316.0,False,MEDIUM,23.0,False,Mercedes,0 days 01:25:36.532000,,1,7.0,False,,False,True,2024-06,Miami Grand Prix,2024,6,2024-05-05,test
0 days 01:28:44.056000,RUS,63,0 days 00:01:33.713000,21.0,1.0,,,0 days 00:00:31.685000,0 days 00:00:35.890000,0 days 00:00:26.138000,0 days 01:27:42.044000,0 days 01:28:17.934000,0 days 01:28:44.072000,209.0,182.0,275.0,314.0,False,MEDIUM,24.0,False,Mercedes,0 days 01:27:10.343000,,1,7.0,False,,False,True,2024-06,Miami Grand Prix,2024,6,2024-05-05,test
0 days 01:30:17.382000,RUS,63,0 days 00:01:33.326000,22.0,1.0,,,0 days 00:00:31.608000,0 days 00:00:35.718000,0 days 00:00:26,0 days 01:29:15.680000,0 days 01:29:51.398000,0 days 01:30:17.398000,210.0,183.0,276.0,320.0,True,MEDIUM,25.0,False,Mercedes,0 days 01:28:44.056000,,16,7.0,False,,False,False,2024-06,Miami Grand Prix,2024,6,2024-05-05,test
0 days 01:32:05.984000,RUS,63,0 days 00:01:48.602000,23.0,1.0,,,0 days 00:00:43.857000,0 days 00:00:38.694000,0 days 00:00:26.051000,0 days 01:31:01.255000,0 days 01:31:39.949000,0 days 01:32:06,154.0,184.0,275.0,322.0,False,MEDIUM,26.0,False,Mercedes,0 days 01:30:17.382000,,671,7.0,False,,False,False,2024-06,Miami Grand Prix,2024,6,2024-05-05,test
0 days 01:33:44.054000,RUS,63,0 days 00:01:38.070000,24.0,1.0,,0 days 01:33:38.696000,0 days 00:00:31.464000,0 days 00:00:35.701000,0 days 00:00:30.905000,0 days 01:32:37.464000,0 days 01:33:13.165000,0 days 01:33:44.070000,209.0,183.0,,322.0,False,MEDIUM,27.0,False,Mercedes,0 days 01:32:05.984000,,1,9.0,False,,False,False,2024-06,Miami Grand Prix,2024,6,2024-05-05,test
0 days 01:35:31.492000,RUS,63,0 days 00:01:47.438000,25.0,2.0,0 days 01:34:01.544000,,0 days 00:00:46.478000,0 days 00:00:35.169000,0 days 00:00:25.791000,0 days 01:34:30.548000,0 days 01:35:05.717000,0 days 01:35:31.508000,210.0,186.0,282.0,326.0,False,HARD,1.0,True,Mercedes,0 days 01:33:44.054000,,1,12.0,False,,False,False,2024-06,Miami Grand Prix,2024,6,2024-05-05,test
0 days 01:37:03.850000,RUS,63,0 days 00:01:32.358000,26.0,2.0,,,0 days 00:00:31.162000,0 days 00:00:35.286000,0 days 00:00:25.910000,0 days 01:36:02.670000,0 days 01:36:37.956000,0 days 01:37:03.866000,213.0,185.0,276.0,320.0,True,HARD,2.0,True,Mercedes,0 days 01:35:31.492000,,1,11.0,False,,False,True,2024-06,Miami Grand Prix,2024,6,2024-05-05,test
0 days 01:38:36.445000,RUS,63,0 days 00:01:32.595000,27.0,2.0,,,0 days 00:00:31.330000,0 days 00:00:35.282000,0 days 00:00:25.983000,0 days 01:37:35.196000,0 days 01:38:10.478000,0 days 01:38:36.461000,208.0,184.0,276.0,325.0,False,HARD,3.0,True,Mercedes,0 days 01:37:03.850000,,1,10.0,False,,False,True,2024-06,Miami Grand Prix,2024,6,2024-05-05,test
0 days 01:40:25.726000,RUS,63,0 days 00:01:49.281000,28.0,2.0,,,0 days 00:00:31.282000,0 days 00:00:42.075000,0 days 00:00:35.924000,0 days 01:39:07.743000,0 days 01:39:49.818000,0 days 01:40:25.742000,211.0,113.0,216.0,249.0,False,HARD,4.0,True,Mercedes,0 days 01:38:36.445000,,124,9.0,False,,False,False,2024-06,Miami Grand Prix,2024,6,2024-05-05,test
0 days 01:42:33.199000,RUS,63,0 days 00:02:07.473000,29.0,2.0,,,0 days 00:00:45.120000,0 days 00:00:47.357000,0 days 00:00:34.996000,0 days 01:41:10.862000,0 days 01:41:58.219000,0 days 01:42:33.215000,156.0,119.0,262.0,234.0,False,HARD,5.0,True,Mercedes,0 days 01:40:25.726000,,4,9.0,False,,False,False,2024-06,Miami Grand Prix,2024,6,2024-05-05,test
0 days 01:44:32.627000,RUS,63,0 days 00:01:59.428000,30.0,2.0,,,0 days 00:00:46.793000,0 days 00:00:43.212000,0 days 00:00:29.423000,0 days 01:43:20.008000,0 days 01:44:03.220000,0 days 01:44:32.643000,142.0,135.0,268.0,250.0,False,HARD,6.0,True,Mercedes,0 days 01:42:33.199000,,4,9.0,False,,False,False,2024-06,Miami Grand Prix,2024,6,2024-05-05,test
0 days 01:46:19.240000,RUS,63,0 days 00:01:46.613000,31.0,2.0,,,0 days 00:00:40.037000,0 days 00:00:38.373000,0 days 00:00:28.203000,0 days 01:45:12.680000,0 days 01:45:51.053000,0 days 01:46:19.256000,189.0,177.0,270.0,263.0,False,HARD,7.0,True,Mercedes,0 days 01:44:32.627000,,4,9.0,False,,False,False,2024-06,Miami Grand Prix,2024,6,2024-05-05,test
0 days 01:48:35.924000,RUS,63,0 days 00:02:16.684000,32.0,2.0,,,0 days 00:00:48.034000,0 days 00:00:55.808000,0 days 00:00:32.842000,0 days 01:47:07.290000,0 days 01:48:03.098000,0 days 01:48:35.940000,69.0,135.0,278.0,189.0,False,HARD,8.0,True,Mercedes,0 days 01:46:19.240000,,41,9.0,False,,False,False,2024-06,Miami Grand Prix,2024,6,2024-05-05,test
0 days 01:50:10.379000,RUS,63,0 days 00:01:34.455000,33.0,2.0,,,0 days 00:00:32.419000,0 days 00:00:36.066000,0 days 00:00:25.970000,0 days 01:49:08.359000,0 days 01:49:44.425000,0 days 01:50:10.395000,211.0,185.0,278.0,324.0,False,HARD,9.0,True,Mercedes,0 days 01:48:35.924000,,1,9.0,False,,False,True,2024-06,Miami Grand Prix,2024,6,2024-05-05,test
0 days 01:51:43.141000,RUS,63,0 days 00:01:32.762000,34.0,2.0,,,0 days 00:00:31.534000,0 days 00:00:35.531000,0 days 00:00:25.697000,0 days 01:50:41.929000,0 days 01:51:17.460000,0 days 01:51:43.157000,212.0,184.0,283.0,338.0,False,HARD,10.0,True,Mercedes,0 days 01:50:10.379000,,1,9.0,False,,False,True,2024-06,Miami Grand Prix,2024,6,2024-05-05,test
0 days 01:53:15.418000,RUS,63,0 days 00:01:32.277000,35.0,2.0,,,0 days 00:00:31.240000,0 days 00:00:35.286000,0 days 00:00:25.751000,0 days 01:52:14.397000,0 days 01:52:49.683000,0 days 01:53:15.434000,210.0,185.0,282.0,334.0,True,HARD,11.0,True,Mercedes,0 days 01:51:43.141000,,1,9.0,False,,False,True,2024-06,Miami Grand Prix,2024,6,2024-05-05,test
0 days 01:54:47.763000,RUS,63,0 days 00:01:32.345000,36.0,2.0,,,0 days 00:00:31.262000,0 days 00:00:35.308000,0 days 00:00:25.775000,0 days 01:53:46.696000,0 days 01:54:22.004000,0 days 01:54:47.779000,209.0,185.0,283.0,332.0,False,HARD,12.0,True,Mercedes,0 days 01:53:15.418000,,1,9.0,False,,False,True,2024-06,Miami Grand Prix,2024,6,2024-05-05,test
0 days 01:56:20.038000,RUS,63,0 days 00:01:32.275000,37.0,2.0,,,0 days 00:00:31.312000,0 days 00:00:35.166000,0 days 00:00:25.797000,0 days 01:55:19.091000,0 days 01:55:54.257000,0 days 01:56:20.054000,211.0,185.0,283.0,326.0,True,HARD,13.0,True,Mercedes,0 days 01:54:47.763000,,1,9.0,False,,False,True,2024-06,Miami Grand Prix,2024,6,2024-05-05,test
0 days 01:57:52.329000,RUS,63,0 days 00:01:32.291000,38.0,2.0,,,0 days 00:00:31.124000,0 days 00:00:35.339000,0 days 00:00:25.828000,0 days 01:56:51.178000,0 days 01:57:26.517000,0 days 01:57:52.345000,210.0,184.0,278.0,323.0,False,HARD,14.0,True,Mercedes,0 days 01:56:20.038000,,1,9.0,False,,False,True,2024-06,Miami Grand Prix,2024,6,2024-05-05,test
0 days 01:59:24.577000,RUS,63,0 days 00:01:32.248000,39.0,2.0,,,0 days 00:00:31.101000,0 days 00:00:35.319000,0 days 00:00:25.828000,0 days 01:58:23.446000,0 days 01:58:58.765000,0 days 01:59:24.593000,213.0,184.0,276.0,325.0,True,HARD,15.0,True,Mercedes,0 days 01:57:52.329000,,1,9.0,False,,False,True,2024-06,Miami Grand Prix,2024,6,2024-05-05,test
0 days 02:00:56.854000,RUS,63,0 days 00:01:32.277000,40.0,2.0,,,0 days 00:00:31.085000,0 days 00:00:35.386000,0 days 00:00:25.806000,0 days 01:59:55.678000,0 days 02:00:31.064000,0 days 02:00:56.870000,210.0,185.0,277.0,327.0,False,HARD,16.0,True,Mercedes,0 days 01:59:24.577000,,1,8.0,False,,False,True,2024-06,Miami Grand Prix,2024,6,2024-05-05,test
0 days 02:02:29.502000,RUS,63,0 days 00:01:32.648000,41.0,2.0,,,0 days 00:00:31.283000,0 days 00:00:35.514000,0 days 00:00:25.851000,0 days 02:01:28.153000,0 days 02:02:03.667000,0 days 02:02:29.518000,209.0,184.0,277.0,323.0,False,HARD,17.0,True,Mercedes,0 days 02:00:56.854000,,1,8.0,False,,False,True,2024-06,Miami Grand Prix,2024,6,2024-05-05,test
0 days 02:04:01.669000,RUS,63,0 days 00:01:32.167000,42.0,2.0,,,0 days 00:00:31.105000,0 days 00:00:35.202000,0 days 00:00:25.860000,0 days 02:03:00.623000,0 days 02:03:35.825000,0 days 02:04:01.685000,215.0,184.0,279.0,321.0,True,HARD,18.0,True,Mercedes,0 days 02:02:29.502000,,1,8.0,False,,False,True,2024-06,Miami Grand Prix,2024,6,2024-05-05,test
0 days 02:05:33.590000,RUS,63,0 days 00:01:31.921000,43.0,2.0,,,0 days 00:00:30.917000,0 days 00:00:35.208000,0 days 00:00:25.796000,0 days 02:04:32.602000,0 days 02:05:07.810000,0 days 02:05:33.606000,211.0,184.0,278.0,324.0,True,HARD,19.0,True,Mercedes,0 days 02:04:01.669000,,1,8.0,False,,False,True,2024-06,Miami Grand Prix,2024,6,2024-05-05,test
0 days 02:07:07.288000,RUS,63,0 days 00:01:33.698000,44.0,2.0,,,0 days 00:00:30.996000,0 days 00:00:35.169000,0 days 00:00:27.533000,0 days 02:06:04.602000,0 days 02:06:39.771000,0 days 02:07:07.304000,213.0,184.0,279.0,325.0,False,HARD,20.0,True,Mercedes,0 days 02:05:33.590000,,1,8.0,True,TRACK LIMITS AT TURN 17 LAP 44 ,False,True,2024-06,Miami Grand Prix,2024,6,2024-05-05,test
0 days 02:08:39.419000,RUS,63,0 days 00:01:32.131000,45.0,2.0,,,0 days 00:00:31.004000,0 days 00:00:35.270000,0 days 00:00:25.857000,0 days 02:07:38.308000,0 days 02:08:13.578000,0 days 02:08:39.435000,213.0,184.0,276.0,313.0,False,HARD,21.0,True,Mercedes,0 days 02:07:07.288000,,1,8.0,False,,False,True,2024-06,Miami Grand Prix,2024,6,2024-05-05,test
0 days 02:10:11.723000,RUS,63,0 days 00:01:32.304000,46.0,2.0,,,0 days 00:00:31.005000,0 days 00:00:35.384000,0 days 00:00:25.915000,0 days 02:09:10.440000,0 days 02:09:45.824000,0 days 02:10:11.739000,209.0,185.0,277.0,321.0,False,HARD,22.0,True,Mercedes,0 days 02:08:39.419000,,1,8.0,False,,False,True,2024-06,Miami Grand Prix,2024,6,2024-05-05,test
0 days 02:11:43.921000,RUS,63,0 days 00:01:32.198000,47.0,2.0,,,0 days 00:00:31.075000,0 days 00:00:35.327000,0 days 00:00:25.796000,0 days 02:10:42.814000,0 days 02:11:18.141000,0 days 02:11:43.937000,212.0,185.0,278.0,321.0,False,HARD,23.0,True,Mercedes,0 days 02:10:11.723000,,1,8.0,False,,False,True,2024-06,Miami Grand Prix,2024,6,2024-05-05,test
0 days 02:13:16.096000,RUS,63,0 days 00:01:32.175000,48.0,2.0,,,0 days 00:00:30.996000,0 days 00:00:35.298000,0 days 00:00:25.881000,0 days 02:12:14.933000,0 days 02:12:50.231000,0 days 02:13:16.112000,216.0,184.0,278.0,319.0,False,HARD,24.0,True,Mercedes,0 days 02:11:43.921000,,1,8.0,False,,False,True,2024-06,Miami Grand Prix,2024,6,2024-05-05,test
0 days 02:14:48.216000,RUS,63,0 days 00:01:32.120000,49.0,2.0,,,0 days 00:00:30.795000,0 days 00:00:35.550000,0 days 00:00:25.775000,0 days 02:13:46.907000,0 days 02:14:22.457000,0 days 02:14:48.232000,210.0,185.0,278.0,322.0,False,HARD,25.0,True,Mercedes,0 days 02:13:16.096000,,1,8.0,False,,False,True,2024-06,Miami Grand Prix,2024,6,2024-05-05,test
0 days 02:16:20.654000,RUS,63,0 days 00:01:32.438000,50.0,2.0,,,0 days 00:00:30.770000,0 days 00:00:35.535000,0 days 00:00:26.133000,0 days 02:15:19.002000,0 days 02:15:54.537000,0 days 02:16:20.670000,213.0,185.0,277.0,321.0,False,HARD,26.0,True,Mercedes,0 days 02:14:48.216000,,1,8.0,False,,False,True,2024-06,Miami Grand Prix,2024,6,2024-05-05,test
0 days 02:17:52.707000,RUS,63,0 days 00:01:32.053000,51.0,2.0,,,0 days 00:00:30.743000,0 days 00:00:35.438000,0 days 00:00:25.872000,0 days 02:16:51.413000,0 days 02:17:26.851000,0 days 02:17:52.723000,214.0,185.0,279.0,315.0,False,HARD,27.0,True,Mercedes,0 days 02:16:20.654000,,1,8.0,False,,False,True,2024-06,Miami Grand Prix,2024,6,2024-05-05,test
0 days 02:19:24.892000,RUS,63,0 days 00:01:32.185000,52.0,2.0,,,0 days 00:00:30.925000,0 days 00:00:35.391000,0 days 00:00:25.869000,0 days 02:18:23.648000,0 days 02:18:59.039000,0 days 02:19:24.908000,214.0,185.0,277.0,320.0,False,HARD,28.0,True,Mercedes,0 days 02:17:52.707000,,1,8.0,False,,False,True,2024-06,Miami Grand Prix,2024,6,2024-05-05,test
0 days 02:20:58.286000,RUS,63,0 days 00:01:33.394000,53.0,2.0,,,0 days 00:00:30.946000,0 days 00:00:36.496000,0 days 00:00:25.952000,0 days 02:19:55.854000,0 days 02:20:32.350000,0 days 02:20:58.302000,212.0,185.0,278.0,320.0,False,HARD,29.0,True,Mercedes,0 days 02:19:24.892000,,1,8.0,False,,False,True,2024-06,Miami Grand Prix,2024,6,2024-05-05,test
0 days 02:22:30.823000,RUS,63,0 days 00:01:32.537000,54.0,2.0,,,0 days 00:00:30.907000,0 days 00:00:35.605000,0 days 00:00:26.025000,0 days 02:21:29.209000,0 days 02:22:04.814000,0 days 02:22:30.839000,214.0,186.0,278.0,322.0,False,HARD,30.0,True,Mercedes,0 days 02:20:58.286000,,1,8.0,False,,False,True,2024-06,Miami Grand Prix,2024,6,2024-05-05,test
0 days 02:24:02.853000,RUS,63,0 days 00:01:32.030000,55.0,2.0,,,0 days 00:00:30.723000,0 days 00:00:35.397000,0 days 00:00:25.910000,0 days 02:23:01.562000,0 days 02:23:36.959000,0 days 02:24:02.869000,213.0,186.0,278.0,320.0,False,HARD,31.0,True,Mercedes,0 days 02:22:30.823000,,1,8.0,False,,False,True,2024-06,Miami Grand Prix,2024,6,2024-05-05,test
0 days 02:25:35.232000,RUS,63,0 days 00:01:32.379000,56.0,2.0,,,0 days 00:00:30.804000,0 days 00:00:35.509000,0 days 00:00:26.066000,0 days 02:24:33.673000,0 days 02:25:09.182000,0 days 02:25:35.248000,213.0,184.0,276.0,322.0,False,HARD,32.0,True,Mercedes,0 days 02:24:02.853000,,1,8.0,False,,False,True,2024-06,Miami Grand Prix,2024,6,2024-05-05,test
0 days 02:27:07.971000,RUS,63,0 days 00:01:32.739000,57.0,2.0,,,0 days 00:00:30.984000,0 days 00:00:35.698000,0 days 00:00:26.057000,0 days 02:26:06.232000,0 days 02:26:41.930000,0 days 02:27:07.987000,213.0,185.0,278.0,320.0,False,HARD,33.0,True,Mercedes,0 days 02:25:35.232000,,1,8.0,False,,False,True,2024-06,Miami Grand Prix,2024,6,2024-05-05,test
