Time,Driver,DriverNumber,LapTime,LapNumber,Stint,PitOutTime,PitInTime,Sector1Time,Sector2Time,Sector3Time,Sector1SessionTime,Sector2SessionTime,Sector3SessionTime,SpeedI1,SpeedI2,SpeedFL,SpeedST,IsPersonalBest,Compound,TyreLife,FreshTyre,Team,LapStartTime,LapStartDate,TrackStatus,Position,Deleted,DeletedReason,FastF1Generated,IsAccurate,EventKey,EventName,Year,RoundNumber,EventDate,Role
0 days 01:04:51.506000,VER,1,0 days 00:02:10.735000,1.0,1.0,,0 days 01:04:49.856000,,0 days 00:01:04.045000,0 days 00:00:31.458000,,0 days 01:04:20.107000,0 days 01:04:51.657000,278.0,214.0,,184.0,False,MEDIUM,1.0,True,Red Bull Racing,0 days 01:02:40.422000,,125,1.0,False,,False,False,2024-04,Japanese Grand Prix,2024,4,2024-04-07,train
0 days 01:33:22.630000,VER,1,,2.0,2.0,0 days 01:31:05.329000,,,0 days 00:00:56.617000,0 days 00:00:39.032000,,0 days 01:32:43.657000,0 days 01:33:22.813000,179.0,245.0,48.0,126.0,False,MEDIUM,2.0,False,Red Bull Racing,0 days 01:30:58.774000,,1,1.0,False,,False,False,2024-04,Japanese Grand Prix,2024,4,2024-04-07,train
0 days 01:36:15.449000,VER,1,,3.0,2.0,,,,0 days 00:00:42.768000,0 days 00:00:18.603000,,0 days 01:35:57.085000,0 days 01:36:15.756000,279.0,291.0,253.0,285.0,False,MEDIUM,3.0,False,Red Bull Racing,0 days 01:33:22.630000,,1,1.0,False,,False,False,2024-04,Japanese Grand Prix,2024,4,2024-04-07,train
0 days 01:37:51.921000,VER,1,0 days 00:01:36.472000,4.0,2.0,,,0 days 00:00:34.772000,0 days 00:00:43.042000,0 days 00:00:18.658000,0 days 01:36:50.280000,0 days 01:37:33.322000,0 days 01:37:51.980000,278.0,292.0,252.0,284.0,True,MEDIUM,4.0,False,Red Bull Racing,0 days 01:36:15.449000,,1,1.0,False,,False,True,2024-04,Japanese Grand Prix,2024,4,2024-04-07,train
0 days 01:39:28.358000,VER,1,0 days 00:01:36.437000,5.0,2.0,,,0 days 00:00:34.690000,0 days 00:00:43.035000,0 days 00:00:18.712000,0 days 01:38:26.670000,0 days 01:39:09.705000,0 days 01:39:28.417000,279.0,293.0,253.0,286.0,True,MEDIUM,5.0,False,Red Bull Racing,0 days 01:37:51.921000,,1,1.0,False,,False,True,2024-04,Japanese Grand Prix,2024,4,2024-04-07,train
0 days 01:41:05.213000,VER,1,0 days 00:01:36.855000,6.0,2.0,,,0 days 00:00:34.965000,0 days 00:00:43.196000,0 days 00:00:18.694000,0 days 01:40:03.382000,0 days 01:40:46.578000,0 days 01:41:05.272000,278.0,293.0,253.0,286.0,False,MEDIUM,6.0,False,Red Bull Racing,0 days 01:39:28.358000,,1,1.0,False,,False,True,2024-04,Japanese Grand Prix,2024,4,2024-04-07,train
0 days 01:42:42.183000,VER,1,0 days 00:01:36.970000,7.0,2.0,,,0 days 00:00:34.987000,0 days 00:00:43.300000,0 days 00:00:18.683000,0 days 01:41:40.259000,0 days 01:42:23.559000,0 days 01:42:42.242000,278.0,293.0,253.0,284.0,False,MEDIUM,7.0,False,Red Bull Racing,0 days 01:41:05.213000,,1,1.0,False,,False,True,2024-04,Japanese Grand Prix,2024,4,2024-04-07,train
0 days 01:44:19.512000,VER,1,0 days 00:01:37.329000,8.0,2.0,,,0 days 00:00:35.112000,0 days 00:00:43.412000,0 days 00:00:18.805000,0 days 01:43:17.354000,0 days 01:44:00.766000,0 days 01:44:19.571000,278.0,293.0,253.0,287.0,False,MEDIUM,8.0,False,Red Bull Racing,0 days 01:42:42.183000,,1,1.0,False,,False,True,2024-04,Japanese Grand Prix,2024,4,2024-04-07,train
0 days 01:45:56.690000,VER,1,0 days 00:01:37.178000,9.0,2.0,,,0 days 00:00:35.132000,0 days 00:00:43.298000,0 days 00:00:18.748000,0 days 01:44:54.703000,0 days 01:45:38.001000,0 days 01:45:56.749000,278.0,293.0,252.0,288.0,False,MEDIUM,9.0,False,Red Bull Racing,0 days 01:44:19.512000,,1,1.0,False,,False,True,2024-04,Japanese Grand Prix,2024,4,2024-04-07,train
0 days 01:47:34.280000,VER,1,0 days 00:01:37.590000,10.0,2.0,,,0 days 00:00:35.450000,0 days 00:00:43.353000,0 days 00:00:18.787000,0 days 01:46:32.199000,0 days 01:47:15.552000,0 days 01:47:34.339000,277.0,292.0,252.0,286.0,False,MEDIUM,10.0,False,Red Bull Racing,0 days 01:45:56.690000,,1,1.0,False,,False,True,2024-04,Japanese Grand Prix,2024,4,2024-04-07,train
0 days 01:49:12.054000,VER,1,0 days 00:01:37.774000,11.0,2.0,,,0 days 00:00:35.320000,0 days 00:00:43.622000,0 days 00:00:18.832000,0 days 01:48:09.659000,0 days 01:48:53.281000,0 days 01:49:12.113000,276.0,293.0,252.0,287.0,False,MEDIUM,11.0,False,Red Bull Racing,0 days 01:47:34.280000,,1,1.0,False,,False,True,2024-04,Japanese Grand Prix,2024,4,2024-04-07,train
0 days 01:50:49.807000,VER,1,0 days 00:01:37.753000,12.0,2.0,,,0 days 00:00:35.415000,0 days 00:00:43.468000,0 days 00:00:18.870000,0 days 01:49:47.528000,0 days 01:50:30.996000,0 days 01:50:49.866000,278.0,292.0,252.0,285.0,False,MEDIUM,12.0,False,Red Bull Racing,0 days 01:49:12.054000,,1,1.0,False,,False,True,2024-04,Japanese Grand Prix,2024,4,2024-04-07,train
0 days 01:52:27.534000,VER,1,0 days 00:01:37.727000,13.0,2.0,,,0 days 00:00:35.365000,0 days 00:00:43.511000,0 days 00:00:18.851000,0 days 01:51:25.231000,0 days 01:52:08.742000,0 days 01:52:27.593000,278.0,292.0,253.0,288.0,False,MEDIUM,13.0,False,Red Bull Racing,0 days 01:50:49.807000,,1,1.0,False,,False,True,2024-04,Japanese Grand Prix,2024,4,2024-04-07,train
0 days 01:54:05.444000,VER,1,0 days 00:01:37.910000,14.0,2.0,,,0 days 00:00:35.432000,0 days 00:00:43.612000,0 days 00:00:18.866000,0 days 01:53:03.025000,0 days 01:53:46.637000,0 days 01:54:05.503000,278.0,291.0,253.0,286.0,False,MEDIUM,14.0,False,Red Bull Racing,0 days 01:52:27.534000,,1,1.0,False,,False,True,2024-04,Japanese Grand Prix,2024,4,2024-04-07,train
0 days 01:55:43.298000,VER,1,0 days 00:01:37.854000,15.0,2.0,,,0 days 00:00:35.465000,0 days 00:00:43.565000,0 days 00:00:18.824000,0 days 01:54:40.968000,0 days 01:55:24.533000,0 days 01:55:43.357000,278.0,292.0,253.0,285.0,False,MEDIUM,15.0,False,Red Bull Racing,0 days 01:54:05.444000,,1,1.0,False,,False,True,2024-04,Japanese Grand Prix,2024,4,2024-04-07,train
0 days 01:57:23.570000,VER,1,0 days 00:01:40.272000,16.0,2.0,,0 days 01:57:22.319000,0 days 00:00:35.594000,0 days 00:00:43.595000,0 days 00:00:21.083000,0 days 01:56:18.951000,0 days 01:57:02.546000,0 days 01:57:23.629000,278.0,293.0,,286.0,False,MEDIUM,16.0,False,Red Bull Racing,0 days 01:55:43.298000,,1,1.0,False,,False,False,2024-04,Japanese Grand Prix,2024,4,2024-04-07,train
0 days 01:59:20.048000,VER,1,0 days 00:01:56.478000,17.0,3.0,0 days 01:57:45.444000,,0 days 00:00:54.634000,0 days 00:00:43.113000,0 days 00:00:18.731000,0 days 01:58:18.263000,0 days 01:59:01.376000,0 days 01:59:20.107000,274.0,294.0,255.0,280.0,False,MEDIUM,1.0,True,Red Bull Racing,0 days 01:57:23.570000,,1,2.0,False,,False,False,2024-04,Japanese Grand Prix,2024,4,2024-04-07,train
0 days 02:00:56.870000,VER,1,0 days 00:01:36.822000,18.0,3.0,,,0 days 00:00:34.981000,0 days 00:00:43.108000,0 days 00:00:18.733000,0 days 01:59:55.088000,0 days 02:00:38.196000,0 days 02:00:56.929000,279.0,295.0,253.0,283.0,False,MEDIUM,2.0,True,Red Bull Racing,0 days 01:59:20.048000,,1,2.0,False,,False,True,2024-04,Japanese Grand Prix,2024,4,2024-04-07,train
0 days 02:02:33.122000,VER,1,0 days 00:01:36.252000,19.0,3.0,,,0 days 00:00:34.857000,0 days 00:00:42.769000,0 days 00:00:18.626000,0 days 02:01:31.786000,0 days 02:02:14.555000,0 days 02:02:33.181000,280.0,297.0,255.0,286.0,True,MEDIUM,3.0,True,Red Bull Racing,0 days 02:00:56.870000,,1,2.0,False,,False,True,2024-04,Japanese Grand Prix,2024,4,2024-04-07,train
0 days 02:04:09.524000,VER,1,0 days 00:01:36.402000,20.0,3.0,,,0 days 00:00:34.885000,0 days 00:00:42.974000,0 days 00:00:18.543000,0 days 02:03:08.066000,0 days 02:03:51.040000,0 days 02:04:09.583000,279.0,298.0,261.0,297.0,False,MEDIUM,4.0,True,Red Bull Racing,0 days 02:02:33.122000,,1,2.0,False,,False,True,2024-04,Japanese Grand Prix,2024,4,2024-04-07,train
0 days 02:05:45.141000,VER,1,0 days 00:01:35.617000,21.0,3.0,,,0 days 00:00:34.242000,0 days 00:00:42.833000,0 days 00:00:18.542000,0 days 02:04:43.825000,0 days 02:05:26.658000,0 days 02:05:45.200000,280.0,293.0,254.0,286.0,True,MEDIUM,5.0,True,Red Bull Racing,0 days 02:04:09.524000,,1,1.0,False,,False,True,2024-04,Japanese Grand Prix,2024,4,2024-04-07,train
0 days 02:07:21.525000,VER,1,0 days 00:01:36.384000,22.0,3.0,,,0 days 00:00:34.914000,0 days 00:00:42.902000,0 days 00:00:18.568000,0 days 02:06:20.114000,0 days 02:07:03.016000,0 days 02:07:21.584000,280.0,293.0,255.0,286.0,False,MEDIUM,6.0,True,Red Bull Racing,0 days 02:05:45.141000,,1,1.0,False,,False,True,2024-04,Japanese Grand Prix,2024,4,2024-04-07,train
0 days 02:08:57.730000,VER,1,0 days 00:01:36.205000,23.0,3.0,,,0 days 00:00:34.810000,0 days 00:00:42.855000,0 days 00:00:18.540000,0 days 02:07:56.394000,0 days 02:08:39.249000,0 days 02:08:57.789000,280.0,294.0,254.0,286.0,False,MEDIUM,7.0,True,Red Bull Racing,0 days 02:07:21.525000,,1,1.0,False,,False,True,2024-04,Japanese Grand Prix,2024,4,2024-04-07,train
0 days 02:10:34.262000,VER,1,0 days 00:01:36.532000,24.0,3.0,,,0 days 00:00:34.895000,0 days 00:00:43.008000,0 days 00:00:18.629000,0 days 02:09:32.684000,0 days 02:10:15.692000,0 days 02:10:34.321000,279.0,294.0,255.0,286.0,False,MEDIUM,8.0,True,Red Bull Racing,0 days 02:08:57.730000,,1,1.0,False,,False,True,2024-04,Japanese Grand Prix,2024,4,2024-04-07,train
0 days 02:12:10.599000,VER,1,0 days 00:01:36.337000,25.0,3.0,,,0 days 00:00:34.677000,0 days 00:00:43.075000,0 days 00:00:18.585000,0 days 02:11:08.998000,0 days 02:11:52.073000,0 days 02:12:10.658000,281.0,295.0,254.0,287.0,False,MEDIUM,9.0,True,Red Bull Racing,0 days 02:10:34.262000,,1,1.0,False,,False,True,2024-04,Japanese Grand Prix,2024,4,2024-04-07,train
0 days 02:13:47.036000,VER,1,0 days 00:01:36.437000,26.0,3.0,,,0 days 00:00:34.874000,0 days 00:00:42.952000,0 days 00:00:18.611000,0 days 02:12:45.532000,0 days 02:13:28.484000,0 days 02:13:47.095000,281.0,295.0,255.0,287.0,False,MEDIUM,10.0,True,Red Bull Racing,0 days 02:12:10.599000,,1,1.0,False,,False,True,2024-04,Japanese Grand Prix,2024,4,2024-04-07,train
0 days 02:15:23.690000,VER,1,0 days 00:01:36.654000,27.0,3.0,,,0 days 00:00:34.936000,0 days 00:00:42.975000,0 days 00:00:18.743000,0 days 02:14:22.031000,0 days 02:15:05.006000,0 days 02:15:23.749000,280.0,296.0,254.0,287.0,False,MEDIUM,11.0,True,Red Bull Racing,0 days 02:13:47.036000,,1,1.0,False,,False,True,2024-04,Japanese Grand Prix,2024,4,2024-04-07,train
0 days 02:17:00.186000,VER,1,0 days 00:01:36.496000,28.0,3.0,,,0 days 00:00:34.883000,0 days 00:00:43.010000,0 days 00:00:18.603000,0 days 02:15:58.632000,0 days 02:16:41.642000,0 days 02:17:00.245000,280.0,297.0,255.0,287.0,False,MEDIUM,12.0,True,Red Bull Racing,0 days 02:15:23.690000,,1,1.0,False,,False,True,2024-04,Japanese Grand Prix,2024,4,2024-04-07,train
0 days 02:18:36.841000,VER,1,0 days 00:01:36.655000,29.0,3.0,,,0 days 00:00:35.020000,0 days 00:00:43.016000,0 days 00:00:18.619000,0 days 02:17:35.265000,0 days 02:18:18.281000,0 days 02:18:36.900000,280.0,296.0,254.0,289.0,False,MEDIUM,13.0,True,Red Bull Racing,0 days 02:17:00.186000,,1,1.0,False,,False,True,2024-04,Japanese Grand Prix,2024,4,2024-04-07,train
0 days 02:20:13.690000,VER,1,0 days 00:01:36.849000,30.0,3.0,,,0 days 00:00:35.050000,0 days 00:00:43.132000,0 days 00:00:18.667000,0 days 02:19:11.950000,0 days 02:19:55.082000,0 days 02:20:13.749000,280.0,296.0,255.0,288.0,False,MEDIUM,14.0,True,Red Bull Racing,0 days 02:18:36.841000,,1,1.0,False,,False,True,2024-04,Japanese Grand Prix,2024,4,2024-04-07,train
0 days 02:21:50.451000,VER,1,0 days 00:01:36.761000,31.0,3.0,,,0 days 00:00:34.998000,0 days 00:00:43.147000,0 days 00:00:18.616000,0 days 02:20:48.747000,0 days 02:21:31.894000,0 days 02:21:50.510000,280.0,296.0,255.0,289.0,False,MEDIUM,15.0,True,Red Bull Racing,0 days 02:20:13.690000,,1,1.0,False,,False,True,2024-04,Japanese Grand Prix,2024,4,2024-04-07,train
0 days 02:23:27.371000,VER,1,0 days 00:01:36.920000,32.0,3.0,,,0 days 00:00:35.134000,0 days 00:00:43.092000,0 days 00:00:18.694000,0 days 02:22:25.644000,0 days 02:23:08.736000,0 days 02:23:27.430000,279.0,296.0,254.0,291.0,False,MEDIUM,16.0,True,Red Bull Racing,0 days 02:21:50.451000,,1,1.0,False,,False,True,2024-04,Japanese Grand Prix,2024,4,2024-04-07,train
0 days 02:25:04.419000,VER,1,0 days 00:01:37.048000,33.0,3.0,,,0 days 00:00:35.182000,0 days 00:00:43.181000,0 days 00:00:18.685000,0 days 02:24:02.612000,0 days 02:24:45.793000,0 days 02:25:04.478000,279.0,297.0,254.0,292.0,False,MEDIUM,17.0,True,Red Bull Racing,0 days 02:23:27.371000,,1,1.0,False,,False,True,2024-04,Japanese Grand Prix,2024,4,2024-04-07,train
0 days 02:26:43.645000,VER,1,0 days 00:01:39.226000,34.0,3.0,,0 days 02:26:42.429000,0 days 00:00:35.038000,0 days 00:00:43.228000,0 days 00:00:20.960000,0 days 02:25:39.516000,0 days 02:26:22.744000,0 days 02:26:43.704000,278.0,296.0,,293.0,False,MEDIUM,18.0,True,Red Bull Racing,0 days 02:25:04.419000,,1,1.0,False,,False,False,2024-04,Japanese Grand Prix,2024,4,2024-04-07,train
0 days 02:28:39.148000,VER,1,0 days 00:01:55.503000,35.0,4.0,0 days 02:27:05.581000,,0 days 00:00:54.547000,0 days 00:00:42.486000,0 days 00:00:18.470000,0 days 02:27:38.251000,0 days 02:28:20.737000,0 days 02:28:39.207000,281.0,297.0,257.0,297.0,False,HARD,1.0,True,Red Bull Racing,0 days 02:26:43.645000,,1,2.0,False,,False,False,2024-04,Japanese Grand Prix,2024,4,2024-04-07,train
0 days 02:30:13.767000,VER,1,0 days 00:01:34.619000,36.0,4.0,,,0 days 00:00:34.203000,0 days 00:00:42.165000,0 days 00:00:18.251000,0 days 02:29:13.410000,0 days 02:29:55.575000,0 days 02:30:13.826000,281.0,300.0,258.0,296.0,True,HARD,2.0,True,Red Bull Racing,0 days 02:28:39.148000,,1,1.0,False,,False,True,2024-04,Japanese Grand Prix,2024,4,2024-04-07,train
0 days 02:31:48.737000,VER,1,0 days 00:01:34.970000,37.0,4.0,,,0 days 00:00:34.373000,0 days 00:00:42.368000,0 days 00:00:18.229000,0 days 02:30:48.199000,0 days 02:31:30.567000,0 days 02:31:48.796000,282.0,298.0,258.0,298.0,False,HARD,3.0,True,Red Bull Racing,0 days 02:30:13.767000,,1,1.0,False,,False,True,2024-04,Japanese Grand Prix,2024,4,2024-04-07,train
0 days 02:33:23.723000,VER,1,0 days 00:01:34.986000,38.0,4.0,,,0 days 00:00:34.217000,0 days 00:00:42.272000,0 days 00:00:18.497000,0 days 02:32:23.013000,0 days 02:33:05.285000,0 days 02:33:23.782000,282.0,296.0,257.0,295.0,False,HARD,4.0,True,Red Bull Racing,0 days 02:31:48.737000,,1,1.0,False,,False,True,2024-04,Japanese Grand Prix,2024,4,2024-04-07,train
0 days 02:34:58.217000,VER,1,0 days 00:01:34.494000,39.0,4.0,,,0 days 00:00:34.097000,0 days 00:00:42.145000,0 days 00:00:18.252000,0 days 02:33:57.879000,0 days 02:34:40.024000,0 days 02:34:58.276000,282.0,298.0,257.0,294.0,True,HARD,5.0,True,Red Bull Racing,0 days 02:33:23.723000,,1,1.0,False,,False,True,2024-04,Japanese Grand Prix,2024,4,2024-04-07,train
0 days 02:36:32.560000,VER,1,0 days 00:01:34.343000,40.0,4.0,,,0 days 00:00:33.952000,0 days 00:00:42.124000,0 days 00:00:18.267000,0 days 02:35:32.228000,0 days 02:36:14.352000,0 days 02:36:32.619000,282.0,298.0,257.0,295.0,True,HARD,6.0,True,Red Bull Racing,0 days 02:34:58.217000,,1,1.0,False,,False,True,2024-04,Japanese Grand Prix,2024,4,2024-04-07,train
0 days 02:38:06.833000,VER,1,0 days 00:01:34.273000,41.0,4.0,,,0 days 00:00:33.997000,0 days 00:00:42.069000,0 days 00:00:18.207000,0 days 02:37:06.616000,0 days 02:37:48.685000,0 days 02:38:06.892000,282.0,298.0,257.0,297.0,True,HARD,7.0,True,Red Bull Racing,0 days 02:36:32.560000,,1,1.0,False,,False,True,2024-04,Japanese Grand Prix,2024,4,2024-04-07,train
0 days 02:39:41.798000,VER,1,0 days 00:01:34.965000,42.0,4.0,,,0 days 00:00:33.901000,0 days 00:00:42.756000,0 days 00:00:18.308000,0 days 02:38:40.793000,0 days 02:39:23.549000,0 days 02:39:41.857000,283.0,298.0,257.0,297.0,False,HARD,8.0,True,Red Bull Racing,0 days 02:38:06.833000,,12,1.0,False,,False,True,2024-04,Japanese Grand Prix,2024,4,2024-04-07,train
0 days 02:41:16.101000,VER,1,0 days 00:01:34.303000,43.0,4.0,,,0 days 00:00:33.837000,0 days 00:00:42.139000,0 days 00:00:18.327000,0 days 02:40:15.694000,0 days 02:40:57.833000,0 days 02:41:16.160000,282.0,298.0,257.0,297.0,False,HARD,9.0,True,Red Bull Racing,0 days 02:39:41.798000,,1,1.0,False,,False,True,2024-04,Japanese Grand Prix,2024,4,2024-04-07,train
0 days 02:42:50.556000,VER,1,0 days 00:01:34.455000,44.0,4.0,,,0 days 00:00:33.813000,0 days 00:00:42.303000,0 days 00:00:18.339000,0 days 02:41:49.973000,0 days 02:42:32.276000,0 days 02:42:50.615000,282.0,299.0,256.0,297.0,False,HARD,10.0,True,Red Bull Racing,0 days 02:41:16.101000,,1,1.0,False,,False,True,2024-04,Japanese Grand Prix,2024,4,2024-04-07,train
0 days 02:44:25.162000,VER,1,0 days 00:01:34.606000,45.0,4.0,,,0 days 00:00:34.085000,0 days 00:00:42.138000,0 days 00:00:18.383000,0 days 02:43:24.700000,0 days 02:44:06.838000,0 days 02:44:25.221000,282.0,299.0,256.0,297.0,False,HARD,11.0,True,Red Bull Racing,0 days 02:42:50.556000,,1,1.0,False,,False,True,2024-04,Japanese Grand Prix,2024,4,2024-04-07,train
0 days 02:45:59.772000,VER,1,0 days 00:01:34.610000,46.0,4.0,,,0 days 00:00:34.073000,0 days 00:00:42.272000,0 days 00:00:18.265000,0 days 02:44:59.294000,0 days 02:45:41.566000,0 days 02:45:59.831000,282.0,299.0,258.0,301.0,False,HARD,12.0,True,Red Bull Racing,0 days 02:44:25.162000,,1,1.0,False,,False,True,2024-04,Japanese Grand Prix,2024,4,2024-04-07,train
0 days 02:47:34.885000,VER,1,0 days 00:01:35.113000,47.0,4.0,,,0 days 00:00:34.210000,0 days 00:00:42.527000,0 days 00:00:18.376000,0 days 02:46:34.041000,0 days 02:47:16.568000,0 days 02:47:34.944000,282.0,301.0,258.0,301.0,False,HARD,13.0,True,Red Bull Racing,0 days 02:45:59.772000,,1,1.0,False,,False,True,2024-04,Japanese Grand Prix,2024,4,2024-04-07,train
0 days 02:49:10.635000,VER,1,0 days 00:01:35.750000,48.0,4.0,,,0 days 00:00:34.496000,0 days 00:00:42.871000,0 days 00:00:18.383000,0 days 02:48:09.440000,0 days 02:48:52.311000,0 days 02:49:10.694000,282.0,298.0,257.0,299.0,False,HARD,14.0,True,Red Bull Racing,0 days 02:47:34.885000,,1,1.0,False,,False,True,2024-04,Japanese Grand Prix,2024,4,2024-04-07,train
0 days 02:50:45.520000,VER,1,0 days 00:01:34.885000,49.0,4.0,,,0 days 00:00:34.097000,0 days 00:00:42.487000,0 days 00:00:18.301000,0 days 02:49:44.791000,0 days 02:50:27.278000,0 days 02:50:45.579000,282.0,300.0,263.0,302.0,False,HARD,15.0,True,Red Bull Racing,0 days 02:49:10.635000,,1,1.0,False,,False,True,2024-04,Japanese Grand Prix,2024,4,2024-04-07,train
0 days 02:52:19.226000,VER,1,0 days 00:01:33.706000,50.0,4.0,,,0 days 00:00:33.404000,0 days 00:00:42.141000,0 days 00:00:18.161000,0 days 02:51:18.983000,0 days 02:52:01.124000,0 days 02:52:19.285000,282.0,298.0,257.0,298.0,True,HARD,16.0,True,Red Bull Racing,0 days 02:50:45.520000,,1,1.0,False,,False,True,2024-04,Japanese Grand Prix,2024,4,2024-04-07,train
0 days 02:53:53.994000,VER,1,0 days 00:01:34.768000,51.0,4.0,,,0 days 00:00:33.964000,0 days 00:00:42.405000,0 days 00:00:18.399000,0 days 02:52:53.249000,0 days 02:53:35.654000,0 days 02:53:54.053000,283.0,299.0,257.0,297.0,False,HARD,17.0,True,Red Bull Racing,0 days 02:52:19.226000,,1,1.0,False,,False,True,2024-04,Japanese Grand Prix,2024,4,2024-04-07,train
0 days 02:55:28.964000,VER,1,0 days 00:01:34.970000,52.0,4.0,,,0 days 00:00:34.158000,0 days 00:00:42.422000,0 days 00:00:18.390000,0 days 02:54:28.211000,0 days 02:55:10.633000,0 days 02:55:29.023000,283.0,300.0,258.0,299.0,False,HARD,18.0,True,Red Bull Racing,0 days 02:53:53.994000,,1,1.0,False,,False,True,2024-04,Japanese Grand Prix,2024,4,2024-04-07,train
0 days 02:57:04.227000,VER,1,0 days 00:01:35.263000,53.0,4.0,,,0 days 00:00:34.299000,0 days 00:00:42.417000,0 days 00:00:18.547000,0 days 02:56:03.322000,0 days 02:56:45.739000,0 days 02:57:04.286000,281.0,298.0,255.0,295.0,False,HARD,19.0,True,Red Bull Racing,0 days 02:55:28.964000,,1,1.0,False,,False,True,2024-04,Japanese Grand Prix,2024,4,2024-04-07,train
0 days 01:04:53.504000,PER,11,0 days 00:02:12.767000,1.0,1.0,,0 days 01:04:51.966000,,0 days 00:01:05.032000,0 days 00:00:31.841000,,0 days 01:04:21.723000,0 days 01:04:53.614000,278.0,223.0,,169.0,False,MEDIUM,1.0,True,Red Bull Racing,0 days 01:02:40.422000,,125,2.0,False,,False,False,2024-04,Japanese Grand Prix,2024,4,2024-04-07,train
0 days 01:33:24.869000,PER,11,,2.0,2.0,0 days 01:31:09.531000,,,0 days 00:00:56.894000,0 days 00:00:40.221000,,0 days 01:32:44.708000,0 days 01:33:25.035000,189.0,268.0,39.0,152.0,False,MEDIUM,2.0,False,Red Bull Racing,0 days 01:30:58.774000,,1,2.0,False,,False,False,2024-04,Japanese Grand Prix,2024,4,2024-04-07,train
0 days 01:36:16.440000,PER,11,,3.0,2.0,,,,0 days 00:00:42.877000,0 days 00:00:18.696000,,0 days 01:35:57.906000,0 days 01:36:16.719000,280.0,294.0,254.0,290.0,False,MEDIUM,3.0,False,Red Bull Racing,0 days 01:33:24.869000,,1,2.0,False,,False,False,2024-04,Japanese Grand Prix,2024,4,2024-04-07,train
0 days 01:37:53.013000,PER,11,0 days 00:01:36.573000,4.0,2.0,,,0 days 00:00:34.694000,0 days 00:00:43.203000,0 days 00:00:18.676000,0 days 01:36:51.194000,0 days 01:37:34.397000,0 days 01:37:53.073000,275.0,295.0,257.0,296.0,True,MEDIUM,4.0,False,Red Bull Racing,0 days 01:36:16.440000,,1,2.0,False,,False,True,2024-04,Japanese Grand Prix,2024,4,2024-04-07,train
0 days 01:39:29.581000,PER,11,0 days 00:01:36.568000,5.0,2.0,,,0 days 00:00:34.558000,0 days 00:00:43.311000,0 days 00:00:18.699000,0 days 01:38:27.631000,0 days 01:39:10.942000,0 days 01:39:29.641000,276.0,295.0,254.0,297.0,True,MEDIUM,5.0,False,Red Bull Racing,0 days 01:37:53.013000,,1,2.0,False,,False,True,2024-04,Japanese Grand Prix,2024,4,2024-04-07,train
0 days 01:41:07.274000,PER,11,0 days 00:01:37.693000,6.0,2.0,,,0 days 00:00:35.008000,0 days 00:00:43.981000,0 days 00:00:18.704000,0 days 01:40:04.649000,0 days 01:40:48.630000,0 days 01:41:07.334000,275.0,295.0,253.0,290.0,False,MEDIUM,6.0,False,Red Bull Racing,0 days 01:39:29.581000,,1,2.0,True,TRACK LIMITS AT TURN 9 LAP 6 ,False,True,2024-04,Japanese Grand Prix,2024,4,2024-04-07,train
0 days 01:42:44.582000,PER,11,0 days 00:01:37.308000,7.0,2.0,,,0 days 00:00:35.091000,0 days 00:00:43.396000,0 days 00:00:18.821000,0 days 01:41:42.425000,0 days 01:42:25.821000,0 days 01:42:44.642000,277.0,295.0,254.0,286.0,False,MEDIUM,7.0,False,Red Bull Racing,0 days 01:41:07.274000,,1,2.0,False,,False,True,2024-04,Japanese Grand Prix,2024,4,2024-04-07,train
0 days 01:44:21.802000,PER,11,0 days 00:01:37.220000,8.0,2.0,,,0 days 00:00:35.093000,0 days 00:00:43.381000,0 days 00:00:18.746000,0 days 01:43:19.735000,0 days 01:44:03.116000,0 days 01:44:21.862000,278.0,295.0,253.0,295.0,False,MEDIUM,8.0,False,Red Bull Racing,0 days 01:42:44.582000,,1,2.0,False,,False,True,2024-04,Japanese Grand Prix,2024,4,2024-04-07,train
0 days 01:45:59.640000,PER,11,0 days 00:01:37.838000,9.0,2.0,,,0 days 00:00:35.370000,0 days 00:00:43.600000,0 days 00:00:18.868000,0 days 01:44:57.232000,0 days 01:45:40.832000,0 days 01:45:59.700000,273.0,294.0,253.0,293.0,False,MEDIUM,9.0,False,Red Bull Racing,0 days 01:44:21.802000,,1,2.0,False,,False,True,2024-04,Japanese Grand Prix,2024,4,2024-04-07,train
0 days 01:47:37.566000,PER,11,0 days 00:01:37.926000,10.0,2.0,,,0 days 00:00:35.593000,0 days 00:00:43.554000,0 days 00:00:18.779000,0 days 01:46:35.293000,0 days 01:47:18.847000,0 days 01:47:37.626000,277.0,294.0,253.0,295.0,False,MEDIUM,10.0,False,Red Bull Racing,0 days 01:45:59.640000,,1,2.0,False,,False,True,2024-04,Japanese Grand Prix,2024,4,2024-04-07,train
0 days 01:49:15.782000,PER,11,0 days 00:01:38.216000,11.0,2.0,,,0 days 00:00:35.512000,0 days 00:00:43.802000,0 days 00:00:18.902000,0 days 01:48:13.138000,0 days 01:48:56.940000,0 days 01:49:15.842000,277.0,294.0,252.0,292.0,False,MEDIUM,11.0,False,Red Bull Racing,0 days 01:47:37.566000,,1,2.0,False,,False,True,2024-04,Japanese Grand Prix,2024,4,2024-04-07,train
0 days 01:50:53.938000,PER,11,0 days 00:01:38.156000,12.0,2.0,,,0 days 00:00:35.539000,0 days 00:00:43.770000,0 days 00:00:18.847000,0 days 01:49:51.381000,0 days 01:50:35.151000,0 days 01:50:53.998000,277.0,294.0,253.0,293.0,False,MEDIUM,12.0,False,Red Bull Racing,0 days 01:49:15.782000,,1,2.0,False,,False,True,2024-04,Japanese Grand Prix,2024,4,2024-04-07,train
0 days 01:52:32.063000,PER,11,0 days 00:01:38.125000,13.0,2.0,,,0 days 00:00:35.462000,0 days 00:00:43.857000,0 days 00:00:18.806000,0 days 01:51:29.460000,0 days 01:52:13.317000,0 days 01:52:32.123000,271.0,294.0,253.0,295.0,False,MEDIUM,13.0,False,Red Bull Racing,0 days 01:50:53.938000,,1,2.0,False,,False,True,2024-04,Japanese Grand Prix,2024,4,2024-04-07,train
0 days 01:54:10.568000,PER,11,0 days 00:01:38.505000,14.0,2.0,,,0 days 00:00:35.721000,0 days 00:00:43.889000,0 days 00:00:18.895000,0 days 01:53:07.844000,0 days 01:53:51.733000,0 days 01:54:10.628000,277.0,292.0,252.0,292.0,False,MEDIUM,14.0,False,Red Bull Racing,0 days 01:52:32.063000,,1,2.0,False,,False,True,2024-04,Japanese Grand Prix,2024,4,2024-04-07,train
0 days 01:55:51.474000,PER,11,0 days 00:01:40.906000,15.0,2.0,,0 days 01:55:50.225000,0 days 00:00:35.617000,0 days 00:00:43.864000,0 days 00:00:21.425000,0 days 01:54:46.245000,0 days 01:55:30.109000,0 days 01:55:51.534000,277.0,293.0,,294.0,False,MEDIUM,15.0,False,Red Bull Racing,0 days 01:54:10.568000,,1,2.0,False,,False,False,2024-04,Japanese Grand Prix,2024,4,2024-04-07,train
0 days 01:57:46.300000,PER,11,0 days 00:01:54.826000,16.0,3.0,0 days 01:56:13.153000,,0 days 00:00:53.869000,0 days 00:00:42.481000,0 days 00:00:18.476000,0 days 01:56:45.403000,0 days 01:57:27.884000,0 days 01:57:46.360000,277.0,297.0,256.0,291.0,False,MEDIUM,1.0,True,Red Bull Racing,0 days 01:55:51.474000,,1,6.0,False,,False,False,2024-04,Japanese Grand Prix,2024,4,2024-04-07,train
0 days 01:59:23.728000,PER,11,0 days 00:01:37.428000,17.0,3.0,,,0 days 00:00:34.678000,0 days 00:00:43.951000,0 days 00:00:18.799000,0 days 01:58:21.038000,0 days 01:59:04.989000,0 days 01:59:23.788000,280.0,304.0,254.0,284.0,False,MEDIUM,2.0,True,Red Bull Racing,0 days 01:57:46.300000,,1,5.0,False,,False,True,2024-04,Japanese Grand Prix,2024,4,2024-04-07,train
0 days 02:01:01.572000,PER,11,0 days 00:01:37.844000,18.0,3.0,,,0 days 00:00:35.342000,0 days 00:00:43.801000,0 days 00:00:18.701000,0 days 01:59:59.130000,0 days 02:00:42.931000,0 days 02:01:01.632000,279.0,307.0,253.0,293.0,False,MEDIUM,3.0,True,Red Bull Racing,0 days 01:59:23.728000,,1,4.0,False,,False,True,2024-04,Japanese Grand Prix,2024,4,2024-04-07,train
0 days 02:02:38.008000,PER,11,0 days 00:01:36.436000,19.0,3.0,,,0 days 00:00:34.925000,0 days 00:00:42.989000,0 days 00:00:18.522000,0 days 02:01:36.557000,0 days 02:02:19.546000,0 days 02:02:38.068000,279.0,298.0,254.0,296.0,True,MEDIUM,4.0,True,Red Bull Racing,0 days 02:01:01.572000,,1,4.0,False,,False,True,2024-04,Japanese Grand Prix,2024,4,2024-04-07,train
0 days 02:04:14.214000,PER,11,0 days 00:01:36.206000,20.0,3.0,,,0 days 00:00:34.808000,0 days 00:00:42.946000,0 days 00:00:18.452000,0 days 02:03:12.876000,0 days 02:03:55.822000,0 days 02:04:14.274000,277.0,298.0,256.0,298.0,True,MEDIUM,5.0,True,Red Bull Racing,0 days 02:02:38.008000,,1,4.0,False,,False,True,2024-04,Japanese Grand Prix,2024,4,2024-04-07,train
0 days 02:05:50.772000,PER,11,0 days 00:01:36.558000,21.0,3.0,,,0 days 00:00:34.994000,0 days 00:00:43.049000,0 days 00:00:18.515000,0 days 02:04:49.268000,0 days 02:05:32.317000,0 days 02:05:50.832000,279.0,299.0,256.0,298.0,False,MEDIUM,6.0,True,Red Bull Racing,0 days 02:04:14.214000,,1,4.0,False,,False,True,2024-04,Japanese Grand Prix,2024,4,2024-04-07,train
0 days 02:07:28.036000,PER,11,0 days 00:01:37.264000,22.0,3.0,,,0 days 00:00:34.920000,0 days 00:00:43.437000,0 days 00:00:18.907000,0 days 02:06:25.752000,0 days 02:07:09.189000,0 days 02:07:28.096000,280.0,302.0,258.0,305.0,False,MEDIUM,7.0,True,Red Bull Racing,0 days 02:05:50.772000,,1,3.0,False,,False,True,2024-04,Japanese Grand Prix,2024,4,2024-04-07,train
0 days 02:09:04.692000,PER,11,0 days 00:01:36.656000,23.0,3.0,,,0 days 00:00:34.723000,0 days 00:00:43.265000,0 days 00:00:18.668000,0 days 02:08:02.819000,0 days 02:08:46.084000,0 days 02:09:04.752000,279.0,297.0,255.0,297.0,False,MEDIUM,8.0,True,Red Bull Racing,0 days 02:07:28.036000,,1,3.0,False,,False,True,2024-04,Japanese Grand Prix,2024,4,2024-04-07,train
0 days 02:10:41.613000,PER,11,0 days 00:01:36.921000,24.0,3.0,,,0 days 00:00:34.839000,0 days 00:00:43.391000,0 days 00:00:18.691000,0 days 02:09:39.591000,0 days 02:10:22.982000,0 days 02:10:41.673000,278.0,298.0,259.0,300.0,False,MEDIUM,9.0,True,Red Bull Racing,0 days 02:09:04.692000,,1,3.0,False,,False,True,2024-04,Japanese Grand Prix,2024,4,2024-04-07,train
0 days 02:12:19.373000,PER,11,0 days 00:01:37.760000,25.0,3.0,,,0 days 00:00:35.304000,0 days 00:00:43.717000,0 days 00:00:18.739000,0 days 02:11:16.977000,0 days 02:12:00.694000,0 days 02:12:19.433000,280.0,300.0,260.0,302.0,False,MEDIUM,10.0,True,Red Bull Racing,0 days 02:10:41.613000,,1,3.0,False,,False,True,2024-04,Japanese Grand Prix,2024,4,2024-04-07,train
0 days 02:13:57.062000,PER,11,0 days 00:01:37.689000,26.0,3.0,,,0 days 00:00:35.496000,0 days 00:00:43.536000,0 days 00:00:18.657000,0 days 02:12:54.929000,0 days 02:13:38.465000,0 days 02:13:57.122000,281.0,296.0,255.0,291.0,False,MEDIUM,11.0,True,Red Bull Racing,0 days 02:12:19.373000,,1,2.0,False,,False,True,2024-04,Japanese Grand Prix,2024,4,2024-04-07,train
0 days 02:15:33.905000,PER,11,0 days 00:01:36.843000,27.0,3.0,,,0 days 00:00:34.947000,0 days 00:00:43.279000,0 days 00:00:18.617000,0 days 02:14:32.069000,0 days 02:15:15.348000,0 days 02:15:33.965000,280.0,296.0,255.0,295.0,False,MEDIUM,12.0,True,Red Bull Racing,0 days 02:13:57.062000,,1,2.0,False,,False,True,2024-04,Japanese Grand Prix,2024,4,2024-04-07,train
0 days 02:17:10.638000,PER,11,0 days 00:01:36.733000,28.0,3.0,,,0 days 00:00:34.875000,0 days 00:00:43.263000,0 days 00:00:18.595000,0 days 02:16:08.840000,0 days 02:16:52.103000,0 days 02:17:10.698000,279.0,297.0,254.0,295.0,False,MEDIUM,13.0,True,Red Bull Racing,0 days 02:15:33.905000,,1,2.0,False,,False,True,2024-04,Japanese Grand Prix,2024,4,2024-04-07,train
0 days 02:18:47.607000,PER,11,0 days 00:01:36.969000,29.0,3.0,,,0 days 00:00:35.035000,0 days 00:00:43.263000,0 days 00:00:18.671000,0 days 02:17:45.733000,0 days 02:18:28.996000,0 days 02:18:47.667000,280.0,296.0,254.0,296.0,False,MEDIUM,14.0,True,Red Bull Racing,0 days 02:17:10.638000,,1,2.0,False,,False,True,2024-04,Japanese Grand Prix,2024,4,2024-04-07,train
0 days 02:20:24.704000,PER,11,0 days 00:01:37.097000,30.0,3.0,,,0 days 00:00:35.201000,0 days 00:00:43.289000,0 days 00:00:18.607000,0 days 02:19:22.868000,0 days 02:20:06.157000,0 days 02:20:24.764000,280.0,296.0,255.0,296.0,False,MEDIUM,15.0,True,Red Bull Racing,0 days 02:18:47.607000,,1,2.0,False,,False,True,2024-04,Japanese Grand Prix,2024,4,2024-04-07,train
0 days 02:22:01.822000,PER,11,0 days 00:01:37.118000,31.0,3.0,,,0 days 00:00:35.150000,0 days 00:00:43.356000,0 days 00:00:18.612000,0 days 02:20:59.914000,0 days 02:21:43.270000,0 days 02:22:01.882000,279.0,296.0,255.0,295.0,False,MEDIUM,16.0,True,Red Bull Racing,0 days 02:20:24.704000,,1,2.0,False,,False,True,2024-04,Japanese Grand Prix,2024,4,2024-04-07,train
0 days 02:23:38.928000,PER,11,0 days 00:01:37.106000,32.0,3.0,,,0 days 00:00:35.061000,0 days 00:00:43.365000,0 days 00:00:18.680000,0 days 02:22:36.943000,0 days 02:23:20.308000,0 days 02:23:38.988000,279.0,296.0,254.0,297.0,False,MEDIUM,17.0,True,Red Bull Racing,0 days 02:22:01.822000,,1,2.0,False,,False,True,2024-04,Japanese Grand Prix,2024,4,2024-04-07,train
0 days 02:25:18.337000,PER,11,0 days 00:01:39.409000,33.0,3.0,,0 days 02:25:17.143000,0 days 00:00:35.006000,0 days 00:00:43.257000,0 days 00:00:21.146000,0 days 02:24:13.994000,0 days 02:24:57.251000,0 days 02:25:18.397000,280.0,297.0,,297.0,False,MEDIUM,18.0,True,Red Bull Racing,0 days 02:23:38.928000,,1,2.0,False,,False,False,2024-04,Japanese Grand Prix,2024,4,2024-04-07,train
0 days 02:27:13.283000,PER,11,0 days 00:01:54.946000,34.0,4.0,0 days 02:25:40.047000,,0 days 00:00:53.934000,0 days 00:00:42.674000,0 days 00:00:18.338000,0 days 02:26:12.331000,0 days 02:26:55.005000,0 days 02:27:13.343000,280.0,304.0,265.0,305.0,False,HARD,1.0,True,Red Bull Racing,0 days 02:25:18.337000,,1,5.0,False,,False,False,2024-04,Japanese Grand Prix,2024,4,2024-04-07,train
0 days 02:28:47.228000,PER,11,0 days 00:01:33.945000,35.0,4.0,,,0 days 00:00:33.433000,0 days 00:00:42.191000,0 days 00:00:18.321000,0 days 02:27:46.776000,0 days 02:28:28.967000,0 days 02:28:47.288000,278.0,303.0,263.0,305.0,True,HARD,2.0,True,Red Bull Racing,0 days 02:27:13.283000,,1,4.0,False,,False,True,2024-04,Japanese Grand Prix,2024,4,2024-04-07,train
0 days 02:30:21.707000,PER,11,0 days 00:01:34.479000,36.0,4.0,,,0 days 00:00:33.662000,0 days 00:00:42.278000,0 days 00:00:18.539000,0 days 02:29:20.950000,0 days 02:30:03.228000,0 days 02:30:21.767000,279.0,299.0,257.0,291.0,False,HARD,3.0,True,Red Bull Racing,0 days 02:28:47.228000,,1,3.0,False,,False,True,2024-04,Japanese Grand Prix,2024,4,2024-04-07,train
0 days 02:31:56.515000,PER,11,0 days 00:01:34.808000,37.0,4.0,,,0 days 00:00:34.020000,0 days 00:00:42.307000,0 days 00:00:18.481000,0 days 02:30:55.787000,0 days 02:31:38.094000,0 days 02:31:56.575000,276.0,300.0,257.0,298.0,False,HARD,4.0,True,Red Bull Racing,0 days 02:30:21.707000,,1,2.0,False,,False,True,2024-04,Japanese Grand Prix,2024,4,2024-04-07,train
0 days 02:33:31.760000,PER,11,0 days 00:01:35.245000,38.0,4.0,,,0 days 00:00:34.413000,0 days 00:00:42.385000,0 days 00:00:18.447000,0 days 02:32:30.988000,0 days 02:33:13.373000,0 days 02:33:31.820000,279.0,299.0,257.0,298.0,False,HARD,5.0,True,Red Bull Racing,0 days 02:31:56.515000,,1,2.0,False,,False,True,2024-04,Japanese Grand Prix,2024,4,2024-04-07,train
0 days 02:35:06.750000,PER,11,0 days 00:01:34.990000,39.0,4.0,,,0 days 00:00:34.223000,0 days 00:00:42.294000,0 days 00:00:18.473000,0 days 02:34:06.043000,0 days 02:34:48.337000,0 days 02:35:06.810000,281.0,300.0,256.0,296.0,False,HARD,6.0,True,Red Bull Racing,0 days 02:33:31.760000,,1,2.0,False,,False,True,2024-04,Japanese Grand Prix,2024,4,2024-04-07,train
0 days 02:36:41.488000,PER,11,0 days 00:01:34.738000,40.0,4.0,,,0 days 00:00:34.051000,0 days 00:00:42.417000,0 days 00:00:18.270000,0 days 02:35:40.861000,0 days 02:36:23.278000,0 days 02:36:41.548000,282.0,300.0,258.0,300.0,False,HARD,7.0,True,Red Bull Racing,0 days 02:35:06.750000,,1,2.0,False,,False,True,2024-04,Japanese Grand Prix,2024,4,2024-04-07,train
0 days 02:38:16.518000,PER,11,0 days 00:01:35.030000,41.0,4.0,,,0 days 00:00:34.136000,0 days 00:00:42.423000,0 days 00:00:18.471000,0 days 02:37:15.684000,0 days 02:37:58.107000,0 days 02:38:16.578000,281.0,301.0,258.0,301.0,False,HARD,8.0,True,Red Bull Racing,0 days 02:36:41.488000,,1,2.0,False,,False,True,2024-04,Japanese Grand Prix,2024,4,2024-04-07,train
0 days 02:39:51.951000,PER,11,0 days 00:01:35.433000,42.0,4.0,,,0 days 00:00:34.020000,0 days 00:00:43.077000,0 days 00:00:18.336000,0 days 02:38:50.598000,0 days 02:39:33.675000,0 days 02:39:52.011000,280.0,298.0,258.0,298.0,False,HARD,9.0,True,Red Bull Racing,0 days 02:38:16.518000,,12,2.0,False,,False,True,2024-04,Japanese Grand Prix,2024,4,2024-04-07,train
0 days 02:41:27.050000,PER,11,0 days 00:01:35.099000,43.0,4.0,,,0 days 00:00:33.973000,0 days 00:00:42.725000,0 days 00:00:18.401000,0 days 02:40:25.984000,0 days 02:41:08.709000,0 days 02:41:27.110000,282.0,298.0,257.0,297.0,False,HARD,10.0,True,Red Bull Racing,0 days 02:39:51.951000,,1,2.0,False,,False,True,2024-04,Japanese Grand Prix,2024,4,2024-04-07,train
0 days 02:43:01.751000,PER,11,0 days 00:01:34.701000,44.0,4.0,,,0 days 00:00:34.015000,0 days 00:00:42.339000,0 days 00:00:18.347000,0 days 02:42:01.125000,0 days 02:42:43.464000,0 days 02:43:01.811000,281.0,299.0,257.0,297.0,False,HARD,11.0,True,Red Bull Racing,0 days 02:41:27.050000,,1,2.0,False,,False,True,2024-04,Japanese Grand Prix,2024,4,2024-04-07,train
0 days 02:44:36.747000,PER,11,0 days 00:01:34.996000,45.0,4.0,,,0 days 00:00:34.100000,0 days 00:00:42.464000,0 days 00:00:18.432000,0 days 02:43:35.911000,0 days 02:44:18.375000,0 days 02:44:36.807000,282.0,298.0,257.0,295.0,False,HARD,12.0,True,Red Bull Racing,0 days 02:43:01.751000,,1,2.0,False,,False,True,2024-04,Japanese Grand Prix,2024,4,2024-04-07,train
0 days 02:46:11.497000,PER,11,0 days 00:01:34.750000,46.0,4.0,,,0 days 00:00:33.927000,0 days 00:00:42.397000,0 days 00:00:18.426000,0 days 02:45:10.734000,0 days 02:45:53.131000,0 days 02:46:11.557000,282.0,297.0,258.0,297.0,False,HARD,13.0,True,Red Bull Racing,0 days 02:44:36.747000,,1,2.0,False,,False,True,2024-04,Japanese Grand Prix,2024,4,2024-04-07,train
0 days 02:47:46.553000,PER,11,0 days 00:01:35.056000,47.0,4.0,,,0 days 00:00:34.058000,0 days 00:00:42.474000,0 days 00:00:18.524000,0 days 02:46:45.615000,0 days 02:47:28.089000,0 days 02:47:46.613000,282.0,298.0,257.0,298.0,False,HARD,14.0,True,Red Bull Racing,0 days 02:46:11.497000,,1,2.0,False,,False,True,2024-04,Japanese Grand Prix,2024,4,2024-04-07,train
0 days 02:49:21.936000,PER,11,0 days 00:01:35.383000,48.0,4.0,,,0 days 00:00:34.198000,0 days 00:00:42.525000,0 days 00:00:18.660000,0 days 02:48:20.811000,0 days 02:49:03.336000,0 days 02:49:21.996000,282.0,298.0,256.0,290.0,False,HARD,15.0,True,Red Bull Racing,0 days 02:47:46.553000,,1,2.0,False,,False,True,2024-04,Japanese Grand Prix,2024,4,2024-04-07,train
0 days 02:50:56.971000,PER,11,0 days 00:01:35.035000,49.0,4.0,,,0 days 00:00:34.003000,0 days 00:00:42.537000,0 days 00:00:18.495000,0 days 02:49:55.999000,0 days 02:50:38.536000,0 days 02:50:57.031000,280.0,299.0,257.0,295.0,False,HARD,16.0,True,Red Bull Racing,0 days 02:49:21.936000,,1,2.0,False,,False,True,2024-04,Japanese Grand Prix,2024,4,2024-04-07,train
0 days 02:52:32.215000,PER,11,0 days 00:01:35.244000,50.0,4.0,,,0 days 00:00:34.117000,0 days 00:00:42.587000,0 days 00:00:18.540000,0 days 02:51:31.148000,0 days 02:52:13.735000,0 days 02:52:32.275000,279.0,300.0,258.0,293.0,False,HARD,17.0,True,Red Bull Racing,0 days 02:50:56.971000,,1,2.0,False,,False,True,2024-04,Japanese Grand Prix,2024,4,2024-04-07,train
0 days 02:54:07.105000,PER,11,0 days 00:01:34.890000,51.0,4.0,,,0 days 00:00:33.957000,0 days 00:00:42.550000,0 days 00:00:18.383000,0 days 02:53:06.232000,0 days 02:53:48.782000,0 days 02:54:07.165000,282.0,303.0,258.0,300.0,False,HARD,18.0,True,Red Bull Racing,0 days 02:52:32.215000,,1,2.0,False,,False,True,2024-04,Japanese Grand Prix,2024,4,2024-04-07,train
0 days 02:55:42.034000,PER,11,0 days 00:01:34.929000,52.0,4.0,,,0 days 00:00:34.130000,0 days 00:00:42.407000,0 days 00:00:18.392000,0 days 02:54:41.295000,0 days 02:55:23.702000,0 days 02:55:42.094000,280.0,300.0,258.0,299.0,False,HARD,19.0,True,Red Bull Racing,0 days 02:54:07.105000,,1,2.0,False,,False,True,2024-04,Japanese Grand Prix,2024,4,2024-04-07,train
0 days 02:57:16.762000,PER,11,0 days 00:01:34.728000,53.0,4.0,,,0 days 00:00:33.931000,0 days 00:00:42.384000,0 days 00:00:18.413000,0 days 02:56:16.025000,0 days 02:56:58.409000,0 days 02:57:16.822000,279.0,301.0,258.0,301.0,False,HARD,20.0,True,Red Bull Racing,0 days 02:55:42.034000,,1,2.0,False,,False,True,2024-04,Japanese Grand Prix,2024,4,2024-04-07,train
0 days 01:04:58.353000,SAI,55,0 days 00:02:17.613000,1.0,1.0,,0 days 01:04:56.098000,,0 days 00:01:07.997000,0 days 00:00:32.076000,,0 days 01:04:26.329000,0 days 01:04:58.504000,279.0,243.0,,180.0,False,MEDIUM,1.0,True,Ferrari,0 days 01:02:40.422000,,125,4.0,False,,False,False,2024-04,Japanese Grand Prix,2024,4,2024-04-07,train
0 days 01:33:30.557000,SAI,55,,2.0,2.0,0 days 01:31:16.209000,,,0 days 00:00:55.565000,0 days 00:00:41.069000,,0 days 01:32:49.649000,0 days 01:33:30.609000,253.0,259.0,44.0,244.0,False,MEDIUM,1.0,True,Ferrari,0 days 01:30:58.774000,,1,4.0,False,,False,False,2024-04,Japanese Grand Prix,2024,4,2024-04-07,train
0 days 01:36:17.814000,SAI,55,,3.0,2.0,,,,0 days 00:00:43.105000,0 days 00:00:18.553000,,0 days 01:35:59.498000,0 days 01:36:18.095000,282.0,298.0,256.0,301.0,False,MEDIUM,2.0,True,Ferrari,0 days 01:33:30.557000,,1,4.0,False,,False,False,2024-04,Japanese Grand Prix,2024,4,2024-04-07,train
0 days 01:37:55.039000,SAI,55,0 days 00:01:37.225000,4.0,2.0,,,0 days 00:00:35.406000,0 days 00:00:43.259000,0 days 00:00:18.560000,0 days 01:36:53.272000,0 days 01:37:36.531000,0 days 01:37:55.091000,277.0,298.0,258.0,300.0,True,MEDIUM,3.0,True,Ferrari,0 days 01:36:17.814000,,1,4.0,False,,False,True,2024-04,Japanese Grand Prix,2024,4,2024-04-07,train
0 days 01:39:32.361000,SAI,55,0 days 00:01:37.322000,5.0,2.0,,,0 days 00:00:35.099000,0 days 00:00:43.533000,0 days 00:00:18.690000,0 days 01:38:30.190000,0 days 01:39:13.723000,0 days 01:39:32.413000,275.0,296.0,254.0,299.0,False,MEDIUM,4.0,True,Ferrari,0 days 01:37:55.039000,,1,4.0,False,,False,True,2024-04,Japanese Grand Prix,2024,4,2024-04-07,train
0 days 01:41:10.082000,SAI,55,0 days 00:01:37.721000,6.0,2.0,,,0 days 00:00:35.423000,0 days 00:00:43.562000,0 days 00:00:18.736000,0 days 01:40:07.836000,0 days 01:40:51.398000,0 days 01:41:10.134000,272.0,298.0,254.0,297.0,False,MEDIUM,5.0,True,Ferrari,0 days 01:39:32.361000,,1,4.0,False,,False,True,2024-04,Japanese Grand Prix,2024,4,2024-04-07,train
0 days 01:42:47.838000,SAI,55,0 days 00:01:37.756000,7.0,2.0,,,0 days 00:00:35.530000,0 days 00:00:43.673000,0 days 00:00:18.553000,0 days 01:41:45.664000,0 days 01:42:29.337000,0 days 01:42:47.890000,272.0,296.0,254.0,297.0,False,MEDIUM,6.0,True,Ferrari,0 days 01:41:10.082000,,1,4.0,False,,False,True,2024-04,Japanese Grand Prix,2024,4,2024-04-07,train
0 days 01:44:25.574000,SAI,55,0 days 00:01:37.736000,8.0,2.0,,,0 days 00:00:35.544000,0 days 00:00:43.610000,0 days 00:00:18.582000,0 days 01:43:23.434000,0 days 01:44:07.044000,0 days 01:44:25.626000,272.0,297.0,254.0,299.0,False,MEDIUM,7.0,True,Ferrari,0 days 01:42:47.838000,,1,4.0,False,,False,True,2024-04,Japanese Grand Prix,2024,4,2024-04-07,train
0 days 01:46:03.554000,SAI,55,0 days 00:01:37.980000,9.0,2.0,,,0 days 00:00:35.633000,0 days 00:00:43.626000,0 days 00:00:18.721000,0 days 01:45:01.259000,0 days 01:45:44.885000,0 days 01:46:03.606000,274.0,297.0,253.0,299.0,False,MEDIUM,8.0,True,Ferrari,0 days 01:44:25.574000,,1,4.0,False,,False,True,2024-04,Japanese Grand Prix,2024,4,2024-04-07,train
0 days 01:47:41.858000,SAI,55,0 days 00:01:38.304000,10.0,2.0,,,0 days 00:00:35.782000,0 days 00:00:43.746000,0 days 00:00:18.776000,0 days 01:46:39.388000,0 days 01:47:23.134000,0 days 01:47:41.910000,273.0,297.0,253.0,298.0,False,MEDIUM,9.0,True,Ferrari,0 days 01:46:03.554000,,1,4.0,False,,False,True,2024-04,Japanese Grand Prix,2024,4,2024-04-07,train
0 days 01:49:20.131000,SAI,55,0 days 00:01:38.273000,11.0,2.0,,,0 days 00:00:35.648000,0 days 00:00:43.930000,0 days 00:00:18.695000,0 days 01:48:17.558000,0 days 01:49:01.488000,0 days 01:49:20.183000,274.0,297.0,253.0,298.0,False,MEDIUM,10.0,True,Ferrari,0 days 01:47:41.858000,,1,3.0,False,,False,True,2024-04,Japanese Grand Prix,2024,4,2024-04-07,train
0 days 01:50:57.978000,SAI,55,0 days 00:01:37.847000,12.0,2.0,,,0 days 00:00:35.511000,0 days 00:00:43.617000,0 days 00:00:18.719000,0 days 01:49:55.694000,0 days 01:50:39.311000,0 days 01:50:58.030000,274.0,294.0,253.0,296.0,False,MEDIUM,11.0,True,Ferrari,0 days 01:49:20.131000,,1,3.0,False,,False,True,2024-04,Japanese Grand Prix,2024,4,2024-04-07,train
0 days 01:52:36.311000,SAI,55,0 days 00:01:38.333000,13.0,2.0,,,0 days 00:00:35.776000,0 days 00:00:43.833000,0 days 00:00:18.724000,0 days 01:51:33.806000,0 days 01:52:17.639000,0 days 01:52:36.363000,275.0,293.0,253.0,295.0,False,MEDIUM,12.0,True,Ferrari,0 days 01:50:57.978000,,1,3.0,False,,False,True,2024-04,Japanese Grand Prix,2024,4,2024-04-07,train
0 days 01:54:14.815000,SAI,55,0 days 00:01:38.504000,14.0,2.0,,,0 days 00:00:35.794000,0 days 00:00:43.861000,0 days 00:00:18.849000,0 days 01:53:12.157000,0 days 01:53:56.018000,0 days 01:54:14.867000,276.0,292.0,253.0,294.0,False,MEDIUM,13.0,True,Ferrari,0 days 01:52:36.311000,,1,3.0,False,,False,True,2024-04,Japanese Grand Prix,2024,4,2024-04-07,train
0 days 01:55:55.254000,SAI,55,0 days 00:01:40.439000,15.0,2.0,,0 days 01:55:54.071000,0 days 00:00:35.661000,0 days 00:00:43.689000,0 days 00:00:21.089000,0 days 01:54:50.528000,0 days 01:55:34.217000,0 days 01:55:55.306000,278.0,294.0,,295.0,False,MEDIUM,14.0,True,Ferrari,0 days 01:54:14.815000,,1,3.0,False,,False,False,2024-04,Japanese Grand Prix,2024,4,2024-04-07,train
0 days 01:57:51.413000,SAI,55,0 days 00:01:56.159000,16.0,3.0,0 days 01:56:17.184000,,0 days 00:00:54.516000,0 days 00:00:43.041000,0 days 00:00:18.602000,0 days 01:56:49.822000,0 days 01:57:32.863000,0 days 01:57:51.465000,279.0,294.0,255.0,293.0,False,MEDIUM,2.0,False,Ferrari,0 days 01:55:55.254000,,1,7.0,False,,False,False,2024-04,Japanese Grand Prix,2024,4,2024-04-07,train
0 days 01:59:27.882000,SAI,55,0 days 00:01:36.469000,17.0,3.0,,,0 days 00:00:35.106000,0 days 00:00:42.875000,0 days 00:00:18.488000,0 days 01:58:26.571000,0 days 01:59:09.446000,0 days 01:59:27.934000,275.0,295.0,255.0,296.0,True,MEDIUM,3.0,False,Ferrari,0 days 01:57:51.413000,,1,7.0,False,,False,True,2024-04,Japanese Grand Prix,2024,4,2024-04-07,train
0 days 02:01:04.580000,SAI,55,0 days 00:01:36.698000,18.0,3.0,,,0 days 00:00:35.072000,0 days 00:00:43.179000,0 days 00:00:18.447000,0 days 02:00:03.006000,0 days 02:00:46.185000,0 days 02:01:04.632000,275.0,299.0,260.0,301.0,False,MEDIUM,4.0,False,Ferrari,0 days 01:59:27.882000,,1,7.0,False,,False,True,2024-04,Japanese Grand Prix,2024,4,2024-04-07,train
0 days 02:02:42.366000,SAI,55,0 days 00:01:37.786000,19.0,3.0,,,0 days 00:00:35.622000,0 days 00:00:43.580000,0 days 00:00:18.584000,0 days 02:01:40.254000,0 days 02:02:23.834000,0 days 02:02:42.418000,274.0,297.0,254.0,292.0,False,MEDIUM,5.0,False,Ferrari,0 days 02:01:04.580000,,1,6.0,False,,False,True,2024-04,Japanese Grand Prix,2024,4,2024-04-07,train
0 days 02:04:19.680000,SAI,55,0 days 00:01:37.314000,20.0,3.0,,,0 days 00:00:35.072000,0 days 00:00:43.475000,0 days 00:00:18.767000,0 days 02:03:17.490000,0 days 02:04:00.965000,0 days 02:04:19.732000,273.0,299.0,261.0,299.0,False,MEDIUM,6.0,False,Ferrari,0 days 02:02:42.366000,,1,6.0,False,,False,True,2024-04,Japanese Grand Prix,2024,4,2024-04-07,train
0 days 02:05:57.675000,SAI,55,0 days 00:01:37.995000,21.0,3.0,,,0 days 00:00:35.980000,0 days 00:00:43.429000,0 days 00:00:18.586000,0 days 02:04:55.712000,0 days 02:05:39.141000,0 days 02:05:57.727000,271.0,294.0,256.0,286.0,False,MEDIUM,7.0,False,Ferrari,0 days 02:04:19.680000,,1,5.0,False,,False,True,2024-04,Japanese Grand Prix,2024,4,2024-04-07,train
0 days 02:07:34.250000,SAI,55,0 days 00:01:36.575000,22.0,3.0,,,0 days 00:00:34.861000,0 days 00:00:43.148000,0 days 00:00:18.566000,0 days 02:06:32.588000,0 days 02:07:15.736000,0 days 02:07:34.302000,273.0,295.0,255.0,293.0,False,MEDIUM,8.0,False,Ferrari,0 days 02:05:57.675000,,1,5.0,False,,False,True,2024-04,Japanese Grand Prix,2024,4,2024-04-07,train
0 days 02:09:11.029000,SAI,55,0 days 00:01:36.779000,23.0,3.0,,,0 days 00:00:34.988000,0 days 00:00:43.269000,0 days 00:00:18.522000,0 days 02:08:09.290000,0 days 02:08:52.559000,0 days 02:09:11.081000,274.0,296.0,255.0,296.0,False,MEDIUM,9.0,False,Ferrari,0 days 02:07:34.250000,,1,5.0,False,,False,True,2024-04,Japanese Grand Prix,2024,4,2024-04-07,train
0 days 02:10:47.834000,SAI,55,0 days 00:01:36.805000,24.0,3.0,,,0 days 00:00:35.020000,0 days 00:00:43.226000,0 days 00:00:18.559000,0 days 02:09:46.101000,0 days 02:10:29.327000,0 days 02:10:47.886000,275.0,295.0,255.0,296.0,False,MEDIUM,10.0,False,Ferrari,0 days 02:09:11.029000,,1,5.0,False,,False,True,2024-04,Japanese Grand Prix,2024,4,2024-04-07,train
0 days 02:12:24.779000,SAI,55,0 days 00:01:36.945000,25.0,3.0,,,0 days 00:00:35,0 days 00:00:43.395000,0 days 00:00:18.550000,0 days 02:11:22.886000,0 days 02:12:06.281000,0 days 02:12:24.831000,276.0,298.0,254.0,297.0,False,MEDIUM,11.0,False,Ferrari,0 days 02:10:47.834000,,1,5.0,False,,False,True,2024-04,Japanese Grand Prix,2024,4,2024-04-07,train
0 days 02:14:01.916000,SAI,55,0 days 00:01:37.137000,26.0,3.0,,,0 days 00:00:35.136000,0 days 00:00:43.448000,0 days 00:00:18.553000,0 days 02:12:59.967000,0 days 02:13:43.415000,0 days 02:14:01.968000,277.0,298.0,254.0,300.0,False,MEDIUM,12.0,False,Ferrari,0 days 02:12:24.779000,,1,3.0,False,,False,True,2024-04,Japanese Grand Prix,2024,4,2024-04-07,train
0 days 02:15:38.984000,SAI,55,0 days 00:01:37.068000,27.0,3.0,,,0 days 00:00:35.134000,0 days 00:00:43.321000,0 days 00:00:18.613000,0 days 02:14:37.102000,0 days 02:15:20.423000,0 days 02:15:39.036000,278.0,297.0,254.0,296.0,False,MEDIUM,13.0,False,Ferrari,0 days 02:14:01.916000,,1,3.0,False,,False,True,2024-04,Japanese Grand Prix,2024,4,2024-04-07,train
0 days 02:17:15.829000,SAI,55,0 days 00:01:36.845000,28.0,3.0,,,0 days 00:00:35.048000,0 days 00:00:43.195000,0 days 00:00:18.602000,0 days 02:16:14.084000,0 days 02:16:57.279000,0 days 02:17:15.881000,277.0,297.0,255.0,296.0,False,MEDIUM,14.0,False,Ferrari,0 days 02:15:38.984000,,1,3.0,False,,False,True,2024-04,Japanese Grand Prix,2024,4,2024-04-07,train
0 days 02:18:53.005000,SAI,55,0 days 00:01:37.176000,29.0,3.0,,,0 days 00:00:35.255000,0 days 00:00:43.195000,0 days 00:00:18.726000,0 days 02:17:51.136000,0 days 02:18:34.331000,0 days 02:18:53.057000,276.0,296.0,254.0,297.0,False,MEDIUM,15.0,False,Ferrari,0 days 02:17:15.829000,,1,3.0,False,,False,True,2024-04,Japanese Grand Prix,2024,4,2024-04-07,train
0 days 02:20:30.015000,SAI,55,0 days 00:01:37.010000,30.0,3.0,,,0 days 00:00:35.234000,0 days 00:00:43.204000,0 days 00:00:18.572000,0 days 02:19:28.291000,0 days 02:20:11.495000,0 days 02:20:30.067000,279.0,297.0,255.0,296.0,False,MEDIUM,16.0,False,Ferrari,0 days 02:18:53.005000,,1,3.0,False,,False,True,2024-04,Japanese Grand Prix,2024,4,2024-04-07,train
0 days 02:22:06.916000,SAI,55,0 days 00:01:36.901000,31.0,3.0,,,0 days 00:00:35.184000,0 days 00:00:43.163000,0 days 00:00:18.554000,0 days 02:21:05.251000,0 days 02:21:48.414000,0 days 02:22:06.968000,278.0,297.0,255.0,296.0,False,MEDIUM,17.0,False,Ferrari,0 days 02:20:30.015000,,1,3.0,False,,False,True,2024-04,Japanese Grand Prix,2024,4,2024-04-07,train
0 days 02:23:44.022000,SAI,55,0 days 00:01:37.106000,32.0,3.0,,,0 days 00:00:35.216000,0 days 00:00:43.238000,0 days 00:00:18.652000,0 days 02:22:42.184000,0 days 02:23:25.422000,0 days 02:23:44.074000,277.0,297.0,255.0,297.0,False,MEDIUM,18.0,False,Ferrari,0 days 02:22:06.916000,,1,3.0,False,,False,True,2024-04,Japanese Grand Prix,2024,4,2024-04-07,train
0 days 02:25:21.255000,SAI,55,0 days 00:01:37.233000,33.0,3.0,,,0 days 00:00:35.178000,0 days 00:00:43.424000,0 days 00:00:18.631000,0 days 02:24:19.252000,0 days 02:25:02.676000,0 days 02:25:21.307000,279.0,297.0,254.0,298.0,False,MEDIUM,19.0,False,Ferrari,0 days 02:23:44.022000,,1,3.0,False,,False,True,2024-04,Japanese Grand Prix,2024,4,2024-04-07,train
0 days 02:26:58.156000,SAI,55,0 days 00:01:36.901000,34.0,3.0,,,0 days 00:00:35.252000,0 days 00:00:43.177000,0 days 00:00:18.472000,0 days 02:25:56.559000,0 days 02:26:39.736000,0 days 02:26:58.208000,277.0,296.0,256.0,297.0,False,MEDIUM,20.0,False,Ferrari,0 days 02:25:21.255000,,1,2.0,False,,False,True,2024-04,Japanese Grand Prix,2024,4,2024-04-07,train
0 days 02:28:35.104000,SAI,55,0 days 00:01:36.948000,35.0,3.0,,,0 days 00:00:35.136000,0 days 00:00:43.110000,0 days 00:00:18.702000,0 days 02:27:33.344000,0 days 02:28:16.454000,0 days 02:28:35.156000,280.0,298.0,247.0,299.0,False,MEDIUM,21.0,False,Ferrari,0 days 02:26:58.156000,,1,1.0,True,TRACK LIMITS AT TURN 17 LAP 35 ,False,True,2024-04,Japanese Grand Prix,2024,4,2024-04-07,train
0 days 02:30:14.414000,SAI,55,0 days 00:01:39.310000,36.0,3.0,,0 days 02:30:13.275000,0 days 00:00:35.183000,0 days 00:00:43.170000,0 days 00:00:20.957000,0 days 02:29:10.339000,0 days 02:29:53.509000,0 days 02:30:14.466000,281.0,299.0,,300.0,False,MEDIUM,22.0,False,Ferrari,0 days 02:28:35.104000,,1,2.0,False,,False,False,2024-04,Japanese Grand Prix,2024,4,2024-04-07,train
0 days 02:32:09.477000,SAI,55,0 days 00:01:55.063000,37.0,4.0,0 days 02:30:36.682000,,0 days 00:00:54.094000,0 days 00:00:42.463000,0 days 00:00:18.506000,0 days 02:31:08.560000,0 days 02:31:51.023000,0 days 02:32:09.529000,281.0,303.0,264.0,307.0,False,HARD,1.0,True,Ferrari,0 days 02:30:14.414000,,1,7.0,False,,False,False,2024-04,Japanese Grand Prix,2024,4,2024-04-07,train
0 days 02:33:43.472000,SAI,55,0 days 00:01:33.995000,38.0,4.0,,,0 days 00:00:33.588000,0 days 00:00:42.107000,0 days 00:00:18.300000,0 days 02:32:43.117000,0 days 02:33:25.224000,0 days 02:33:43.524000,280.0,297.0,258.0,296.0,True,HARD,2.0,True,Ferrari,0 days 02:32:09.477000,,1,5.0,False,,False,True,2024-04,Japanese Grand Prix,2024,4,2024-04-07,train
0 days 02:35:17.891000,SAI,55,0 days 00:01:34.419000,39.0,4.0,,,0 days 00:00:34.056000,0 days 00:00:42.174000,0 days 00:00:18.189000,0 days 02:34:17.580000,0 days 02:34:59.754000,0 days 02:35:17.943000,277.0,299.0,257.0,297.0,False,HARD,3.0,True,Ferrari,0 days 02:33:43.472000,,1,5.0,False,,False,True,2024-04,Japanese Grand Prix,2024,4,2024-04-07,train
0 days 02:36:52.287000,SAI,55,0 days 00:01:34.396000,40.0,4.0,,,0 days 00:00:33.977000,0 days 00:00:42.111000,0 days 00:00:18.308000,0 days 02:35:51.920000,0 days 02:36:34.031000,0 days 02:36:52.339000,278.0,301.0,258.0,299.0,False,HARD,4.0,True,Ferrari,0 days 02:35:17.891000,,1,5.0,False,,False,True,2024-04,Japanese Grand Prix,2024,4,2024-04-07,train
0 days 02:38:27.150000,SAI,55,0 days 00:01:34.863000,41.0,4.0,,,0 days 00:00:34.232000,0 days 00:00:42.342000,0 days 00:00:18.289000,0 days 02:37:26.571000,0 days 02:38:08.913000,0 days 02:38:27.202000,280.0,301.0,258.0,300.0,False,HARD,5.0,True,Ferrari,0 days 02:36:52.287000,,1,5.0,False,,False,True,2024-04,Japanese Grand Prix,2024,4,2024-04-07,train
0 days 02:40:02.443000,SAI,55,0 days 00:01:35.293000,42.0,4.0,,,0 days 00:00:34.066000,0 days 00:00:43.003000,0 days 00:00:18.224000,0 days 02:39:01.268000,0 days 02:39:44.271000,0 days 02:40:02.495000,278.0,301.0,258.0,302.0,False,HARD,6.0,True,Ferrari,0 days 02:38:27.150000,,12,5.0,False,,False,True,2024-04,Japanese Grand Prix,2024,4,2024-04-07,train
0 days 02:41:37.193000,SAI,55,0 days 00:01:34.750000,43.0,4.0,,,0 days 00:00:33.970000,0 days 00:00:42.434000,0 days 00:00:18.346000,0 days 02:40:36.465000,0 days 02:41:18.899000,0 days 02:41:37.245000,285.0,304.0,264.0,306.0,False,HARD,7.0,True,Ferrari,0 days 02:40:02.443000,,1,5.0,False,,False,True,2024-04,Japanese Grand Prix,2024,4,2024-04-07,train
0 days 02:43:11.529000,SAI,55,0 days 00:01:34.336000,44.0,4.0,,,0 days 00:00:33.784000,0 days 00:00:42.143000,0 days 00:00:18.409000,0 days 02:42:11.029000,0 days 02:42:53.172000,0 days 02:43:11.581000,277.0,303.0,257.0,302.0,False,HARD,8.0,True,Ferrari,0 days 02:41:37.193000,,1,4.0,False,,False,True,2024-04,Japanese Grand Prix,2024,4,2024-04-07,train
0 days 02:44:46.535000,SAI,55,0 days 00:01:35.006000,45.0,4.0,,,0 days 00:00:34.293000,0 days 00:00:42.343000,0 days 00:00:18.370000,0 days 02:43:45.874000,0 days 02:44:28.217000,0 days 02:44:46.587000,282.0,302.0,264.0,302.0,False,HARD,9.0,True,Ferrari,0 days 02:43:11.529000,,1,4.0,False,,False,True,2024-04,Japanese Grand Prix,2024,4,2024-04-07,train
0 days 02:46:20.376000,SAI,55,0 days 00:01:33.841000,46.0,4.0,,,0 days 00:00:33.310000,0 days 00:00:42.225000,0 days 00:00:18.306000,0 days 02:45:19.897000,0 days 02:46:02.122000,0 days 02:46:20.428000,279.0,297.0,257.0,297.0,True,HARD,10.0,True,Ferrari,0 days 02:44:46.535000,,1,3.0,False,,False,True,2024-04,Japanese Grand Prix,2024,4,2024-04-07,train
0 days 02:47:55.439000,SAI,55,0 days 00:01:35.063000,47.0,4.0,,,0 days 00:00:34.257000,0 days 00:00:42.398000,0 days 00:00:18.408000,0 days 02:46:54.685000,0 days 02:47:37.083000,0 days 02:47:55.491000,277.0,298.0,257.0,295.0,False,HARD,11.0,True,Ferrari,0 days 02:46:20.376000,,1,3.0,False,,False,True,2024-04,Japanese Grand Prix,2024,4,2024-04-07,train
0 days 02:49:30.401000,SAI,55,0 days 00:01:34.962000,48.0,4.0,,,0 days 00:00:34.153000,0 days 00:00:42.399000,0 days 00:00:18.410000,0 days 02:48:29.644000,0 days 02:49:12.043000,0 days 02:49:30.453000,280.0,297.0,256.0,297.0,False,HARD,12.0,True,Ferrari,0 days 02:47:55.439000,,1,3.0,False,,False,True,2024-04,Japanese Grand Prix,2024,4,2024-04-07,train
0 days 02:51:05.153000,SAI,55,0 days 00:01:34.752000,49.0,4.0,,,0 days 00:00:33.935000,0 days 00:00:42.487000,0 days 00:00:18.330000,0 days 02:50:04.388000,0 days 02:50:46.875000,0 days 02:51:05.205000,278.0,298.0,257.0,296.0,False,HARD,13.0,True,Ferrari,0 days 02:49:30.401000,,1,3.0,False,,False,True,2024-04,Japanese Grand Prix,2024,4,2024-04-07,train
0 days 02:52:39.789000,SAI,55,0 days 00:01:34.636000,50.0,4.0,,,0 days 00:00:33.972000,0 days 00:00:42.405000,0 days 00:00:18.259000,0 days 02:51:39.177000,0 days 02:52:21.582000,0 days 02:52:39.841000,278.0,298.0,258.0,298.0,False,HARD,14.0,True,Ferrari,0 days 02:51:05.153000,,1,3.0,False,,False,True,2024-04,Japanese Grand Prix,2024,4,2024-04-07,train
0 days 02:54:14.666000,SAI,55,0 days 00:01:34.877000,51.0,4.0,,,0 days 00:00:34.124000,0 days 00:00:42.369000,0 days 00:00:18.384000,0 days 02:53:13.965000,0 days 02:53:56.334000,0 days 02:54:14.718000,279.0,299.0,258.0,298.0,False,HARD,15.0,True,Ferrari,0 days 02:52:39.789000,,1,3.0,False,,False,True,2024-04,Japanese Grand Prix,2024,4,2024-04-07,train
0 days 02:55:49.869000,SAI,55,0 days 00:01:35.203000,52.0,4.0,,,0 days 00:00:33.978000,0 days 00:00:42.685000,0 days 00:00:18.540000,0 days 02:54:48.696000,0 days 02:55:31.381000,0 days 02:55:49.921000,279.0,300.0,258.0,298.0,False,HARD,16.0,True,Ferrari,0 days 02:54:14.666000,,1,3.0,False,,False,True,2024-04,Japanese Grand Prix,2024,4,2024-04-07,train
0 days 02:57:25.093000,SAI,55,0 days 00:01:35.224000,53.0,4.0,,,0 days 00:00:34.164000,0 days 00:00:42.648000,0 days 00:00:18.412000,0 days 02:56:24.085000,0 days 02:57:06.733000,0 days 02:57:25.145000,281.0,301.0,258.0,303.0,False,HARD,17.0,True,Ferrari,0 days 02:55:49.869000,,1,3.0,False,,False,True,2024-04,Japanese Grand Prix,2024,4,2024-04-07,train
0 days 01:05:15.209000,LEC,16,0 days 00:02:34.543000,1.0,1.0,,0 days 01:05:12.799000,,0 days 00:01:17.828000,0 days 00:00:37.701000,,0 days 01:04:37.567000,0 days 01:05:15.480000,275.0,174.0,,151.0,False,MEDIUM,1.0,True,Ferrari,0 days 01:02:40.422000,,125,8.0,False,,False,False,2024-04,Japanese Grand Prix,2024,4,2024-04-07,train
0 days 01:33:46.870000,LEC,16,,2.0,2.0,0 days 01:31:36.027000,,,0 days 00:00:47.727000,0 days 00:00:46.919000,,0 days 01:33:00.010000,0 days 01:33:47.016000,254.0,260.0,57.0,148.0,False,MEDIUM,1.0,True,Ferrari,0 days 01:30:58.774000,,1,8.0,False,,False,False,2024-04,Japanese Grand Prix,2024,4,2024-04-07,train
0 days 01:36:19.875000,LEC,16,,3.0,2.0,,,0 days 00:01:30.624000,0 days 00:00:43.564000,0 days 00:00:18.878000,0 days 01:35:17.765000,0 days 01:36:01.186000,0 days 01:36:20.001000,275.0,298.0,253.0,293.0,False,MEDIUM,2.0,True,Ferrari,0 days 01:33:46.870000,,1,7.0,False,,False,False,2024-04,Japanese Grand Prix,2024,4,2024-04-07,train
0 days 01:37:58.143000,LEC,16,0 days 00:01:38.268000,4.0,2.0,,,0 days 00:00:35.805000,0 days 00:00:43.656000,0 days 00:00:18.807000,0 days 01:36:55.739000,0 days 01:37:39.395000,0 days 01:37:58.202000,275.0,297.0,254.0,301.0,True,MEDIUM,3.0,True,Ferrari,0 days 01:36:19.875000,,1,7.0,False,,False,True,2024-04,Japanese Grand Prix,2024,4,2024-04-07,train
0 days 01:39:35.955000,LEC,16,0 days 00:01:37.812000,5.0,2.0,,,0 days 00:00:35.265000,0 days 00:00:43.755000,0 days 00:00:18.792000,0 days 01:38:33.467000,0 days 01:39:17.222000,0 days 01:39:36.014000,271.0,297.0,251.0,295.0,True,MEDIUM,4.0,True,Ferrari,0 days 01:37:58.143000,,1,7.0,False,,False,True,2024-04,Japanese Grand Prix,2024,4,2024-04-07,train
0 days 01:41:13.976000,LEC,16,0 days 00:01:38.021000,6.0,2.0,,,0 days 00:00:35.450000,0 days 00:00:43.788000,0 days 00:00:18.783000,0 days 01:40:11.464000,0 days 01:40:55.252000,0 days 01:41:14.035000,273.0,297.0,252.0,297.0,False,MEDIUM,5.0,True,Ferrari,0 days 01:39:35.955000,,1,7.0,False,,False,True,2024-04,Japanese Grand Prix,2024,4,2024-04-07,train
0 days 01:42:52.163000,LEC,16,0 days 00:01:38.187000,7.0,2.0,,,0 days 00:00:35.725000,0 days 00:00:43.707000,0 days 00:00:18.755000,0 days 01:41:49.760000,0 days 01:42:33.467000,0 days 01:42:52.222000,271.0,297.0,252.0,298.0,False,MEDIUM,6.0,True,Ferrari,0 days 01:41:13.976000,,1,7.0,False,,False,True,2024-04,Japanese Grand Prix,2024,4,2024-04-07,train
0 days 01:44:30.083000,LEC,16,0 days 00:01:37.920000,8.0,2.0,,,0 days 00:00:35.499000,0 days 00:00:43.706000,0 days 00:00:18.715000,0 days 01:43:27.721000,0 days 01:44:11.427000,0 days 01:44:30.142000,273.0,299.0,256.0,302.0,False,MEDIUM,7.0,True,Ferrari,0 days 01:42:52.163000,,1,7.0,False,,False,True,2024-04,Japanese Grand Prix,2024,4,2024-04-07,train
0 days 01:46:08.296000,LEC,16,0 days 00:01:38.213000,9.0,2.0,,,0 days 00:00:35.682000,0 days 00:00:43.768000,0 days 00:00:18.763000,0 days 01:45:05.824000,0 days 01:45:49.592000,0 days 01:46:08.355000,272.0,300.0,256.0,301.0,False,MEDIUM,8.0,True,Ferrari,0 days 01:44:30.083000,,1,7.0,False,,False,True,2024-04,Japanese Grand Prix,2024,4,2024-04-07,train
0 days 01:47:47.330000,LEC,16,0 days 00:01:39.034000,10.0,2.0,,,0 days 00:00:36.074000,0 days 00:00:44.059000,0 days 00:00:18.901000,0 days 01:46:44.429000,0 days 01:47:28.488000,0 days 01:47:47.389000,272.0,299.0,257.0,301.0,False,MEDIUM,9.0,True,Ferrari,0 days 01:46:08.296000,,1,7.0,False,,False,True,2024-04,Japanese Grand Prix,2024,4,2024-04-07,train
0 days 01:49:26.523000,LEC,16,0 days 00:01:39.193000,11.0,2.0,,,0 days 00:00:36.228000,0 days 00:00:44.179000,0 days 00:00:18.786000,0 days 01:48:23.617000,0 days 01:49:07.796000,0 days 01:49:26.582000,270.0,298.0,258.0,297.0,False,MEDIUM,10.0,True,Ferrari,0 days 01:47:47.330000,,1,7.0,False,,False,True,2024-04,Japanese Grand Prix,2024,4,2024-04-07,train
0 days 01:51:05.406000,LEC,16,0 days 00:01:38.883000,12.0,2.0,,,0 days 00:00:35.996000,0 days 00:00:43.969000,0 days 00:00:18.918000,0 days 01:50:02.578000,0 days 01:50:46.547000,0 days 01:51:05.465000,271.0,298.0,256.0,297.0,False,MEDIUM,11.0,True,Ferrari,0 days 01:49:26.523000,,1,5.0,False,,False,True,2024-04,Japanese Grand Prix,2024,4,2024-04-07,train
0 days 01:52:43.885000,LEC,16,0 days 00:01:38.479000,13.0,2.0,,,0 days 00:00:35.607000,0 days 00:00:43.981000,0 days 00:00:18.891000,0 days 01:51:41.072000,0 days 01:52:25.053000,0 days 01:52:43.944000,269.0,294.0,252.0,292.0,False,MEDIUM,12.0,True,Ferrari,0 days 01:51:05.406000,,1,4.0,False,,False,True,2024-04,Japanese Grand Prix,2024,4,2024-04-07,train
0 days 01:54:22.480000,LEC,16,0 days 00:01:38.595000,14.0,2.0,,,0 days 00:00:35.883000,0 days 00:00:43.792000,0 days 00:00:18.920000,0 days 01:53:19.827000,0 days 01:54:03.619000,0 days 01:54:22.539000,272.0,291.0,251.0,293.0,False,MEDIUM,13.0,True,Ferrari,0 days 01:52:43.885000,,1,4.0,False,,False,True,2024-04,Japanese Grand Prix,2024,4,2024-04-07,train
0 days 01:56:00.652000,LEC,16,0 days 00:01:38.172000,15.0,2.0,,,0 days 00:00:35.721000,0 days 00:00:43.614000,0 days 00:00:18.837000,0 days 01:54:58.260000,0 days 01:55:41.874000,0 days 01:56:00.711000,273.0,294.0,252.0,294.0,False,MEDIUM,14.0,True,Ferrari,0 days 01:54:22.480000,,1,4.0,False,,False,True,2024-04,Japanese Grand Prix,2024,4,2024-04-07,train
0 days 01:57:38.528000,LEC,16,0 days 00:01:37.876000,16.0,2.0,,,0 days 00:00:35.533000,0 days 00:00:43.482000,0 days 00:00:18.861000,0 days 01:56:36.244000,0 days 01:57:19.726000,0 days 01:57:38.587000,275.0,292.0,252.0,293.0,False,MEDIUM,15.0,True,Ferrari,0 days 01:56:00.652000,,1,2.0,False,,False,True,2024-04,Japanese Grand Prix,2024,4,2024-04-07,train
0 days 01:59:16.384000,LEC,16,0 days 00:01:37.856000,17.0,2.0,,,0 days 00:00:35.435000,0 days 00:00:43.554000,0 days 00:00:18.867000,0 days 01:58:14.022000,0 days 01:58:57.576000,0 days 01:59:16.443000,274.0,292.0,253.0,295.0,False,MEDIUM,16.0,True,Ferrari,0 days 01:57:38.528000,,1,1.0,False,,False,True,2024-04,Japanese Grand Prix,2024,4,2024-04-07,train
0 days 02:00:54.144000,LEC,16,0 days 00:01:37.760000,18.0,2.0,,,0 days 00:00:35.551000,0 days 00:00:43.501000,0 days 00:00:18.708000,0 days 01:59:51.994000,0 days 02:00:35.495000,0 days 02:00:54.203000,274.0,292.0,252.0,295.0,True,MEDIUM,17.0,True,Ferrari,0 days 01:59:16.384000,,1,1.0,False,,False,True,2024-04,Japanese Grand Prix,2024,4,2024-04-07,train
0 days 02:02:31.667000,LEC,16,0 days 00:01:37.523000,19.0,2.0,,,0 days 00:00:35.393000,0 days 00:00:43.470000,0 days 00:00:18.660000,0 days 02:01:29.596000,0 days 02:02:13.066000,0 days 02:02:31.726000,275.0,293.0,253.0,295.0,True,MEDIUM,18.0,True,Ferrari,0 days 02:00:54.144000,,1,1.0,False,,False,True,2024-04,Japanese Grand Prix,2024,4,2024-04-07,train
0 days 02:04:09.147000,LEC,16,0 days 00:01:37.480000,20.0,2.0,,,0 days 00:00:35.344000,0 days 00:00:43.542000,0 days 00:00:18.594000,0 days 02:03:07.070000,0 days 02:03:50.612000,0 days 02:04:09.206000,274.0,293.0,254.0,294.0,True,MEDIUM,19.0,True,Ferrari,0 days 02:02:31.667000,,1,1.0,False,,False,True,2024-04,Japanese Grand Prix,2024,4,2024-04-07,train
0 days 02:05:47.350000,LEC,16,0 days 00:01:38.203000,21.0,2.0,,,0 days 00:00:35.888000,0 days 00:00:43.624000,0 days 00:00:18.691000,0 days 02:04:45.094000,0 days 02:05:28.718000,0 days 02:05:47.409000,275.0,295.0,254.0,298.0,False,MEDIUM,20.0,True,Ferrari,0 days 02:04:09.147000,,1,2.0,False,,False,True,2024-04,Japanese Grand Prix,2024,4,2024-04-07,train
0 days 02:07:25.094000,LEC,16,0 days 00:01:37.744000,22.0,2.0,,,0 days 00:00:35.399000,0 days 00:00:43.593000,0 days 00:00:18.752000,0 days 02:06:22.808000,0 days 02:07:06.401000,0 days 02:07:25.153000,275.0,295.0,253.0,295.0,False,MEDIUM,21.0,True,Ferrari,0 days 02:05:47.350000,,1,2.0,False,,False,True,2024-04,Japanese Grand Prix,2024,4,2024-04-07,train
0 days 02:09:02.849000,LEC,16,0 days 00:01:37.755000,23.0,2.0,,,0 days 00:00:35.460000,0 days 00:00:43.550000,0 days 00:00:18.745000,0 days 02:08:00.613000,0 days 02:08:44.163000,0 days 02:09:02.908000,274.0,295.0,252.0,296.0,False,MEDIUM,22.0,True,Ferrari,0 days 02:07:25.094000,,1,2.0,False,,False,True,2024-04,Japanese Grand Prix,2024,4,2024-04-07,train
0 days 02:10:40.920000,LEC,16,0 days 00:01:38.071000,24.0,2.0,,,0 days 00:00:35.654000,0 days 00:00:43.621000,0 days 00:00:18.796000,0 days 02:09:38.562000,0 days 02:10:22.183000,0 days 02:10:40.979000,273.0,294.0,253.0,295.0,False,MEDIUM,23.0,True,Ferrari,0 days 02:09:02.849000,,1,2.0,False,,False,True,2024-04,Japanese Grand Prix,2024,4,2024-04-07,train
0 days 02:12:18.838000,LEC,16,0 days 00:01:37.918000,25.0,2.0,,,0 days 00:00:35.498000,0 days 00:00:43.731000,0 days 00:00:18.689000,0 days 02:11:16.477000,0 days 02:12:00.208000,0 days 02:12:18.897000,275.0,295.0,254.0,295.0,False,MEDIUM,24.0,True,Ferrari,0 days 02:10:40.920000,,1,2.0,False,,False,True,2024-04,Japanese Grand Prix,2024,4,2024-04-07,train
0 days 02:14:02.013000,LEC,16,0 days 00:01:43.175000,26.0,2.0,,0 days 02:14:00.746000,0 days 00:00:35.536000,0 days 00:00:46.559000,0 days 00:00:21.080000,0 days 02:12:54.433000,0 days 02:13:40.992000,0 days 02:14:02.072000,273.0,297.0,,298.0,False,MEDIUM,25.0,True,Ferrari,0 days 02:12:18.838000,,1,4.0,True,TRACK LIMITS AT TURN 9 LAP 26 ,False,False,2024-04,Japanese Grand Prix,2024,4,2024-04-07,train
0 days 02:15:57.636000,LEC,16,0 days 00:01:55.623000,27.0,3.0,0 days 02:14:24.012000,,0 days 00:00:54.455000,0 days 00:00:42.624000,0 days 00:00:18.544000,0 days 02:14:56.527000,0 days 02:15:39.151000,0 days 02:15:57.695000,276.0,295.0,254.0,293.0,False,HARD,1.0,True,Ferrari,0 days 02:14:02.013000,,1,6.0,False,,False,False,2024-04,Japanese Grand Prix,2024,4,2024-04-07,train
0 days 02:17:33.726000,LEC,16,0 days 00:01:36.090000,28.0,3.0,,,0 days 00:00:34.766000,0 days 00:00:42.802000,0 days 00:00:18.522000,0 days 02:16:32.461000,0 days 02:17:15.263000,0 days 02:17:33.785000,275.0,297.0,254.0,293.0,True,HARD,2.0,True,Ferrari,0 days 02:15:57.636000,,1,6.0,False,,False,True,2024-04,Japanese Grand Prix,2024,4,2024-04-07,train
0 days 02:19:10.083000,LEC,16,0 days 00:01:36.357000,29.0,3.0,,,0 days 00:00:34.918000,0 days 00:00:42.806000,0 days 00:00:18.633000,0 days 02:18:08.703000,0 days 02:18:51.509000,0 days 02:19:10.142000,275.0,296.0,253.0,295.0,False,HARD,3.0,True,Ferrari,0 days 02:17:33.726000,,1,6.0,False,,False,True,2024-04,Japanese Grand Prix,2024,4,2024-04-07,train
0 days 02:20:46.308000,LEC,16,0 days 00:01:36.225000,30.0,3.0,,,0 days 00:00:34.913000,0 days 00:00:42.847000,0 days 00:00:18.465000,0 days 02:19:45.055000,0 days 02:20:27.902000,0 days 02:20:46.367000,275.0,297.0,254.0,296.0,False,HARD,4.0,True,Ferrari,0 days 02:19:10.083000,,1,6.0,False,,False,True,2024-04,Japanese Grand Prix,2024,4,2024-04-07,train
0 days 02:22:22.509000,LEC,16,0 days 00:01:36.201000,31.0,3.0,,,0 days 00:00:34.794000,0 days 00:00:42.878000,0 days 00:00:18.529000,0 days 02:21:21.161000,0 days 02:22:04.039000,0 days 02:22:22.568000,275.0,299.0,254.0,297.0,False,HARD,5.0,True,Ferrari,0 days 02:20:46.308000,,1,6.0,False,,False,True,2024-04,Japanese Grand Prix,2024,4,2024-04-07,train
0 days 02:23:58.653000,LEC,16,0 days 00:01:36.144000,32.0,3.0,,,0 days 00:00:34.901000,0 days 00:00:42.737000,0 days 00:00:18.506000,0 days 02:22:57.469000,0 days 02:23:40.206000,0 days 02:23:58.712000,279.0,300.0,258.0,301.0,False,HARD,6.0,True,Ferrari,0 days 02:22:22.509000,,1,5.0,False,,False,True,2024-04,Japanese Grand Prix,2024,4,2024-04-07,train
0 days 02:25:34.531000,LEC,16,0 days 00:01:35.878000,33.0,3.0,,,0 days 00:00:34.376000,0 days 00:00:42.930000,0 days 00:00:18.572000,0 days 02:24:33.088000,0 days 02:25:16.018000,0 days 02:25:34.590000,276.0,298.0,254.0,298.0,True,HARD,7.0,True,Ferrari,0 days 02:23:58.653000,,1,5.0,False,,False,True,2024-04,Japanese Grand Prix,2024,4,2024-04-07,train
0 days 02:27:10.851000,LEC,16,0 days 00:01:36.320000,34.0,3.0,,,0 days 00:00:34.925000,0 days 00:00:42.872000,0 days 00:00:18.523000,0 days 02:26:09.515000,0 days 02:26:52.387000,0 days 02:27:10.910000,277.0,296.0,255.0,297.0,False,HARD,8.0,True,Ferrari,0 days 02:25:34.531000,,1,3.0,False,,False,True,2024-04,Japanese Grand Prix,2024,4,2024-04-07,train
0 days 02:28:46.907000,LEC,16,0 days 00:01:36.056000,35.0,3.0,,,0 days 00:00:34.740000,0 days 00:00:42.872000,0 days 00:00:18.444000,0 days 02:27:45.650000,0 days 02:28:28.522000,0 days 02:28:46.966000,278.0,297.0,256.0,299.0,False,HARD,9.0,True,Ferrari,0 days 02:27:10.851000,,1,3.0,False,,False,True,2024-04,Japanese Grand Prix,2024,4,2024-04-07,train
0 days 02:30:23.588000,LEC,16,0 days 00:01:36.681000,36.0,3.0,,,0 days 00:00:35.315000,0 days 00:00:42.850000,0 days 00:00:18.516000,0 days 02:29:22.281000,0 days 02:30:05.131000,0 days 02:30:23.647000,276.0,300.0,257.0,298.0,False,HARD,10.0,True,Ferrari,0 days 02:28:46.907000,,1,4.0,False,,False,True,2024-04,Japanese Grand Prix,2024,4,2024-04-07,train
0 days 02:31:59.723000,LEC,16,0 days 00:01:36.135000,37.0,3.0,,,0 days 00:00:34.712000,0 days 00:00:42.789000,0 days 00:00:18.634000,0 days 02:30:58.359000,0 days 02:31:41.148000,0 days 02:31:59.782000,276.0,298.0,256.0,297.0,False,HARD,11.0,True,Ferrari,0 days 02:30:23.588000,,1,3.0,False,,False,True,2024-04,Japanese Grand Prix,2024,4,2024-04-07,train
0 days 02:33:35.752000,LEC,16,0 days 00:01:36.029000,38.0,3.0,,,0 days 00:00:34.752000,0 days 00:00:42.737000,0 days 00:00:18.540000,0 days 02:32:34.534000,0 days 02:33:17.271000,0 days 02:33:35.811000,277.0,299.0,256.0,300.0,False,HARD,12.0,True,Ferrari,0 days 02:31:59.723000,,1,3.0,False,,False,True,2024-04,Japanese Grand Prix,2024,4,2024-04-07,train
0 days 02:35:11.445000,LEC,16,0 days 00:01:35.693000,39.0,3.0,,,0 days 00:00:34.610000,0 days 00:00:42.582000,0 days 00:00:18.501000,0 days 02:34:10.421000,0 days 02:34:53.003000,0 days 02:35:11.504000,280.0,301.0,255.0,303.0,True,HARD,13.0,True,Ferrari,0 days 02:33:35.752000,,1,3.0,False,,False,True,2024-04,Japanese Grand Prix,2024,4,2024-04-07,train
0 days 02:36:47.786000,LEC,16,0 days 00:01:36.341000,40.0,3.0,,,0 days 00:00:34.998000,0 days 00:00:42.799000,0 days 00:00:18.544000,0 days 02:35:46.502000,0 days 02:36:29.301000,0 days 02:36:47.845000,275.0,298.0,256.0,297.0,False,HARD,14.0,True,Ferrari,0 days 02:35:11.445000,,1,3.0,False,,False,True,2024-04,Japanese Grand Prix,2024,4,2024-04-07,train
0 days 02:38:23.237000,LEC,16,0 days 00:01:35.451000,41.0,3.0,,,0 days 00:00:34.356000,0 days 00:00:42.553000,0 days 00:00:18.542000,0 days 02:37:22.201000,0 days 02:38:04.754000,0 days 02:38:23.296000,277.0,298.0,256.0,298.0,True,HARD,15.0,True,Ferrari,0 days 02:36:47.786000,,1,3.0,False,,False,True,2024-04,Japanese Grand Prix,2024,4,2024-04-07,train
0 days 02:39:59.034000,LEC,16,0 days 00:01:35.797000,42.0,3.0,,,0 days 00:00:34.362000,0 days 00:00:43.019000,0 days 00:00:18.416000,0 days 02:38:57.658000,0 days 02:39:40.677000,0 days 02:39:59.093000,278.0,297.0,257.0,299.0,False,HARD,16.0,True,Ferrari,0 days 02:38:23.237000,,12,3.0,False,,False,True,2024-04,Japanese Grand Prix,2024,4,2024-04-07,train
0 days 02:41:34.747000,LEC,16,0 days 00:01:35.713000,43.0,3.0,,,0 days 00:00:34.546000,0 days 00:00:42.666000,0 days 00:00:18.501000,0 days 02:40:33.639000,0 days 02:41:16.305000,0 days 02:41:34.806000,277.0,299.0,256.0,298.0,False,HARD,17.0,True,Ferrari,0 days 02:39:59.034000,,1,3.0,False,,False,True,2024-04,Japanese Grand Prix,2024,4,2024-04-07,train
0 days 02:43:10.432000,LEC,16,0 days 00:01:35.685000,44.0,3.0,,,0 days 00:00:34.483000,0 days 00:00:42.776000,0 days 00:00:18.426000,0 days 02:42:09.289000,0 days 02:42:52.065000,0 days 02:43:10.491000,279.0,301.0,257.0,301.0,False,HARD,18.0,True,Ferrari,0 days 02:41:34.747000,,1,3.0,False,,False,True,2024-04,Japanese Grand Prix,2024,4,2024-04-07,train
0 days 02:44:46.171000,LEC,16,0 days 00:01:35.739000,45.0,3.0,,,0 days 00:00:34.489000,0 days 00:00:42.616000,0 days 00:00:18.634000,0 days 02:43:44.980000,0 days 02:44:27.596000,0 days 02:44:46.230000,276.0,297.0,256.0,296.0,False,HARD,19.0,True,Ferrari,0 days 02:43:10.432000,,1,3.0,False,,False,True,2024-04,Japanese Grand Prix,2024,4,2024-04-07,train
0 days 02:46:22.949000,LEC,16,0 days 00:01:36.778000,46.0,3.0,,,0 days 00:00:35.285000,0 days 00:00:42.882000,0 days 00:00:18.611000,0 days 02:45:21.515000,0 days 02:46:04.397000,0 days 02:46:23.008000,277.0,298.0,256.0,299.0,False,HARD,20.0,True,Ferrari,0 days 02:44:46.171000,,1,4.0,False,,False,True,2024-04,Japanese Grand Prix,2024,4,2024-04-07,train
0 days 02:47:58.871000,LEC,16,0 days 00:01:35.922000,47.0,3.0,,,0 days 00:00:34.607000,0 days 00:00:42.757000,0 days 00:00:18.558000,0 days 02:46:57.615000,0 days 02:47:40.372000,0 days 02:47:58.930000,275.0,299.0,256.0,297.0,False,HARD,21.0,True,Ferrari,0 days 02:46:22.949000,,1,4.0,False,,False,True,2024-04,Japanese Grand Prix,2024,4,2024-04-07,train
0 days 02:49:34.373000,LEC,16,0 days 00:01:35.502000,48.0,3.0,,,0 days 00:00:34.429000,0 days 00:00:42.600000,0 days 00:00:18.473000,0 days 02:48:33.359000,0 days 02:49:15.959000,0 days 02:49:34.432000,277.0,298.0,256.0,299.0,False,HARD,22.0,True,Ferrari,0 days 02:47:58.871000,,1,4.0,False,,False,True,2024-04,Japanese Grand Prix,2024,4,2024-04-07,train
0 days 02:51:09.916000,LEC,16,0 days 00:01:35.543000,49.0,3.0,,,0 days 00:00:34.412000,0 days 00:00:42.697000,0 days 00:00:18.434000,0 days 02:50:08.844000,0 days 02:50:51.541000,0 days 02:51:09.975000,276.0,298.0,256.0,298.0,False,HARD,23.0,True,Ferrari,0 days 02:49:34.373000,,1,4.0,False,,False,True,2024-04,Japanese Grand Prix,2024,4,2024-04-07,train
0 days 02:52:45.190000,LEC,16,0 days 00:01:35.274000,50.0,3.0,,,0 days 00:00:34.352000,0 days 00:00:42.548000,0 days 00:00:18.374000,0 days 02:51:44.327000,0 days 02:52:26.875000,0 days 02:52:45.249000,280.0,298.0,257.0,299.0,True,HARD,24.0,True,Ferrari,0 days 02:51:09.916000,,1,4.0,False,,False,True,2024-04,Japanese Grand Prix,2024,4,2024-04-07,train
0 days 02:54:20.389000,LEC,16,0 days 00:01:35.199000,51.0,3.0,,,0 days 00:00:34.245000,0 days 00:00:42.492000,0 days 00:00:18.462000,0 days 02:53:19.494000,0 days 02:54:01.986000,0 days 02:54:20.448000,282.0,299.0,256.0,300.0,True,HARD,25.0,True,Ferrari,0 days 02:52:45.190000,,1,4.0,False,,False,True,2024-04,Japanese Grand Prix,2024,4,2024-04-07,train
0 days 02:55:55.705000,LEC,16,0 days 00:01:35.316000,52.0,3.0,,,0 days 00:00:34.299000,0 days 00:00:42.573000,0 days 00:00:18.444000,0 days 02:54:54.747000,0 days 02:55:37.320000,0 days 02:55:55.764000,281.0,299.0,256.0,299.0,False,HARD,26.0,True,Ferrari,0 days 02:54:20.389000,,1,4.0,False,,False,True,2024-04,Japanese Grand Prix,2024,4,2024-04-07,train
0 days 02:57:30.749000,LEC,16,0 days 00:01:35.044000,53.0,3.0,,,0 days 00:00:34.141000,0 days 00:00:42.505000,0 days 00:00:18.398000,0 days 02:56:29.905000,0 days 02:57:12.410000,0 days 02:57:30.808000,282.0,299.0,255.0,301.0,True,HARD,27.0,True,Ferrari,0 days 02:55:55.705000,,1,4.0,False,,False,True,2024-04,Japanese Grand Prix,2024,4,2024-04-07,train
0 days 01:05:20.283000,RUS,63,0 days 00:02:39.587000,1.0,1.0,,0 days 01:05:17.166000,,0 days 00:01:18.942000,0 days 00:00:41.309000,,0 days 01:04:39.002000,0 days 01:05:20.450000,273.0,119.0,,142.0,False,MEDIUM,1.0,True,Mercedes,0 days 01:02:40.422000,,125,9.0,False,,False,False,2024-04,Japanese Grand Prix,2024,4,2024-04-07,train
0 days 01:33:49.253000,RUS,63,,2.0,2.0,0 days 01:31:38.368000,,,0 days 00:00:46.712000,0 days 00:00:47.765000,,0 days 01:33:01.518000,0 days 01:33:49.281000,259.0,255.0,47.0,167.0,False,HARD,1.0,True,Mercedes,0 days 01:30:58.774000,,1,9.0,False,,False,False,2024-04,Japanese Grand Prix,2024,4,2024-04-07,train
0 days 01:36:21.841000,RUS,63,,3.0,2.0,,,0 days 00:01:29.261000,0 days 00:00:44.660000,0 days 00:00:18.853000,0 days 01:35:18.555000,0 days 01:36:03.078000,0 days 01:36:22.119000,283.0,299.0,256.0,296.0,False,HARD,2.0,True,Mercedes,0 days 01:33:49.253000,,1,10.0,False,,False,False,2024-04,Japanese Grand Prix,2024,4,2024-04-07,train
0 days 01:38:00.817000,RUS,63,0 days 00:01:38.976000,4.0,2.0,,,0 days 00:00:36.014000,0 days 00:00:43.918000,0 days 00:00:19.044000,0 days 01:36:57.883000,0 days 01:37:41.801000,0 days 01:38:00.845000,277.0,301.0,263.0,305.0,True,HARD,3.0,True,Mercedes,0 days 01:36:21.841000,,1,10.0,False,,False,True,2024-04,Japanese Grand Prix,2024,4,2024-04-07,train
0 days 01:39:38.554000,RUS,63,0 days 00:01:37.737000,5.0,2.0,,,0 days 00:00:35.486000,0 days 00:00:43.610000,0 days 00:00:18.641000,0 days 01:38:36.331000,0 days 01:39:19.941000,0 days 01:39:38.582000,275.0,298.0,255.0,298.0,True,HARD,4.0,True,Mercedes,0 days 01:38:00.817000,,1,9.0,False,,False,True,2024-04,Japanese Grand Prix,2024,4,2024-04-07,train
0 days 01:41:16.946000,RUS,63,0 days 00:01:38.392000,6.0,2.0,,,0 days 00:00:35.689000,0 days 00:00:43.805000,0 days 00:00:18.898000,0 days 01:40:14.271000,0 days 01:40:58.076000,0 days 01:41:16.974000,269.0,297.0,255.0,298.0,False,HARD,5.0,True,Mercedes,0 days 01:39:38.554000,,1,9.0,False,,False,True,2024-04,Japanese Grand Prix,2024,4,2024-04-07,train
0 days 01:42:55.016000,RUS,63,0 days 00:01:38.070000,7.0,2.0,,,0 days 00:00:35.576000,0 days 00:00:43.679000,0 days 00:00:18.815000,0 days 01:41:52.550000,0 days 01:42:36.229000,0 days 01:42:55.044000,273.0,298.0,254.0,299.0,False,HARD,6.0,True,Mercedes,0 days 01:41:16.946000,,1,9.0,False,,False,True,2024-04,Japanese Grand Prix,2024,4,2024-04-07,train
0 days 01:44:33.208000,RUS,63,0 days 00:01:38.192000,8.0,2.0,,,0 days 00:00:35.712000,0 days 00:00:43.769000,0 days 00:00:18.711000,0 days 01:43:30.756000,0 days 01:44:14.525000,0 days 01:44:33.236000,275.0,298.0,254.0,299.0,False,HARD,7.0,True,Mercedes,0 days 01:42:55.016000,,1,9.0,False,,False,True,2024-04,Japanese Grand Prix,2024,4,2024-04-07,train
0 days 01:46:11.461000,RUS,63,0 days 00:01:38.253000,9.0,2.0,,,0 days 00:00:35.718000,0 days 00:00:43.680000,0 days 00:00:18.855000,0 days 01:45:08.954000,0 days 01:45:52.634000,0 days 01:46:11.489000,275.0,298.0,254.0,298.0,False,HARD,8.0,True,Mercedes,0 days 01:44:33.208000,,1,9.0,False,,False,True,2024-04,Japanese Grand Prix,2024,4,2024-04-07,train
0 days 01:47:49.829000,RUS,63,0 days 00:01:38.368000,10.0,2.0,,,0 days 00:00:35.700000,0 days 00:00:43.824000,0 days 00:00:18.844000,0 days 01:46:47.189000,0 days 01:47:31.013000,0 days 01:47:49.857000,275.0,299.0,258.0,301.0,False,HARD,9.0,True,Mercedes,0 days 01:46:11.461000,,1,9.0,False,,False,True,2024-04,Japanese Grand Prix,2024,4,2024-04-07,train
0 days 01:49:28.778000,RUS,63,0 days 00:01:38.949000,11.0,2.0,,,0 days 00:00:35.861000,0 days 00:00:44.209000,0 days 00:00:18.879000,0 days 01:48:25.718000,0 days 01:49:09.927000,0 days 01:49:28.806000,275.0,299.0,259.0,301.0,False,HARD,10.0,True,Mercedes,0 days 01:47:49.829000,,1,9.0,False,,False,True,2024-04,Japanese Grand Prix,2024,4,2024-04-07,train
0 days 01:51:07.990000,RUS,63,0 days 00:01:39.212000,12.0,2.0,,,0 days 00:00:35.925000,0 days 00:00:44.315000,0 days 00:00:18.972000,0 days 01:50:04.731000,0 days 01:50:49.046000,0 days 01:51:08.018000,275.0,300.0,258.0,301.0,False,HARD,11.0,True,Mercedes,0 days 01:49:28.778000,,1,8.0,False,,False,True,2024-04,Japanese Grand Prix,2024,4,2024-04-07,train
0 days 01:52:46.979000,RUS,63,0 days 00:01:38.989000,13.0,2.0,,,0 days 00:00:35.848000,0 days 00:00:44.313000,0 days 00:00:18.828000,0 days 01:51:43.866000,0 days 01:52:28.179000,0 days 01:52:47.007000,276.0,299.0,257.0,301.0,False,HARD,12.0,True,Mercedes,0 days 01:51:07.990000,,1,6.0,False,,False,True,2024-04,Japanese Grand Prix,2024,4,2024-04-07,train
0 days 01:54:25.407000,RUS,63,0 days 00:01:38.428000,14.0,2.0,,,0 days 00:00:35.474000,0 days 00:00:44.065000,0 days 00:00:18.889000,0 days 01:53:22.481000,0 days 01:54:06.546000,0 days 01:54:25.435000,275.0,294.0,254.0,295.0,False,HARD,13.0,True,Mercedes,0 days 01:52:46.979000,,1,5.0,False,,False,True,2024-04,Japanese Grand Prix,2024,4,2024-04-07,train
0 days 01:56:03.972000,RUS,63,0 days 00:01:38.565000,15.0,2.0,,,0 days 00:00:35.730000,0 days 00:00:43.920000,0 days 00:00:18.915000,0 days 01:55:01.165000,0 days 01:55:45.085000,0 days 01:56:04,276.0,297.0,254.0,296.0,False,HARD,14.0,True,Mercedes,0 days 01:54:25.407000,,1,5.0,False,,False,True,2024-04,Japanese Grand Prix,2024,4,2024-04-07,train
0 days 01:57:42.630000,RUS,63,0 days 00:01:38.658000,16.0,2.0,,,0 days 00:00:35.693000,0 days 00:00:44.042000,0 days 00:00:18.923000,0 days 01:56:39.693000,0 days 01:57:23.735000,0 days 01:57:42.658000,276.0,295.0,254.0,294.0,False,HARD,15.0,True,Mercedes,0 days 01:56:03.972000,,1,3.0,False,,False,True,2024-04,Japanese Grand Prix,2024,4,2024-04-07,train
0 days 01:59:22.047000,RUS,63,0 days 00:01:39.417000,17.0,2.0,,,0 days 00:00:36.016000,0 days 00:00:44.411000,0 days 00:00:18.990000,0 days 01:58:18.674000,0 days 01:59:03.085000,0 days 01:59:22.075000,277.0,297.0,255.0,297.0,False,HARD,16.0,True,Mercedes,0 days 01:57:42.630000,,1,3.0,False,,False,True,2024-04,Japanese Grand Prix,2024,4,2024-04-07,train
0 days 02:01:02.364000,RUS,63,0 days 00:01:40.317000,18.0,2.0,,,0 days 00:00:36.537000,0 days 00:00:44.194000,0 days 00:00:19.586000,0 days 01:59:58.612000,0 days 02:00:42.806000,0 days 02:01:02.392000,276.0,291.0,258.0,276.0,False,HARD,17.0,True,Mercedes,0 days 01:59:22.047000,,1,5.0,False,,False,True,2024-04,Japanese Grand Prix,2024,4,2024-04-07,train
0 days 02:02:40.756000,RUS,63,0 days 00:01:38.392000,19.0,2.0,,,0 days 00:00:35.636000,0 days 00:00:43.882000,0 days 00:00:18.874000,0 days 02:01:38.028000,0 days 02:02:21.910000,0 days 02:02:40.784000,277.0,298.0,255.0,296.0,False,HARD,18.0,True,Mercedes,0 days 02:01:02.364000,,1,5.0,False,,False,True,2024-04,Japanese Grand Prix,2024,4,2024-04-07,train
0 days 02:04:19.219000,RUS,63,0 days 00:01:38.463000,20.0,2.0,,,0 days 00:00:35.591000,0 days 00:00:44.024000,0 days 00:00:18.848000,0 days 02:03:16.375000,0 days 02:04:00.399000,0 days 02:04:19.247000,276.0,296.0,257.0,296.0,False,HARD,19.0,True,Mercedes,0 days 02:02:40.756000,,1,5.0,False,,False,True,2024-04,Japanese Grand Prix,2024,4,2024-04-07,train
0 days 02:05:58.711000,RUS,63,0 days 00:01:39.492000,21.0,2.0,,,0 days 00:00:36.048000,0 days 00:00:44.456000,0 days 00:00:18.988000,0 days 02:04:55.295000,0 days 02:05:39.751000,0 days 02:05:58.739000,277.0,299.0,259.0,300.0,False,HARD,20.0,True,Mercedes,0 days 02:04:19.219000,,1,6.0,False,,False,True,2024-04,Japanese Grand Prix,2024,4,2024-04-07,train
0 days 02:07:39.606000,RUS,63,0 days 00:01:40.895000,22.0,2.0,,0 days 02:07:38.477000,0 days 00:00:35.758000,0 days 00:00:44.026000,0 days 00:00:21.111000,0 days 02:06:34.497000,0 days 02:07:18.523000,0 days 02:07:39.634000,277.0,297.0,,297.0,False,HARD,21.0,True,Mercedes,0 days 02:05:58.711000,,1,7.0,False,,False,False,2024-04,Japanese Grand Prix,2024,4,2024-04-07,train
0 days 02:09:35.158000,RUS,63,0 days 00:01:55.552000,23.0,3.0,0 days 02:08:01.873000,,0 days 00:00:54.686000,0 days 00:00:42.375000,0 days 00:00:18.491000,0 days 02:08:34.320000,0 days 02:09:16.695000,0 days 02:09:35.186000,276.0,295.0,256.0,293.0,False,HARD,1.0,True,Mercedes,0 days 02:07:39.606000,,1,9.0,False,,False,False,2024-04,Japanese Grand Prix,2024,4,2024-04-07,train
0 days 02:11:10.307000,RUS,63,0 days 00:01:35.149000,24.0,3.0,,,0 days 00:00:34.356000,0 days 00:00:42.322000,0 days 00:00:18.471000,0 days 02:10:09.542000,0 days 02:10:51.864000,0 days 02:11:10.335000,277.0,295.0,255.0,292.0,True,HARD,2.0,True,Mercedes,0 days 02:09:35.158000,,1,8.0,False,,False,True,2024-04,Japanese Grand Prix,2024,4,2024-04-07,train
0 days 02:12:45.980000,RUS,63,0 days 00:01:35.673000,25.0,3.0,,,0 days 00:00:34.380000,0 days 00:00:42.769000,0 days 00:00:18.524000,0 days 02:11:44.715000,0 days 02:12:27.484000,0 days 02:12:46.008000,279.0,296.0,255.0,294.0,False,HARD,3.0,True,Mercedes,0 days 02:11:10.307000,,1,8.0,False,,False,True,2024-04,Japanese Grand Prix,2024,4,2024-04-07,train
0 days 02:14:21.755000,RUS,63,0 days 00:01:35.775000,26.0,3.0,,,0 days 00:00:34.524000,0 days 00:00:42.725000,0 days 00:00:18.526000,0 days 02:13:20.532000,0 days 02:14:03.257000,0 days 02:14:21.783000,279.0,296.0,255.0,295.0,False,HARD,4.0,True,Mercedes,0 days 02:12:45.980000,,1,8.0,False,,False,True,2024-04,Japanese Grand Prix,2024,4,2024-04-07,train
0 days 02:15:59.035000,RUS,63,0 days 00:01:37.280000,27.0,3.0,,,0 days 00:00:35.722000,0 days 00:00:43.012000,0 days 00:00:18.546000,0 days 02:14:57.505000,0 days 02:15:40.517000,0 days 02:15:59.063000,281.0,300.0,259.0,299.0,False,HARD,5.0,True,Mercedes,0 days 02:14:21.755000,,1,7.0,False,,False,True,2024-04,Japanese Grand Prix,2024,4,2024-04-07,train
0 days 02:17:36.599000,RUS,63,0 days 00:01:37.564000,28.0,3.0,,,0 days 00:00:35.752000,0 days 00:00:43.178000,0 days 00:00:18.634000,0 days 02:16:34.815000,0 days 02:17:17.993000,0 days 02:17:36.627000,278.0,302.0,256.0,298.0,False,HARD,6.0,True,Mercedes,0 days 02:15:59.035000,,1,8.0,False,,False,True,2024-04,Japanese Grand Prix,2024,4,2024-04-07,train
0 days 02:19:13.298000,RUS,63,0 days 00:01:36.699000,29.0,3.0,,,0 days 00:00:35.090000,0 days 00:00:42.956000,0 days 00:00:18.653000,0 days 02:18:11.717000,0 days 02:18:54.673000,0 days 02:19:13.326000,277.0,301.0,257.0,300.0,False,HARD,7.0,True,Mercedes,0 days 02:17:36.599000,,1,8.0,False,,False,True,2024-04,Japanese Grand Prix,2024,4,2024-04-07,train
0 days 02:20:49.791000,RUS,63,0 days 00:01:36.493000,30.0,3.0,,,0 days 00:00:34.974000,0 days 00:00:42.949000,0 days 00:00:18.570000,0 days 02:19:48.300000,0 days 02:20:31.249000,0 days 02:20:49.819000,279.0,300.0,257.0,299.0,False,HARD,8.0,True,Mercedes,0 days 02:19:13.298000,,1,8.0,False,,False,True,2024-04,Japanese Grand Prix,2024,4,2024-04-07,train
0 days 02:22:26.567000,RUS,63,0 days 00:01:36.776000,31.0,3.0,,,0 days 00:00:35.019000,0 days 00:00:43.110000,0 days 00:00:18.647000,0 days 02:21:24.838000,0 days 02:22:07.948000,0 days 02:22:26.595000,279.0,300.0,256.0,298.0,False,HARD,9.0,True,Mercedes,0 days 02:20:49.791000,,1,8.0,False,,False,True,2024-04,Japanese Grand Prix,2024,4,2024-04-07,train
0 days 02:24:03.311000,RUS,63,0 days 00:01:36.744000,32.0,3.0,,,0 days 00:00:34.984000,0 days 00:00:42.930000,0 days 00:00:18.830000,0 days 02:23:01.579000,0 days 02:23:44.509000,0 days 02:24:03.339000,279.0,299.0,255.0,299.0,False,HARD,10.0,True,Mercedes,0 days 02:22:26.567000,,1,8.0,False,,False,True,2024-04,Japanese Grand Prix,2024,4,2024-04-07,train
0 days 02:25:39.694000,RUS,63,0 days 00:01:36.383000,33.0,3.0,,,0 days 00:00:34.868000,0 days 00:00:42.900000,0 days 00:00:18.615000,0 days 02:24:38.207000,0 days 02:25:21.107000,0 days 02:25:39.722000,278.0,301.0,256.0,299.0,False,HARD,11.0,True,Mercedes,0 days 02:24:03.311000,,1,7.0,False,,False,True,2024-04,Japanese Grand Prix,2024,4,2024-04-07,train
0 days 02:27:16.398000,RUS,63,0 days 00:01:36.704000,34.0,3.0,,,0 days 00:00:35.021000,0 days 00:00:42.991000,0 days 00:00:18.692000,0 days 02:26:14.743000,0 days 02:26:57.734000,0 days 02:27:16.426000,277.0,300.0,257.0,298.0,False,HARD,12.0,True,Mercedes,0 days 02:25:39.694000,,1,6.0,False,,False,True,2024-04,Japanese Grand Prix,2024,4,2024-04-07,train
0 days 02:28:52.868000,RUS,63,0 days 00:01:36.470000,35.0,3.0,,,0 days 00:00:34.850000,0 days 00:00:42.992000,0 days 00:00:18.628000,0 days 02:27:51.276000,0 days 02:28:34.268000,0 days 02:28:52.896000,279.0,300.0,257.0,299.0,False,HARD,13.0,True,Mercedes,0 days 02:27:16.398000,,1,6.0,False,,False,True,2024-04,Japanese Grand Prix,2024,4,2024-04-07,train
0 days 02:30:29.336000,RUS,63,0 days 00:01:36.468000,36.0,3.0,,,0 days 00:00:34.718000,0 days 00:00:43.105000,0 days 00:00:18.645000,0 days 02:29:27.614000,0 days 02:30:10.719000,0 days 02:30:29.364000,279.0,300.0,258.0,298.0,False,HARD,14.0,True,Mercedes,0 days 02:28:52.868000,,1,6.0,False,,False,True,2024-04,Japanese Grand Prix,2024,4,2024-04-07,train
0 days 02:32:08.166000,RUS,63,0 days 00:01:38.830000,37.0,3.0,,0 days 02:32:06.931000,0 days 00:00:34.759000,0 days 00:00:43.260000,0 days 00:00:20.811000,0 days 02:31:04.123000,0 days 02:31:47.383000,0 days 02:32:08.194000,280.0,299.0,,298.0,False,HARD,15.0,True,Mercedes,0 days 02:30:29.336000,,1,5.0,False,,False,False,2024-04,Japanese Grand Prix,2024,4,2024-04-07,train
0 days 02:34:02.091000,RUS,63,0 days 00:01:53.925000,38.0,4.0,0 days 02:32:29.899000,,0 days 00:00:53.528000,0 days 00:00:41.902000,0 days 00:00:18.495000,0 days 02:33:01.722000,0 days 02:33:43.624000,0 days 02:34:02.119000,278.0,298.0,258.0,294.0,False,MEDIUM,2.0,False,Mercedes,0 days 02:32:08.166000,,1,9.0,False,,False,False,2024-04,Japanese Grand Prix,2024,4,2024-04-07,train
0 days 02:35:36.495000,RUS,63,0 days 00:01:34.404000,39.0,4.0,,,0 days 00:00:34.005000,0 days 00:00:42.106000,0 days 00:00:18.293000,0 days 02:34:36.124000,0 days 02:35:18.230000,0 days 02:35:36.523000,281.0,299.0,258.0,296.0,True,MEDIUM,3.0,False,Mercedes,0 days 02:34:02.091000,,1,9.0,False,,False,True,2024-04,Japanese Grand Prix,2024,4,2024-04-07,train
0 days 02:37:11.032000,RUS,63,0 days 00:01:34.537000,40.0,4.0,,,0 days 00:00:33.931000,0 days 00:00:42.253000,0 days 00:00:18.353000,0 days 02:36:10.454000,0 days 02:36:52.707000,0 days 02:37:11.060000,279.0,299.0,259.0,296.0,False,MEDIUM,4.0,False,Mercedes,0 days 02:35:36.495000,,1,8.0,False,,False,True,2024-04,Japanese Grand Prix,2024,4,2024-04-07,train
0 days 02:38:45.573000,RUS,63,0 days 00:01:34.541000,41.0,4.0,,,0 days 00:00:34.130000,0 days 00:00:42.024000,0 days 00:00:18.387000,0 days 02:37:45.190000,0 days 02:38:27.214000,0 days 02:38:45.601000,279.0,299.0,258.0,296.0,False,MEDIUM,5.0,False,Mercedes,0 days 02:37:11.032000,,12,8.0,False,,False,True,2024-04,Japanese Grand Prix,2024,4,2024-04-07,train
0 days 02:40:20.872000,RUS,63,0 days 00:01:35.299000,42.0,4.0,,,0 days 00:00:34.104000,0 days 00:00:42.758000,0 days 00:00:18.437000,0 days 02:39:19.705000,0 days 02:40:02.463000,0 days 02:40:20.900000,280.0,300.0,258.0,297.0,False,MEDIUM,6.0,False,Mercedes,0 days 02:38:45.573000,,21,8.0,False,,False,True,2024-04,Japanese Grand Prix,2024,4,2024-04-07,train
0 days 02:41:56.013000,RUS,63,0 days 00:01:35.141000,43.0,4.0,,,0 days 00:00:34.286000,0 days 00:00:42.430000,0 days 00:00:18.425000,0 days 02:40:55.186000,0 days 02:41:37.616000,0 days 02:41:56.041000,280.0,300.0,258.0,298.0,False,MEDIUM,7.0,False,Mercedes,0 days 02:40:20.872000,,1,8.0,False,,False,True,2024-04,Japanese Grand Prix,2024,4,2024-04-07,train
0 days 02:43:30.847000,RUS,63,0 days 00:01:34.834000,44.0,4.0,,,0 days 00:00:34.142000,0 days 00:00:42.290000,0 days 00:00:18.402000,0 days 02:42:30.183000,0 days 02:43:12.473000,0 days 02:43:30.875000,281.0,301.0,258.0,299.0,False,MEDIUM,8.0,False,Mercedes,0 days 02:41:56.013000,,1,8.0,False,,False,True,2024-04,Japanese Grand Prix,2024,4,2024-04-07,train
0 days 02:45:05.760000,RUS,63,0 days 00:01:34.913000,45.0,4.0,,,0 days 00:00:34.097000,0 days 00:00:42.322000,0 days 00:00:18.494000,0 days 02:44:04.972000,0 days 02:44:47.294000,0 days 02:45:05.788000,279.0,301.0,258.0,300.0,False,MEDIUM,9.0,False,Mercedes,0 days 02:43:30.847000,,1,8.0,False,,False,True,2024-04,Japanese Grand Prix,2024,4,2024-04-07,train
0 days 02:46:40.875000,RUS,63,0 days 00:01:35.115000,46.0,4.0,,,0 days 00:00:34.155000,0 days 00:00:42.443000,0 days 00:00:18.517000,0 days 02:45:39.943000,0 days 02:46:22.386000,0 days 02:46:40.903000,280.0,302.0,259.0,301.0,False,MEDIUM,10.0,False,Mercedes,0 days 02:45:05.760000,,1,8.0,False,,False,True,2024-04,Japanese Grand Prix,2024,4,2024-04-07,train
0 days 02:48:16.192000,RUS,63,0 days 00:01:35.317000,47.0,4.0,,,0 days 00:00:34.285000,0 days 00:00:42.544000,0 days 00:00:18.488000,0 days 02:47:15.188000,0 days 02:47:57.732000,0 days 02:48:16.220000,282.0,302.0,259.0,302.0,False,MEDIUM,11.0,False,Mercedes,0 days 02:46:40.875000,,1,8.0,False,,False,True,2024-04,Japanese Grand Prix,2024,4,2024-04-07,train
0 days 02:49:51.615000,RUS,63,0 days 00:01:35.423000,48.0,4.0,,,0 days 00:00:34.368000,0 days 00:00:42.505000,0 days 00:00:18.550000,0 days 02:48:50.588000,0 days 02:49:33.093000,0 days 02:49:51.643000,282.0,305.0,264.0,306.0,False,MEDIUM,12.0,False,Mercedes,0 days 02:48:16.192000,,1,8.0,False,,False,True,2024-04,Japanese Grand Prix,2024,4,2024-04-07,train
0 days 02:51:27.639000,RUS,63,0 days 00:01:36.024000,49.0,4.0,,,0 days 00:00:34.458000,0 days 00:00:42.609000,0 days 00:00:18.957000,0 days 02:50:26.101000,0 days 02:51:08.710000,0 days 02:51:27.667000,279.0,307.0,265.0,307.0,False,MEDIUM,13.0,False,Mercedes,0 days 02:49:51.615000,,1,8.0,False,,False,True,2024-04,Japanese Grand Prix,2024,4,2024-04-07,train
0 days 02:53:04.104000,RUS,63,0 days 00:01:36.465000,50.0,4.0,,,0 days 00:00:34.683000,0 days 00:00:43.167000,0 days 00:00:18.615000,0 days 02:52:02.350000,0 days 02:52:45.517000,0 days 02:53:04.132000,284.0,303.0,264.0,304.0,False,MEDIUM,14.0,False,Mercedes,0 days 02:51:27.639000,,1,8.0,False,,False,True,2024-04,Japanese Grand Prix,2024,4,2024-04-07,train
0 days 02:54:39.533000,RUS,63,0 days 00:01:35.429000,51.0,4.0,,,0 days 00:00:34.260000,0 days 00:00:42.550000,0 days 00:00:18.619000,0 days 02:53:38.392000,0 days 02:54:20.942000,0 days 02:54:39.561000,280.0,306.0,264.0,305.0,False,MEDIUM,15.0,False,Mercedes,0 days 02:53:04.104000,,1,8.0,False,,False,True,2024-04,Japanese Grand Prix,2024,4,2024-04-07,train
0 days 02:56:15.276000,RUS,63,0 days 00:01:35.743000,52.0,4.0,,,0 days 00:00:34.392000,0 days 00:00:42.708000,0 days 00:00:18.643000,0 days 02:55:13.953000,0 days 02:55:56.661000,0 days 02:56:15.304000,283.0,305.0,267.0,304.0,False,MEDIUM,16.0,False,Mercedes,0 days 02:54:39.533000,,1,8.0,False,,False,True,2024-04,Japanese Grand Prix,2024,4,2024-04-07,train
0 days 02:57:50.178000,RUS,63,0 days 00:01:34.902000,53.0,4.0,,,0 days 00:00:33.810000,0 days 00:00:42.590000,0 days 00:00:18.502000,0 days 02:56:49.114000,0 days 02:57:31.704000,0 days 02:57:50.206000,280.0,303.0,259.0,301.0,False,MEDIUM,17.0,False,Mercedes,0 days 02:56:15.276000,,1,7.0,False,,False,True,2024-04,Japanese Grand Prix,2024,4,2024-04-07,train
0 days 01:05:13.546000,HAM,44,0 days 00:02:32.716000,1.0,1.0,,0 days 01:05:11.331000,,0 days 00:01:17.160000,0 days 00:00:37.060000,,0 days 01:04:36.486000,0 days 01:05:13.594000,278.0,176.0,,153.0,False,MEDIUM,1.0,True,Mercedes,0 days 01:02:40.422000,,125,7.0,False,,False,False,2024-04,Japanese Grand Prix,2024,4,2024-04-07,train
0 days 01:33:43.439000,HAM,44,,2.0,2.0,0 days 01:31:32.133000,,,0 days 00:00:49.281000,0 days 00:00:46.041000,,0 days 01:32:57.398000,0 days 01:33:43.516000,271.0,209.0,39.0,130.0,False,HARD,1.0,True,Mercedes,0 days 01:30:58.774000,,1,7.0,False,,False,False,2024-04,Japanese Grand Prix,2024,4,2024-04-07,train
0 days 01:36:20.503000,HAM,44,,3.0,2.0,,,0 days 00:01:34.401000,0 days 00:00:43.993000,0 days 00:00:18.759000,0 days 01:35:17.906000,0 days 01:36:01.962000,0 days 01:36:20.649000,278.0,298.0,254.0,298.0,False,HARD,2.0,True,Mercedes,0 days 01:33:43.439000,,1,8.0,False,,False,False,2024-04,Japanese Grand Prix,2024,4,2024-04-07,train
0 days 01:37:58.806000,HAM,44,0 days 00:01:38.303000,4.0,2.0,,,0 days 00:00:35.858000,0 days 00:00:43.823000,0 days 00:00:18.622000,0 days 01:36:56.361000,0 days 01:37:40.184000,0 days 01:37:58.806000,276.0,298.0,258.0,299.0,True,HARD,3.0,True,Mercedes,0 days 01:36:20.503000,,1,8.0,False,,False,True,2024-04,Japanese Grand Prix,2024,4,2024-04-07,train
0 days 01:39:36.945000,HAM,44,0 days 00:01:38.139000,5.0,2.0,,,0 days 00:00:35.536000,0 days 00:00:43.844000,0 days 00:00:18.759000,0 days 01:38:34.342000,0 days 01:39:18.186000,0 days 01:39:36.945000,277.0,299.0,257.0,298.0,True,HARD,4.0,True,Mercedes,0 days 01:37:58.806000,,1,8.0,False,,False,True,2024-04,Japanese Grand Prix,2024,4,2024-04-07,train
0 days 01:41:15.135000,HAM,44,0 days 00:01:38.190000,6.0,2.0,,,0 days 00:00:35.579000,0 days 00:00:43.867000,0 days 00:00:18.744000,0 days 01:40:12.524000,0 days 01:40:56.391000,0 days 01:41:15.135000,273.0,299.0,254.0,301.0,False,HARD,5.0,True,Mercedes,0 days 01:39:36.945000,,1,8.0,False,,False,True,2024-04,Japanese Grand Prix,2024,4,2024-04-07,train
0 days 01:42:53.509000,HAM,44,0 days 00:01:38.374000,7.0,2.0,,,0 days 00:00:35.608000,0 days 00:00:43.999000,0 days 00:00:18.767000,0 days 01:41:50.743000,0 days 01:42:34.742000,0 days 01:42:53.509000,273.0,298.0,254.0,299.0,False,HARD,6.0,True,Mercedes,0 days 01:41:15.135000,,1,8.0,False,,False,True,2024-04,Japanese Grand Prix,2024,4,2024-04-07,train
0 days 01:44:31.605000,HAM,44,0 days 00:01:38.096000,8.0,2.0,,,0 days 00:00:35.574000,0 days 00:00:43.767000,0 days 00:00:18.755000,0 days 01:43:29.083000,0 days 01:44:12.850000,0 days 01:44:31.605000,275.0,299.0,254.0,301.0,True,HARD,7.0,True,Mercedes,0 days 01:42:53.509000,,1,8.0,False,,False,True,2024-04,Japanese Grand Prix,2024,4,2024-04-07,train
0 days 01:46:10.138000,HAM,44,0 days 00:01:38.533000,9.0,2.0,,,0 days 00:00:35.734000,0 days 00:00:43.914000,0 days 00:00:18.885000,0 days 01:45:07.339000,0 days 01:45:51.253000,0 days 01:46:10.138000,273.0,298.0,252.0,299.0,False,HARD,8.0,True,Mercedes,0 days 01:44:31.605000,,1,8.0,False,,False,True,2024-04,Japanese Grand Prix,2024,4,2024-04-07,train
0 days 01:47:48.841000,HAM,44,0 days 00:01:38.703000,10.0,2.0,,,0 days 00:00:35.851000,0 days 00:00:44.070000,0 days 00:00:18.782000,0 days 01:46:45.989000,0 days 01:47:30.059000,0 days 01:47:48.841000,272.0,298.0,253.0,297.0,False,HARD,9.0,True,Mercedes,0 days 01:46:10.138000,,1,8.0,False,,False,True,2024-04,Japanese Grand Prix,2024,4,2024-04-07,train
0 days 01:49:28.133000,HAM,44,0 days 00:01:39.292000,11.0,2.0,,,0 days 00:00:35.838000,0 days 00:00:44.473000,0 days 00:00:18.981000,0 days 01:48:24.679000,0 days 01:49:09.152000,0 days 01:49:28.133000,274.0,297.0,253.0,300.0,False,HARD,10.0,True,Mercedes,0 days 01:47:48.841000,,1,8.0,False,,False,True,2024-04,Japanese Grand Prix,2024,4,2024-04-07,train
0 days 01:51:07.335000,HAM,44,0 days 00:01:39.202000,12.0,2.0,,,0 days 00:00:35.899000,0 days 00:00:44.422000,0 days 00:00:18.881000,0 days 01:50:04.032000,0 days 01:50:48.454000,0 days 01:51:07.335000,275.0,296.0,254.0,298.0,False,HARD,11.0,True,Mercedes,0 days 01:49:28.133000,,1,7.0,False,,False,True,2024-04,Japanese Grand Prix,2024,4,2024-04-07,train
0 days 01:52:47.575000,HAM,44,0 days 00:01:40.240000,13.0,2.0,,,0 days 00:00:35.824000,0 days 00:00:44.247000,0 days 00:00:20.169000,0 days 01:51:43.159000,0 days 01:52:27.406000,0 days 01:52:47.575000,277.0,296.0,255.0,298.0,False,HARD,12.0,True,Mercedes,0 days 01:51:07.335000,,1,7.0,False,,False,True,2024-04,Japanese Grand Prix,2024,4,2024-04-07,train
0 days 01:54:26.628000,HAM,44,0 days 00:01:39.053000,14.0,2.0,,,0 days 00:00:35.984000,0 days 00:00:44.192000,0 days 00:00:18.877000,0 days 01:53:23.559000,0 days 01:54:07.751000,0 days 01:54:26.628000,275.0,296.0,254.0,299.0,False,HARD,13.0,True,Mercedes,0 days 01:52:47.575000,,1,6.0,False,,False,True,2024-04,Japanese Grand Prix,2024,4,2024-04-07,train
0 days 01:56:05.543000,HAM,44,0 days 00:01:38.915000,15.0,2.0,,,0 days 00:00:35.941000,0 days 00:00:44.095000,0 days 00:00:18.879000,0 days 01:55:02.569000,0 days 01:55:46.664000,0 days 01:56:05.543000,275.0,298.0,254.0,299.0,False,HARD,14.0,True,Mercedes,0 days 01:54:26.628000,,1,6.0,False,,False,True,2024-04,Japanese Grand Prix,2024,4,2024-04-07,train
0 days 01:57:44.236000,HAM,44,0 days 00:01:38.693000,16.0,2.0,,,0 days 00:00:35.818000,0 days 00:00:43.958000,0 days 00:00:18.917000,0 days 01:56:41.361000,0 days 01:57:25.319000,0 days 01:57:44.236000,277.0,297.0,255.0,299.0,False,HARD,15.0,True,Mercedes,0 days 01:56:05.543000,,1,4.0,False,,False,True,2024-04,Japanese Grand Prix,2024,4,2024-04-07,train
0 days 01:59:24.766000,HAM,44,0 days 00:01:40.530000,17.0,2.0,,,0 days 00:00:36.398000,0 days 00:00:44.256000,0 days 00:00:19.876000,0 days 01:58:20.634000,0 days 01:59:04.890000,0 days 01:59:24.766000,278.0,299.0,257.0,250.0,False,HARD,16.0,True,Mercedes,0 days 01:57:44.236000,,1,6.0,False,,False,True,2024-04,Japanese Grand Prix,2024,4,2024-04-07,train
0 days 02:01:04.070000,HAM,44,0 days 00:01:39.304000,18.0,2.0,,,0 days 00:00:36.162000,0 days 00:00:44.270000,0 days 00:00:18.872000,0 days 02:00:00.928000,0 days 02:00:45.198000,0 days 02:01:04.070000,276.0,298.0,254.0,298.0,False,HARD,17.0,True,Mercedes,0 days 01:59:24.766000,,1,6.0,False,,False,True,2024-04,Japanese Grand Prix,2024,4,2024-04-07,train
0 days 02:02:43.422000,HAM,44,0 days 00:01:39.352000,19.0,2.0,,,0 days 00:00:35.728000,0 days 00:00:44.662000,0 days 00:00:18.962000,0 days 02:01:39.798000,0 days 02:02:24.460000,0 days 02:02:43.422000,277.0,301.0,256.0,302.0,False,HARD,18.0,True,Mercedes,0 days 02:01:04.070000,,1,7.0,False,,False,True,2024-04,Japanese Grand Prix,2024,4,2024-04-07,train
0 days 02:04:22.041000,HAM,44,0 days 00:01:38.619000,20.0,2.0,,,0 days 00:00:35.668000,0 days 00:00:44.172000,0 days 00:00:18.779000,0 days 02:03:19.090000,0 days 02:04:03.262000,0 days 02:04:22.041000,276.0,298.0,254.0,299.0,False,HARD,19.0,True,Mercedes,0 days 02:02:43.422000,,1,7.0,False,,False,True,2024-04,Japanese Grand Prix,2024,4,2024-04-07,train
0 days 02:06:00.683000,HAM,44,0 days 00:01:38.642000,21.0,2.0,,,0 days 00:00:35.841000,0 days 00:00:43.997000,0 days 00:00:18.804000,0 days 02:04:57.882000,0 days 02:05:41.879000,0 days 02:06:00.683000,276.0,297.0,255.0,298.0,False,HARD,20.0,True,Mercedes,0 days 02:04:22.041000,,1,7.0,False,,False,True,2024-04,Japanese Grand Prix,2024,4,2024-04-07,train
0 days 02:07:40.506000,HAM,44,0 days 00:01:39.823000,22.0,2.0,,,0 days 00:00:36.660000,0 days 00:00:44.270000,0 days 00:00:18.893000,0 days 02:06:37.343000,0 days 02:07:21.613000,0 days 02:07:40.506000,276.0,298.0,254.0,300.0,False,HARD,21.0,True,Mercedes,0 days 02:06:00.683000,,1,8.0,False,,False,True,2024-04,Japanese Grand Prix,2024,4,2024-04-07,train
0 days 02:09:21.972000,HAM,44,0 days 00:01:41.466000,23.0,2.0,,0 days 02:09:20.721000,0 days 00:00:35.820000,0 days 00:00:44.201000,0 days 00:00:21.445000,0 days 02:08:16.326000,0 days 02:09:00.527000,0 days 02:09:21.972000,275.0,298.0,,298.0,False,HARD,22.0,True,Mercedes,0 days 02:07:40.506000,,1,8.0,False,,False,False,2024-04,Japanese Grand Prix,2024,4,2024-04-07,train
0 days 02:11:17.099000,HAM,44,0 days 00:01:55.127000,24.0,3.0,0 days 02:09:44.066000,,0 days 00:00:54.358000,0 days 00:00:42.356000,0 days 00:00:18.413000,0 days 02:10:16.330000,0 days 02:10:58.686000,0 days 02:11:17.099000,280.0,295.0,256.0,291.0,False,HARD,1.0,True,Mercedes,0 days 02:09:21.972000,,1,9.0,False,,False,False,2024-04,Japanese Grand Prix,2024,4,2024-04-07,train
0 days 02:12:52.531000,HAM,44,0 days 00:01:35.432000,25.0,3.0,,,0 days 00:00:34.524000,0 days 00:00:42.559000,0 days 00:00:18.349000,0 days 02:11:51.623000,0 days 02:12:34.182000,0 days 02:12:52.531000,279.0,297.0,255.0,296.0,True,HARD,2.0,True,Mercedes,0 days 02:11:17.099000,,1,9.0,False,,False,True,2024-04,Japanese Grand Prix,2024,4,2024-04-07,train
0 days 02:14:27.978000,HAM,44,0 days 00:01:35.447000,26.0,3.0,,,0 days 00:00:34.170000,0 days 00:00:42.728000,0 days 00:00:18.549000,0 days 02:13:26.701000,0 days 02:14:09.429000,0 days 02:14:27.978000,279.0,297.0,254.0,295.0,False,HARD,3.0,True,Mercedes,0 days 02:12:52.531000,,1,9.0,False,,False,True,2024-04,Japanese Grand Prix,2024,4,2024-04-07,train
0 days 02:16:04.113000,HAM,44,0 days 00:01:36.135000,27.0,3.0,,,0 days 00:00:34.746000,0 days 00:00:42.943000,0 days 00:00:18.446000,0 days 02:15:02.724000,0 days 02:15:45.667000,0 days 02:16:04.113000,279.0,299.0,256.0,297.0,False,HARD,4.0,True,Mercedes,0 days 02:14:27.978000,,1,9.0,False,,False,True,2024-04,Japanese Grand Prix,2024,4,2024-04-07,train
0 days 02:17:40.408000,HAM,44,0 days 00:01:36.295000,28.0,3.0,,,0 days 00:00:34.843000,0 days 00:00:42.959000,0 days 00:00:18.493000,0 days 02:16:38.956000,0 days 02:17:21.915000,0 days 02:17:40.408000,277.0,299.0,254.0,299.0,False,HARD,5.0,True,Mercedes,0 days 02:16:04.113000,,1,9.0,False,,False,True,2024-04,Japanese Grand Prix,2024,4,2024-04-07,train
0 days 02:19:17.154000,HAM,44,0 days 00:01:36.746000,29.0,3.0,,,0 days 00:00:34.932000,0 days 00:00:43.149000,0 days 00:00:18.665000,0 days 02:18:15.340000,0 days 02:18:58.489000,0 days 02:19:17.154000,280.0,299.0,255.0,298.0,False,HARD,6.0,True,Mercedes,0 days 02:17:40.408000,,1,9.0,False,,False,True,2024-04,Japanese Grand Prix,2024,4,2024-04-07,train
0 days 02:20:53.553000,HAM,44,0 days 00:01:36.399000,30.0,3.0,,,0 days 00:00:34.825000,0 days 00:00:42.982000,0 days 00:00:18.592000,0 days 02:19:51.979000,0 days 02:20:34.961000,0 days 02:20:53.553000,277.0,300.0,255.0,299.0,False,HARD,7.0,True,Mercedes,0 days 02:19:17.154000,,1,9.0,False,,False,True,2024-04,Japanese Grand Prix,2024,4,2024-04-07,train
0 days 02:22:30.139000,HAM,44,0 days 00:01:36.586000,31.0,3.0,,,0 days 00:00:35.010000,0 days 00:00:43.081000,0 days 00:00:18.495000,0 days 02:21:28.563000,0 days 02:22:11.644000,0 days 02:22:30.139000,278.0,299.0,256.0,297.0,False,HARD,8.0,True,Mercedes,0 days 02:20:53.553000,,1,9.0,False,,False,True,2024-04,Japanese Grand Prix,2024,4,2024-04-07,train
0 days 02:24:06.740000,HAM,44,0 days 00:01:36.601000,32.0,3.0,,,0 days 00:00:34.864000,0 days 00:00:43.096000,0 days 00:00:18.641000,0 days 02:23:05.003000,0 days 02:23:48.099000,0 days 02:24:06.740000,280.0,300.0,255.0,299.0,False,HARD,9.0,True,Mercedes,0 days 02:22:30.139000,,1,9.0,False,,False,True,2024-04,Japanese Grand Prix,2024,4,2024-04-07,train
0 days 02:25:43.184000,HAM,44,0 days 00:01:36.444000,33.0,3.0,,,0 days 00:00:34.902000,0 days 00:00:43.011000,0 days 00:00:18.531000,0 days 02:24:41.642000,0 days 02:25:24.653000,0 days 02:25:43.184000,278.0,300.0,255.0,299.0,False,HARD,10.0,True,Mercedes,0 days 02:24:06.740000,,1,8.0,False,,False,True,2024-04,Japanese Grand Prix,2024,4,2024-04-07,train
0 days 02:27:19.891000,HAM,44,0 days 00:01:36.707000,34.0,3.0,,,0 days 00:00:34.966000,0 days 00:00:43.168000,0 days 00:00:18.573000,0 days 02:26:18.150000,0 days 02:27:01.318000,0 days 02:27:19.891000,280.0,301.0,257.0,298.0,False,HARD,11.0,True,Mercedes,0 days 02:25:43.184000,,1,7.0,False,,False,True,2024-04,Japanese Grand Prix,2024,4,2024-04-07,train
0 days 02:28:56.405000,HAM,44,0 days 00:01:36.514000,35.0,3.0,,,0 days 00:00:34.839000,0 days 00:00:43.130000,0 days 00:00:18.545000,0 days 02:27:54.730000,0 days 02:28:37.860000,0 days 02:28:56.405000,277.0,300.0,257.0,300.0,False,HARD,12.0,True,Mercedes,0 days 02:27:19.891000,,1,7.0,False,,False,True,2024-04,Japanese Grand Prix,2024,4,2024-04-07,train
0 days 02:30:32.596000,HAM,44,0 days 00:01:36.191000,36.0,3.0,,,0 days 00:00:34.637000,0 days 00:00:43.020000,0 days 00:00:18.534000,0 days 02:29:31.042000,0 days 02:30:14.062000,0 days 02:30:32.596000,280.0,300.0,257.0,299.0,False,HARD,13.0,True,Mercedes,0 days 02:28:56.405000,,1,7.0,False,,False,True,2024-04,Japanese Grand Prix,2024,4,2024-04-07,train
0 days 02:32:09.218000,HAM,44,0 days 00:01:36.622000,37.0,3.0,,,0 days 00:00:34.803000,0 days 00:00:43.279000,0 days 00:00:18.540000,0 days 02:31:07.399000,0 days 02:31:50.678000,0 days 02:32:09.218000,277.0,300.0,257.0,300.0,False,HARD,14.0,True,Mercedes,0 days 02:30:32.596000,,1,6.0,False,,False,True,2024-04,Japanese Grand Prix,2024,4,2024-04-07,train
0 days 02:33:46.676000,HAM,44,0 days 00:01:37.458000,38.0,3.0,,,0 days 00:00:35.605000,0 days 00:00:43.258000,0 days 00:00:18.595000,0 days 02:32:44.823000,0 days 02:33:28.081000,0 days 02:33:46.676000,281.0,300.0,256.0,299.0,False,HARD,15.0,True,Mercedes,0 days 02:32:09.218000,,1,6.0,False,,False,True,2024-04,Japanese Grand Prix,2024,4,2024-04-07,train
0 days 02:35:25.706000,HAM,44,0 days 00:01:39.030000,39.0,3.0,,0 days 02:35:24.495000,0 days 00:00:34.938000,0 days 00:00:43.183000,0 days 00:00:20.909000,0 days 02:34:21.614000,0 days 02:35:04.797000,0 days 02:35:25.706000,281.0,300.0,,299.0,False,HARD,16.0,True,Mercedes,0 days 02:33:46.676000,,1,6.0,False,,False,False,2024-04,Japanese Grand Prix,2024,4,2024-04-07,train
0 days 02:37:20.115000,HAM,44,0 days 00:01:54.409000,40.0,4.0,0 days 02:35:48.309000,,0 days 00:00:54.183000,0 days 00:00:41.851000,0 days 00:00:18.375000,0 days 02:36:19.889000,0 days 02:37:01.740000,0 days 02:37:20.115000,283.0,298.0,258.0,293.0,False,MEDIUM,2.0,False,Mercedes,0 days 02:35:25.706000,,1,9.0,False,,False,False,2024-04,Japanese Grand Prix,2024,4,2024-04-07,train
0 days 02:38:54.067000,HAM,44,0 days 00:01:33.952000,41.0,4.0,,,0 days 00:00:33.633000,0 days 00:00:42.033000,0 days 00:00:18.286000,0 days 02:37:53.748000,0 days 02:38:35.781000,0 days 02:38:54.067000,283.0,299.0,258.0,296.0,True,MEDIUM,3.0,False,Mercedes,0 days 02:37:20.115000,,12,9.0,False,,False,True,2024-04,Japanese Grand Prix,2024,4,2024-04-07,train
0 days 02:40:28.305000,HAM,44,0 days 00:01:34.238000,42.0,4.0,,,0 days 00:00:33.805000,0 days 00:00:42.220000,0 days 00:00:18.213000,0 days 02:39:27.872000,0 days 02:40:10.092000,0 days 02:40:28.305000,279.0,299.0,258.0,297.0,False,MEDIUM,4.0,False,Mercedes,0 days 02:38:54.067000,,21,9.0,False,,False,True,2024-04,Japanese Grand Prix,2024,4,2024-04-07,train
0 days 02:42:02.387000,HAM,44,0 days 00:01:34.082000,43.0,4.0,,,0 days 00:00:33.727000,0 days 00:00:42.033000,0 days 00:00:18.322000,0 days 02:41:02.032000,0 days 02:41:44.065000,0 days 02:42:02.387000,281.0,300.0,257.0,297.0,False,MEDIUM,5.0,False,Mercedes,0 days 02:40:28.305000,,1,9.0,False,,False,True,2024-04,Japanese Grand Prix,2024,4,2024-04-07,train
0 days 02:43:36.724000,HAM,44,0 days 00:01:34.337000,44.0,4.0,,,0 days 00:00:33.907000,0 days 00:00:42.172000,0 days 00:00:18.258000,0 days 02:42:36.294000,0 days 02:43:18.466000,0 days 02:43:36.724000,280.0,300.0,257.0,298.0,False,MEDIUM,6.0,False,Mercedes,0 days 02:42:02.387000,,1,9.0,False,,False,True,2024-04,Japanese Grand Prix,2024,4,2024-04-07,train
0 days 02:45:11.515000,HAM,44,0 days 00:01:34.791000,45.0,4.0,,,0 days 00:00:34.053000,0 days 00:00:42.355000,0 days 00:00:18.383000,0 days 02:44:10.777000,0 days 02:44:53.132000,0 days 02:45:11.515000,280.0,300.0,256.0,298.0,False,MEDIUM,7.0,False,Mercedes,0 days 02:43:36.724000,,1,9.0,True,TRACK LIMITS AT TURN 14 LAP 45 ,False,True,2024-04,Japanese Grand Prix,2024,4,2024-04-07,train
0 days 02:46:46.313000,HAM,44,0 days 00:01:34.798000,46.0,4.0,,,0 days 00:00:34.144000,0 days 00:00:42.357000,0 days 00:00:18.297000,0 days 02:45:45.659000,0 days 02:46:28.016000,0 days 02:46:46.313000,281.0,300.0,258.0,298.0,False,MEDIUM,8.0,False,Mercedes,0 days 02:45:11.515000,,1,9.0,False,,False,True,2024-04,Japanese Grand Prix,2024,4,2024-04-07,train
0 days 02:48:20.992000,HAM,44,0 days 00:01:34.679000,47.0,4.0,,,0 days 00:00:33.889000,0 days 00:00:42.469000,0 days 00:00:18.321000,0 days 02:47:20.202000,0 days 02:48:02.671000,0 days 02:48:20.992000,281.0,300.0,257.0,299.0,False,MEDIUM,9.0,False,Mercedes,0 days 02:46:46.313000,,1,9.0,False,,False,True,2024-04,Japanese Grand Prix,2024,4,2024-04-07,train
0 days 02:49:55.892000,HAM,44,0 days 00:01:34.900000,48.0,4.0,,,0 days 00:00:33.944000,0 days 00:00:42.585000,0 days 00:00:18.371000,0 days 02:48:54.936000,0 days 02:49:37.521000,0 days 02:49:55.892000,281.0,300.0,257.0,299.0,False,MEDIUM,10.0,False,Mercedes,0 days 02:48:20.992000,,1,9.0,False,,False,True,2024-04,Japanese Grand Prix,2024,4,2024-04-07,train
0 days 02:51:30.939000,HAM,44,0 days 00:01:35.047000,49.0,4.0,,,0 days 00:00:34.013000,0 days 00:00:42.648000,0 days 00:00:18.386000,0 days 02:50:29.905000,0 days 02:51:12.553000,0 days 02:51:30.939000,281.0,300.0,258.0,300.0,False,MEDIUM,11.0,False,Mercedes,0 days 02:49:55.892000,,1,9.0,False,,False,True,2024-04,Japanese Grand Prix,2024,4,2024-04-07,train
0 days 02:53:06.369000,HAM,44,0 days 00:01:35.430000,50.0,4.0,,,0 days 00:00:34.170000,0 days 00:00:42.831000,0 days 00:00:18.429000,0 days 02:52:05.109000,0 days 02:52:47.940000,0 days 02:53:06.369000,279.0,301.0,259.0,302.0,False,MEDIUM,12.0,False,Mercedes,0 days 02:51:30.939000,,1,9.0,False,,False,True,2024-04,Japanese Grand Prix,2024,4,2024-04-07,train
0 days 02:54:41.845000,HAM,44,0 days 00:01:35.476000,51.0,4.0,,,0 days 00:00:34.439000,0 days 00:00:42.639000,0 days 00:00:18.398000,0 days 02:53:40.808000,0 days 02:54:23.447000,0 days 02:54:41.845000,282.0,303.0,258.0,302.0,False,MEDIUM,13.0,False,Mercedes,0 days 02:53:06.369000,,1,9.0,False,,False,True,2024-04,Japanese Grand Prix,2024,4,2024-04-07,train
0 days 02:56:17.080000,HAM,44,0 days 00:01:35.235000,52.0,4.0,,,0 days 00:00:34.100000,0 days 00:00:42.675000,0 days 00:00:18.460000,0 days 02:55:15.945000,0 days 02:55:58.620000,0 days 02:56:17.080000,283.0,303.0,259.0,301.0,False,MEDIUM,14.0,False,Mercedes,0 days 02:54:41.845000,,1,9.0,False,,False,True,2024-04,Japanese Grand Prix,2024,4,2024-04-07,train
0 days 02:57:52.853000,HAM,44,0 days 00:01:35.773000,53.0,4.0,,,0 days 00:00:34.410000,0 days 00:00:42.789000,0 days 00:00:18.574000,0 days 02:56:51.490000,0 days 02:57:34.279000,0 days 02:57:52.853000,282.0,304.0,251.0,303.0,False,MEDIUM,15.0,False,Mercedes,0 days 02:56:17.080000,,1,9.0,False,,False,True,2024-04,Japanese Grand Prix,2024,4,2024-04-07,train
